{
    "ndcg_at_1": 0.22332,
    "ndcg_at_3": 0.26941,
    "ndcg_at_5": 0.28498,
    "ndcg_at_10": 0.30829,
    "ndcg_at_20": 0.32498,
    "ndcg_at_100": 0.36161,
    "ndcg_at_200": 0.37316,
    "ndcg_at_300": 0.37918,
    "ndcg_at_500": 0.38473,
    "ndcg_at_1000": 0.39267,
    "map_at_1": 0.18391,
    "map_at_3": 0.23593,
    "map_at_5": 0.24717,
    "map_at_10": 0.25844,
    "map_at_20": 0.26476,
    "map_at_100": 0.27119,
    "map_at_200": 0.27223,
    "map_at_300": 0.27266,
    "map_at_500": 0.27298,
    "map_at_1000": 0.2732,
    "recall_at_1": 0.18391,
    "recall_at_3": 0.28922,
    "recall_at_5": 0.33331,
    "recall_at_10": 0.40576,
    "recall_at_20": 0.47092,
    "recall_at_100": 0.65001,
    "recall_at_200": 0.71987,
    "recall_at_300": 0.75843,
    "recall_at_500": 0.79542,
    "recall_at_1000": 0.85832,
    "precision_at_1": 0.22332,
    "precision_at_3": 0.12846,
    "precision_at_5": 0.09209,
    "precision_at_10": 0.05988,
    "precision_at_20": 0.03706,
    "precision_at_100": 0.01247,
    "precision_at_200": 0.00754,
    "precision_at_300": 0.00555,
    "precision_at_500": 0.00372,
    "precision_at_1000": 0.00208,
    "mrr_at_1": 0.22332,
    "mrr_at_3": 0.27668,
    "mrr_at_5": 0.28824,
    "mrr_at_10": 0.29968,
    "mrr_at_20": 0.30428,
    "mrr_at_100": 0.30856,
    "mrr_at_200": 0.30897,
    "mrr_at_300": 0.30909,
    "mrr_at_500": 0.30916,
    "mrr_at_1000": 0.30924
}