{
    "ndcg_at_1": 0.26026,
    "ndcg_at_3": 0.31163,
    "ndcg_at_5": 0.33796,
    "ndcg_at_10": 0.36563,
    "ndcg_at_20": 0.392,
    "ndcg_at_100": 0.42783,
    "ndcg_at_200": 0.43737,
    "ndcg_at_300": 0.44242,
    "ndcg_at_500": 0.44753,
    "ndcg_at_1000": 0.45226,
    "map_at_1": 0.22506,
    "map_at_3": 0.28142,
    "map_at_5": 0.29951,
    "map_at_10": 0.31213,
    "map_at_20": 0.32018,
    "map_at_100": 0.32581,
    "map_at_200": 0.32647,
    "map_at_300": 0.32668,
    "map_at_500": 0.32683,
    "map_at_1000": 0.32692,
    "recall_at_1": 0.22506,
    "recall_at_3": 0.34583,
    "recall_at_5": 0.41357,
    "recall_at_10": 0.49393,
    "recall_at_20": 0.588,
    "recall_at_100": 0.76222,
    "recall_at_200": 0.8195,
    "recall_at_300": 0.85452,
    "recall_at_500": 0.89408,
    "recall_at_1000": 0.93263,
    "precision_at_1": 0.26026,
    "precision_at_3": 0.14335,
    "precision_at_5": 0.1041,
    "precision_at_10": 0.06418,
    "precision_at_20": 0.03923,
    "precision_at_100": 0.01068,
    "precision_at_200": 0.00593,
    "precision_at_300": 0.00417,
    "precision_at_500": 0.00263,
    "precision_at_1000": 0.00139,
    "mrr_at_1": 0.26026,
    "mrr_at_3": 0.32012,
    "mrr_at_5": 0.33518,
    "mrr_at_10": 0.34671,
    "mrr_at_20": 0.35364,
    "mrr_at_100": 0.3579,
    "mrr_at_200": 0.35828,
    "mrr_at_300": 0.35839,
    "mrr_at_500": 0.35848,
    "mrr_at_1000": 0.35852
}