{
    "ndcg_at_1": 0.1194,
    "ndcg_at_3": 0.1476,
    "ndcg_at_5": 0.16899,
    "ndcg_at_10": 0.19094,
    "ndcg_at_20": 0.20916,
    "ndcg_at_100": 0.24933,
    "ndcg_at_200": 0.2627,
    "ndcg_at_300": 0.26986,
    "ndcg_at_500": 0.27689,
    "ndcg_at_1000": 0.28419,
    "map_at_1": 0.09429,
    "map_at_3": 0.12705,
    "map_at_5": 0.13962,
    "map_at_10": 0.14896,
    "map_at_20": 0.15449,
    "map_at_100": 0.16037,
    "map_at_200": 0.16115,
    "map_at_300": 0.16143,
    "map_at_500": 0.16161,
    "map_at_1000": 0.16174,
    "recall_at_1": 0.09429,
    "recall_at_3": 0.17048,
    "recall_at_5": 0.22351,
    "recall_at_10": 0.28852,
    "recall_at_20": 0.35379,
    "recall_at_100": 0.55219,
    "recall_at_200": 0.63877,
    "recall_at_300": 0.68858,
    "recall_at_500": 0.74215,
    "recall_at_1000": 0.80342,
    "precision_at_1": 0.1194,
    "precision_at_3": 0.07172,
    "precision_at_5": 0.05672,
    "precision_at_10": 0.03719,
    "precision_at_20": 0.02363,
    "precision_at_100": 0.00782,
    "precision_at_200": 0.00458,
    "precision_at_300": 0.00335,
    "precision_at_500": 0.0022,
    "precision_at_1000": 0.00121,
    "mrr_at_1": 0.12065,
    "mrr_at_3": 0.16418,
    "mrr_at_5": 0.17749,
    "mrr_at_10": 0.18618,
    "mrr_at_20": 0.1915,
    "mrr_at_100": 0.19644,
    "mrr_at_200": 0.19707,
    "mrr_at_300": 0.19724,
    "mrr_at_500": 0.19738,
    "mrr_at_1000": 0.19745
}