{
    "ndcg_at_1": 0.19593,
    "ndcg_at_3": 0.25458,
    "ndcg_at_5": 0.28818,
    "ndcg_at_10": 0.31223,
    "ndcg_at_20": 0.34026,
    "ndcg_at_100": 0.37706,
    "ndcg_at_200": 0.38603,
    "ndcg_at_300": 0.39106,
    "ndcg_at_500": 0.39649,
    "ndcg_at_1000": 0.40091,
    "map_at_1": 0.18121,
    "map_at_3": 0.23316,
    "map_at_5": 0.25239,
    "map_at_10": 0.263,
    "map_at_20": 0.27125,
    "map_at_100": 0.27665,
    "map_at_200": 0.27719,
    "map_at_300": 0.27741,
    "map_at_500": 0.27759,
    "map_at_1000": 0.27769,
    "recall_at_1": 0.18121,
    "recall_at_3": 0.29572,
    "recall_at_5": 0.37535,
    "recall_at_10": 0.44639,
    "recall_at_20": 0.55125,
    "recall_at_100": 0.73969,
    "recall_at_200": 0.79757,
    "recall_at_300": 0.83354,
    "recall_at_500": 0.87608,
    "recall_at_1000": 0.91312,
    "precision_at_1": 0.19593,
    "precision_at_3": 0.11029,
    "precision_at_5": 0.0854,
    "precision_at_10": 0.05176,
    "precision_at_20": 0.03272,
    "precision_at_100": 0.00902,
    "precision_at_200": 0.00501,
    "precision_at_300": 0.00357,
    "precision_at_500": 0.00231,
    "precision_at_1000": 0.00123,
    "mrr_at_1": 0.19593,
    "mrr_at_3": 0.25169,
    "mrr_at_5": 0.27138,
    "mrr_at_10": 0.28105,
    "mrr_at_20": 0.28831,
    "mrr_at_100": 0.29326,
    "mrr_at_200": 0.29364,
    "mrr_at_300": 0.29376,
    "mrr_at_500": 0.29385,
    "mrr_at_1000": 0.29389
}