{
    "ndcg_at_1": 0.12727,
    "ndcg_at_3": 0.09944,
    "ndcg_at_5": 0.08195,
    "ndcg_at_10": 0.07014,
    "ndcg_at_20": 0.08828,
    "ndcg_at_100": 0.12231,
    "ndcg_at_200": 0.13672,
    "ndcg_at_300": 0.14625,
    "ndcg_at_500": 0.15233,
    "ndcg_at_1000": 0.16248,
    "map_at_1": 0.01273,
    "map_at_3": 0.02636,
    "map_at_5": 0.02936,
    "map_at_10": 0.03714,
    "map_at_20": 0.04204,
    "map_at_100": 0.04828,
    "map_at_200": 0.04952,
    "map_at_300": 0.05005,
    "map_at_500": 0.05036,
    "map_at_1000": 0.0506,
    "recall_at_1": 0.01273,
    "recall_at_3": 0.02727,
    "recall_at_5": 0.03455,
    "recall_at_10": 0.05818,
    "recall_at_20": 0.09091,
    "recall_at_100": 0.17273,
    "recall_at_200": 0.22,
    "recall_at_300": 0.25455,
    "recall_at_500": 0.27818,
    "recall_at_1000": 0.32182,
    "precision_at_1": 0.12727,
    "precision_at_3": 0.09091,
    "precision_at_5": 0.06909,
    "precision_at_10": 0.05818,
    "precision_at_20": 0.04545,
    "precision_at_100": 0.01727,
    "precision_at_200": 0.011,
    "precision_at_300": 0.00848,
    "precision_at_500": 0.00556,
    "precision_at_1000": 0.00322,
    "mrr_at_1": 0.12727,
    "mrr_at_3": 0.13636,
    "mrr_at_5": 0.14818,
    "mrr_at_10": 0.16061,
    "mrr_at_20": 0.16965,
    "mrr_at_100": 0.17585,
    "mrr_at_200": 0.17634,
    "mrr_at_300": 0.17634,
    "mrr_at_500": 0.1764,
    "mrr_at_1000": 0.1765,
    "rc_at_1": {
        "relevant": 0.12727,
        "distractor": 0.18182
    },
    "rc_at_3": {
        "relevant": 0.27273,
        "distractor": 0.58182
    },
    "rc_at_5": {
        "relevant": 0.34545,
        "distractor": 0.85455
    },
    "rc_at_10": {
        "relevant": 0.58182,
        "distractor": 1.6
    },
    "rc_at_20": {
        "relevant": 0.90909,
        "distractor": 2.54545
    },
    "rc_at_100": {
        "relevant": 1.72727,
        "distractor": 6.70909
    },
    "rc_at_200": {
        "relevant": 2.2,
        "distractor": 9.32727
    },
    "rc_at_300": {
        "relevant": 2.54545,
        "distractor": 11.07273
    },
    "rc_at_500": {
        "relevant": 2.78182,
        "distractor": 13.58182
    },
    "rc_at_1000": {
        "relevant": 3.21818,
        "distractor": 17.14545
    }
}