{
    "ndcg_at_1": 0.31633,
    "ndcg_at_3": 0.25197,
    "ndcg_at_5": 0.22994,
    "ndcg_at_10": 0.21454,
    "ndcg_at_20": 0.22541,
    "ndcg_at_100": 0.31554,
    "ndcg_at_200": 0.35341,
    "ndcg_at_300": 0.37685,
    "ndcg_at_500": 0.40571,
    "ndcg_at_1000": 0.44271,
    "map_at_1": 0.02648,
    "map_at_3": 0.05157,
    "map_at_5": 0.06569,
    "map_at_10": 0.0911,
    "map_at_20": 0.10973,
    "map_at_100": 0.13536,
    "map_at_200": 0.14157,
    "map_at_300": 0.14441,
    "map_at_500": 0.14737,
    "map_at_1000": 0.15005,
    "recall_at_1": 0.02648,
    "recall_at_3": 0.06154,
    "recall_at_5": 0.08632,
    "recall_at_10": 0.13909,
    "recall_at_20": 0.20163,
    "recall_at_100": 0.40052,
    "recall_at_200": 0.50152,
    "recall_at_300": 0.57092,
    "recall_at_500": 0.65813,
    "recall_at_1000": 0.7908,
    "precision_at_1": 0.32653,
    "precision_at_3": 0.2517,
    "precision_at_5": 0.22449,
    "precision_at_10": 0.18163,
    "precision_at_20": 0.14082,
    "precision_at_100": 0.06327,
    "precision_at_200": 0.04163,
    "precision_at_300": 0.03252,
    "precision_at_500": 0.02335,
    "precision_at_1000": 0.01459,
    "mrr_at_1": 0.32653,
    "mrr_at_3": 0.39796,
    "mrr_at_5": 0.41633,
    "mrr_at_10": 0.4361,
    "mrr_at_20": 0.44374,
    "mrr_at_100": 0.4485,
    "mrr_at_200": 0.4485,
    "mrr_at_300": 0.44857,
    "mrr_at_500": 0.44857,
    "mrr_at_1000": 0.44857
}