{
    "ndcg_at_1": 0.0,
    "ndcg_at_3": 0.0052,
    "ndcg_at_5": 0.00772,
    "ndcg_at_10": 0.01076,
    "ndcg_at_20": 0.01662,
    "ndcg_at_100": 0.02712,
    "ndcg_at_200": 0.03313,
    "ndcg_at_300": 0.03703,
    "ndcg_at_500": 0.04388,
    "ndcg_at_1000": 0.05296,
    "map_at_1": 0.0,
    "map_at_3": 0.00383,
    "map_at_5": 0.00511,
    "map_at_10": 0.0063,
    "map_at_20": 0.0079,
    "map_at_100": 0.00908,
    "map_at_200": 0.00937,
    "map_at_300": 0.00949,
    "map_at_500": 0.00965,
    "map_at_1000": 0.00977,
    "recall_at_1": 0.0,
    "recall_at_3": 0.0092,
    "recall_at_5": 0.01508,
    "recall_at_10": 0.02448,
    "recall_at_20": 0.04602,
    "recall_at_100": 0.10407,
    "recall_at_200": 0.14543,
    "recall_at_300": 0.17477,
    "recall_at_500": 0.23045,
    "recall_at_1000": 0.313,
    "precision_at_1": 0.0,
    "precision_at_3": 0.00307,
    "precision_at_5": 0.00337,
    "precision_at_10": 0.00276,
    "precision_at_20": 0.00276,
    "precision_at_100": 0.00123,
    "precision_at_200": 0.00087,
    "precision_at_300": 0.00071,
    "precision_at_500": 0.00057,
    "precision_at_1000": 0.00039,
    "mrr_at_1": 0.00153,
    "mrr_at_3": 0.00639,
    "mrr_at_5": 0.007,
    "mrr_at_10": 0.00927,
    "mrr_at_20": 0.01056,
    "mrr_at_100": 0.01215,
    "mrr_at_200": 0.01246,
    "mrr_at_300": 0.01263,
    "mrr_at_500": 0.01278,
    "mrr_at_1000": 0.01292
}