{
    "ndcg_at_1": 0.38462,
    "ndcg_at_3": 0.27503,
    "ndcg_at_5": 0.24143,
    "ndcg_at_10": 0.21657,
    "ndcg_at_20": 0.26971,
    "ndcg_at_100": 0.4326,
    "ndcg_at_200": 0.48032,
    "ndcg_at_300": 0.49312,
    "ndcg_at_500": 0.49867,
    "ndcg_at_1000": 0.50372,
    "map_at_1": 0.03846,
    "map_at_3": 0.06333,
    "map_at_5": 0.0801,
    "map_at_10": 0.11253,
    "map_at_20": 0.13768,
    "map_at_100": 0.18307,
    "map_at_200": 0.19224,
    "map_at_300": 0.19383,
    "map_at_500": 0.19429,
    "map_at_1000": 0.19456,
    "recall_at_1": 0.03846,
    "recall_at_3": 0.07231,
    "recall_at_5": 0.10308,
    "recall_at_10": 0.18769,
    "recall_at_20": 0.28462,
    "recall_at_100": 0.69846,
    "recall_at_200": 0.85077,
    "recall_at_300": 0.89692,
    "recall_at_500": 0.91846,
    "recall_at_1000": 0.94,
    "precision_at_1": 0.38462,
    "precision_at_3": 0.24103,
    "precision_at_5": 0.20615,
    "precision_at_10": 0.18769,
    "precision_at_20": 0.14231,
    "precision_at_100": 0.06985,
    "precision_at_200": 0.04254,
    "precision_at_300": 0.0299,
    "precision_at_500": 0.01837,
    "precision_at_1000": 0.0094,
    "mrr_at_1": 0.38462,
    "mrr_at_3": 0.44872,
    "mrr_at_5": 0.46333,
    "mrr_at_10": 0.48488,
    "mrr_at_20": 0.49375,
    "mrr_at_100": 0.49762,
    "mrr_at_200": 0.49762,
    "mrr_at_300": 0.49762,
    "mrr_at_500": 0.49762,
    "mrr_at_1000": 0.49762,
    "rc_at_1": {
        "relevant": 0.38462,
        "distractor": 0.61538
    },
    "rc_at_3": {
        "relevant": 0.72308,
        "distractor": 2.26154
    },
    "rc_at_5": {
        "relevant": 1.03077,
        "distractor": 3.92308
    },
    "rc_at_10": {
        "relevant": 1.87692,
        "distractor": 8.01538
    },
    "rc_at_20": {
        "relevant": 2.84615,
        "distractor": 16.61538
    },
    "rc_at_100": {
        "relevant": 6.98462,
        "distractor": 73.66154
    },
    "rc_at_200": {
        "relevant": 8.50769,
        "distractor": 85.92308
    },
    "rc_at_300": {
        "relevant": 8.96923,
        "distractor": 89.0
    },
    "rc_at_500": {
        "relevant": 9.18462,
        "distractor": 91.52308
    },
    "rc_at_1000": {
        "relevant": 9.4,
        "distractor": 93.87692
    }
}