{
    "ndcg_at_1": 0.30769,
    "ndcg_at_3": 0.19888,
    "ndcg_at_5": 0.16731,
    "ndcg_at_10": 0.13574,
    "ndcg_at_20": 0.15088,
    "ndcg_at_100": 0.19852,
    "ndcg_at_200": 0.21144,
    "ndcg_at_300": 0.2157,
    "ndcg_at_500": 0.22448,
    "ndcg_at_1000": 0.23569,
    "map_at_1": 0.03077,
    "map_at_3": 0.04667,
    "map_at_5": 0.05551,
    "map_at_10": 0.06904,
    "map_at_20": 0.07696,
    "map_at_100": 0.08713,
    "map_at_200": 0.0883,
    "map_at_300": 0.08859,
    "map_at_500": 0.08894,
    "map_at_1000": 0.08927,
    "recall_at_1": 0.03077,
    "recall_at_3": 0.05077,
    "recall_at_5": 0.06769,
    "recall_at_10": 0.10615,
    "recall_at_20": 0.13385,
    "recall_at_100": 0.25231,
    "recall_at_200": 0.29385,
    "recall_at_300": 0.30923,
    "recall_at_500": 0.34308,
    "recall_at_1000": 0.39077,
    "precision_at_1": 0.30769,
    "precision_at_3": 0.16923,
    "precision_at_5": 0.13538,
    "precision_at_10": 0.10615,
    "precision_at_20": 0.06692,
    "precision_at_100": 0.02523,
    "precision_at_200": 0.01469,
    "precision_at_300": 0.01031,
    "precision_at_500": 0.00686,
    "precision_at_1000": 0.00391,
    "mrr_at_1": 0.30769,
    "mrr_at_3": 0.32821,
    "mrr_at_5": 0.33974,
    "mrr_at_10": 0.35214,
    "mrr_at_20": 0.35304,
    "mrr_at_100": 0.35917,
    "mrr_at_200": 0.35964,
    "mrr_at_300": 0.35964,
    "mrr_at_500": 0.35972,
    "mrr_at_1000": 0.35974,
    "rc_at_1": {
        "relevant": 0.30769,
        "distractor": 0.32308
    },
    "rc_at_3": {
        "relevant": 0.50769,
        "distractor": 1.07692
    },
    "rc_at_5": {
        "relevant": 0.67692,
        "distractor": 1.8
    },
    "rc_at_10": {
        "relevant": 1.06154,
        "distractor": 3.32308
    },
    "rc_at_20": {
        "relevant": 1.33846,
        "distractor": 5.86154
    },
    "rc_at_100": {
        "relevant": 2.53846,
        "distractor": 15.16923
    },
    "rc_at_200": {
        "relevant": 2.93846,
        "distractor": 20.56923
    },
    "rc_at_300": {
        "relevant": 3.09231,
        "distractor": 23.64615
    },
    "rc_at_500": {
        "relevant": 3.43077,
        "distractor": 27.35385
    },
    "rc_at_1000": {
        "relevant": 3.90769,
        "distractor": 33.16923
    }
}