{
    "ndcg_at_1": 0.38462,
    "ndcg_at_3": 0.27503,
    "ndcg_at_5": 0.24143,
    "ndcg_at_10": 0.21657,
    "ndcg_at_20": 0.27373,
    "ndcg_at_100": 0.46404,
    "ndcg_at_200": 0.51202,
    "ndcg_at_300": 0.51884,
    "ndcg_at_500": 0.52202,
    "ndcg_at_1000": 0.52527,
    "map_at_1": 0.03846,
    "map_at_3": 0.06333,
    "map_at_5": 0.0801,
    "map_at_10": 0.11253,
    "map_at_20": 0.13904,
    "map_at_100": 0.19272,
    "map_at_200": 0.20319,
    "map_at_300": 0.204,
    "map_at_500": 0.20432,
    "map_at_1000": 0.20452,
    "recall_at_1": 0.03846,
    "recall_at_3": 0.07231,
    "recall_at_5": 0.10308,
    "recall_at_10": 0.18769,
    "recall_at_20": 0.29231,
    "recall_at_100": 0.78462,
    "recall_at_200": 0.93538,
    "recall_at_300": 0.96,
    "recall_at_500": 0.97231,
    "recall_at_1000": 0.98615,
    "precision_at_1": 0.38462,
    "precision_at_3": 0.24103,
    "precision_at_5": 0.20615,
    "precision_at_10": 0.18769,
    "precision_at_20": 0.14615,
    "precision_at_100": 0.07846,
    "precision_at_200": 0.04677,
    "precision_at_300": 0.032,
    "precision_at_500": 0.01945,
    "precision_at_1000": 0.00986,
    "mrr_at_1": 0.38462,
    "mrr_at_3": 0.44872,
    "mrr_at_5": 0.46333,
    "mrr_at_10": 0.48488,
    "mrr_at_20": 0.49375,
    "mrr_at_100": 0.49772,
    "mrr_at_200": 0.49772,
    "mrr_at_300": 0.49772,
    "mrr_at_500": 0.49772,
    "mrr_at_1000": 0.49772,
    "rc_at_1": {
        "relevant": 0.38462,
        "distractor": 0.61538
    },
    "rc_at_3": {
        "relevant": 0.72308,
        "distractor": 2.26154
    },
    "rc_at_5": {
        "relevant": 1.03077,
        "distractor": 3.92308
    },
    "rc_at_10": {
        "relevant": 1.87692,
        "distractor": 8.03077
    },
    "rc_at_20": {
        "relevant": 2.92308,
        "distractor": 16.83077
    },
    "rc_at_100": {
        "relevant": 7.84615,
        "distractor": 81.76923
    },
    "rc_at_200": {
        "relevant": 9.35385,
        "distractor": 93.36923
    },
    "rc_at_300": {
        "relevant": 9.6,
        "distractor": 95.2
    },
    "rc_at_500": {
        "relevant": 9.72308,
        "distractor": 96.73846
    },
    "rc_at_1000": {
        "relevant": 9.86154,
        "distractor": 97.93846
    }
}