{
    "ndcg_at_1": 0.206,
    "ndcg_at_3": 0.16841,
    "ndcg_at_5": 0.14503,
    "ndcg_at_10": 0.17391,
    "ndcg_at_20": 0.20174,
    "ndcg_at_100": 0.24744,
    "ndcg_at_200": 0.26596,
    "ndcg_at_300": 0.27616,
    "ndcg_at_500": 0.2885,
    "ndcg_at_1000": 0.30268,
    "map_at_1": 0.04175,
    "map_at_3": 0.07457,
    "map_at_5": 0.08765,
    "map_at_10": 0.10099,
    "map_at_20": 0.11088,
    "map_at_100": 0.11976,
    "map_at_200": 0.12127,
    "map_at_300": 0.12187,
    "map_at_500": 0.12238,
    "map_at_1000": 0.12274,
    "recall_at_1": 0.04175,
    "recall_at_3": 0.0962,
    "recall_at_5": 0.12795,
    "recall_at_10": 0.1808,
    "recall_at_20": 0.24648,
    "recall_at_100": 0.39485,
    "recall_at_200": 0.47348,
    "recall_at_300": 0.52157,
    "recall_at_500": 0.5844,
    "recall_at_1000": 0.66382,
    "precision_at_1": 0.206,
    "precision_at_3": 0.15767,
    "precision_at_5": 0.126,
    "precision_at_10": 0.0892,
    "precision_at_20": 0.06065,
    "precision_at_100": 0.01943,
    "precision_at_200": 0.01165,
    "precision_at_300": 0.00856,
    "precision_at_500": 0.00576,
    "precision_at_1000": 0.00327,
    "mrr_at_1": 0.206,
    "mrr_at_3": 0.27767,
    "mrr_at_5": 0.29412,
    "mrr_at_10": 0.30883,
    "mrr_at_20": 0.31583,
    "mrr_at_100": 0.31983,
    "mrr_at_200": 0.32037,
    "mrr_at_300": 0.32049,
    "mrr_at_500": 0.32059,
    "mrr_at_1000": 0.32064
}