{
    "ndcg_at_1": 0.39,
    "ndcg_at_3": 0.32667,
    "ndcg_at_5": 0.30119,
    "ndcg_at_10": 0.27987,
    "ndcg_at_20": 0.26854,
    "ndcg_at_100": 0.30195,
    "ndcg_at_200": 0.3252,
    "ndcg_at_300": 0.33593,
    "ndcg_at_500": 0.35065,
    "ndcg_at_1000": 0.36845,
    "map_at_1": 0.05637,
    "map_at_3": 0.08364,
    "map_at_5": 0.09487,
    "map_at_10": 0.11067,
    "map_at_20": 0.12433,
    "map_at_100": 0.14713,
    "map_at_200": 0.15201,
    "map_at_300": 0.15403,
    "map_at_500": 0.15584,
    "map_at_1000": 0.15749,
    "recall_at_1": 0.05637,
    "recall_at_3": 0.09604,
    "recall_at_5": 0.11614,
    "recall_at_10": 0.15376,
    "recall_at_20": 0.19705,
    "recall_at_100": 0.33468,
    "recall_at_200": 0.40808,
    "recall_at_300": 0.44223,
    "recall_at_500": 0.49299,
    "recall_at_1000": 0.56284,
    "precision_at_1": 0.4975,
    "precision_at_3": 0.3575,
    "precision_at_5": 0.291,
    "precision_at_10": 0.2195,
    "precision_at_20": 0.16125,
    "precision_at_100": 0.06878,
    "precision_at_200": 0.04466,
    "precision_at_300": 0.03402,
    "precision_at_500": 0.02399,
    "precision_at_1000": 0.01476,
    "mrr_at_1": 0.4975,
    "mrr_at_3": 0.57708,
    "mrr_at_5": 0.58708,
    "mrr_at_10": 0.59614,
    "mrr_at_20": 0.59953,
    "mrr_at_100": 0.60135,
    "mrr_at_200": 0.60151,
    "mrr_at_300": 0.60158,
    "mrr_at_500": 0.6016,
    "mrr_at_1000": 0.60162
}