{
    "ndcg_at_1": 0.46605,
    "ndcg_at_3": 0.41809,
    "ndcg_at_5": 0.42629,
    "ndcg_at_10": 0.45042,
    "ndcg_at_20": 0.48113,
    "ndcg_at_100": 0.51689,
    "ndcg_at_200": 0.52885,
    "ndcg_at_300": 0.53538,
    "ndcg_at_500": 0.54014,
    "ndcg_at_1000": 0.54474,
    "map_at_1": 0.23759,
    "map_at_3": 0.32798,
    "map_at_5": 0.35362,
    "map_at_10": 0.3737,
    "map_at_20": 0.38633,
    "map_at_100": 0.39371,
    "map_at_200": 0.39472,
    "map_at_300": 0.39511,
    "map_at_500": 0.39531,
    "map_at_1000": 0.39544,
    "recall_at_1": 0.23759,
    "recall_at_3": 0.36794,
    "recall_at_5": 0.42737,
    "recall_at_10": 0.50671,
    "recall_at_20": 0.60133,
    "recall_at_100": 0.74884,
    "recall_at_200": 0.81312,
    "recall_at_300": 0.85229,
    "recall_at_500": 0.88226,
    "recall_at_1000": 0.91412,
    "precision_at_1": 0.46605,
    "precision_at_3": 0.27675,
    "precision_at_5": 0.20123,
    "precision_at_10": 0.12469,
    "precision_at_20": 0.07508,
    "precision_at_100": 0.0191,
    "precision_at_200": 0.01045,
    "precision_at_300": 0.00733,
    "precision_at_500": 0.00458,
    "precision_at_1000": 0.00239,
    "mrr_at_1": 0.46605,
    "mrr_at_3": 0.51749,
    "mrr_at_5": 0.52868,
    "mrr_at_10": 0.53737,
    "mrr_at_20": 0.54255,
    "mrr_at_100": 0.54538,
    "mrr_at_200": 0.54568,
    "mrr_at_300": 0.54574,
    "mrr_at_500": 0.54579,
    "mrr_at_1000": 0.54581
}