{
    "ndcg_at_1": 0.36735,
    "ndcg_at_3": 0.27324,
    "ndcg_at_5": 0.24328,
    "ndcg_at_10": 0.22729,
    "ndcg_at_20": 0.24469,
    "ndcg_at_100": 0.32933,
    "ndcg_at_200": 0.37078,
    "ndcg_at_300": 0.39367,
    "ndcg_at_500": 0.42856,
    "ndcg_at_1000": 0.45901,
    "map_at_1": 0.03189,
    "map_at_3": 0.05327,
    "map_at_5": 0.06566,
    "map_at_10": 0.0938,
    "map_at_20": 0.11777,
    "map_at_100": 0.14276,
    "map_at_200": 0.14998,
    "map_at_300": 0.15292,
    "map_at_500": 0.15618,
    "map_at_1000": 0.15857,
    "recall_at_1": 0.03189,
    "recall_at_3": 0.06109,
    "recall_at_5": 0.08513,
    "recall_at_10": 0.14563,
    "recall_at_20": 0.22379,
    "recall_at_100": 0.41147,
    "recall_at_200": 0.52137,
    "recall_at_300": 0.58987,
    "recall_at_500": 0.69549,
    "recall_at_1000": 0.8018,
    "precision_at_1": 0.38776,
    "precision_at_3": 0.26531,
    "precision_at_5": 0.22857,
    "precision_at_10": 0.1898,
    "precision_at_20": 0.15408,
    "precision_at_100": 0.06347,
    "precision_at_200": 0.04255,
    "precision_at_300": 0.03313,
    "precision_at_500": 0.02445,
    "precision_at_1000": 0.01473,
    "mrr_at_1": 0.38776,
    "mrr_at_3": 0.44898,
    "mrr_at_5": 0.47041,
    "mrr_at_10": 0.47863,
    "mrr_at_20": 0.4862,
    "mrr_at_100": 0.49147,
    "mrr_at_200": 0.49147,
    "mrr_at_300": 0.49147,
    "mrr_at_500": 0.49154,
    "mrr_at_1000": 0.49154
}