{
    "ndcg_at_1": 0.03109,
    "ndcg_at_3": 0.03612,
    "ndcg_at_5": 0.04103,
    "ndcg_at_10": 0.04665,
    "ndcg_at_20": 0.05748,
    "ndcg_at_100": 0.0798,
    "ndcg_at_200": 0.09125,
    "ndcg_at_300": 0.0978,
    "ndcg_at_500": 0.10487,
    "ndcg_at_1000": 0.11582,
    "map_at_1": 0.02379,
    "map_at_3": 0.03147,
    "map_at_5": 0.03418,
    "map_at_10": 0.03642,
    "map_at_20": 0.03921,
    "map_at_100": 0.04206,
    "map_at_200": 0.04267,
    "map_at_300": 0.0429,
    "map_at_500": 0.04306,
    "map_at_1000": 0.04323,
    "recall_at_1": 0.02379,
    "recall_at_3": 0.04053,
    "recall_at_5": 0.05338,
    "recall_at_10": 0.07007,
    "recall_at_20": 0.11064,
    "recall_at_100": 0.22464,
    "recall_at_200": 0.29853,
    "recall_at_300": 0.34685,
    "recall_at_500": 0.40245,
    "recall_at_1000": 0.49471,
    "precision_at_1": 0.03109,
    "precision_at_3": 0.017,
    "precision_at_5": 0.01294,
    "precision_at_10": 0.00871,
    "precision_at_20": 0.00703,
    "precision_at_100": 0.00306,
    "precision_at_200": 0.00211,
    "precision_at_300": 0.00163,
    "precision_at_500": 0.00115,
    "precision_at_1000": 0.00073,
    "mrr_at_1": 0.02985,
    "mrr_at_3": 0.04084,
    "mrr_at_5": 0.04507,
    "mrr_at_10": 0.04772,
    "mrr_at_20": 0.05069,
    "mrr_at_100": 0.05414,
    "mrr_at_200": 0.05472,
    "mrr_at_300": 0.05493,
    "mrr_at_500": 0.05509,
    "mrr_at_1000": 0.05522
}