{
    "ndcg_at_1": 0.03109,
    "ndcg_at_3": 0.04202,
    "ndcg_at_5": 0.05059,
    "ndcg_at_10": 0.06389,
    "ndcg_at_20": 0.07564,
    "ndcg_at_100": 0.1054,
    "ndcg_at_200": 0.12013,
    "ndcg_at_300": 0.12996,
    "ndcg_at_500": 0.14253,
    "ndcg_at_1000": 0.15491,
    "map_at_1": 0.02588,
    "map_at_3": 0.03618,
    "map_at_5": 0.04097,
    "map_at_10": 0.04641,
    "map_at_20": 0.04947,
    "map_at_100": 0.05313,
    "map_at_200": 0.05391,
    "map_at_300": 0.05427,
    "map_at_500": 0.05458,
    "map_at_1000": 0.0548,
    "recall_at_1": 0.02588,
    "recall_at_3": 0.0492,
    "recall_at_5": 0.07019,
    "recall_at_10": 0.11018,
    "recall_at_20": 0.15425,
    "recall_at_100": 0.3066,
    "recall_at_200": 0.40298,
    "recall_at_300": 0.47482,
    "recall_at_500": 0.5718,
    "recall_at_1000": 0.67437,
    "precision_at_1": 0.03109,
    "precision_at_3": 0.02114,
    "precision_at_5": 0.01766,
    "precision_at_10": 0.01393,
    "precision_at_20": 0.01001,
    "precision_at_100": 0.00425,
    "precision_at_200": 0.00288,
    "precision_at_300": 0.00228,
    "precision_at_500": 0.00168,
    "precision_at_1000": 0.00103,
    "mrr_at_1": 0.02985,
    "mrr_at_3": 0.04664,
    "mrr_at_5": 0.051,
    "mrr_at_10": 0.05622,
    "mrr_at_20": 0.06077,
    "mrr_at_100": 0.06511,
    "mrr_at_200": 0.06581,
    "mrr_at_300": 0.0661,
    "mrr_at_500": 0.06631,
    "mrr_at_1000": 0.06646
}