{
    "ndcg_at_1": 0.03842,
    "ndcg_at_3": 0.04596,
    "ndcg_at_5": 0.05266,
    "ndcg_at_10": 0.06438,
    "ndcg_at_20": 0.07306,
    "ndcg_at_100": 0.09261,
    "ndcg_at_200": 0.10389,
    "ndcg_at_300": 0.10852,
    "ndcg_at_500": 0.11586,
    "ndcg_at_1000": 0.12664,
    "map_at_1": 0.03277,
    "map_at_3": 0.04196,
    "map_at_5": 0.04565,
    "map_at_10": 0.05028,
    "map_at_20": 0.05268,
    "map_at_100": 0.05514,
    "map_at_200": 0.05574,
    "map_at_300": 0.05589,
    "map_at_500": 0.05607,
    "map_at_1000": 0.05622,
    "recall_at_1": 0.03277,
    "recall_at_3": 0.05198,
    "recall_at_5": 0.06761,
    "recall_at_10": 0.10317,
    "recall_at_20": 0.13617,
    "recall_at_100": 0.24213,
    "recall_at_200": 0.32007,
    "recall_at_300": 0.35567,
    "recall_at_500": 0.41628,
    "recall_at_1000": 0.5139,
    "precision_at_1": 0.03842,
    "precision_at_3": 0.02034,
    "precision_at_5": 0.01582,
    "precision_at_10": 0.01198,
    "precision_at_20": 0.00797,
    "precision_at_100": 0.00281,
    "precision_at_200": 0.00185,
    "precision_at_300": 0.00137,
    "precision_at_500": 0.00097,
    "precision_at_1000": 0.0006,
    "mrr_at_1": 0.03842,
    "mrr_at_3": 0.04765,
    "mrr_at_5": 0.0516,
    "mrr_at_10": 0.05695,
    "mrr_at_20": 0.05938,
    "mrr_at_100": 0.06196,
    "mrr_at_200": 0.06256,
    "mrr_at_300": 0.06271,
    "mrr_at_500": 0.06287,
    "mrr_at_1000": 0.06301
}