{
    "ndcg_at_1": 0.19408,
    "ndcg_at_3": 0.23226,
    "ndcg_at_5": 0.25124,
    "ndcg_at_10": 0.28077,
    "ndcg_at_20": 0.30188,
    "ndcg_at_100": 0.34,
    "ndcg_at_200": 0.35142,
    "ndcg_at_300": 0.35741,
    "ndcg_at_500": 0.36352,
    "ndcg_at_1000": 0.37009,
    "map_at_1": 0.16082,
    "map_at_3": 0.20601,
    "map_at_5": 0.21857,
    "map_at_10": 0.23185,
    "map_at_20": 0.23841,
    "map_at_100": 0.24423,
    "map_at_200": 0.24499,
    "map_at_300": 0.24525,
    "map_at_500": 0.24544,
    "map_at_1000": 0.24558,
    "recall_at_1": 0.16082,
    "recall_at_3": 0.25741,
    "recall_at_5": 0.30589,
    "recall_at_10": 0.39461,
    "recall_at_20": 0.47157,
    "recall_at_100": 0.66173,
    "recall_at_200": 0.73369,
    "recall_at_300": 0.77548,
    "recall_at_500": 0.82068,
    "recall_at_1000": 0.87357,
    "precision_at_1": 0.19408,
    "precision_at_3": 0.10908,
    "precision_at_5": 0.08025,
    "precision_at_10": 0.05272,
    "precision_at_20": 0.03273,
    "precision_at_100": 0.00979,
    "precision_at_200": 0.00561,
    "precision_at_300": 0.00402,
    "precision_at_500": 0.00262,
    "precision_at_1000": 0.00143,
    "mrr_at_1": 0.19477,
    "mrr_at_3": 0.2422,
    "mrr_at_5": 0.25541,
    "mrr_at_10": 0.26766,
    "mrr_at_20": 0.27343,
    "mrr_at_100": 0.27799,
    "mrr_at_200": 0.27846,
    "mrr_at_300": 0.2786,
    "mrr_at_500": 0.27871,
    "mrr_at_1000": 0.27877
}