{
    "ndcg_at_1": 0.4657,
    "ndcg_at_3": 0.54515,
    "ndcg_at_5": 0.57699,
    "ndcg_at_10": 0.61041,
    "ndcg_at_20": 0.63251,
    "ndcg_at_100": 0.6575,
    "ndcg_at_200": 0.66127,
    "ndcg_at_300": 0.66243,
    "ndcg_at_500": 0.6632,
    "ndcg_at_1000": 0.66386,
    "map_at_1": 0.40902,
    "map_at_3": 0.50505,
    "map_at_5": 0.52777,
    "map_at_10": 0.54518,
    "map_at_20": 0.55341,
    "map_at_100": 0.55875,
    "map_at_200": 0.5591,
    "map_at_300": 0.55918,
    "map_at_500": 0.55922,
    "map_at_1000": 0.55924,
    "recall_at_1": 0.40902,
    "recall_at_3": 0.59579,
    "recall_at_5": 0.67319,
    "recall_at_10": 0.76895,
    "recall_at_20": 0.84635,
    "recall_at_100": 0.95885,
    "recall_at_200": 0.98037,
    "recall_at_300": 0.98753,
    "recall_at_500": 0.99225,
    "recall_at_1000": 0.99678,
    "precision_at_1": 0.4657,
    "precision_at_3": 0.24457,
    "precision_at_5": 0.17226,
    "precision_at_10": 0.10312,
    "precision_at_20": 0.05915,
    "precision_at_100": 0.01439,
    "precision_at_200": 0.00749,
    "precision_at_300": 0.00506,
    "precision_at_500": 0.00308,
    "precision_at_1000": 0.00156,
    "mrr_at_1": 0.4654,
    "mrr_at_3": 0.54787,
    "mrr_at_5": 0.56473,
    "mrr_at_10": 0.57674,
    "mrr_at_20": 0.58152,
    "mrr_at_100": 0.58402,
    "mrr_at_200": 0.58413,
    "mrr_at_300": 0.58415,
    "mrr_at_500": 0.58416,
    "mrr_at_1000": 0.58416
}