{
    "ndcg_at_1": 0.19785,
    "ndcg_at_3": 0.2292,
    "ndcg_at_5": 0.2411,
    "ndcg_at_10": 0.25933,
    "ndcg_at_20": 0.27482,
    "ndcg_at_100": 0.302,
    "ndcg_at_200": 0.31086,
    "ndcg_at_300": 0.31573,
    "ndcg_at_500": 0.32281,
    "ndcg_at_1000": 0.32929,
    "map_at_1": 0.17643,
    "map_at_3": 0.21131,
    "map_at_5": 0.21923,
    "map_at_10": 0.22726,
    "map_at_20": 0.23179,
    "map_at_100": 0.23546,
    "map_at_200": 0.23599,
    "map_at_300": 0.23616,
    "map_at_500": 0.23634,
    "map_at_1000": 0.23645,
    "recall_at_1": 0.17643,
    "recall_at_3": 0.25234,
    "recall_at_5": 0.28319,
    "recall_at_10": 0.3373,
    "recall_at_20": 0.39551,
    "recall_at_100": 0.53548,
    "recall_at_200": 0.59259,
    "recall_at_300": 0.62887,
    "recall_at_500": 0.68558,
    "recall_at_1000": 0.74122,
    "precision_at_1": 0.19785,
    "precision_at_3": 0.09918,
    "precision_at_5": 0.06718,
    "precision_at_10": 0.04049,
    "precision_at_20": 0.02393,
    "precision_at_100": 0.00669,
    "precision_at_200": 0.00381,
    "precision_at_300": 0.00271,
    "precision_at_500": 0.00178,
    "precision_at_1000": 0.00098,
    "mrr_at_1": 0.19785,
    "mrr_at_3": 0.23466,
    "mrr_at_5": 0.24141,
    "mrr_at_10": 0.24949,
    "mrr_at_20": 0.25354,
    "mrr_at_100": 0.25718,
    "mrr_at_200": 0.25754,
    "mrr_at_300": 0.25767,
    "mrr_at_500": 0.25782,
    "mrr_at_1000": 0.2579
}