{
    "ndcg_at_1": 0.15382,
    "ndcg_at_3": 0.18498,
    "ndcg_at_5": 0.20217,
    "ndcg_at_10": 0.22692,
    "ndcg_at_20": 0.24697,
    "ndcg_at_100": 0.28316,
    "ndcg_at_200": 0.29576,
    "ndcg_at_300": 0.30195,
    "ndcg_at_500": 0.30944,
    "ndcg_at_1000": 0.31752,
    "map_at_1": 0.1258,
    "map_at_3": 0.16281,
    "map_at_5": 0.1741,
    "map_at_10": 0.18493,
    "map_at_20": 0.19082,
    "map_at_100": 0.1963,
    "map_at_200": 0.19707,
    "map_at_300": 0.19733,
    "map_at_500": 0.19756,
    "map_at_1000": 0.19771,
    "recall_at_1": 0.1258,
    "recall_at_3": 0.20601,
    "recall_at_5": 0.25012,
    "recall_at_10": 0.32443,
    "recall_at_20": 0.39821,
    "recall_at_100": 0.57792,
    "recall_at_200": 0.65872,
    "recall_at_300": 0.70203,
    "recall_at_500": 0.75838,
    "recall_at_1000": 0.82484,
    "precision_at_1": 0.15382,
    "precision_at_3": 0.08786,
    "precision_at_5": 0.06545,
    "precision_at_10": 0.04339,
    "precision_at_20": 0.02744,
    "precision_at_100": 0.00849,
    "precision_at_200": 0.00498,
    "precision_at_300": 0.00361,
    "precision_at_500": 0.0024,
    "precision_at_1000": 0.00134,
    "mrr_at_1": 0.14866,
    "mrr_at_3": 0.19156,
    "mrr_at_5": 0.20307,
    "mrr_at_10": 0.21328,
    "mrr_at_20": 0.21907,
    "mrr_at_100": 0.22346,
    "mrr_at_200": 0.22404,
    "mrr_at_300": 0.22421,
    "mrr_at_500": 0.22434,
    "mrr_at_1000": 0.22442
}