{
    "ndcg_at_1": 0.27469,
    "ndcg_at_3": 0.25414,
    "ndcg_at_5": 0.26179,
    "ndcg_at_10": 0.28566,
    "ndcg_at_20": 0.30898,
    "ndcg_at_100": 0.35463,
    "ndcg_at_200": 0.36862,
    "ndcg_at_300": 0.37578,
    "ndcg_at_500": 0.38184,
    "ndcg_at_1000": 0.39223,
    "map_at_1": 0.12973,
    "map_at_3": 0.18823,
    "map_at_5": 0.20452,
    "map_at_10": 0.21989,
    "map_at_20": 0.22788,
    "map_at_100": 0.23661,
    "map_at_200": 0.23769,
    "map_at_300": 0.23808,
    "map_at_500": 0.23831,
    "map_at_1000": 0.23853,
    "recall_at_1": 0.12973,
    "recall_at_3": 0.22788,
    "recall_at_5": 0.27109,
    "recall_at_10": 0.34194,
    "recall_at_20": 0.41659,
    "recall_at_100": 0.60768,
    "recall_at_200": 0.68415,
    "recall_at_300": 0.72672,
    "recall_at_500": 0.76659,
    "recall_at_1000": 0.84528,
    "precision_at_1": 0.27469,
    "precision_at_3": 0.17695,
    "precision_at_5": 0.13179,
    "precision_at_10": 0.08611,
    "precision_at_20": 0.05208,
    "precision_at_100": 0.01554,
    "precision_at_200": 0.00883,
    "precision_at_300": 0.00629,
    "precision_at_500": 0.004,
    "precision_at_1000": 0.00219,
    "mrr_at_1": 0.27469,
    "mrr_at_3": 0.32973,
    "mrr_at_5": 0.34293,
    "mrr_at_10": 0.35393,
    "mrr_at_20": 0.35941,
    "mrr_at_100": 0.36331,
    "mrr_at_200": 0.3637,
    "mrr_at_300": 0.36379,
    "mrr_at_500": 0.36385,
    "mrr_at_1000": 0.36393
}