{
    "ndcg_at_1": 0.19333,
    "ndcg_at_3": 0.22633,
    "ndcg_at_5": 0.24417,
    "ndcg_at_10": 0.26676,
    "ndcg_at_20": 0.28522,
    "ndcg_at_100": 0.31316,
    "ndcg_at_200": 0.32528,
    "ndcg_at_300": 0.33235,
    "ndcg_at_500": 0.33977,
    "ndcg_at_1000": 0.34797,
    "map_at_1": 0.17456,
    "map_at_3": 0.20976,
    "map_at_5": 0.22152,
    "map_at_10": 0.23053,
    "map_at_20": 0.23582,
    "map_at_100": 0.23942,
    "map_at_200": 0.24006,
    "map_at_300": 0.24031,
    "map_at_500": 0.24048,
    "map_at_1000": 0.2406,
    "recall_at_1": 0.17456,
    "recall_at_3": 0.25189,
    "recall_at_5": 0.29578,
    "recall_at_10": 0.36644,
    "recall_at_20": 0.43672,
    "recall_at_100": 0.58994,
    "recall_at_200": 0.67439,
    "recall_at_300": 0.72906,
    "recall_at_500": 0.79167,
    "recall_at_1000": 0.86833,
    "precision_at_1": 0.19333,
    "precision_at_3": 0.09556,
    "precision_at_5": 0.06867,
    "precision_at_10": 0.04167,
    "precision_at_20": 0.02467,
    "precision_at_100": 0.00683,
    "precision_at_200": 0.00388,
    "precision_at_300": 0.0028,
    "precision_at_500": 0.00183,
    "precision_at_1000": 0.00099,
    "mrr_at_1": 0.19333,
    "mrr_at_3": 0.22667,
    "mrr_at_5": 0.23683,
    "mrr_at_10": 0.24618,
    "mrr_at_20": 0.25151,
    "mrr_at_100": 0.25419,
    "mrr_at_200": 0.25481,
    "mrr_at_300": 0.25502,
    "mrr_at_500": 0.25517,
    "mrr_at_1000": 0.25527
}