{
    "ndcg_at_1": 0.36875,
    "ndcg_at_3": 0.28926,
    "ndcg_at_5": 0.26221,
    "ndcg_at_10": 0.24131,
    "ndcg_at_20": 0.23006,
    "ndcg_at_100": 0.25414,
    "ndcg_at_200": 0.27292,
    "ndcg_at_300": 0.28433,
    "ndcg_at_500": 0.30003,
    "ndcg_at_1000": 0.31848,
    "map_at_1": 0.05236,
    "map_at_3": 0.07436,
    "map_at_5": 0.08205,
    "map_at_10": 0.09419,
    "map_at_20": 0.10356,
    "map_at_100": 0.11834,
    "map_at_200": 0.12187,
    "map_at_300": 0.12337,
    "map_at_500": 0.12502,
    "map_at_1000": 0.12647,
    "recall_at_1": 0.05236,
    "recall_at_3": 0.0837,
    "recall_at_5": 0.09719,
    "recall_at_10": 0.13193,
    "recall_at_20": 0.16759,
    "recall_at_100": 0.27112,
    "recall_at_200": 0.32815,
    "recall_at_300": 0.36342,
    "recall_at_500": 0.41846,
    "recall_at_1000": 0.48625,
    "precision_at_1": 0.465,
    "precision_at_3": 0.30083,
    "precision_at_5": 0.2405,
    "precision_at_10": 0.17525,
    "precision_at_20": 0.12737,
    "precision_at_100": 0.05295,
    "precision_at_200": 0.03504,
    "precision_at_300": 0.02732,
    "precision_at_500": 0.01998,
    "precision_at_1000": 0.01277,
    "mrr_at_1": 0.465,
    "mrr_at_3": 0.51875,
    "mrr_at_5": 0.53063,
    "mrr_at_10": 0.5418,
    "mrr_at_20": 0.54556,
    "mrr_at_100": 0.54799,
    "mrr_at_200": 0.54823,
    "mrr_at_300": 0.54829,
    "mrr_at_500": 0.54836,
    "mrr_at_1000": 0.54837
}