{
    "ndcg_at_1": 0.17413,
    "ndcg_at_3": 0.22246,
    "ndcg_at_5": 0.24121,
    "ndcg_at_10": 0.26306,
    "ndcg_at_20": 0.28673,
    "ndcg_at_100": 0.32295,
    "ndcg_at_200": 0.33434,
    "ndcg_at_300": 0.34066,
    "ndcg_at_500": 0.34585,
    "ndcg_at_1000": 0.35431,
    "map_at_1": 0.13576,
    "map_at_3": 0.19128,
    "map_at_5": 0.20362,
    "map_at_10": 0.21338,
    "map_at_20": 0.22038,
    "map_at_100": 0.22594,
    "map_at_200": 0.22664,
    "map_at_300": 0.22689,
    "map_at_500": 0.22705,
    "map_at_1000": 0.22721,
    "recall_at_1": 0.13576,
    "recall_at_3": 0.25835,
    "recall_at_5": 0.30752,
    "recall_at_10": 0.37374,
    "recall_at_20": 0.45928,
    "recall_at_100": 0.6354,
    "recall_at_200": 0.7083,
    "recall_at_300": 0.75226,
    "recall_at_500": 0.79063,
    "recall_at_1000": 0.85926,
    "precision_at_1": 0.17413,
    "precision_at_3": 0.10987,
    "precision_at_5": 0.08035,
    "precision_at_10": 0.05,
    "precision_at_20": 0.03147,
    "precision_at_100": 0.00914,
    "precision_at_200": 0.00517,
    "precision_at_300": 0.00371,
    "precision_at_500": 0.00237,
    "precision_at_1000": 0.00132,
    "mrr_at_1": 0.17413,
    "mrr_at_3": 0.23611,
    "mrr_at_5": 0.2478,
    "mrr_at_10": 0.25695,
    "mrr_at_20": 0.26331,
    "mrr_at_100": 0.26773,
    "mrr_at_200": 0.26818,
    "mrr_at_300": 0.26835,
    "mrr_at_500": 0.26843,
    "mrr_at_1000": 0.26851
}