{
    "ndcg_at_1": 0.31692,
    "ndcg_at_3": 0.4182,
    "ndcg_at_5": 0.46543,
    "ndcg_at_10": 0.50359,
    "ndcg_at_20": 0.52594,
    "ndcg_at_100": 0.54877,
    "ndcg_at_200": 0.55279,
    "ndcg_at_300": 0.55498,
    "ndcg_at_500": 0.55674,
    "ndcg_at_1000": 0.55802,
    "map_at_1": 0.2794,
    "map_at_3": 0.38075,
    "map_at_5": 0.40884,
    "map_at_10": 0.42628,
    "map_at_20": 0.43331,
    "map_at_100": 0.43701,
    "map_at_200": 0.43725,
    "map_at_300": 0.43734,
    "map_at_500": 0.43738,
    "map_at_1000": 0.4374,
    "recall_at_1": 0.2794,
    "recall_at_3": 0.49329,
    "recall_at_5": 0.6024,
    "recall_at_10": 0.71278,
    "recall_at_20": 0.79543,
    "recall_at_100": 0.90962,
    "recall_at_200": 0.93666,
    "recall_at_300": 0.95293,
    "recall_at_500": 0.96731,
    "recall_at_1000": 0.97876,
    "precision_at_1": 0.31692,
    "precision_at_3": 0.19129,
    "precision_at_5": 0.14183,
    "precision_at_10": 0.08508,
    "precision_at_20": 0.04784,
    "precision_at_100": 0.01102,
    "precision_at_200": 0.00568,
    "precision_at_300": 0.00386,
    "precision_at_500": 0.00235,
    "precision_at_1000": 0.00119,
    "mrr_at_1": 0.3175,
    "mrr_at_3": 0.41474,
    "mrr_at_5": 0.43907,
    "mrr_at_10": 0.45316,
    "mrr_at_20": 0.45834,
    "mrr_at_100": 0.46114,
    "mrr_at_200": 0.46131,
    "mrr_at_300": 0.46136,
    "mrr_at_500": 0.4614,
    "mrr_at_1000": 0.46141
}