{
    "ndcg_at_1": 0.211,
    "ndcg_at_3": 0.17232,
    "ndcg_at_5": 0.14818,
    "ndcg_at_10": 0.1797,
    "ndcg_at_20": 0.20633,
    "ndcg_at_100": 0.25397,
    "ndcg_at_200": 0.27147,
    "ndcg_at_300": 0.2799,
    "ndcg_at_500": 0.29119,
    "ndcg_at_1000": 0.30559,
    "map_at_1": 0.04302,
    "map_at_3": 0.07678,
    "map_at_5": 0.0902,
    "map_at_10": 0.1056,
    "map_at_20": 0.11486,
    "map_at_100": 0.12447,
    "map_at_200": 0.12594,
    "map_at_300": 0.12641,
    "map_at_500": 0.12686,
    "map_at_1000": 0.12726,
    "recall_at_1": 0.04302,
    "recall_at_3": 0.09867,
    "recall_at_5": 0.13112,
    "recall_at_10": 0.1889,
    "recall_at_20": 0.2516,
    "recall_at_100": 0.40532,
    "recall_at_200": 0.47925,
    "recall_at_300": 0.51883,
    "recall_at_500": 0.5764,
    "recall_at_1000": 0.65707,
    "precision_at_1": 0.211,
    "precision_at_3": 0.16233,
    "precision_at_5": 0.1294,
    "precision_at_10": 0.093,
    "precision_at_20": 0.062,
    "precision_at_100": 0.01995,
    "precision_at_200": 0.0118,
    "precision_at_300": 0.00852,
    "precision_at_500": 0.00568,
    "precision_at_1000": 0.00324,
    "mrr_at_1": 0.211,
    "mrr_at_3": 0.27883,
    "mrr_at_5": 0.29433,
    "mrr_at_10": 0.31008,
    "mrr_at_20": 0.31705,
    "mrr_at_100": 0.32103,
    "mrr_at_200": 0.32148,
    "mrr_at_300": 0.3216,
    "mrr_at_500": 0.32169,
    "mrr_at_1000": 0.32173
}