{
    "ndcg_at_1": 0.30909,
    "ndcg_at_3": 0.24154,
    "ndcg_at_5": 0.20509,
    "ndcg_at_10": 0.16381,
    "ndcg_at_20": 0.19118,
    "ndcg_at_100": 0.26174,
    "ndcg_at_200": 0.2785,
    "ndcg_at_300": 0.29008,
    "ndcg_at_500": 0.30361,
    "ndcg_at_1000": 0.31539,
    "map_at_1": 0.03091,
    "map_at_3": 0.05394,
    "map_at_5": 0.0663,
    "map_at_10": 0.08115,
    "map_at_20": 0.09267,
    "map_at_100": 0.11058,
    "map_at_200": 0.11266,
    "map_at_300": 0.11352,
    "map_at_500": 0.11433,
    "map_at_1000": 0.11472,
    "recall_at_1": 0.03091,
    "recall_at_3": 0.06727,
    "recall_at_5": 0.08909,
    "recall_at_10": 0.13273,
    "recall_at_20": 0.18182,
    "recall_at_100": 0.35636,
    "recall_at_200": 0.41091,
    "recall_at_300": 0.45273,
    "recall_at_500": 0.50545,
    "recall_at_1000": 0.55636,
    "precision_at_1": 0.30909,
    "precision_at_3": 0.22424,
    "precision_at_5": 0.17818,
    "precision_at_10": 0.13273,
    "precision_at_20": 0.09091,
    "precision_at_100": 0.03564,
    "precision_at_200": 0.02055,
    "precision_at_300": 0.01509,
    "precision_at_500": 0.01011,
    "precision_at_1000": 0.00556,
    "mrr_at_1": 0.30909,
    "mrr_at_3": 0.38788,
    "mrr_at_5": 0.40061,
    "mrr_at_10": 0.42149,
    "mrr_at_20": 0.4241,
    "mrr_at_100": 0.42768,
    "mrr_at_200": 0.42781,
    "mrr_at_300": 0.42794,
    "mrr_at_500": 0.42794,
    "mrr_at_1000": 0.42794,
    "rc_at_1": {
        "relevant": 0.30909,
        "distractor": 0.38182
    },
    "rc_at_3": {
        "relevant": 0.67273,
        "distractor": 1.4
    },
    "rc_at_5": {
        "relevant": 0.89091,
        "distractor": 2.32727
    },
    "rc_at_10": {
        "relevant": 1.32727,
        "distractor": 4.34545
    },
    "rc_at_20": {
        "relevant": 1.81818,
        "distractor": 7.34545
    },
    "rc_at_100": {
        "relevant": 3.56364,
        "distractor": 18.56364
    },
    "rc_at_200": {
        "relevant": 4.10909,
        "distractor": 25.03636
    },
    "rc_at_300": {
        "relevant": 4.52727,
        "distractor": 28.58182
    },
    "rc_at_500": {
        "relevant": 5.05455,
        "distractor": 33.47273
    },
    "rc_at_1000": {
        "relevant": 5.56364,
        "distractor": 40.03636
    }
}