{
    "ndcg_at_1": 0.30909,
    "ndcg_at_3": 0.29091,
    "ndcg_at_5": 0.26332,
    "ndcg_at_10": 0.2164,
    "ndcg_at_20": 0.27814,
    "ndcg_at_100": 0.44281,
    "ndcg_at_200": 0.47214,
    "ndcg_at_300": 0.48468,
    "ndcg_at_500": 0.49027,
    "ndcg_at_1000": 0.49911,
    "map_at_1": 0.03091,
    "map_at_3": 0.07333,
    "map_at_5": 0.09706,
    "map_at_10": 0.12164,
    "map_at_20": 0.14657,
    "map_at_100": 0.20167,
    "map_at_200": 0.207,
    "map_at_300": 0.20847,
    "map_at_500": 0.20891,
    "map_at_1000": 0.2093,
    "recall_at_1": 0.03091,
    "recall_at_3": 0.08545,
    "recall_at_5": 0.12364,
    "recall_at_10": 0.18909,
    "recall_at_20": 0.30182,
    "recall_at_100": 0.70909,
    "recall_at_200": 0.80364,
    "recall_at_300": 0.84909,
    "recall_at_500": 0.87091,
    "recall_at_1000": 0.90909,
    "precision_at_1": 0.30909,
    "precision_at_3": 0.28485,
    "precision_at_5": 0.24727,
    "precision_at_10": 0.18909,
    "precision_at_20": 0.15091,
    "precision_at_100": 0.07091,
    "precision_at_200": 0.04018,
    "precision_at_300": 0.0283,
    "precision_at_500": 0.01742,
    "precision_at_1000": 0.00909,
    "mrr_at_1": 0.30909,
    "mrr_at_3": 0.38182,
    "mrr_at_5": 0.40182,
    "mrr_at_10": 0.4255,
    "mrr_at_20": 0.43521,
    "mrr_at_100": 0.43698,
    "mrr_at_200": 0.4371,
    "mrr_at_300": 0.4371,
    "mrr_at_500": 0.4371,
    "mrr_at_1000": 0.43712,
    "rc_at_1": {
        "relevant": 0.30909,
        "distractor": 0.67273
    },
    "rc_at_3": {
        "relevant": 0.85455,
        "distractor": 2.10909
    },
    "rc_at_5": {
        "relevant": 1.23636,
        "distractor": 3.67273
    },
    "rc_at_10": {
        "relevant": 1.89091,
        "distractor": 7.63636
    },
    "rc_at_20": {
        "relevant": 3.01818,
        "distractor": 15.56364
    },
    "rc_at_100": {
        "relevant": 7.09091,
        "distractor": 56.01818
    },
    "rc_at_200": {
        "relevant": 8.03636,
        "distractor": 68.94545
    },
    "rc_at_300": {
        "relevant": 8.49091,
        "distractor": 73.85455
    },
    "rc_at_500": {
        "relevant": 8.70909,
        "distractor": 79.70909
    },
    "rc_at_1000": {
        "relevant": 9.09091,
        "distractor": 85.56364
    }
}