{
    "ndcg_at_1": 0.28571,
    "ndcg_at_3": 0.26675,
    "ndcg_at_5": 0.23881,
    "ndcg_at_10": 0.21642,
    "ndcg_at_20": 0.22079,
    "ndcg_at_100": 0.30363,
    "ndcg_at_200": 0.33789,
    "ndcg_at_300": 0.36221,
    "ndcg_at_500": 0.3826,
    "ndcg_at_1000": 0.4144,
    "map_at_1": 0.02248,
    "map_at_3": 0.05243,
    "map_at_5": 0.06118,
    "map_at_10": 0.08148,
    "map_at_20": 0.09902,
    "map_at_100": 0.12262,
    "map_at_200": 0.12844,
    "map_at_300": 0.13107,
    "map_at_500": 0.13297,
    "map_at_1000": 0.13517,
    "recall_at_1": 0.02248,
    "recall_at_3": 0.06256,
    "recall_at_5": 0.07996,
    "recall_at_10": 0.12954,
    "recall_at_20": 0.19028,
    "recall_at_100": 0.36704,
    "recall_at_200": 0.46012,
    "recall_at_300": 0.52628,
    "recall_at_500": 0.59886,
    "recall_at_1000": 0.70753,
    "precision_at_1": 0.32653,
    "precision_at_3": 0.28571,
    "precision_at_5": 0.23673,
    "precision_at_10": 0.18776,
    "precision_at_20": 0.14082,
    "precision_at_100": 0.06122,
    "precision_at_200": 0.0398,
    "precision_at_300": 0.03129,
    "precision_at_500": 0.02159,
    "precision_at_1000": 0.01329,
    "mrr_at_1": 0.32653,
    "mrr_at_3": 0.42177,
    "mrr_at_5": 0.44932,
    "mrr_at_10": 0.46023,
    "mrr_at_20": 0.46496,
    "mrr_at_100": 0.46838,
    "mrr_at_200": 0.4687,
    "mrr_at_300": 0.4687,
    "mrr_at_500": 0.46877,
    "mrr_at_1000": 0.46877
}