{
    "ndcg_at_1": 0.14011,
    "ndcg_at_3": 0.16517,
    "ndcg_at_5": 0.17832,
    "ndcg_at_10": 0.196,
    "ndcg_at_20": 0.21304,
    "ndcg_at_100": 0.24075,
    "ndcg_at_200": 0.25075,
    "ndcg_at_300": 0.25657,
    "ndcg_at_500": 0.26356,
    "ndcg_at_1000": 0.27003,
    "map_at_1": 0.12907,
    "map_at_3": 0.15435,
    "map_at_5": 0.16191,
    "map_at_10": 0.16923,
    "map_at_20": 0.1738,
    "map_at_100": 0.17755,
    "map_at_200": 0.17807,
    "map_at_300": 0.17827,
    "map_at_500": 0.17844,
    "map_at_1000": 0.17854,
    "recall_at_1": 0.12907,
    "recall_at_3": 0.18504,
    "recall_at_5": 0.21658,
    "recall_at_10": 0.26782,
    "recall_at_20": 0.33489,
    "recall_at_100": 0.48109,
    "recall_at_200": 0.55022,
    "recall_at_300": 0.59346,
    "recall_at_500": 0.65042,
    "recall_at_1000": 0.709,
    "precision_at_1": 0.14011,
    "precision_at_3": 0.06817,
    "precision_at_5": 0.04814,
    "precision_at_10": 0.03107,
    "precision_at_20": 0.01927,
    "precision_at_100": 0.00562,
    "precision_at_200": 0.00322,
    "precision_at_300": 0.00234,
    "precision_at_500": 0.00155,
    "precision_at_1000": 0.00085,
    "mrr_at_1": 0.14011,
    "mrr_at_3": 0.16535,
    "mrr_at_5": 0.17298,
    "mrr_at_10": 0.18098,
    "mrr_at_20": 0.18557,
    "mrr_at_100": 0.18916,
    "mrr_at_200": 0.18964,
    "mrr_at_300": 0.18983,
    "mrr_at_500": 0.18996,
    "mrr_at_1000": 0.19004
}