{
    "ndcg_at_1": 0.23375,
    "ndcg_at_3": 0.21115,
    "ndcg_at_5": 0.20723,
    "ndcg_at_10": 0.18939,
    "ndcg_at_20": 0.1761,
    "ndcg_at_100": 0.1771,
    "ndcg_at_200": 0.19526,
    "ndcg_at_300": 0.21011,
    "ndcg_at_500": 0.23259,
    "ndcg_at_1000": 0.27253,
    "map_at_1": 0.03092,
    "map_at_3": 0.04459,
    "map_at_5": 0.0527,
    "map_at_10": 0.06053,
    "map_at_20": 0.06662,
    "map_at_100": 0.07464,
    "map_at_200": 0.07776,
    "map_at_300": 0.07949,
    "map_at_500": 0.08158,
    "map_at_1000": 0.08462,
    "recall_at_1": 0.03092,
    "recall_at_3": 0.04987,
    "recall_at_5": 0.06888,
    "recall_at_10": 0.08946,
    "recall_at_20": 0.11407,
    "recall_at_100": 0.19141,
    "recall_at_200": 0.25655,
    "recall_at_300": 0.30529,
    "recall_at_500": 0.38723,
    "recall_at_1000": 0.52449,
    "precision_at_1": 0.24458,
    "precision_at_3": 0.19814,
    "precision_at_5": 0.18266,
    "precision_at_10": 0.14149,
    "precision_at_20": 0.10495,
    "precision_at_100": 0.04613,
    "precision_at_200": 0.03365,
    "precision_at_300": 0.02828,
    "precision_at_500": 0.02267,
    "precision_at_1000": 0.01701,
    "mrr_at_1": 0.24458,
    "mrr_at_3": 0.30599,
    "mrr_at_5": 0.3241,
    "mrr_at_10": 0.33638,
    "mrr_at_20": 0.34045,
    "mrr_at_100": 0.34334,
    "mrr_at_200": 0.3439,
    "mrr_at_300": 0.3441,
    "mrr_at_500": 0.34426,
    "mrr_at_1000": 0.34431
}