{
    "ndcg_at_1": 0.0,
    "ndcg_at_3": 0.0,
    "ndcg_at_5": 0.0,
    "ndcg_at_10": 0.0,
    "ndcg_at_20": 0.00164,
    "ndcg_at_100": 0.0023,
    "ndcg_at_200": 0.00276,
    "ndcg_at_300": 0.00359,
    "ndcg_at_500": 0.00478,
    "ndcg_at_1000": 0.00622,
    "map_at_1": 0.0,
    "map_at_3": 0.0,
    "map_at_5": 0.0,
    "map_at_10": 0.0,
    "map_at_20": 0.00028,
    "map_at_100": 0.00032,
    "map_at_200": 0.00033,
    "map_at_300": 0.00034,
    "map_at_500": 0.00036,
    "map_at_1000": 0.00037,
    "recall_at_1": 0.0,
    "recall_at_3": 0.0,
    "recall_at_5": 0.0,
    "recall_at_10": 0.0,
    "recall_at_20": 0.00308,
    "recall_at_100": 0.00462,
    "recall_at_200": 0.00615,
    "recall_at_300": 0.00923,
    "recall_at_500": 0.01385,
    "recall_at_1000": 0.02,
    "precision_at_1": 0.0,
    "precision_at_3": 0.0,
    "precision_at_5": 0.0,
    "precision_at_10": 0.0,
    "precision_at_20": 0.00154,
    "precision_at_100": 0.00046,
    "precision_at_200": 0.00031,
    "precision_at_300": 0.00031,
    "precision_at_500": 0.00028,
    "precision_at_1000": 0.0002,
    "mrr_at_1": 0.0,
    "mrr_at_3": 0.0,
    "mrr_at_5": 0.00308,
    "mrr_at_10": 0.00308,
    "mrr_at_20": 0.00308,
    "mrr_at_100": 0.00353,
    "mrr_at_200": 0.00363,
    "mrr_at_300": 0.00381,
    "mrr_at_500": 0.00389,
    "mrr_at_1000": 0.00394,
    "rc_at_1": {
        "relevant": 0.0,
        "distractor": 0.04615
    },
    "rc_at_3": {
        "relevant": 0.0,
        "distractor": 0.12308
    },
    "rc_at_5": {
        "relevant": 0.01538,
        "distractor": 0.13846
    },
    "rc_at_10": {
        "relevant": 0.01538,
        "distractor": 0.2
    },
    "rc_at_20": {
        "relevant": 0.03077,
        "distractor": 0.24615
    },
    "rc_at_100": {
        "relevant": 0.04615,
        "distractor": 0.36923
    },
    "rc_at_200": {
        "relevant": 0.06154,
        "distractor": 0.64615
    },
    "rc_at_300": {
        "relevant": 0.10769,
        "distractor": 0.89231
    },
    "rc_at_500": {
        "relevant": 0.15385,
        "distractor": 1.04615
    },
    "rc_at_1000": {
        "relevant": 0.2,
        "distractor": 1.6
    }
}