{
    "ndcg_at_1": 0.0,
    "ndcg_at_3": 0.0,
    "ndcg_at_5": 0.0,
    "ndcg_at_10": 0.0,
    "ndcg_at_20": 0.0,
    "ndcg_at_100": 0.0,
    "ndcg_at_200": 0.00092,
    "ndcg_at_300": 0.00092,
    "ndcg_at_500": 0.00131,
    "ndcg_at_1000": 0.00131,
    "map_at_1": 0.0,
    "map_at_3": 0.0,
    "map_at_5": 0.0,
    "map_at_10": 0.0,
    "map_at_20": 0.0,
    "map_at_100": 0.0,
    "map_at_200": 3e-05,
    "map_at_300": 3e-05,
    "map_at_500": 3e-05,
    "map_at_1000": 3e-05,
    "recall_at_1": 0.0,
    "recall_at_3": 0.0,
    "recall_at_5": 0.0,
    "recall_at_10": 0.0,
    "recall_at_20": 0.0,
    "recall_at_100": 0.0,
    "recall_at_200": 0.00308,
    "recall_at_300": 0.00308,
    "recall_at_500": 0.00462,
    "recall_at_1000": 0.00462,
    "precision_at_1": 0.0,
    "precision_at_3": 0.0,
    "precision_at_5": 0.0,
    "precision_at_10": 0.0,
    "precision_at_20": 0.0,
    "precision_at_100": 0.0,
    "precision_at_200": 0.00015,
    "precision_at_300": 0.0001,
    "precision_at_500": 9e-05,
    "precision_at_1000": 5e-05,
    "mrr_at_1": 0.0,
    "mrr_at_3": 0.0,
    "mrr_at_5": 0.0,
    "mrr_at_10": 0.0,
    "mrr_at_20": 0.0,
    "mrr_at_100": 0.00022,
    "mrr_at_200": 0.00022,
    "mrr_at_300": 0.00022,
    "mrr_at_500": 0.00026,
    "mrr_at_1000": 0.00026,
    "rc_at_1": {
        "relevant": 0.0,
        "distractor": 0.03077
    },
    "rc_at_3": {
        "relevant": 0.0,
        "distractor": 0.04615
    },
    "rc_at_5": {
        "relevant": 0.0,
        "distractor": 0.04615
    },
    "rc_at_10": {
        "relevant": 0.0,
        "distractor": 0.09231
    },
    "rc_at_20": {
        "relevant": 0.0,
        "distractor": 0.10769
    },
    "rc_at_100": {
        "relevant": 0.03077,
        "distractor": 0.21538
    },
    "rc_at_200": {
        "relevant": 0.03077,
        "distractor": 0.27692
    },
    "rc_at_300": {
        "relevant": 0.03077,
        "distractor": 0.29231
    },
    "rc_at_500": {
        "relevant": 0.04615,
        "distractor": 0.33846
    },
    "rc_at_1000": {
        "relevant": 0.04615,
        "distractor": 0.35385
    }
}