{
    "ndcg_at_1": 0.01538,
    "ndcg_at_3": 0.01994,
    "ndcg_at_5": 0.01643,
    "ndcg_at_10": 0.01504,
    "ndcg_at_20": 0.02008,
    "ndcg_at_100": 0.03934,
    "ndcg_at_200": 0.04745,
    "ndcg_at_300": 0.05254,
    "ndcg_at_500": 0.06121,
    "ndcg_at_1000": 0.07331,
    "map_at_1": 0.00154,
    "map_at_3": 0.00436,
    "map_at_5": 0.00467,
    "map_at_10": 0.00566,
    "map_at_20": 0.00626,
    "map_at_100": 0.00854,
    "map_at_200": 0.00896,
    "map_at_300": 0.00917,
    "map_at_500": 0.00943,
    "map_at_1000": 0.00969,
    "recall_at_1": 0.00154,
    "recall_at_3": 0.00615,
    "recall_at_5": 0.00769,
    "recall_at_10": 0.01385,
    "recall_at_20": 0.02308,
    "recall_at_100": 0.07077,
    "recall_at_200": 0.09692,
    "recall_at_300": 0.11538,
    "recall_at_500": 0.14923,
    "recall_at_1000": 0.20154,
    "precision_at_1": 0.01538,
    "precision_at_3": 0.02051,
    "precision_at_5": 0.01538,
    "precision_at_10": 0.01385,
    "precision_at_20": 0.01154,
    "precision_at_100": 0.00708,
    "precision_at_200": 0.00485,
    "precision_at_300": 0.00385,
    "precision_at_500": 0.00298,
    "precision_at_1000": 0.00202,
    "mrr_at_1": 0.01538,
    "mrr_at_3": 0.03333,
    "mrr_at_5": 0.03718,
    "mrr_at_10": 0.04145,
    "mrr_at_20": 0.04914,
    "mrr_at_100": 0.05323,
    "mrr_at_200": 0.05375,
    "mrr_at_300": 0.05387,
    "mrr_at_500": 0.05415,
    "mrr_at_1000": 0.05425,
    "rc_at_1": {
        "relevant": 0.01538,
        "distractor": 0.15385
    },
    "rc_at_3": {
        "relevant": 0.07692,
        "distractor": 0.35385
    },
    "rc_at_5": {
        "relevant": 0.09231,
        "distractor": 0.56923
    },
    "rc_at_10": {
        "relevant": 0.13846,
        "distractor": 1.10769
    },
    "rc_at_20": {
        "relevant": 0.26154,
        "distractor": 1.73846
    },
    "rc_at_100": {
        "relevant": 0.78462,
        "distractor": 4.96923
    },
    "rc_at_200": {
        "relevant": 1.0,
        "distractor": 7.24615
    },
    "rc_at_300": {
        "relevant": 1.18462,
        "distractor": 9.10769
    },
    "rc_at_500": {
        "relevant": 1.50769,
        "distractor": 11.35385
    },
    "rc_at_1000": {
        "relevant": 2.01538,
        "distractor": 16.04615
    }
}