{
    "ndcg_at_1": 0.192,
    "ndcg_at_3": 0.16018,
    "ndcg_at_5": 0.13897,
    "ndcg_at_10": 0.16925,
    "ndcg_at_20": 0.19415,
    "ndcg_at_100": 0.24233,
    "ndcg_at_200": 0.26037,
    "ndcg_at_300": 0.26945,
    "ndcg_at_500": 0.2812,
    "ndcg_at_1000": 0.29509,
    "map_at_1": 0.03908,
    "map_at_3": 0.07063,
    "map_at_5": 0.08305,
    "map_at_10": 0.09656,
    "map_at_20": 0.10541,
    "map_at_100": 0.1146,
    "map_at_200": 0.11609,
    "map_at_300": 0.1166,
    "map_at_500": 0.11706,
    "map_at_1000": 0.11743,
    "recall_at_1": 0.03908,
    "recall_at_3": 0.09222,
    "recall_at_5": 0.12432,
    "recall_at_10": 0.18002,
    "recall_at_20": 0.23865,
    "recall_at_100": 0.3949,
    "recall_at_200": 0.47153,
    "recall_at_300": 0.51427,
    "recall_at_500": 0.57448,
    "recall_at_1000": 0.65217,
    "precision_at_1": 0.192,
    "precision_at_3": 0.15133,
    "precision_at_5": 0.1224,
    "precision_at_10": 0.0888,
    "precision_at_20": 0.0588,
    "precision_at_100": 0.01945,
    "precision_at_200": 0.01161,
    "precision_at_300": 0.00845,
    "precision_at_500": 0.00566,
    "precision_at_1000": 0.00321,
    "mrr_at_1": 0.192,
    "mrr_at_3": 0.263,
    "mrr_at_5": 0.2803,
    "mrr_at_10": 0.29598,
    "mrr_at_20": 0.30223,
    "mrr_at_100": 0.3066,
    "mrr_at_200": 0.30706,
    "mrr_at_300": 0.30718,
    "mrr_at_500": 0.30728,
    "mrr_at_1000": 0.30732
}