{
    "ndcg_at_1": 0.18048,
    "ndcg_at_3": 0.24098,
    "ndcg_at_5": 0.27282,
    "ndcg_at_10": 0.30696,
    "ndcg_at_20": 0.33135,
    "ndcg_at_100": 0.36539,
    "ndcg_at_200": 0.37316,
    "ndcg_at_300": 0.37746,
    "ndcg_at_500": 0.3814,
    "ndcg_at_1000": 0.38576,
    "map_at_1": 0.15674,
    "map_at_3": 0.21678,
    "map_at_5": 0.23484,
    "map_at_10": 0.2497,
    "map_at_20": 0.25691,
    "map_at_100": 0.26195,
    "map_at_200": 0.26239,
    "map_at_300": 0.26255,
    "map_at_500": 0.26265,
    "map_at_1000": 0.26271,
    "recall_at_1": 0.15674,
    "recall_at_3": 0.2871,
    "recall_at_5": 0.36129,
    "recall_at_10": 0.46171,
    "recall_at_20": 0.55325,
    "recall_at_100": 0.72794,
    "recall_at_200": 0.78088,
    "recall_at_300": 0.81308,
    "recall_at_500": 0.84526,
    "recall_at_1000": 0.88466,
    "precision_at_1": 0.18048,
    "precision_at_3": 0.11211,
    "precision_at_5": 0.08511,
    "precision_at_10": 0.05498,
    "precision_at_20": 0.03318,
    "precision_at_100": 0.00885,
    "precision_at_200": 0.00475,
    "precision_at_300": 0.0033,
    "precision_at_500": 0.00206,
    "precision_at_1000": 0.00108,
    "mrr_at_1": 0.18048,
    "mrr_at_3": 0.2415,
    "mrr_at_5": 0.25933,
    "mrr_at_10": 0.27281,
    "mrr_at_20": 0.27894,
    "mrr_at_100": 0.28308,
    "mrr_at_200": 0.28344,
    "mrr_at_300": 0.28355,
    "mrr_at_500": 0.28363,
    "mrr_at_1000": 0.28369
}