{
    "ndcg_at_1": 0.4031,
    "ndcg_at_3": 0.48138,
    "ndcg_at_5": 0.5149,
    "ndcg_at_10": 0.54821,
    "ndcg_at_20": 0.57245,
    "ndcg_at_100": 0.60276,
    "ndcg_at_200": 0.60798,
    "ndcg_at_300": 0.60998,
    "ndcg_at_500": 0.61133,
    "ndcg_at_1000": 0.61225,
    "map_at_1": 0.35239,
    "map_at_3": 0.44325,
    "map_at_5": 0.46621,
    "map_at_10": 0.4831,
    "map_at_20": 0.4917,
    "map_at_100": 0.49769,
    "map_at_200": 0.49813,
    "map_at_300": 0.49824,
    "map_at_500": 0.4983,
    "map_at_1000": 0.49833,
    "recall_at_1": 0.35239,
    "recall_at_3": 0.53186,
    "recall_at_5": 0.6131,
    "recall_at_10": 0.70915,
    "recall_at_20": 0.79466,
    "recall_at_100": 0.9345,
    "recall_at_200": 0.96535,
    "recall_at_300": 0.97846,
    "recall_at_500": 0.98765,
    "recall_at_1000": 0.99419,
    "precision_at_1": 0.4031,
    "precision_at_3": 0.21787,
    "precision_at_5": 0.15588,
    "precision_at_10": 0.09427,
    "precision_at_20": 0.05524,
    "precision_at_100": 0.01396,
    "precision_at_200": 0.00735,
    "precision_at_300": 0.005,
    "precision_at_500": 0.00306,
    "precision_at_1000": 0.00155,
    "mrr_at_1": 0.4029,
    "mrr_at_3": 0.48268,
    "mrr_at_5": 0.5013,
    "mrr_at_10": 0.51369,
    "mrr_at_20": 0.51914,
    "mrr_at_100": 0.52239,
    "mrr_at_200": 0.52256,
    "mrr_at_300": 0.5226,
    "mrr_at_500": 0.52262,
    "mrr_at_1000": 0.52262
}