{
    "ndcg_at_1": 0.45455,
    "ndcg_at_3": 0.32595,
    "ndcg_at_5": 0.28626,
    "ndcg_at_10": 0.23798,
    "ndcg_at_20": 0.30491,
    "ndcg_at_100": 0.43345,
    "ndcg_at_200": 0.45539,
    "ndcg_at_300": 0.46345,
    "ndcg_at_500": 0.47374,
    "ndcg_at_1000": 0.48256,
    "map_at_1": 0.04545,
    "map_at_3": 0.07788,
    "map_at_5": 0.09806,
    "map_at_10": 0.1261,
    "map_at_20": 0.15487,
    "map_at_100": 0.19786,
    "map_at_200": 0.20141,
    "map_at_300": 0.2023,
    "map_at_500": 0.20309,
    "map_at_1000": 0.20347,
    "recall_at_1": 0.04545,
    "recall_at_3": 0.08727,
    "recall_at_5": 0.12364,
    "recall_at_10": 0.19818,
    "recall_at_20": 0.31818,
    "recall_at_100": 0.63636,
    "recall_at_200": 0.70727,
    "recall_at_300": 0.73636,
    "recall_at_500": 0.77636,
    "recall_at_1000": 0.81455,
    "precision_at_1": 0.45455,
    "precision_at_3": 0.29091,
    "precision_at_5": 0.24727,
    "precision_at_10": 0.19818,
    "precision_at_20": 0.15909,
    "precision_at_100": 0.06364,
    "precision_at_200": 0.03536,
    "precision_at_300": 0.02455,
    "precision_at_500": 0.01553,
    "precision_at_1000": 0.00815,
    "mrr_at_1": 0.45455,
    "mrr_at_3": 0.51212,
    "mrr_at_5": 0.53667,
    "mrr_at_10": 0.55608,
    "mrr_at_20": 0.56261,
    "mrr_at_100": 0.5634,
    "mrr_at_200": 0.5634,
    "mrr_at_300": 0.5634,
    "mrr_at_500": 0.56345,
    "mrr_at_1000": 0.56347,
    "rc_at_1": {
        "relevant": 0.45455,
        "distractor": 0.52727
    },
    "rc_at_3": {
        "relevant": 0.87273,
        "distractor": 2.0
    },
    "rc_at_5": {
        "relevant": 1.23636,
        "distractor": 3.52727
    },
    "rc_at_10": {
        "relevant": 1.98182,
        "distractor": 7.36364
    },
    "rc_at_20": {
        "relevant": 3.18182,
        "distractor": 14.47273
    },
    "rc_at_100": {
        "relevant": 6.36364,
        "distractor": 46.38182
    },
    "rc_at_200": {
        "relevant": 7.07273,
        "distractor": 56.61818
    },
    "rc_at_300": {
        "relevant": 7.36364,
        "distractor": 60.83636
    },
    "rc_at_500": {
        "relevant": 7.76364,
        "distractor": 65.63636
    },
    "rc_at_1000": {
        "relevant": 8.14545,
        "distractor": 71.21818
    }
}