{
    "ndcg_at_1": 0.32308,
    "ndcg_at_3": 0.29592,
    "ndcg_at_5": 0.27652,
    "ndcg_at_10": 0.24099,
    "ndcg_at_20": 0.29416,
    "ndcg_at_100": 0.48431,
    "ndcg_at_200": 0.53722,
    "ndcg_at_300": 0.53982,
    "ndcg_at_500": 0.54062,
    "ndcg_at_1000": 0.54245,
    "map_at_1": 0.03231,
    "map_at_3": 0.07128,
    "map_at_5": 0.09636,
    "map_at_10": 0.13588,
    "map_at_20": 0.16032,
    "map_at_100": 0.2152,
    "map_at_200": 0.22739,
    "map_at_300": 0.22779,
    "map_at_500": 0.22788,
    "map_at_1000": 0.228,
    "recall_at_1": 0.03231,
    "recall_at_3": 0.08615,
    "recall_at_5": 0.13077,
    "recall_at_10": 0.21692,
    "recall_at_20": 0.31385,
    "recall_at_100": 0.81385,
    "recall_at_200": 0.97846,
    "recall_at_300": 0.98769,
    "recall_at_500": 0.99077,
    "recall_at_1000": 0.99846,
    "precision_at_1": 0.32308,
    "precision_at_3": 0.28718,
    "precision_at_5": 0.26154,
    "precision_at_10": 0.21692,
    "precision_at_20": 0.15692,
    "precision_at_100": 0.08138,
    "precision_at_200": 0.04892,
    "precision_at_300": 0.03292,
    "precision_at_500": 0.01982,
    "precision_at_1000": 0.00998,
    "mrr_at_1": 0.32308,
    "mrr_at_3": 0.41026,
    "mrr_at_5": 0.43564,
    "mrr_at_10": 0.45399,
    "mrr_at_20": 0.4628,
    "mrr_at_100": 0.46616,
    "mrr_at_200": 0.46616,
    "mrr_at_300": 0.46616,
    "mrr_at_500": 0.46616,
    "mrr_at_1000": 0.46616,
    "rc_at_1": {
        "relevant": 0.32308,
        "distractor": 0.67692
    },
    "rc_at_3": {
        "relevant": 0.86154,
        "distractor": 2.13846
    },
    "rc_at_5": {
        "relevant": 1.30769,
        "distractor": 3.67692
    },
    "rc_at_10": {
        "relevant": 2.16923,
        "distractor": 7.76923
    },
    "rc_at_20": {
        "relevant": 3.13846,
        "distractor": 16.72308
    },
    "rc_at_100": {
        "relevant": 8.13846,
        "distractor": 87.86154
    },
    "rc_at_200": {
        "relevant": 9.78462,
        "distractor": 97.70769
    },
    "rc_at_300": {
        "relevant": 9.87692,
        "distractor": 98.58462
    },
    "rc_at_500": {
        "relevant": 9.90769,
        "distractor": 99.0
    },
    "rc_at_1000": {
        "relevant": 9.98462,
        "distractor": 99.35385
    }
}