{
    "ndcg_at_1": 0.32308,
    "ndcg_at_3": 0.2887,
    "ndcg_at_5": 0.26883,
    "ndcg_at_10": 0.23134,
    "ndcg_at_20": 0.28044,
    "ndcg_at_100": 0.39471,
    "ndcg_at_200": 0.42515,
    "ndcg_at_300": 0.43664,
    "ndcg_at_500": 0.4485,
    "ndcg_at_1000": 0.46182,
    "map_at_1": 0.03231,
    "map_at_3": 0.06974,
    "map_at_5": 0.09321,
    "map_at_10": 0.12873,
    "map_at_20": 0.15004,
    "map_at_100": 0.18303,
    "map_at_200": 0.18783,
    "map_at_300": 0.18905,
    "map_at_500": 0.19001,
    "map_at_1000": 0.19072,
    "recall_at_1": 0.03231,
    "recall_at_3": 0.08308,
    "recall_at_5": 0.12615,
    "recall_at_10": 0.20615,
    "recall_at_20": 0.29538,
    "recall_at_100": 0.58615,
    "recall_at_200": 0.68462,
    "recall_at_300": 0.72615,
    "recall_at_500": 0.77231,
    "recall_at_1000": 0.82923,
    "precision_at_1": 0.32308,
    "precision_at_3": 0.27692,
    "precision_at_5": 0.25231,
    "precision_at_10": 0.20615,
    "precision_at_20": 0.14769,
    "precision_at_100": 0.05862,
    "precision_at_200": 0.03423,
    "precision_at_300": 0.02421,
    "precision_at_500": 0.01545,
    "precision_at_1000": 0.00829,
    "mrr_at_1": 0.32308,
    "mrr_at_3": 0.40513,
    "mrr_at_5": 0.43359,
    "mrr_at_10": 0.45019,
    "mrr_at_20": 0.46008,
    "mrr_at_100": 0.46306,
    "mrr_at_200": 0.46306,
    "mrr_at_300": 0.46306,
    "mrr_at_500": 0.4631,
    "mrr_at_1000": 0.4631,
    "rc_at_1": {
        "relevant": 0.32308,
        "distractor": 0.66154
    },
    "rc_at_3": {
        "relevant": 0.83077,
        "distractor": 2.10769
    },
    "rc_at_5": {
        "relevant": 1.26154,
        "distractor": 3.55385
    },
    "rc_at_10": {
        "relevant": 2.06154,
        "distractor": 7.35385
    },
    "rc_at_20": {
        "relevant": 2.95385,
        "distractor": 15.24615
    },
    "rc_at_100": {
        "relevant": 5.86154,
        "distractor": 57.35385
    },
    "rc_at_200": {
        "relevant": 6.84615,
        "distractor": 69.52308
    },
    "rc_at_300": {
        "relevant": 7.26154,
        "distractor": 74.46154
    },
    "rc_at_500": {
        "relevant": 7.72308,
        "distractor": 79.93846
    },
    "rc_at_1000": {
        "relevant": 8.29231,
        "distractor": 85.12308
    }
}