{
    "ndcg_at_1": 0.19,
    "ndcg_at_3": 0.15309,
    "ndcg_at_5": 0.13981,
    "ndcg_at_10": 0.12956,
    "ndcg_at_20": 0.12591,
    "ndcg_at_100": 0.1403,
    "ndcg_at_200": 0.15231,
    "ndcg_at_300": 0.1591,
    "ndcg_at_500": 0.16793,
    "ndcg_at_1000": 0.18016,
    "map_at_1": 0.02383,
    "map_at_3": 0.03392,
    "map_at_5": 0.03828,
    "map_at_10": 0.04395,
    "map_at_20": 0.04914,
    "map_at_100": 0.05636,
    "map_at_200": 0.05777,
    "map_at_300": 0.05834,
    "map_at_500": 0.05889,
    "map_at_1000": 0.05939,
    "recall_at_1": 0.02383,
    "recall_at_3": 0.03992,
    "recall_at_5": 0.05082,
    "recall_at_10": 0.07201,
    "recall_at_20": 0.09933,
    "recall_at_100": 0.16483,
    "recall_at_200": 0.20171,
    "recall_at_300": 0.22559,
    "recall_at_500": 0.25738,
    "recall_at_1000": 0.308,
    "precision_at_1": 0.2375,
    "precision_at_3": 0.1625,
    "precision_at_5": 0.135,
    "precision_at_10": 0.1015,
    "precision_at_20": 0.07363,
    "precision_at_100": 0.02942,
    "precision_at_200": 0.0192,
    "precision_at_300": 0.01469,
    "precision_at_500": 0.01041,
    "precision_at_1000": 0.00651,
    "mrr_at_1": 0.2375,
    "mrr_at_3": 0.29458,
    "mrr_at_5": 0.30633,
    "mrr_at_10": 0.31872,
    "mrr_at_20": 0.32361,
    "mrr_at_100": 0.32689,
    "mrr_at_200": 0.32743,
    "mrr_at_300": 0.32757,
    "mrr_at_500": 0.32762,
    "mrr_at_1000": 0.32768
}