{
    "ndcg_at_1": 0.3179,
    "ndcg_at_3": 0.27969,
    "ndcg_at_5": 0.29537,
    "ndcg_at_10": 0.31926,
    "ndcg_at_20": 0.34171,
    "ndcg_at_100": 0.383,
    "ndcg_at_200": 0.39522,
    "ndcg_at_300": 0.40148,
    "ndcg_at_500": 0.40893,
    "ndcg_at_1000": 0.41681,
    "map_at_1": 0.15659,
    "map_at_3": 0.21288,
    "map_at_5": 0.23454,
    "map_at_10": 0.25005,
    "map_at_20": 0.25886,
    "map_at_100": 0.26662,
    "map_at_200": 0.26756,
    "map_at_300": 0.26788,
    "map_at_500": 0.26817,
    "map_at_1000": 0.26835,
    "recall_at_1": 0.15659,
    "recall_at_3": 0.24546,
    "recall_at_5": 0.30558,
    "recall_at_10": 0.3782,
    "recall_at_20": 0.44603,
    "recall_at_100": 0.6186,
    "recall_at_200": 0.68436,
    "recall_at_300": 0.72295,
    "recall_at_500": 0.77046,
    "recall_at_1000": 0.82641,
    "precision_at_1": 0.3179,
    "precision_at_3": 0.1857,
    "precision_at_5": 0.14475,
    "precision_at_10": 0.09151,
    "precision_at_20": 0.05525,
    "precision_at_100": 0.01573,
    "precision_at_200": 0.0088,
    "precision_at_300": 0.0062,
    "precision_at_500": 0.004,
    "precision_at_1000": 0.00217,
    "mrr_at_1": 0.3179,
    "mrr_at_3": 0.36703,
    "mrr_at_5": 0.38261,
    "mrr_at_10": 0.39397,
    "mrr_at_20": 0.39734,
    "mrr_at_100": 0.40127,
    "mrr_at_200": 0.40169,
    "mrr_at_300": 0.40178,
    "mrr_at_500": 0.40184,
    "mrr_at_1000": 0.40188
}