{
    "ndcg_at_1": 0.75,
    "ndcg_at_3": 0.73531,
    "ndcg_at_5": 0.70187,
    "ndcg_at_10": 0.66823,
    "ndcg_at_20": 0.63163,
    "ndcg_at_100": 0.49297,
    "ndcg_at_200": 0.42475,
    "ndcg_at_300": 0.39516,
    "ndcg_at_500": 0.39122,
    "ndcg_at_1000": 0.44114,
    "map_at_1": 0.00215,
    "map_at_3": 0.00574,
    "map_at_5": 0.00858,
    "map_at_10": 0.01505,
    "map_at_20": 0.02672,
    "map_at_100": 0.08722,
    "map_at_200": 0.12753,
    "map_at_300": 0.14904,
    "map_at_500": 0.17462,
    "map_at_1000": 0.20207,
    "recall_at_1": 0.00215,
    "recall_at_3": 0.00611,
    "recall_at_5": 0.00939,
    "recall_at_10": 0.01773,
    "recall_at_20": 0.03338,
    "recall_at_100": 0.12345,
    "recall_at_200": 0.19778,
    "recall_at_300": 0.24647,
    "recall_at_500": 0.31615,
    "recall_at_1000": 0.41682,
    "precision_at_1": 0.84,
    "precision_at_3": 0.79333,
    "precision_at_5": 0.736,
    "precision_at_10": 0.696,
    "precision_at_20": 0.658,
    "precision_at_100": 0.502,
    "precision_at_200": 0.4142,
    "precision_at_300": 0.3524,
    "precision_at_500": 0.27872,
    "precision_at_1000": 0.18992,
    "mrr_at_1": 0.84,
    "mrr_at_3": 0.90667,
    "mrr_at_5": 0.90667,
    "mrr_at_10": 0.90952,
    "mrr_at_20": 0.90952,
    "mrr_at_100": 0.90952,
    "mrr_at_200": 0.90952,
    "mrr_at_300": 0.90952,
    "mrr_at_500": 0.90952,
    "mrr_at_1000": 0.90952
}