{
    "ndcg_at_1": 0.10474,
    "ndcg_at_3": 0.1294,
    "ndcg_at_5": 0.15426,
    "ndcg_at_10": 0.17808,
    "ndcg_at_20": 0.19535,
    "ndcg_at_100": 0.23753,
    "ndcg_at_200": 0.25343,
    "ndcg_at_300": 0.26337,
    "ndcg_at_500": 0.27143,
    "ndcg_at_1000": 0.28077,
    "map_at_1": 0.08805,
    "map_at_3": 0.11173,
    "map_at_5": 0.12621,
    "map_at_10": 0.13704,
    "map_at_20": 0.14253,
    "map_at_100": 0.14872,
    "map_at_200": 0.14985,
    "map_at_300": 0.15033,
    "map_at_500": 0.15064,
    "map_at_1000": 0.15092,
    "recall_at_1": 0.08805,
    "recall_at_3": 0.14071,
    "recall_at_5": 0.19697,
    "recall_at_10": 0.26842,
    "recall_at_20": 0.33702,
    "recall_at_100": 0.55093,
    "recall_at_200": 0.64865,
    "recall_at_300": 0.71562,
    "recall_at_500": 0.77385,
    "recall_at_1000": 0.84396,
    "precision_at_1": 0.10474,
    "precision_at_3": 0.06126,
    "precision_at_5": 0.05613,
    "precision_at_10": 0.03972,
    "precision_at_20": 0.02619,
    "precision_at_100": 0.0097,
    "precision_at_200": 0.00623,
    "precision_at_300": 0.0048,
    "precision_at_500": 0.00328,
    "precision_at_1000": 0.00194,
    "mrr_at_1": 0.10474,
    "mrr_at_3": 0.13636,
    "mrr_at_5": 0.15257,
    "mrr_at_10": 0.16411,
    "mrr_at_20": 0.16862,
    "mrr_at_100": 0.17412,
    "mrr_at_200": 0.17484,
    "mrr_at_300": 0.17507,
    "mrr_at_500": 0.1752,
    "mrr_at_1000": 0.17528
}