{
    "ndcg_at_1": 0.33846,
    "ndcg_at_3": 0.32136,
    "ndcg_at_5": 0.27537,
    "ndcg_at_10": 0.24155,
    "ndcg_at_20": 0.28515,
    "ndcg_at_100": 0.39035,
    "ndcg_at_200": 0.43156,
    "ndcg_at_300": 0.44103,
    "ndcg_at_500": 0.45129,
    "ndcg_at_1000": 0.46316,
    "map_at_1": 0.03385,
    "map_at_3": 0.0759,
    "map_at_5": 0.09336,
    "map_at_10": 0.13071,
    "map_at_20": 0.15211,
    "map_at_100": 0.18096,
    "map_at_200": 0.18754,
    "map_at_300": 0.18862,
    "map_at_500": 0.18938,
    "map_at_1000": 0.18995,
    "recall_at_1": 0.03385,
    "recall_at_3": 0.09385,
    "recall_at_5": 0.12462,
    "recall_at_10": 0.21385,
    "recall_at_20": 0.29231,
    "recall_at_100": 0.56154,
    "recall_at_200": 0.69538,
    "recall_at_300": 0.72923,
    "recall_at_500": 0.76923,
    "recall_at_1000": 0.82,
    "precision_at_1": 0.33846,
    "precision_at_3": 0.31282,
    "precision_at_5": 0.24923,
    "precision_at_10": 0.21385,
    "precision_at_20": 0.14615,
    "precision_at_100": 0.05615,
    "precision_at_200": 0.03477,
    "precision_at_300": 0.02431,
    "precision_at_500": 0.01538,
    "precision_at_1000": 0.0082,
    "mrr_at_1": 0.33846,
    "mrr_at_3": 0.45128,
    "mrr_at_5": 0.46974,
    "mrr_at_10": 0.48897,
    "mrr_at_20": 0.49188,
    "mrr_at_100": 0.495,
    "mrr_at_200": 0.495,
    "mrr_at_300": 0.49507,
    "mrr_at_500": 0.49507,
    "mrr_at_1000": 0.49507,
    "rc_at_1": {
        "relevant": 0.33846,
        "distractor": 0.64615
    },
    "rc_at_3": {
        "relevant": 0.92308,
        "distractor": 1.95385
    },
    "rc_at_5": {
        "relevant": 1.24615,
        "distractor": 3.50769
    },
    "rc_at_10": {
        "relevant": 2.12308,
        "distractor": 7.15385
    },
    "rc_at_20": {
        "relevant": 2.93846,
        "distractor": 14.67692
    },
    "rc_at_100": {
        "relevant": 5.61538,
        "distractor": 54.83077
    },
    "rc_at_200": {
        "relevant": 6.96923,
        "distractor": 67.09231
    },
    "rc_at_300": {
        "relevant": 7.29231,
        "distractor": 72.84615
    },
    "rc_at_500": {
        "relevant": 7.70769,
        "distractor": 77.73846
    },
    "rc_at_1000": {
        "relevant": 8.2,
        "distractor": 83.73846
    }
}