{
    "ndcg_at_1": 0.35385,
    "ndcg_at_3": 0.32858,
    "ndcg_at_5": 0.28462,
    "ndcg_at_10": 0.25009,
    "ndcg_at_20": 0.29713,
    "ndcg_at_100": 0.4482,
    "ndcg_at_200": 0.48867,
    "ndcg_at_300": 0.49759,
    "ndcg_at_500": 0.50624,
    "ndcg_at_1000": 0.51523,
    "map_at_1": 0.03538,
    "map_at_3": 0.07872,
    "map_at_5": 0.0981,
    "map_at_10": 0.13679,
    "map_at_20": 0.16046,
    "map_at_100": 0.20312,
    "map_at_200": 0.21074,
    "map_at_300": 0.21186,
    "map_at_500": 0.21257,
    "map_at_1000": 0.21299,
    "recall_at_1": 0.03538,
    "recall_at_3": 0.09538,
    "recall_at_5": 0.12923,
    "recall_at_10": 0.22154,
    "recall_at_20": 0.30615,
    "recall_at_100": 0.69846,
    "recall_at_200": 0.82769,
    "recall_at_300": 0.86,
    "recall_at_500": 0.89385,
    "recall_at_1000": 0.93231,
    "precision_at_1": 0.35385,
    "precision_at_3": 0.31795,
    "precision_at_5": 0.25846,
    "precision_at_10": 0.22154,
    "precision_at_20": 0.15308,
    "precision_at_100": 0.06985,
    "precision_at_200": 0.04138,
    "precision_at_300": 0.02867,
    "precision_at_500": 0.01788,
    "precision_at_1000": 0.00932,
    "mrr_at_1": 0.35385,
    "mrr_at_3": 0.45897,
    "mrr_at_5": 0.47744,
    "mrr_at_10": 0.49738,
    "mrr_at_20": 0.50221,
    "mrr_at_100": 0.50554,
    "mrr_at_200": 0.50554,
    "mrr_at_300": 0.50554,
    "mrr_at_500": 0.50554,
    "mrr_at_1000": 0.50554,
    "rc_at_1": {
        "relevant": 0.35385,
        "distractor": 0.64615
    },
    "rc_at_3": {
        "relevant": 0.93846,
        "distractor": 2.01538
    },
    "rc_at_5": {
        "relevant": 1.29231,
        "distractor": 3.61538
    },
    "rc_at_10": {
        "relevant": 2.21538,
        "distractor": 7.41538
    },
    "rc_at_20": {
        "relevant": 3.04615,
        "distractor": 16.12308
    },
    "rc_at_100": {
        "relevant": 7.01538,
        "distractor": 71.06154
    },
    "rc_at_200": {
        "relevant": 8.27692,
        "distractor": 84.69231
    },
    "rc_at_300": {
        "relevant": 8.6,
        "distractor": 88.16923
    },
    "rc_at_500": {
        "relevant": 8.92308,
        "distractor": 91.01538
    },
    "rc_at_1000": {
        "relevant": 9.32308,
        "distractor": 93.75385
    }
}