{
    "ndcg_at_1": 0.3821,
    "ndcg_at_3": 0.42429,
    "ndcg_at_5": 0.44452,
    "ndcg_at_10": 0.47094,
    "ndcg_at_20": 0.48952,
    "ndcg_at_100": 0.5225,
    "ndcg_at_200": 0.53019,
    "ndcg_at_300": 0.53416,
    "ndcg_at_500": 0.53853,
    "ndcg_at_1000": 0.54297,
    "map_at_1": 0.30971,
    "map_at_3": 0.38274,
    "map_at_5": 0.39841,
    "map_at_10": 0.41253,
    "map_at_20": 0.41884,
    "map_at_100": 0.42458,
    "map_at_200": 0.42518,
    "map_at_300": 0.42538,
    "map_at_500": 0.42555,
    "map_at_1000": 0.42566,
    "recall_at_1": 0.30971,
    "recall_at_3": 0.45269,
    "recall_at_5": 0.50815,
    "recall_at_10": 0.58723,
    "recall_at_20": 0.65297,
    "recall_at_100": 0.80872,
    "recall_at_200": 0.85281,
    "recall_at_300": 0.87882,
    "recall_at_500": 0.90883,
    "recall_at_1000": 0.94302,
    "precision_at_1": 0.3821,
    "precision_at_3": 0.19923,
    "precision_at_5": 0.13821,
    "precision_at_10": 0.08383,
    "precision_at_20": 0.04798,
    "precision_at_100": 0.01275,
    "precision_at_200": 0.00696,
    "precision_at_300": 0.00486,
    "precision_at_500": 0.0031,
    "precision_at_1000": 0.00165,
    "mrr_at_1": 0.3821,
    "mrr_at_3": 0.44819,
    "mrr_at_5": 0.46056,
    "mrr_at_10": 0.47106,
    "mrr_at_20": 0.47517,
    "mrr_at_100": 0.47858,
    "mrr_at_200": 0.47883,
    "mrr_at_300": 0.47891,
    "mrr_at_500": 0.47896,
    "mrr_at_1000": 0.479
}