{
    "ndcg_at_1": 0.24735,
    "ndcg_at_3": 0.30519,
    "ndcg_at_5": 0.32991,
    "ndcg_at_10": 0.35248,
    "ndcg_at_20": 0.37631,
    "ndcg_at_100": 0.41421,
    "ndcg_at_200": 0.42435,
    "ndcg_at_300": 0.42906,
    "ndcg_at_500": 0.43508,
    "ndcg_at_1000": 0.44094,
    "map_at_1": 0.20579,
    "map_at_3": 0.26965,
    "map_at_5": 0.28582,
    "map_at_10": 0.29725,
    "map_at_20": 0.30476,
    "map_at_100": 0.31114,
    "map_at_200": 0.31185,
    "map_at_300": 0.31207,
    "map_at_500": 0.31227,
    "map_at_1000": 0.3124,
    "recall_at_1": 0.20579,
    "recall_at_3": 0.33833,
    "recall_at_5": 0.40172,
    "recall_at_10": 0.46724,
    "recall_at_20": 0.55094,
    "recall_at_100": 0.73069,
    "recall_at_200": 0.79286,
    "recall_at_300": 0.82439,
    "recall_at_500": 0.86745,
    "recall_at_1000": 0.91302,
    "precision_at_1": 0.24735,
    "precision_at_3": 0.14854,
    "precision_at_5": 0.10818,
    "precision_at_10": 0.0666,
    "precision_at_20": 0.04081,
    "precision_at_100": 0.01157,
    "precision_at_200": 0.00642,
    "precision_at_300": 0.00453,
    "precision_at_500": 0.00292,
    "precision_at_1000": 0.00158,
    "mrr_at_1": 0.24735,
    "mrr_at_3": 0.3189,
    "mrr_at_5": 0.33483,
    "mrr_at_10": 0.34484,
    "mrr_at_20": 0.35069,
    "mrr_at_100": 0.35489,
    "mrr_at_200": 0.35526,
    "mrr_at_300": 0.35536,
    "mrr_at_500": 0.35545,
    "mrr_at_1000": 0.35549
}