{
    "ndcg_at_1": 0.45517,
    "ndcg_at_3": 0.52297,
    "ndcg_at_5": 0.54696,
    "ndcg_at_10": 0.57366,
    "ndcg_at_20": 0.59149,
    "ndcg_at_100": 0.61498,
    "ndcg_at_200": 0.61945,
    "ndcg_at_300": 0.62172,
    "ndcg_at_500": 0.62368,
    "ndcg_at_1000": 0.62638,
    "map_at_1": 0.39754,
    "map_at_3": 0.48697,
    "map_at_5": 0.50428,
    "map_at_10": 0.51786,
    "map_at_20": 0.5241,
    "map_at_100": 0.5282,
    "map_at_200": 0.5285,
    "map_at_300": 0.5286,
    "map_at_500": 0.52866,
    "map_at_1000": 0.52871,
    "recall_at_1": 0.39754,
    "recall_at_3": 0.56907,
    "recall_at_5": 0.62725,
    "recall_at_10": 0.70522,
    "recall_at_20": 0.77111,
    "recall_at_100": 0.88385,
    "recall_at_200": 0.91227,
    "recall_at_300": 0.92822,
    "recall_at_500": 0.943,
    "recall_at_1000": 0.9663,
    "precision_at_1": 0.45517,
    "precision_at_3": 0.23156,
    "precision_at_5": 0.15824,
    "precision_at_10": 0.0911,
    "precision_at_20": 0.05072,
    "precision_at_100": 0.01211,
    "precision_at_200": 0.0063,
    "precision_at_300": 0.00429,
    "precision_at_500": 0.00263,
    "precision_at_1000": 0.00135,
    "mrr_at_1": 0.45517,
    "mrr_at_3": 0.52842,
    "mrr_at_5": 0.5408,
    "mrr_at_10": 0.55074,
    "mrr_at_20": 0.55514,
    "mrr_at_100": 0.55779,
    "mrr_at_200": 0.55796,
    "mrr_at_300": 0.55801,
    "mrr_at_500": 0.55804,
    "mrr_at_1000": 0.55806
}