{
    "ndcg_at_1": 0.33796,
    "ndcg_at_3": 0.29767,
    "ndcg_at_5": 0.30869,
    "ndcg_at_10": 0.3262,
    "ndcg_at_20": 0.35256,
    "ndcg_at_100": 0.39285,
    "ndcg_at_200": 0.40541,
    "ndcg_at_300": 0.41116,
    "ndcg_at_500": 0.41737,
    "ndcg_at_1000": 0.42377,
    "map_at_1": 0.16886,
    "map_at_3": 0.22803,
    "map_at_5": 0.24721,
    "map_at_10": 0.26005,
    "map_at_20": 0.26996,
    "map_at_100": 0.27736,
    "map_at_200": 0.27838,
    "map_at_300": 0.2787,
    "map_at_500": 0.27893,
    "map_at_1000": 0.27908,
    "recall_at_1": 0.16886,
    "recall_at_3": 0.26115,
    "recall_at_5": 0.31611,
    "recall_at_10": 0.37488,
    "recall_at_20": 0.4537,
    "recall_at_100": 0.62335,
    "recall_at_200": 0.69073,
    "recall_at_300": 0.72359,
    "recall_at_500": 0.76495,
    "recall_at_1000": 0.81096,
    "precision_at_1": 0.33796,
    "precision_at_3": 0.19702,
    "precision_at_5": 0.14784,
    "precision_at_10": 0.09012,
    "precision_at_20": 0.05671,
    "precision_at_100": 0.01582,
    "precision_at_200": 0.00888,
    "precision_at_300": 0.00627,
    "precision_at_500": 0.00397,
    "precision_at_1000": 0.00212,
    "mrr_at_1": 0.33796,
    "mrr_at_3": 0.38529,
    "mrr_at_5": 0.40095,
    "mrr_at_10": 0.4093,
    "mrr_at_20": 0.41422,
    "mrr_at_100": 0.41802,
    "mrr_at_200": 0.41834,
    "mrr_at_300": 0.41843,
    "mrr_at_500": 0.4185,
    "mrr_at_1000": 0.41853
}