{
    "ndcg_at_1": 0.3675,
    "ndcg_at_3": 0.31194,
    "ndcg_at_5": 0.29197,
    "ndcg_at_10": 0.27312,
    "ndcg_at_20": 0.26642,
    "ndcg_at_100": 0.29716,
    "ndcg_at_200": 0.31924,
    "ndcg_at_300": 0.33071,
    "ndcg_at_500": 0.34578,
    "ndcg_at_1000": 0.36564,
    "map_at_1": 0.04955,
    "map_at_3": 0.0786,
    "map_at_5": 0.09099,
    "map_at_10": 0.10568,
    "map_at_20": 0.12009,
    "map_at_100": 0.14102,
    "map_at_200": 0.14595,
    "map_at_300": 0.1479,
    "map_at_500": 0.14972,
    "map_at_1000": 0.15149,
    "recall_at_1": 0.04955,
    "recall_at_3": 0.09325,
    "recall_at_5": 0.1201,
    "recall_at_10": 0.15755,
    "recall_at_20": 0.20866,
    "recall_at_100": 0.33793,
    "recall_at_200": 0.40493,
    "recall_at_300": 0.44128,
    "recall_at_500": 0.49264,
    "recall_at_1000": 0.56778,
    "precision_at_1": 0.465,
    "precision_at_3": 0.34417,
    "precision_at_5": 0.285,
    "precision_at_10": 0.21575,
    "precision_at_20": 0.16037,
    "precision_at_100": 0.06785,
    "precision_at_200": 0.04415,
    "precision_at_300": 0.03383,
    "precision_at_500": 0.02405,
    "precision_at_1000": 0.01499,
    "mrr_at_1": 0.465,
    "mrr_at_3": 0.54417,
    "mrr_at_5": 0.55842,
    "mrr_at_10": 0.57132,
    "mrr_at_20": 0.57472,
    "mrr_at_100": 0.57669,
    "mrr_at_200": 0.57681,
    "mrr_at_300": 0.57686,
    "mrr_at_500": 0.57689,
    "mrr_at_1000": 0.57691
}