{
    "ndcg_at_1": 0.18159,
    "ndcg_at_3": 0.21383,
    "ndcg_at_5": 0.23361,
    "ndcg_at_10": 0.25562,
    "ndcg_at_20": 0.27759,
    "ndcg_at_100": 0.31409,
    "ndcg_at_200": 0.32643,
    "ndcg_at_300": 0.33116,
    "ndcg_at_500": 0.33715,
    "ndcg_at_1000": 0.34605,
    "map_at_1": 0.14156,
    "map_at_3": 0.18763,
    "map_at_5": 0.19977,
    "map_at_10": 0.2096,
    "map_at_20": 0.21578,
    "map_at_100": 0.22102,
    "map_at_200": 0.22185,
    "map_at_300": 0.22206,
    "map_at_500": 0.22223,
    "map_at_1000": 0.22239,
    "recall_at_1": 0.14156,
    "recall_at_3": 0.24009,
    "recall_at_5": 0.29008,
    "recall_at_10": 0.35491,
    "recall_at_20": 0.4345,
    "recall_at_100": 0.61607,
    "recall_at_200": 0.69307,
    "recall_at_300": 0.72583,
    "recall_at_500": 0.77022,
    "recall_at_1000": 0.84489,
    "precision_at_1": 0.18159,
    "precision_at_3": 0.10406,
    "precision_at_5": 0.07587,
    "precision_at_10": 0.04751,
    "precision_at_20": 0.02979,
    "precision_at_100": 0.00892,
    "precision_at_200": 0.00512,
    "precision_at_300": 0.00362,
    "precision_at_500": 0.00235,
    "precision_at_1000": 0.0013,
    "mrr_at_1": 0.18159,
    "mrr_at_3": 0.23176,
    "mrr_at_5": 0.24494,
    "mrr_at_10": 0.25442,
    "mrr_at_20": 0.26097,
    "mrr_at_100": 0.26514,
    "mrr_at_200": 0.26562,
    "mrr_at_300": 0.26572,
    "mrr_at_500": 0.26583,
    "mrr_at_1000": 0.26592
}