{
    "ndcg_at_1": 0.32648,
    "ndcg_at_3": 0.41825,
    "ndcg_at_5": 0.45896,
    "ndcg_at_10": 0.49605,
    "ndcg_at_20": 0.51855,
    "ndcg_at_100": 0.54424,
    "ndcg_at_200": 0.54838,
    "ndcg_at_300": 0.55008,
    "ndcg_at_500": 0.55178,
    "ndcg_at_1000": 0.5532,
    "map_at_1": 0.28887,
    "map_at_3": 0.38305,
    "map_at_5": 0.40759,
    "map_at_10": 0.42449,
    "map_at_20": 0.43151,
    "map_at_100": 0.43561,
    "map_at_200": 0.43586,
    "map_at_300": 0.43592,
    "map_at_500": 0.43597,
    "map_at_1000": 0.43599,
    "recall_at_1": 0.28887,
    "recall_at_3": 0.48865,
    "recall_at_5": 0.58191,
    "recall_at_10": 0.69011,
    "recall_at_20": 0.77308,
    "recall_at_100": 0.90218,
    "recall_at_200": 0.92963,
    "recall_at_300": 0.94228,
    "recall_at_500": 0.95638,
    "recall_at_1000": 0.96893,
    "precision_at_1": 0.32648,
    "precision_at_3": 0.18994,
    "precision_at_5": 0.13754,
    "precision_at_10": 0.0823,
    "precision_at_20": 0.04644,
    "precision_at_100": 0.01093,
    "precision_at_200": 0.00565,
    "precision_at_300": 0.00382,
    "precision_at_500": 0.00233,
    "precision_at_1000": 0.00118,
    "mrr_at_1": 0.32648,
    "mrr_at_3": 0.41498,
    "mrr_at_5": 0.43585,
    "mrr_at_10": 0.44946,
    "mrr_at_20": 0.45492,
    "mrr_at_100": 0.45806,
    "mrr_at_200": 0.45823,
    "mrr_at_300": 0.45827,
    "mrr_at_500": 0.4583,
    "mrr_at_1000": 0.45831
}