{
    "ndcg_at_1": 0.19778,
    "ndcg_at_3": 0.25103,
    "ndcg_at_5": 0.27984,
    "ndcg_at_10": 0.30953,
    "ndcg_at_20": 0.3307,
    "ndcg_at_100": 0.36876,
    "ndcg_at_200": 0.37805,
    "ndcg_at_300": 0.38259,
    "ndcg_at_500": 0.38818,
    "ndcg_at_1000": 0.39382,
    "map_at_1": 0.18336,
    "map_at_3": 0.22956,
    "map_at_5": 0.24656,
    "map_at_10": 0.25927,
    "map_at_20": 0.26533,
    "map_at_100": 0.27087,
    "map_at_200": 0.27143,
    "map_at_300": 0.27165,
    "map_at_500": 0.27184,
    "map_at_1000": 0.27195,
    "recall_at_1": 0.18336,
    "recall_at_3": 0.29202,
    "recall_at_5": 0.36066,
    "recall_at_10": 0.44607,
    "recall_at_20": 0.52543,
    "recall_at_100": 0.72413,
    "recall_at_200": 0.78317,
    "recall_at_300": 0.81483,
    "recall_at_500": 0.85769,
    "recall_at_1000": 0.90691,
    "precision_at_1": 0.19778,
    "precision_at_3": 0.10844,
    "precision_at_5": 0.08207,
    "precision_at_10": 0.05231,
    "precision_at_20": 0.03133,
    "precision_at_100": 0.00878,
    "precision_at_200": 0.00494,
    "precision_at_300": 0.00351,
    "precision_at_500": 0.00228,
    "precision_at_1000": 0.00122,
    "mrr_at_1": 0.19778,
    "mrr_at_3": 0.24892,
    "mrr_at_5": 0.26528,
    "mrr_at_10": 0.27828,
    "mrr_at_20": 0.2841,
    "mrr_at_100": 0.28885,
    "mrr_at_200": 0.28924,
    "mrr_at_300": 0.28935,
    "mrr_at_500": 0.28944,
    "mrr_at_1000": 0.28951
}