{
    "ndcg_at_1": 0.44427,
    "ndcg_at_3": 0.41075,
    "ndcg_at_5": 0.39343,
    "ndcg_at_10": 0.36602,
    "ndcg_at_20": 0.34046,
    "ndcg_at_100": 0.33649,
    "ndcg_at_200": 0.35354,
    "ndcg_at_300": 0.36824,
    "ndcg_at_500": 0.38956,
    "ndcg_at_1000": 0.42534,
    "map_at_1": 0.04822,
    "map_at_3": 0.08931,
    "map_at_5": 0.10855,
    "map_at_10": 0.13089,
    "map_at_20": 0.14773,
    "map_at_100": 0.17191,
    "map_at_200": 0.1784,
    "map_at_300": 0.18145,
    "map_at_500": 0.18467,
    "map_at_1000": 0.18867,
    "recall_at_1": 0.04822,
    "recall_at_3": 0.10259,
    "recall_at_5": 0.13387,
    "recall_at_10": 0.1748,
    "recall_at_20": 0.21357,
    "recall_at_100": 0.35075,
    "recall_at_200": 0.42397,
    "recall_at_300": 0.47782,
    "recall_at_500": 0.55087,
    "recall_at_1000": 0.66788,
    "precision_at_1": 0.4644,
    "precision_at_3": 0.39628,
    "precision_at_5": 0.3548,
    "precision_at_10": 0.28638,
    "precision_at_20": 0.21238,
    "precision_at_100": 0.09189,
    "precision_at_200": 0.06006,
    "precision_at_300": 0.0468,
    "precision_at_500": 0.03406,
    "precision_at_1000": 0.02262,
    "mrr_at_1": 0.4644,
    "mrr_at_3": 0.53973,
    "mrr_at_5": 0.54809,
    "mrr_at_10": 0.55566,
    "mrr_at_20": 0.55763,
    "mrr_at_100": 0.56047,
    "mrr_at_200": 0.56073,
    "mrr_at_300": 0.56081,
    "mrr_at_500": 0.56086,
    "mrr_at_1000": 0.56089
}