{
    "ndcg_at_1": 0.22,
    "ndcg_at_3": 0.18804,
    "ndcg_at_5": 0.16624,
    "ndcg_at_10": 0.20018,
    "ndcg_at_20": 0.22744,
    "ndcg_at_100": 0.27934,
    "ndcg_at_200": 0.29653,
    "ndcg_at_300": 0.30723,
    "ndcg_at_500": 0.31863,
    "ndcg_at_1000": 0.33354,
    "map_at_1": 0.04468,
    "map_at_3": 0.08384,
    "map_at_5": 0.10204,
    "map_at_10": 0.11886,
    "map_at_20": 0.12896,
    "map_at_100": 0.13959,
    "map_at_200": 0.14103,
    "map_at_300": 0.14165,
    "map_at_500": 0.14215,
    "map_at_1000": 0.14258,
    "recall_at_1": 0.04468,
    "recall_at_3": 0.10842,
    "recall_at_5": 0.15032,
    "recall_at_10": 0.21262,
    "recall_at_20": 0.27707,
    "recall_at_100": 0.44498,
    "recall_at_200": 0.5184,
    "recall_at_300": 0.56883,
    "recall_at_500": 0.62698,
    "recall_at_1000": 0.71052,
    "precision_at_1": 0.22,
    "precision_at_3": 0.178,
    "precision_at_5": 0.1482,
    "precision_at_10": 0.1049,
    "precision_at_20": 0.0682,
    "precision_at_100": 0.02194,
    "precision_at_200": 0.01276,
    "precision_at_300": 0.00933,
    "precision_at_500": 0.00617,
    "precision_at_1000": 0.0035,
    "mrr_at_1": 0.22,
    "mrr_at_3": 0.30283,
    "mrr_at_5": 0.32073,
    "mrr_at_10": 0.33598,
    "mrr_at_20": 0.34184,
    "mrr_at_100": 0.34624,
    "mrr_at_200": 0.34663,
    "mrr_at_300": 0.34672,
    "mrr_at_500": 0.34679,
    "mrr_at_1000": 0.34682
}