{
    "ndcg_at_1": 0.00678,
    "ndcg_at_3": 0.01426,
    "ndcg_at_5": 0.017,
    "ndcg_at_10": 0.02242,
    "ndcg_at_20": 0.02769,
    "ndcg_at_100": 0.04019,
    "ndcg_at_200": 0.04687,
    "ndcg_at_300": 0.0532,
    "ndcg_at_500": 0.06054,
    "ndcg_at_1000": 0.07176,
    "map_at_1": 0.00527,
    "map_at_3": 0.01168,
    "map_at_5": 0.01309,
    "map_at_10": 0.0154,
    "map_at_20": 0.01678,
    "map_at_100": 0.01829,
    "map_at_200": 0.01863,
    "map_at_300": 0.01883,
    "map_at_500": 0.019,
    "map_at_1000": 0.01916,
    "recall_at_1": 0.00527,
    "recall_at_3": 0.01996,
    "recall_at_5": 0.02634,
    "recall_at_10": 0.04272,
    "recall_at_20": 0.06344,
    "recall_at_100": 0.13123,
    "recall_at_200": 0.17769,
    "recall_at_300": 0.22518,
    "recall_at_500": 0.28664,
    "recall_at_1000": 0.38885,
    "precision_at_1": 0.00678,
    "precision_at_3": 0.00829,
    "precision_at_5": 0.00655,
    "precision_at_10": 0.00497,
    "precision_at_20": 0.00362,
    "precision_at_100": 0.00149,
    "precision_at_200": 0.00102,
    "precision_at_300": 0.00089,
    "precision_at_500": 0.00067,
    "precision_at_1000": 0.00046,
    "mrr_at_1": 0.00791,
    "mrr_at_3": 0.0145,
    "mrr_at_5": 0.01744,
    "mrr_at_10": 0.0193,
    "mrr_at_20": 0.02044,
    "mrr_at_100": 0.02242,
    "mrr_at_200": 0.02283,
    "mrr_at_300": 0.02299,
    "mrr_at_500": 0.0232,
    "mrr_at_1000": 0.02335
}