{
    "ndcg_at_1": 0.24506,
    "ndcg_at_3": 0.31273,
    "ndcg_at_5": 0.33765,
    "ndcg_at_10": 0.37402,
    "ndcg_at_20": 0.39642,
    "ndcg_at_100": 0.43993,
    "ndcg_at_200": 0.4486,
    "ndcg_at_300": 0.45329,
    "ndcg_at_500": 0.45735,
    "ndcg_at_1000": 0.46147,
    "map_at_1": 0.20747,
    "map_at_3": 0.27488,
    "map_at_5": 0.29059,
    "map_at_10": 0.30827,
    "map_at_20": 0.31621,
    "map_at_100": 0.32507,
    "map_at_200": 0.32615,
    "map_at_300": 0.32658,
    "map_at_500": 0.32693,
    "map_at_1000": 0.32716,
    "recall_at_1": 0.20747,
    "recall_at_3": 0.34938,
    "recall_at_5": 0.41151,
    "recall_at_10": 0.51692,
    "recall_at_20": 0.60209,
    "recall_at_100": 0.81078,
    "recall_at_200": 0.85885,
    "recall_at_300": 0.8871,
    "recall_at_500": 0.91134,
    "recall_at_1000": 0.93855,
    "precision_at_1": 0.24506,
    "precision_at_3": 0.14888,
    "precision_at_5": 0.11067,
    "precision_at_10": 0.07609,
    "precision_at_20": 0.04802,
    "precision_at_100": 0.01579,
    "precision_at_200": 0.00924,
    "precision_at_300": 0.00677,
    "precision_at_500": 0.00447,
    "precision_at_1000": 0.00244,
    "mrr_at_1": 0.24506,
    "mrr_at_3": 0.31456,
    "mrr_at_5": 0.33096,
    "mrr_at_10": 0.34672,
    "mrr_at_20": 0.35236,
    "mrr_at_100": 0.35684,
    "mrr_at_200": 0.35712,
    "mrr_at_300": 0.35721,
    "mrr_at_500": 0.35726,
    "mrr_at_1000": 0.35729
}