{
    "ndcg_at_1": 0.03277,
    "ndcg_at_3": 0.04367,
    "ndcg_at_5": 0.05113,
    "ndcg_at_10": 0.06237,
    "ndcg_at_20": 0.07337,
    "ndcg_at_100": 0.10524,
    "ndcg_at_200": 0.11672,
    "ndcg_at_300": 0.12377,
    "ndcg_at_500": 0.13287,
    "ndcg_at_1000": 0.14495,
    "map_at_1": 0.03107,
    "map_at_3": 0.03972,
    "map_at_5": 0.04371,
    "map_at_10": 0.0484,
    "map_at_20": 0.05142,
    "map_at_100": 0.05566,
    "map_at_200": 0.05625,
    "map_at_300": 0.0565,
    "map_at_500": 0.05671,
    "map_at_1000": 0.05688,
    "recall_at_1": 0.03107,
    "recall_at_3": 0.05157,
    "recall_at_5": 0.06909,
    "recall_at_10": 0.1028,
    "recall_at_20": 0.14497,
    "recall_at_100": 0.31242,
    "recall_at_200": 0.39189,
    "recall_at_300": 0.44563,
    "recall_at_500": 0.52046,
    "recall_at_1000": 0.62941,
    "precision_at_1": 0.03277,
    "precision_at_3": 0.01883,
    "precision_at_5": 0.01559,
    "precision_at_10": 0.01164,
    "precision_at_20": 0.00831,
    "precision_at_100": 0.00372,
    "precision_at_200": 0.00233,
    "precision_at_300": 0.00177,
    "precision_at_500": 0.00125,
    "precision_at_1000": 0.00075,
    "mrr_at_1": 0.03164,
    "mrr_at_3": 0.04294,
    "mrr_at_5": 0.04836,
    "mrr_at_10": 0.05287,
    "mrr_at_20": 0.056,
    "mrr_at_100": 0.06013,
    "mrr_at_200": 0.06077,
    "mrr_at_300": 0.06101,
    "mrr_at_500": 0.06119,
    "mrr_at_1000": 0.06134
}