{
    "ndcg_at_1": 0.26154,
    "ndcg_at_3": 0.24976,
    "ndcg_at_5": 0.21262,
    "ndcg_at_10": 0.18756,
    "ndcg_at_20": 0.24708,
    "ndcg_at_100": 0.46667,
    "ndcg_at_200": 0.50559,
    "ndcg_at_300": 0.51029,
    "ndcg_at_500": 0.51381,
    "ndcg_at_1000": 0.51523,
    "map_at_1": 0.02615,
    "map_at_3": 0.05795,
    "map_at_5": 0.06918,
    "map_at_10": 0.09272,
    "map_at_20": 0.12114,
    "map_at_100": 0.18602,
    "map_at_200": 0.19446,
    "map_at_300": 0.19508,
    "map_at_500": 0.19541,
    "map_at_1000": 0.19549,
    "recall_at_1": 0.02615,
    "recall_at_3": 0.07385,
    "recall_at_5": 0.09692,
    "recall_at_10": 0.16615,
    "recall_at_20": 0.27385,
    "recall_at_100": 0.83692,
    "recall_at_200": 0.96,
    "recall_at_300": 0.97692,
    "recall_at_500": 0.99077,
    "recall_at_1000": 0.99692,
    "precision_at_1": 0.26154,
    "precision_at_3": 0.24615,
    "precision_at_5": 0.19385,
    "precision_at_10": 0.16615,
    "precision_at_20": 0.13692,
    "precision_at_100": 0.08369,
    "precision_at_200": 0.048,
    "precision_at_300": 0.03256,
    "precision_at_500": 0.01982,
    "precision_at_1000": 0.00997,
    "mrr_at_1": 0.27692,
    "mrr_at_3": 0.36923,
    "mrr_at_5": 0.39308,
    "mrr_at_10": 0.41256,
    "mrr_at_20": 0.4221,
    "mrr_at_100": 0.42628,
    "mrr_at_200": 0.42628,
    "mrr_at_300": 0.42628,
    "mrr_at_500": 0.42628,
    "mrr_at_1000": 0.42628,
    "rc_at_1": {
        "relevant": 0.27692,
        "distractor": 0.72308
    },
    "rc_at_3": {
        "relevant": 0.75385,
        "distractor": 2.23077
    },
    "rc_at_5": {
        "relevant": 1.0,
        "distractor": 3.98462
    },
    "rc_at_10": {
        "relevant": 1.64615,
        "distractor": 8.30769
    },
    "rc_at_20": {
        "relevant": 2.76923,
        "distractor": 17.10769
    },
    "rc_at_100": {
        "relevant": 8.35385,
        "distractor": 82.06154
    },
    "rc_at_200": {
        "relevant": 9.61538,
        "distractor": 94.2
    },
    "rc_at_300": {
        "relevant": 9.76923,
        "distractor": 96.24615
    },
    "rc_at_500": {
        "relevant": 9.90769,
        "distractor": 97.47692
    },
    "rc_at_1000": {
        "relevant": 9.96923,
        "distractor": 98.55385
    }
}