{
    "ndcg_at_1": 0.31088,
    "ndcg_at_3": 0.35252,
    "ndcg_at_5": 0.36595,
    "ndcg_at_10": 0.39221,
    "ndcg_at_20": 0.41003,
    "ndcg_at_100": 0.44279,
    "ndcg_at_200": 0.45098,
    "ndcg_at_300": 0.45567,
    "ndcg_at_500": 0.46098,
    "ndcg_at_1000": 0.46755,
    "map_at_1": 0.25099,
    "map_at_3": 0.31509,
    "map_at_5": 0.32619,
    "map_at_10": 0.33916,
    "map_at_20": 0.34498,
    "map_at_100": 0.35028,
    "map_at_200": 0.35085,
    "map_at_300": 0.35105,
    "map_at_500": 0.35123,
    "map_at_1000": 0.35137,
    "recall_at_1": 0.25099,
    "recall_at_3": 0.38066,
    "recall_at_5": 0.41982,
    "recall_at_10": 0.49952,
    "recall_at_20": 0.56242,
    "recall_at_100": 0.71693,
    "recall_at_200": 0.76661,
    "recall_at_300": 0.79877,
    "recall_at_500": 0.83723,
    "recall_at_1000": 0.88891,
    "precision_at_1": 0.31088,
    "precision_at_3": 0.16747,
    "precision_at_5": 0.11357,
    "precision_at_10": 0.06959,
    "precision_at_20": 0.04047,
    "precision_at_100": 0.01122,
    "precision_at_200": 0.00617,
    "precision_at_300": 0.00434,
    "precision_at_500": 0.00279,
    "precision_at_1000": 0.00153,
    "mrr_at_1": 0.31088,
    "mrr_at_3": 0.3736,
    "mrr_at_5": 0.38293,
    "mrr_at_10": 0.3936,
    "mrr_at_20": 0.39766,
    "mrr_at_100": 0.40119,
    "mrr_at_200": 0.4015,
    "mrr_at_300": 0.40162,
    "mrr_at_500": 0.4017,
    "mrr_at_1000": 0.40176
}