{
    "ndcg_at_1": 0.15588,
    "ndcg_at_3": 0.19163,
    "ndcg_at_5": 0.20752,
    "ndcg_at_10": 0.23238,
    "ndcg_at_20": 0.25195,
    "ndcg_at_100": 0.28879,
    "ndcg_at_200": 0.30074,
    "ndcg_at_300": 0.3064,
    "ndcg_at_500": 0.31312,
    "ndcg_at_1000": 0.32126,
    "map_at_1": 0.12553,
    "map_at_3": 0.16702,
    "map_at_5": 0.17752,
    "map_at_10": 0.18866,
    "map_at_20": 0.19458,
    "map_at_100": 0.2,
    "map_at_200": 0.20073,
    "map_at_300": 0.20096,
    "map_at_500": 0.20116,
    "map_at_1000": 0.20133,
    "recall_at_1": 0.12553,
    "recall_at_3": 0.21616,
    "recall_at_5": 0.25789,
    "recall_at_10": 0.33268,
    "recall_at_20": 0.40525,
    "recall_at_100": 0.58974,
    "recall_at_200": 0.66632,
    "recall_at_300": 0.70628,
    "recall_at_500": 0.75709,
    "recall_at_1000": 0.82253,
    "precision_at_1": 0.15588,
    "precision_at_3": 0.09176,
    "precision_at_5": 0.06752,
    "precision_at_10": 0.04477,
    "precision_at_20": 0.02796,
    "precision_at_100": 0.00865,
    "precision_at_200": 0.00505,
    "precision_at_300": 0.00362,
    "precision_at_500": 0.00237,
    "precision_at_1000": 0.00134,
    "mrr_at_1": 0.15588,
    "mrr_at_3": 0.20016,
    "mrr_at_5": 0.21109,
    "mrr_at_10": 0.22233,
    "mrr_at_20": 0.22754,
    "mrr_at_100": 0.23212,
    "mrr_at_200": 0.23265,
    "mrr_at_300": 0.23281,
    "mrr_at_500": 0.23293,
    "mrr_at_1000": 0.233
}