{
    "ndcg_at_1": 0.22736,
    "ndcg_at_3": 0.29486,
    "ndcg_at_5": 0.31411,
    "ndcg_at_10": 0.34001,
    "ndcg_at_20": 0.35882,
    "ndcg_at_100": 0.38996,
    "ndcg_at_200": 0.40138,
    "ndcg_at_300": 0.40626,
    "ndcg_at_500": 0.41159,
    "ndcg_at_1000": 0.4184,
    "map_at_1": 0.20416,
    "map_at_3": 0.26803,
    "map_at_5": 0.27999,
    "map_at_10": 0.29161,
    "map_at_20": 0.297,
    "map_at_100": 0.30157,
    "map_at_200": 0.30223,
    "map_at_300": 0.30244,
    "map_at_500": 0.30261,
    "map_at_1000": 0.30274,
    "recall_at_1": 0.20416,
    "recall_at_3": 0.34513,
    "recall_at_5": 0.3914,
    "recall_at_10": 0.46673,
    "recall_at_20": 0.53789,
    "recall_at_100": 0.69618,
    "recall_at_200": 0.77258,
    "recall_at_300": 0.80655,
    "recall_at_500": 0.84749,
    "recall_at_1000": 0.90692,
    "precision_at_1": 0.22736,
    "precision_at_3": 0.12877,
    "precision_at_5": 0.08946,
    "precision_at_10": 0.05434,
    "precision_at_20": 0.03124,
    "precision_at_100": 0.00858,
    "precision_at_200": 0.00484,
    "precision_at_300": 0.00346,
    "precision_at_500": 0.00223,
    "precision_at_1000": 0.00122,
    "mrr_at_1": 0.22736,
    "mrr_at_3": 0.29359,
    "mrr_at_5": 0.30394,
    "mrr_at_10": 0.31432,
    "mrr_at_20": 0.31966,
    "mrr_at_100": 0.32347,
    "mrr_at_200": 0.32397,
    "mrr_at_300": 0.32412,
    "mrr_at_500": 0.32421,
    "mrr_at_1000": 0.32428
}