{
    "ndcg_at_1": 0.8129,
    "ndcg_at_3": 0.85583,
    "ndcg_at_5": 0.87174,
    "ndcg_at_10": 0.88434,
    "ndcg_at_20": 0.89069,
    "ndcg_at_100": 0.89611,
    "ndcg_at_200": 0.89663,
    "ndcg_at_300": 0.89677,
    "ndcg_at_500": 0.89689,
    "ndcg_at_1000": 0.89693,
    "map_at_1": 0.70508,
    "map_at_3": 0.81673,
    "map_at_5": 0.83547,
    "map_at_10": 0.84642,
    "map_at_20": 0.8505,
    "map_at_100": 0.85271,
    "map_at_200": 0.85282,
    "map_at_300": 0.85284,
    "map_at_500": 0.85285,
    "map_at_1000": 0.85286,
    "recall_at_1": 0.70508,
    "recall_at_3": 0.87521,
    "recall_at_5": 0.91994,
    "recall_at_10": 0.95649,
    "recall_at_20": 0.97695,
    "recall_at_100": 0.9964,
    "recall_at_200": 0.99829,
    "recall_at_300": 0.99892,
    "recall_at_500": 0.99954,
    "recall_at_1000": 0.99979,
    "precision_at_1": 0.8129,
    "precision_at_3": 0.37507,
    "precision_at_5": 0.24686,
    "precision_at_10": 0.13462,
    "precision_at_20": 0.07131,
    "precision_at_100": 0.01534,
    "precision_at_200": 0.00776,
    "precision_at_300": 0.0052,
    "precision_at_500": 0.00313,
    "precision_at_1000": 0.00157,
    "mrr_at_1": 0.8129,
    "mrr_at_3": 0.86687,
    "mrr_at_5": 0.87321,
    "mrr_at_10": 0.87613,
    "mrr_at_20": 0.87684,
    "mrr_at_100": 0.87709,
    "mrr_at_200": 0.8771,
    "mrr_at_300": 0.8771,
    "mrr_at_500": 0.8771,
    "mrr_at_1000": 0.8771
}