{
    "ndcg_at_1": 0.0056,
    "ndcg_at_3": 0.01526,
    "ndcg_at_5": 0.01785,
    "ndcg_at_10": 0.02139,
    "ndcg_at_20": 0.02487,
    "ndcg_at_100": 0.03739,
    "ndcg_at_200": 0.044,
    "ndcg_at_300": 0.04801,
    "ndcg_at_500": 0.05376,
    "ndcg_at_1000": 0.06369,
    "map_at_1": 0.0056,
    "map_at_3": 0.01229,
    "map_at_5": 0.01367,
    "map_at_10": 0.01496,
    "map_at_20": 0.01592,
    "map_at_100": 0.01743,
    "map_at_200": 0.01777,
    "map_at_300": 0.0179,
    "map_at_500": 0.01804,
    "map_at_1000": 0.01818,
    "recall_at_1": 0.0056,
    "recall_at_3": 0.02139,
    "recall_at_5": 0.02741,
    "recall_at_10": 0.03852,
    "recall_at_20": 0.05114,
    "recall_at_100": 0.11752,
    "recall_at_200": 0.1622,
    "recall_at_300": 0.19081,
    "recall_at_500": 0.23721,
    "recall_at_1000": 0.32408,
    "precision_at_1": 0.0056,
    "precision_at_3": 0.0084,
    "precision_at_5": 0.0069,
    "precision_at_10": 0.00494,
    "precision_at_20": 0.00336,
    "precision_at_100": 0.00153,
    "precision_at_200": 0.00106,
    "precision_at_300": 0.00086,
    "precision_at_500": 0.00064,
    "precision_at_1000": 0.00044,
    "mrr_at_1": 0.01026,
    "mrr_at_3": 0.01446,
    "mrr_at_5": 0.01772,
    "mrr_at_10": 0.01912,
    "mrr_at_20": 0.02045,
    "mrr_at_100": 0.02209,
    "mrr_at_200": 0.02253,
    "mrr_at_300": 0.02265,
    "mrr_at_500": 0.02276,
    "mrr_at_1000": 0.02289
}