{
    "ndcg_at_1": 0.36624,
    "ndcg_at_3": 0.41306,
    "ndcg_at_5": 0.43336,
    "ndcg_at_10": 0.46045,
    "ndcg_at_20": 0.47977,
    "ndcg_at_100": 0.50799,
    "ndcg_at_200": 0.5168,
    "ndcg_at_300": 0.52095,
    "ndcg_at_500": 0.52484,
    "ndcg_at_1000": 0.5293,
    "map_at_1": 0.29069,
    "map_at_3": 0.36513,
    "map_at_5": 0.38242,
    "map_at_10": 0.39803,
    "map_at_20": 0.40583,
    "map_at_100": 0.41239,
    "map_at_200": 0.41322,
    "map_at_300": 0.41347,
    "map_at_500": 0.41365,
    "map_at_1000": 0.41378,
    "recall_at_1": 0.29069,
    "recall_at_3": 0.43596,
    "recall_at_5": 0.49085,
    "recall_at_10": 0.57317,
    "recall_at_20": 0.64297,
    "recall_at_100": 0.77243,
    "recall_at_200": 0.82289,
    "recall_at_300": 0.84958,
    "recall_at_500": 0.87532,
    "recall_at_1000": 0.90791,
    "precision_at_1": 0.36624,
    "precision_at_3": 0.20149,
    "precision_at_5": 0.1442,
    "precision_at_10": 0.09057,
    "precision_at_20": 0.05446,
    "precision_at_100": 0.01498,
    "precision_at_200": 0.0083,
    "precision_at_300": 0.00583,
    "precision_at_500": 0.0037,
    "precision_at_1000": 0.00198,
    "mrr_at_1": 0.36624,
    "mrr_at_3": 0.43524,
    "mrr_at_5": 0.44827,
    "mrr_at_10": 0.45863,
    "mrr_at_20": 0.46261,
    "mrr_at_100": 0.46538,
    "mrr_at_200": 0.4657,
    "mrr_at_300": 0.46579,
    "mrr_at_500": 0.46584,
    "mrr_at_1000": 0.46587
}