{
    "ndcg_at_1": 0.11754,
    "ndcg_at_3": 0.1393,
    "ndcg_at_5": 0.15168,
    "ndcg_at_10": 0.16812,
    "ndcg_at_20": 0.18188,
    "ndcg_at_100": 0.21283,
    "ndcg_at_200": 0.22395,
    "ndcg_at_300": 0.22968,
    "ndcg_at_500": 0.23732,
    "ndcg_at_1000": 0.24585,
    "map_at_1": 0.10046,
    "map_at_3": 0.1253,
    "map_at_5": 0.13274,
    "map_at_10": 0.13941,
    "map_at_20": 0.14314,
    "map_at_100": 0.14737,
    "map_at_200": 0.148,
    "map_at_300": 0.1482,
    "map_at_500": 0.1484,
    "map_at_1000": 0.14853,
    "recall_at_1": 0.10046,
    "recall_at_3": 0.15856,
    "recall_at_5": 0.18946,
    "recall_at_10": 0.23742,
    "recall_at_20": 0.28815,
    "recall_at_100": 0.44544,
    "recall_at_200": 0.51793,
    "recall_at_300": 0.55929,
    "recall_at_500": 0.61829,
    "recall_at_1000": 0.69111,
    "precision_at_1": 0.11754,
    "precision_at_3": 0.06188,
    "precision_at_5": 0.04496,
    "precision_at_10": 0.0291,
    "precision_at_20": 0.01805,
    "precision_at_100": 0.00579,
    "precision_at_200": 0.00344,
    "precision_at_300": 0.00251,
    "precision_at_500": 0.00169,
    "precision_at_1000": 0.00096,
    "mrr_at_1": 0.1166,
    "mrr_at_3": 0.14226,
    "mrr_at_5": 0.15177,
    "mrr_at_10": 0.15914,
    "mrr_at_20": 0.16377,
    "mrr_at_100": 0.1678,
    "mrr_at_200": 0.16836,
    "mrr_at_300": 0.1685,
    "mrr_at_500": 0.16864,
    "mrr_at_1000": 0.16875
}