{
    "ndcg_at_1": 0.41125,
    "ndcg_at_3": 0.34858,
    "ndcg_at_5": 0.32435,
    "ndcg_at_10": 0.30256,
    "ndcg_at_20": 0.29661,
    "ndcg_at_100": 0.33618,
    "ndcg_at_200": 0.35967,
    "ndcg_at_300": 0.37315,
    "ndcg_at_500": 0.38861,
    "ndcg_at_1000": 0.40681,
    "map_at_1": 0.05742,
    "map_at_3": 0.09023,
    "map_at_5": 0.10436,
    "map_at_10": 0.12317,
    "map_at_20": 0.14302,
    "map_at_100": 0.17143,
    "map_at_200": 0.177,
    "map_at_300": 0.17918,
    "map_at_500": 0.18115,
    "map_at_1000": 0.18297,
    "recall_at_1": 0.05742,
    "recall_at_3": 0.10356,
    "recall_at_5": 0.12822,
    "recall_at_10": 0.17011,
    "recall_at_20": 0.23274,
    "recall_at_100": 0.39542,
    "recall_at_200": 0.46641,
    "recall_at_300": 0.50925,
    "recall_at_500": 0.56319,
    "recall_at_1000": 0.62686,
    "precision_at_1": 0.51,
    "precision_at_3": 0.38,
    "precision_at_5": 0.316,
    "precision_at_10": 0.24075,
    "precision_at_20": 0.18162,
    "precision_at_100": 0.07678,
    "precision_at_200": 0.04901,
    "precision_at_300": 0.03754,
    "precision_at_500": 0.02644,
    "precision_at_1000": 0.01631,
    "mrr_at_1": 0.51,
    "mrr_at_3": 0.59125,
    "mrr_at_5": 0.60238,
    "mrr_at_10": 0.61226,
    "mrr_at_20": 0.61636,
    "mrr_at_100": 0.61838,
    "mrr_at_200": 0.61851,
    "mrr_at_300": 0.61853,
    "mrr_at_500": 0.61856,
    "mrr_at_1000": 0.61856
}