{
    "ndcg_at_1": 0.39771,
    "ndcg_at_3": 0.45769,
    "ndcg_at_5": 0.48176,
    "ndcg_at_10": 0.50715,
    "ndcg_at_20": 0.5303,
    "ndcg_at_100": 0.56063,
    "ndcg_at_200": 0.56945,
    "ndcg_at_300": 0.57355,
    "ndcg_at_500": 0.57613,
    "ndcg_at_1000": 0.5798,
    "map_at_1": 0.32748,
    "map_at_3": 0.40849,
    "map_at_5": 0.4293,
    "map_at_10": 0.44431,
    "map_at_20": 0.45297,
    "map_at_100": 0.45932,
    "map_at_200": 0.4601,
    "map_at_300": 0.46035,
    "map_at_500": 0.46049,
    "map_at_1000": 0.46063,
    "recall_at_1": 0.32748,
    "recall_at_3": 0.48077,
    "recall_at_5": 0.54673,
    "recall_at_10": 0.62493,
    "recall_at_20": 0.70799,
    "recall_at_100": 0.84403,
    "recall_at_200": 0.89736,
    "recall_at_300": 0.92358,
    "recall_at_500": 0.93883,
    "recall_at_1000": 0.96251,
    "precision_at_1": 0.39771,
    "precision_at_3": 0.22031,
    "precision_at_5": 0.15937,
    "precision_at_10": 0.09599,
    "precision_at_20": 0.05708,
    "precision_at_100": 0.01528,
    "precision_at_200": 0.00847,
    "precision_at_300": 0.00596,
    "precision_at_500": 0.00374,
    "precision_at_1000": 0.002,
    "mrr_at_1": 0.39771,
    "mrr_at_3": 0.4783,
    "mrr_at_5": 0.49397,
    "mrr_at_10": 0.50366,
    "mrr_at_20": 0.50878,
    "mrr_at_100": 0.51158,
    "mrr_at_200": 0.51189,
    "mrr_at_300": 0.51198,
    "mrr_at_500": 0.51201,
    "mrr_at_1000": 0.51203
}