{
    "ndcg_at_1": 0.24972,
    "ndcg_at_3": 0.30755,
    "ndcg_at_5": 0.33497,
    "ndcg_at_10": 0.35997,
    "ndcg_at_20": 0.37858,
    "ndcg_at_100": 0.40946,
    "ndcg_at_200": 0.41892,
    "ndcg_at_300": 0.42364,
    "ndcg_at_500": 0.42787,
    "ndcg_at_1000": 0.43388,
    "map_at_1": 0.23234,
    "map_at_3": 0.28603,
    "map_at_5": 0.30187,
    "map_at_10": 0.31282,
    "map_at_20": 0.31811,
    "map_at_100": 0.32243,
    "map_at_200": 0.32296,
    "map_at_300": 0.32314,
    "map_at_500": 0.32326,
    "map_at_1000": 0.32335,
    "recall_at_1": 0.23234,
    "recall_at_3": 0.34907,
    "recall_at_5": 0.41401,
    "recall_at_10": 0.48808,
    "recall_at_20": 0.55779,
    "recall_at_100": 0.71966,
    "recall_at_200": 0.78349,
    "recall_at_300": 0.81858,
    "recall_at_500": 0.85267,
    "recall_at_1000": 0.90617,
    "precision_at_1": 0.24972,
    "precision_at_3": 0.12919,
    "precision_at_5": 0.09333,
    "precision_at_10": 0.05593,
    "precision_at_20": 0.03237,
    "precision_at_100": 0.00852,
    "precision_at_200": 0.00468,
    "precision_at_300": 0.00328,
    "precision_at_500": 0.00206,
    "precision_at_1000": 0.0011,
    "mrr_at_1": 0.24972,
    "mrr_at_3": 0.30527,
    "mrr_at_5": 0.32064,
    "mrr_at_10": 0.33053,
    "mrr_at_20": 0.33575,
    "mrr_at_100": 0.33941,
    "mrr_at_200": 0.33986,
    "mrr_at_300": 0.33998,
    "mrr_at_500": 0.34006,
    "mrr_at_1000": 0.34013
}