{
    "ndcg_at_1": 0.2,
    "ndcg_at_3": 0.19573,
    "ndcg_at_5": 0.16932,
    "ndcg_at_10": 0.13083,
    "ndcg_at_20": 0.152,
    "ndcg_at_100": 0.18554,
    "ndcg_at_200": 0.20121,
    "ndcg_at_300": 0.20977,
    "ndcg_at_500": 0.2196,
    "ndcg_at_1000": 0.23178,
    "map_at_1": 0.02,
    "map_at_3": 0.04515,
    "map_at_5": 0.05688,
    "map_at_10": 0.06849,
    "map_at_20": 0.07903,
    "map_at_100": 0.08614,
    "map_at_200": 0.08745,
    "map_at_300": 0.08804,
    "map_at_500": 0.0885,
    "map_at_1000": 0.08884,
    "recall_at_1": 0.02,
    "recall_at_3": 0.05818,
    "recall_at_5": 0.07818,
    "recall_at_10": 0.10727,
    "recall_at_20": 0.14545,
    "recall_at_100": 0.23091,
    "recall_at_200": 0.28182,
    "recall_at_300": 0.31273,
    "recall_at_500": 0.35091,
    "recall_at_1000": 0.40364,
    "precision_at_1": 0.2,
    "precision_at_3": 0.19394,
    "precision_at_5": 0.15636,
    "precision_at_10": 0.10727,
    "precision_at_20": 0.07273,
    "precision_at_100": 0.02309,
    "precision_at_200": 0.01409,
    "precision_at_300": 0.01042,
    "precision_at_500": 0.00702,
    "precision_at_1000": 0.00404,
    "mrr_at_1": 0.2,
    "mrr_at_3": 0.28182,
    "mrr_at_5": 0.29455,
    "mrr_at_10": 0.30348,
    "mrr_at_20": 0.30816,
    "mrr_at_100": 0.31135,
    "mrr_at_200": 0.31206,
    "mrr_at_300": 0.3122,
    "mrr_at_500": 0.3123,
    "mrr_at_1000": 0.31232,
    "rc_at_1": {
        "relevant": 0.2,
        "distractor": 0.30909
    },
    "rc_at_3": {
        "relevant": 0.58182,
        "distractor": 0.74545
    },
    "rc_at_5": {
        "relevant": 0.78182,
        "distractor": 1.09091
    },
    "rc_at_10": {
        "relevant": 1.07273,
        "distractor": 2.09091
    },
    "rc_at_20": {
        "relevant": 1.45455,
        "distractor": 3.56364
    },
    "rc_at_100": {
        "relevant": 2.30909,
        "distractor": 9.41818
    },
    "rc_at_200": {
        "relevant": 2.81818,
        "distractor": 13.2
    },
    "rc_at_300": {
        "relevant": 3.12727,
        "distractor": 15.69091
    },
    "rc_at_500": {
        "relevant": 3.50909,
        "distractor": 18.70909
    },
    "rc_at_1000": {
        "relevant": 4.03636,
        "distractor": 23.34545
    }
}