{
    "ndcg_at_1": 0.32727,
    "ndcg_at_3": 0.28126,
    "ndcg_at_5": 0.25423,
    "ndcg_at_10": 0.21139,
    "ndcg_at_20": 0.26548,
    "ndcg_at_100": 0.35513,
    "ndcg_at_200": 0.38219,
    "ndcg_at_300": 0.39473,
    "ndcg_at_500": 0.40436,
    "ndcg_at_1000": 0.41879,
    "map_at_1": 0.03273,
    "map_at_3": 0.06606,
    "map_at_5": 0.08542,
    "map_at_10": 0.10994,
    "map_at_20": 0.1353,
    "map_at_100": 0.1635,
    "map_at_200": 0.16717,
    "map_at_300": 0.1683,
    "map_at_500": 0.16895,
    "map_at_1000": 0.16959,
    "recall_at_1": 0.03273,
    "recall_at_3": 0.08,
    "recall_at_5": 0.11636,
    "recall_at_10": 0.18182,
    "recall_at_20": 0.28,
    "recall_at_100": 0.5,
    "recall_at_200": 0.58727,
    "recall_at_300": 0.63273,
    "recall_at_500": 0.67091,
    "recall_at_1000": 0.73273,
    "precision_at_1": 0.32727,
    "precision_at_3": 0.26667,
    "precision_at_5": 0.23273,
    "precision_at_10": 0.18182,
    "precision_at_20": 0.14,
    "precision_at_100": 0.05,
    "precision_at_200": 0.02936,
    "precision_at_300": 0.02109,
    "precision_at_500": 0.01342,
    "precision_at_1000": 0.00733,
    "mrr_at_1": 0.32727,
    "mrr_at_3": 0.41818,
    "mrr_at_5": 0.44818,
    "mrr_at_10": 0.46486,
    "mrr_at_20": 0.46778,
    "mrr_at_100": 0.47121,
    "mrr_at_200": 0.47121,
    "mrr_at_300": 0.47128,
    "mrr_at_500": 0.47128,
    "mrr_at_1000": 0.47128,
    "rc_at_1": {
        "relevant": 0.32727,
        "distractor": 0.63636
    },
    "rc_at_3": {
        "relevant": 0.8,
        "distractor": 1.90909
    },
    "rc_at_5": {
        "relevant": 1.16364,
        "distractor": 3.30909
    },
    "rc_at_10": {
        "relevant": 1.81818,
        "distractor": 6.54545
    },
    "rc_at_20": {
        "relevant": 2.8,
        "distractor": 12.29091
    },
    "rc_at_100": {
        "relevant": 5.0,
        "distractor": 34.65455
    },
    "rc_at_200": {
        "relevant": 5.87273,
        "distractor": 43.29091
    },
    "rc_at_300": {
        "relevant": 6.32727,
        "distractor": 47.50909
    },
    "rc_at_500": {
        "relevant": 6.70909,
        "distractor": 52.52727
    },
    "rc_at_1000": {
        "relevant": 7.32727,
        "distractor": 59.2
    }
}