{
    "ndcg_at_1": 0.29091,
    "ndcg_at_3": 0.26084,
    "ndcg_at_5": 0.22619,
    "ndcg_at_10": 0.17616,
    "ndcg_at_20": 0.21254,
    "ndcg_at_100": 0.278,
    "ndcg_at_200": 0.29642,
    "ndcg_at_300": 0.30241,
    "ndcg_at_500": 0.31265,
    "ndcg_at_1000": 0.32489,
    "map_at_1": 0.02909,
    "map_at_3": 0.06121,
    "map_at_5": 0.07612,
    "map_at_10": 0.09186,
    "map_at_20": 0.10834,
    "map_at_100": 0.12643,
    "map_at_200": 0.1285,
    "map_at_300": 0.12896,
    "map_at_500": 0.12952,
    "map_at_1000": 0.12995,
    "recall_at_1": 0.02909,
    "recall_at_3": 0.07636,
    "recall_at_5": 0.10364,
    "recall_at_10": 0.14545,
    "recall_at_20": 0.21091,
    "recall_at_100": 0.37273,
    "recall_at_200": 0.43273,
    "recall_at_300": 0.45455,
    "recall_at_500": 0.49455,
    "recall_at_1000": 0.54727,
    "precision_at_1": 0.29091,
    "precision_at_3": 0.25455,
    "precision_at_5": 0.20727,
    "precision_at_10": 0.14545,
    "precision_at_20": 0.10545,
    "precision_at_100": 0.03727,
    "precision_at_200": 0.02164,
    "precision_at_300": 0.01515,
    "precision_at_500": 0.00989,
    "precision_at_1000": 0.00547,
    "mrr_at_1": 0.29091,
    "mrr_at_3": 0.37576,
    "mrr_at_5": 0.39576,
    "mrr_at_10": 0.40775,
    "mrr_at_20": 0.41107,
    "mrr_at_100": 0.41494,
    "mrr_at_200": 0.4151,
    "mrr_at_300": 0.4151,
    "mrr_at_500": 0.41526,
    "mrr_at_1000": 0.41526,
    "rc_at_1": {
        "relevant": 0.29091,
        "distractor": 0.45455
    },
    "rc_at_3": {
        "relevant": 0.76364,
        "distractor": 1.45455
    },
    "rc_at_5": {
        "relevant": 1.03636,
        "distractor": 2.36364
    },
    "rc_at_10": {
        "relevant": 1.45455,
        "distractor": 4.52727
    },
    "rc_at_20": {
        "relevant": 2.10909,
        "distractor": 8.01818
    },
    "rc_at_100": {
        "relevant": 3.72727,
        "distractor": 20.21818
    },
    "rc_at_200": {
        "relevant": 4.32727,
        "distractor": 26.09091
    },
    "rc_at_300": {
        "relevant": 4.54545,
        "distractor": 29.56364
    },
    "rc_at_500": {
        "relevant": 4.94545,
        "distractor": 34.07273
    },
    "rc_at_1000": {
        "relevant": 5.47273,
        "distractor": 39.83636
    }
}