{
    "ndcg_at_1": 0.50625,
    "ndcg_at_3": 0.43439,
    "ndcg_at_5": 0.4068,
    "ndcg_at_10": 0.38686,
    "ndcg_at_20": 0.37774,
    "ndcg_at_100": 0.42545,
    "ndcg_at_200": 0.45241,
    "ndcg_at_300": 0.46811,
    "ndcg_at_500": 0.4833,
    "ndcg_at_1000": 0.50147,
    "map_at_1": 0.07448,
    "map_at_3": 0.12374,
    "map_at_5": 0.14149,
    "map_at_10": 0.16894,
    "map_at_20": 0.19596,
    "map_at_100": 0.23944,
    "map_at_200": 0.24788,
    "map_at_300": 0.25129,
    "map_at_500": 0.25405,
    "map_at_1000": 0.25655,
    "recall_at_1": 0.07448,
    "recall_at_3": 0.14148,
    "recall_at_5": 0.17103,
    "recall_at_10": 0.22491,
    "recall_at_20": 0.29329,
    "recall_at_100": 0.48647,
    "recall_at_200": 0.56451,
    "recall_at_300": 0.61566,
    "recall_at_500": 0.66792,
    "recall_at_1000": 0.73367,
    "precision_at_1": 0.615,
    "precision_at_3": 0.4725,
    "precision_at_5": 0.395,
    "precision_at_10": 0.30775,
    "precision_at_20": 0.23,
    "precision_at_100": 0.09892,
    "precision_at_200": 0.06361,
    "precision_at_300": 0.04845,
    "precision_at_500": 0.03386,
    "precision_at_1000": 0.02056,
    "mrr_at_1": 0.615,
    "mrr_at_3": 0.68417,
    "mrr_at_5": 0.69779,
    "mrr_at_10": 0.70371,
    "mrr_at_20": 0.70621,
    "mrr_at_100": 0.70759,
    "mrr_at_200": 0.70767,
    "mrr_at_300": 0.70768,
    "mrr_at_500": 0.70771,
    "mrr_at_1000": 0.70772
}