{
    "ndcg_at_1": 0.17485,
    "ndcg_at_3": 0.20138,
    "ndcg_at_5": 0.2138,
    "ndcg_at_10": 0.23172,
    "ndcg_at_20": 0.24767,
    "ndcg_at_100": 0.2721,
    "ndcg_at_200": 0.2829,
    "ndcg_at_300": 0.28801,
    "ndcg_at_500": 0.29352,
    "ndcg_at_1000": 0.30084,
    "map_at_1": 0.15605,
    "map_at_3": 0.18555,
    "map_at_5": 0.19311,
    "map_at_10": 0.20089,
    "map_at_20": 0.20544,
    "map_at_100": 0.20884,
    "map_at_200": 0.20945,
    "map_at_300": 0.20964,
    "map_at_500": 0.20979,
    "map_at_1000": 0.20989,
    "recall_at_1": 0.15605,
    "recall_at_3": 0.22217,
    "recall_at_5": 0.25456,
    "recall_at_10": 0.30822,
    "recall_at_20": 0.36767,
    "recall_at_100": 0.49347,
    "recall_at_200": 0.56396,
    "recall_at_300": 0.60048,
    "recall_at_500": 0.64422,
    "recall_at_1000": 0.70967,
    "precision_at_1": 0.17485,
    "precision_at_3": 0.08691,
    "precision_at_5": 0.06012,
    "precision_at_10": 0.03681,
    "precision_at_20": 0.02239,
    "precision_at_100": 0.00617,
    "precision_at_200": 0.00362,
    "precision_at_300": 0.00261,
    "precision_at_500": 0.00169,
    "precision_at_1000": 0.00094,
    "mrr_at_1": 0.17485,
    "mrr_at_3": 0.20603,
    "mrr_at_5": 0.21362,
    "mrr_at_10": 0.22151,
    "mrr_at_20": 0.2259,
    "mrr_at_100": 0.22905,
    "mrr_at_200": 0.22954,
    "mrr_at_300": 0.22969,
    "mrr_at_500": 0.2298,
    "mrr_at_1000": 0.22989
}