{
    "ndcg_at_1": 0.18026,
    "ndcg_at_3": 0.23675,
    "ndcg_at_5": 0.26117,
    "ndcg_at_10": 0.2862,
    "ndcg_at_20": 0.31331,
    "ndcg_at_100": 0.35505,
    "ndcg_at_200": 0.36677,
    "ndcg_at_300": 0.37242,
    "ndcg_at_500": 0.37846,
    "ndcg_at_1000": 0.38425,
    "map_at_1": 0.14078,
    "map_at_3": 0.2009,
    "map_at_5": 0.21662,
    "map_at_10": 0.22876,
    "map_at_20": 0.23729,
    "map_at_100": 0.24424,
    "map_at_200": 0.24507,
    "map_at_300": 0.24534,
    "map_at_500": 0.24555,
    "map_at_1000": 0.24569,
    "recall_at_1": 0.14078,
    "recall_at_3": 0.26983,
    "recall_at_5": 0.33258,
    "recall_at_10": 0.41011,
    "recall_at_20": 0.51066,
    "recall_at_100": 0.71259,
    "recall_at_200": 0.78486,
    "recall_at_300": 0.82261,
    "recall_at_500": 0.86518,
    "recall_at_1000": 0.90743,
    "precision_at_1": 0.18026,
    "precision_at_3": 0.12113,
    "precision_at_5": 0.09328,
    "precision_at_10": 0.0598,
    "precision_at_20": 0.03848,
    "precision_at_100": 0.0118,
    "precision_at_200": 0.00678,
    "precision_at_300": 0.00486,
    "precision_at_500": 0.00315,
    "precision_at_1000": 0.00174,
    "mrr_at_1": 0.18026,
    "mrr_at_3": 0.24797,
    "mrr_at_5": 0.265,
    "mrr_at_10": 0.27564,
    "mrr_at_20": 0.28296,
    "mrr_at_100": 0.28732,
    "mrr_at_200": 0.28778,
    "mrr_at_300": 0.28789,
    "mrr_at_500": 0.288,
    "mrr_at_1000": 0.28804
}