{
    "ndcg_at_1": 0.32476,
    "ndcg_at_3": 0.37946,
    "ndcg_at_5": 0.40265,
    "ndcg_at_10": 0.43227,
    "ndcg_at_20": 0.45017,
    "ndcg_at_100": 0.47751,
    "ndcg_at_200": 0.4854,
    "ndcg_at_300": 0.48841,
    "ndcg_at_500": 0.49282,
    "ndcg_at_1000": 0.49693,
    "map_at_1": 0.28021,
    "map_at_3": 0.34853,
    "map_at_5": 0.36398,
    "map_at_10": 0.37813,
    "map_at_20": 0.38373,
    "map_at_100": 0.38817,
    "map_at_200": 0.38866,
    "map_at_300": 0.38878,
    "map_at_500": 0.3889,
    "map_at_1000": 0.38898,
    "recall_at_1": 0.28021,
    "recall_at_3": 0.41827,
    "recall_at_5": 0.47568,
    "recall_at_10": 0.56259,
    "recall_at_20": 0.62994,
    "recall_at_100": 0.76502,
    "recall_at_200": 0.81663,
    "recall_at_300": 0.83815,
    "recall_at_500": 0.87288,
    "recall_at_1000": 0.90692,
    "precision_at_1": 0.32476,
    "precision_at_3": 0.17116,
    "precision_at_5": 0.11875,
    "precision_at_10": 0.07216,
    "precision_at_20": 0.04122,
    "precision_at_100": 0.01037,
    "precision_at_200": 0.00558,
    "precision_at_300": 0.00384,
    "precision_at_500": 0.00241,
    "precision_at_1000": 0.00126,
    "mrr_at_1": 0.32476,
    "mrr_at_3": 0.38694,
    "mrr_at_5": 0.40001,
    "mrr_at_10": 0.41125,
    "mrr_at_20": 0.41575,
    "mrr_at_100": 0.41899,
    "mrr_at_200": 0.41932,
    "mrr_at_300": 0.4194,
    "mrr_at_500": 0.41948,
    "mrr_at_1000": 0.41953
}