{
    "ndcg_at_1": 0.8218,
    "ndcg_at_3": 0.86311,
    "ndcg_at_5": 0.87866,
    "ndcg_at_10": 0.89094,
    "ndcg_at_20": 0.89694,
    "ndcg_at_100": 0.90189,
    "ndcg_at_200": 0.9024,
    "ndcg_at_300": 0.90249,
    "ndcg_at_500": 0.90256,
    "ndcg_at_1000": 0.9026,
    "map_at_1": 0.71234,
    "map_at_3": 0.8244,
    "map_at_5": 0.84308,
    "map_at_10": 0.85394,
    "map_at_20": 0.85801,
    "map_at_100": 0.86014,
    "map_at_200": 0.86025,
    "map_at_300": 0.86027,
    "map_at_500": 0.86028,
    "map_at_1000": 0.86028,
    "recall_at_1": 0.71234,
    "recall_at_3": 0.88124,
    "recall_at_5": 0.92528,
    "recall_at_10": 0.96079,
    "recall_at_20": 0.97986,
    "recall_at_100": 0.99704,
    "recall_at_200": 0.99909,
    "recall_at_300": 0.99943,
    "recall_at_500": 0.99976,
    "recall_at_1000": 0.99994,
    "precision_at_1": 0.8218,
    "precision_at_3": 0.37823,
    "precision_at_5": 0.24868,
    "precision_at_10": 0.1355,
    "precision_at_20": 0.07171,
    "precision_at_100": 0.01539,
    "precision_at_200": 0.00778,
    "precision_at_300": 0.0052,
    "precision_at_500": 0.00313,
    "precision_at_1000": 0.00157,
    "mrr_at_1": 0.8218,
    "mrr_at_3": 0.87413,
    "mrr_at_5": 0.8804,
    "mrr_at_10": 0.88312,
    "mrr_at_20": 0.88376,
    "mrr_at_100": 0.88397,
    "mrr_at_200": 0.88398,
    "mrr_at_300": 0.88398,
    "mrr_at_500": 0.88398,
    "mrr_at_1000": 0.88398
}