{
    "ndcg_at_1": 0.19325,
    "ndcg_at_3": 0.22671,
    "ndcg_at_5": 0.2444,
    "ndcg_at_10": 0.26326,
    "ndcg_at_20": 0.28122,
    "ndcg_at_100": 0.31949,
    "ndcg_at_200": 0.32875,
    "ndcg_at_300": 0.33253,
    "ndcg_at_500": 0.33762,
    "ndcg_at_1000": 0.34498,
    "map_at_1": 0.16895,
    "map_at_3": 0.20855,
    "map_at_5": 0.21942,
    "map_at_10": 0.22762,
    "map_at_20": 0.23305,
    "map_at_100": 0.23858,
    "map_at_200": 0.23911,
    "map_at_300": 0.23925,
    "map_at_500": 0.23939,
    "map_at_1000": 0.23952,
    "recall_at_1": 0.16895,
    "recall_at_3": 0.25009,
    "recall_at_5": 0.29191,
    "recall_at_10": 0.34813,
    "recall_at_20": 0.41231,
    "recall_at_100": 0.60849,
    "recall_at_200": 0.66948,
    "recall_at_300": 0.69697,
    "recall_at_500": 0.73595,
    "recall_at_1000": 0.80001,
    "precision_at_1": 0.19325,
    "precision_at_3": 0.09765,
    "precision_at_5": 0.07025,
    "precision_at_10": 0.04294,
    "precision_at_20": 0.0263,
    "precision_at_100": 0.00787,
    "precision_at_200": 0.00439,
    "precision_at_300": 0.00307,
    "precision_at_500": 0.00198,
    "precision_at_1000": 0.00108,
    "mrr_at_1": 0.19325,
    "mrr_at_3": 0.23441,
    "mrr_at_5": 0.24514,
    "mrr_at_10": 0.25254,
    "mrr_at_20": 0.25763,
    "mrr_at_100": 0.26243,
    "mrr_at_200": 0.26285,
    "mrr_at_300": 0.26297,
    "mrr_at_500": 0.26305,
    "mrr_at_1000": 0.26315
}