{
    "ndcg_at_1": 0.54,
    "ndcg_at_3": 0.4662,
    "ndcg_at_5": 0.45223,
    "ndcg_at_10": 0.43496,
    "ndcg_at_20": 0.404,
    "ndcg_at_100": 0.30281,
    "ndcg_at_200": 0.25575,
    "ndcg_at_300": 0.23767,
    "ndcg_at_500": 0.23742,
    "ndcg_at_1000": 0.27516,
    "map_at_1": 0.00152,
    "map_at_3": 0.00335,
    "map_at_5": 0.00523,
    "map_at_10": 0.00943,
    "map_at_20": 0.01612,
    "map_at_100": 0.0462,
    "map_at_200": 0.06329,
    "map_at_300": 0.07297,
    "map_at_500": 0.08543,
    "map_at_1000": 0.09845,
    "recall_at_1": 0.00152,
    "recall_at_3": 0.00376,
    "recall_at_5": 0.00631,
    "recall_at_10": 0.01184,
    "recall_at_20": 0.02176,
    "recall_at_100": 0.07466,
    "recall_at_200": 0.1153,
    "recall_at_300": 0.14434,
    "recall_at_500": 0.18878,
    "recall_at_1000": 0.25684,
    "precision_at_1": 0.6,
    "precision_at_3": 0.49333,
    "precision_at_5": 0.484,
    "precision_at_10": 0.464,
    "precision_at_20": 0.421,
    "precision_at_100": 0.3038,
    "precision_at_200": 0.2462,
    "precision_at_300": 0.21067,
    "precision_at_500": 0.16936,
    "precision_at_1000": 0.11814,
    "mrr_at_1": 0.6,
    "mrr_at_3": 0.67,
    "mrr_at_5": 0.693,
    "mrr_at_10": 0.69883,
    "mrr_at_20": 0.70168,
    "mrr_at_100": 0.70263,
    "mrr_at_200": 0.70263,
    "mrr_at_300": 0.70263,
    "mrr_at_500": 0.70263,
    "mrr_at_1000": 0.70263
}