{
    "ndcg_at_1": 0.44333,
    "ndcg_at_3": 0.50726,
    "ndcg_at_5": 0.52959,
    "ndcg_at_10": 0.55545,
    "ndcg_at_20": 0.57761,
    "ndcg_at_100": 0.59914,
    "ndcg_at_200": 0.60379,
    "ndcg_at_300": 0.60463,
    "ndcg_at_500": 0.60851,
    "ndcg_at_1000": 0.61138,
    "map_at_1": 0.4165,
    "map_at_3": 0.48074,
    "map_at_5": 0.49628,
    "map_at_10": 0.50798,
    "map_at_20": 0.51546,
    "map_at_100": 0.51861,
    "map_at_200": 0.51884,
    "map_at_300": 0.51887,
    "map_at_500": 0.51896,
    "map_at_1000": 0.519,
    "recall_at_1": 0.4165,
    "recall_at_3": 0.5535,
    "recall_at_5": 0.60817,
    "recall_at_10": 0.68478,
    "recall_at_20": 0.76656,
    "recall_at_100": 0.88,
    "recall_at_200": 0.91333,
    "recall_at_300": 0.92,
    "recall_at_500": 0.95333,
    "recall_at_1000": 0.98,
    "precision_at_1": 0.44333,
    "precision_at_3": 0.20333,
    "precision_at_5": 0.13733,
    "precision_at_10": 0.07833,
    "precision_at_20": 0.04417,
    "precision_at_100": 0.01007,
    "precision_at_200": 0.0052,
    "precision_at_300": 0.00349,
    "precision_at_500": 0.00216,
    "precision_at_1000": 0.00111,
    "mrr_at_1": 0.44333,
    "mrr_at_3": 0.505,
    "mrr_at_5": 0.515,
    "mrr_at_10": 0.52444,
    "mrr_at_20": 0.53005,
    "mrr_at_100": 0.53264,
    "mrr_at_200": 0.53286,
    "mrr_at_300": 0.5329,
    "mrr_at_500": 0.53298,
    "mrr_at_1000": 0.53302
}