{
    "ndcg_at_1": 0.30909,
    "ndcg_at_3": 0.27811,
    "ndcg_at_5": 0.25699,
    "ndcg_at_10": 0.22655,
    "ndcg_at_20": 0.28244,
    "ndcg_at_100": 0.43103,
    "ndcg_at_200": 0.45685,
    "ndcg_at_300": 0.46496,
    "ndcg_at_500": 0.47389,
    "ndcg_at_1000": 0.48734,
    "map_at_1": 0.03091,
    "map_at_3": 0.0697,
    "map_at_5": 0.09442,
    "map_at_10": 0.12574,
    "map_at_20": 0.1504,
    "map_at_100": 0.19843,
    "map_at_200": 0.20308,
    "map_at_300": 0.20418,
    "map_at_500": 0.20491,
    "map_at_1000": 0.20552,
    "recall_at_1": 0.03091,
    "recall_at_3": 0.08,
    "recall_at_5": 0.12,
    "recall_at_10": 0.20545,
    "recall_at_20": 0.30727,
    "recall_at_100": 0.67818,
    "recall_at_200": 0.76182,
    "recall_at_300": 0.79091,
    "recall_at_500": 0.82545,
    "recall_at_1000": 0.88364,
    "precision_at_1": 0.30909,
    "precision_at_3": 0.26667,
    "precision_at_5": 0.24,
    "precision_at_10": 0.20545,
    "precision_at_20": 0.15364,
    "precision_at_100": 0.06782,
    "precision_at_200": 0.03809,
    "precision_at_300": 0.02636,
    "precision_at_500": 0.01651,
    "precision_at_1000": 0.00884,
    "mrr_at_1": 0.30909,
    "mrr_at_3": 0.38182,
    "mrr_at_5": 0.40182,
    "mrr_at_10": 0.4332,
    "mrr_at_20": 0.43692,
    "mrr_at_100": 0.43939,
    "mrr_at_200": 0.43939,
    "mrr_at_300": 0.43939,
    "mrr_at_500": 0.43939,
    "mrr_at_1000": 0.43939,
    "rc_at_1": {
        "relevant": 0.30909,
        "distractor": 0.67273
    },
    "rc_at_3": {
        "relevant": 0.8,
        "distractor": 2.10909
    },
    "rc_at_5": {
        "relevant": 1.2,
        "distractor": 3.69091
    },
    "rc_at_10": {
        "relevant": 2.05455,
        "distractor": 7.34545
    },
    "rc_at_20": {
        "relevant": 3.07273,
        "distractor": 14.74545
    },
    "rc_at_100": {
        "relevant": 6.78182,
        "distractor": 51.34545
    },
    "rc_at_200": {
        "relevant": 7.61818,
        "distractor": 63.07273
    },
    "rc_at_300": {
        "relevant": 7.90909,
        "distractor": 68.21818
    },
    "rc_at_500": {
        "relevant": 8.25455,
        "distractor": 73.63636
    },
    "rc_at_1000": {
        "relevant": 8.83636,
        "distractor": 81.36364
    }
}