{
    "ndcg_at_1": 0.05061,
    "ndcg_at_3": 0.06195,
    "ndcg_at_5": 0.06681,
    "ndcg_at_10": 0.07496,
    "ndcg_at_20": 0.08214,
    "ndcg_at_100": 0.10291,
    "ndcg_at_200": 0.10927,
    "ndcg_at_300": 0.11523,
    "ndcg_at_500": 0.12159,
    "ndcg_at_1000": 0.13012,
    "map_at_1": 0.0462,
    "map_at_3": 0.05607,
    "map_at_5": 0.05904,
    "map_at_10": 0.06256,
    "map_at_20": 0.06448,
    "map_at_100": 0.0673,
    "map_at_200": 0.06762,
    "map_at_300": 0.06782,
    "map_at_500": 0.06796,
    "map_at_1000": 0.06807,
    "recall_at_1": 0.0462,
    "recall_at_3": 0.06941,
    "recall_at_5": 0.08219,
    "recall_at_10": 0.10725,
    "recall_at_20": 0.13474,
    "recall_at_100": 0.24201,
    "recall_at_200": 0.28595,
    "recall_at_300": 0.33052,
    "recall_at_500": 0.38124,
    "recall_at_1000": 0.45836,
    "precision_at_1": 0.05061,
    "precision_at_3": 0.0271,
    "precision_at_5": 0.01902,
    "precision_at_10": 0.01242,
    "precision_at_20": 0.0079,
    "precision_at_100": 0.00296,
    "precision_at_200": 0.00175,
    "precision_at_300": 0.00136,
    "precision_at_500": 0.00096,
    "precision_at_1000": 0.00058,
    "mrr_at_1": 0.05061,
    "mrr_at_3": 0.06288,
    "mrr_at_5": 0.0661,
    "mrr_at_10": 0.06988,
    "mrr_at_20": 0.07214,
    "mrr_at_100": 0.07502,
    "mrr_at_200": 0.07536,
    "mrr_at_300": 0.07558,
    "mrr_at_500": 0.07574,
    "mrr_at_1000": 0.07586
}