{
    "ndcg_at_1": 0.08642,
    "ndcg_at_3": 0.06958,
    "ndcg_at_5": 0.07223,
    "ndcg_at_10": 0.08354,
    "ndcg_at_20": 0.09637,
    "ndcg_at_100": 0.12773,
    "ndcg_at_200": 0.14267,
    "ndcg_at_300": 0.15084,
    "ndcg_at_500": 0.16069,
    "ndcg_at_1000": 0.17343,
    "map_at_1": 0.03217,
    "map_at_3": 0.0451,
    "map_at_5": 0.04984,
    "map_at_10": 0.05511,
    "map_at_20": 0.05873,
    "map_at_100": 0.06327,
    "map_at_200": 0.06416,
    "map_at_300": 0.06451,
    "map_at_500": 0.0648,
    "map_at_1000": 0.06503,
    "recall_at_1": 0.03217,
    "recall_at_3": 0.05579,
    "recall_at_5": 0.07312,
    "recall_at_10": 0.10793,
    "recall_at_20": 0.14907,
    "recall_at_100": 0.28349,
    "recall_at_200": 0.37034,
    "recall_at_300": 0.41923,
    "recall_at_500": 0.48572,
    "recall_at_1000": 0.5795,
    "precision_at_1": 0.08642,
    "precision_at_3": 0.0535,
    "precision_at_5": 0.04074,
    "precision_at_10": 0.02778,
    "precision_at_20": 0.01898,
    "precision_at_100": 0.00727,
    "precision_at_200": 0.00461,
    "precision_at_300": 0.00353,
    "precision_at_500": 0.00246,
    "precision_at_1000": 0.00148,
    "mrr_at_1": 0.08642,
    "mrr_at_3": 0.10674,
    "mrr_at_5": 0.11314,
    "mrr_at_10": 0.11943,
    "mrr_at_20": 0.12392,
    "mrr_at_100": 0.1283,
    "mrr_at_200": 0.12904,
    "mrr_at_300": 0.12925,
    "mrr_at_500": 0.12939,
    "mrr_at_1000": 0.1295
}