{
    "ndcg_at_1": 0.55667,
    "ndcg_at_3": 0.61564,
    "ndcg_at_5": 0.64127,
    "ndcg_at_10": 0.66849,
    "ndcg_at_20": 0.68131,
    "ndcg_at_100": 0.69412,
    "ndcg_at_200": 0.69798,
    "ndcg_at_300": 0.69882,
    "ndcg_at_500": 0.70085,
    "ndcg_at_1000": 0.70296,
    "map_at_1": 0.52161,
    "map_at_3": 0.5898,
    "map_at_5": 0.60707,
    "map_at_10": 0.62094,
    "map_at_20": 0.62502,
    "map_at_100": 0.62677,
    "map_at_200": 0.627,
    "map_at_300": 0.62702,
    "map_at_500": 0.62708,
    "map_at_1000": 0.62711,
    "recall_at_1": 0.52161,
    "recall_at_3": 0.65906,
    "recall_at_5": 0.72483,
    "recall_at_10": 0.80222,
    "recall_at_20": 0.85,
    "recall_at_100": 0.92,
    "recall_at_200": 0.94667,
    "recall_at_300": 0.95333,
    "recall_at_500": 0.97,
    "recall_at_1000": 0.99,
    "precision_at_1": 0.55667,
    "precision_at_3": 0.24333,
    "precision_at_5": 0.16267,
    "precision_at_10": 0.09233,
    "precision_at_20": 0.04883,
    "precision_at_100": 0.01047,
    "precision_at_200": 0.00537,
    "precision_at_300": 0.0036,
    "precision_at_500": 0.0022,
    "precision_at_1000": 0.00112,
    "mrr_at_1": 0.55667,
    "mrr_at_3": 0.61056,
    "mrr_at_5": 0.62422,
    "mrr_at_10": 0.63384,
    "mrr_at_20": 0.63717,
    "mrr_at_100": 0.63892,
    "mrr_at_200": 0.63914,
    "mrr_at_300": 0.63917,
    "mrr_at_500": 0.63921,
    "mrr_at_1000": 0.63923
}