{
    "ndcg_at_1": 0.31667,
    "ndcg_at_3": 0.37048,
    "ndcg_at_5": 0.39109,
    "ndcg_at_10": 0.41917,
    "ndcg_at_20": 0.43087,
    "ndcg_at_100": 0.46055,
    "ndcg_at_200": 0.47331,
    "ndcg_at_300": 0.47894,
    "ndcg_at_500": 0.48395,
    "ndcg_at_1000": 0.48757,
    "map_at_1": 0.29761,
    "map_at_3": 0.34802,
    "map_at_5": 0.36188,
    "map_at_10": 0.37423,
    "map_at_20": 0.37774,
    "map_at_100": 0.38198,
    "map_at_200": 0.38268,
    "map_at_300": 0.38286,
    "map_at_500": 0.38298,
    "map_at_1000": 0.38304,
    "recall_at_1": 0.29761,
    "recall_at_3": 0.40589,
    "recall_at_5": 0.45878,
    "recall_at_10": 0.54428,
    "recall_at_20": 0.58783,
    "recall_at_100": 0.74722,
    "recall_at_200": 0.83722,
    "recall_at_300": 0.88167,
    "recall_at_500": 0.92333,
    "recall_at_1000": 0.95667,
    "precision_at_1": 0.31667,
    "precision_at_3": 0.15111,
    "precision_at_5": 0.104,
    "precision_at_10": 0.06267,
    "precision_at_20": 0.03433,
    "precision_at_100": 0.00863,
    "precision_at_200": 0.00478,
    "precision_at_300": 0.00334,
    "precision_at_500": 0.0021,
    "precision_at_1000": 0.00109,
    "mrr_at_1": 0.31667,
    "mrr_at_3": 0.36722,
    "mrr_at_5": 0.37906,
    "mrr_at_10": 0.39011,
    "mrr_at_20": 0.39297,
    "mrr_at_100": 0.39655,
    "mrr_at_200": 0.39714,
    "mrr_at_300": 0.39726,
    "mrr_at_500": 0.39738,
    "mrr_at_1000": 0.39743
}