{
    "ndcg_at_1": 0.11644,
    "ndcg_at_3": 0.13965,
    "ndcg_at_5": 0.15479,
    "ndcg_at_10": 0.17494,
    "ndcg_at_20": 0.19648,
    "ndcg_at_100": 0.23814,
    "ndcg_at_200": 0.25284,
    "ndcg_at_300": 0.26015,
    "ndcg_at_500": 0.26613,
    "ndcg_at_1000": 0.27631,
    "map_at_1": 0.0934,
    "map_at_3": 0.12119,
    "map_at_5": 0.13077,
    "map_at_10": 0.13954,
    "map_at_20": 0.14565,
    "map_at_100": 0.1518,
    "map_at_200": 0.15267,
    "map_at_300": 0.15295,
    "map_at_500": 0.15313,
    "map_at_1000": 0.15331,
    "recall_at_1": 0.0934,
    "recall_at_3": 0.15715,
    "recall_at_5": 0.19443,
    "recall_at_10": 0.25322,
    "recall_at_20": 0.33159,
    "recall_at_100": 0.53535,
    "recall_at_200": 0.6287,
    "recall_at_300": 0.68065,
    "recall_at_500": 0.72401,
    "recall_at_1000": 0.80782,
    "precision_at_1": 0.11644,
    "precision_at_3": 0.06849,
    "precision_at_5": 0.05137,
    "precision_at_10": 0.03402,
    "precision_at_20": 0.02295,
    "precision_at_100": 0.00798,
    "precision_at_200": 0.00481,
    "precision_at_300": 0.00351,
    "precision_at_500": 0.0023,
    "precision_at_1000": 0.00131,
    "mrr_at_1": 0.11644,
    "mrr_at_3": 0.15316,
    "mrr_at_5": 0.16246,
    "mrr_at_10": 0.17165,
    "mrr_at_20": 0.17782,
    "mrr_at_100": 0.18296,
    "mrr_at_200": 0.18367,
    "mrr_at_300": 0.18387,
    "mrr_at_500": 0.18396,
    "mrr_at_1000": 0.18406
}