{
    "ndcg_at_1": 0.4644,
    "ndcg_at_3": 0.40533,
    "ndcg_at_5": 0.38426,
    "ndcg_at_10": 0.3553,
    "ndcg_at_20": 0.33564,
    "ndcg_at_100": 0.32608,
    "ndcg_at_200": 0.34276,
    "ndcg_at_300": 0.3566,
    "ndcg_at_500": 0.37677,
    "ndcg_at_1000": 0.41492,
    "map_at_1": 0.05748,
    "map_at_3": 0.09396,
    "map_at_5": 0.11038,
    "map_at_10": 0.1298,
    "map_at_20": 0.14681,
    "map_at_100": 0.16654,
    "map_at_200": 0.17184,
    "map_at_300": 0.17449,
    "map_at_500": 0.1774,
    "map_at_1000": 0.18104,
    "recall_at_1": 0.05748,
    "recall_at_3": 0.10467,
    "recall_at_5": 0.13334,
    "recall_at_10": 0.17491,
    "recall_at_20": 0.21913,
    "recall_at_100": 0.33027,
    "recall_at_200": 0.40255,
    "recall_at_300": 0.45398,
    "recall_at_500": 0.52228,
    "recall_at_1000": 0.66347,
    "precision_at_1": 0.47988,
    "precision_at_3": 0.3808,
    "precision_at_5": 0.33313,
    "precision_at_10": 0.26563,
    "precision_at_20": 0.20124,
    "precision_at_100": 0.08341,
    "precision_at_200": 0.05454,
    "precision_at_300": 0.04282,
    "precision_at_500": 0.03162,
    "precision_at_1000": 0.02121,
    "mrr_at_1": 0.47988,
    "mrr_at_3": 0.53096,
    "mrr_at_5": 0.54659,
    "mrr_at_10": 0.55584,
    "mrr_at_20": 0.55861,
    "mrr_at_100": 0.56114,
    "mrr_at_200": 0.56137,
    "mrr_at_300": 0.56148,
    "mrr_at_500": 0.56152,
    "mrr_at_1000": 0.56156
}