{
    "ndcg_at_1": 0.16667,
    "ndcg_at_3": 0.19478,
    "ndcg_at_5": 0.21195,
    "ndcg_at_10": 0.23646,
    "ndcg_at_20": 0.25853,
    "ndcg_at_100": 0.30115,
    "ndcg_at_200": 0.3142,
    "ndcg_at_300": 0.32077,
    "ndcg_at_500": 0.3271,
    "ndcg_at_1000": 0.33533,
    "map_at_1": 0.13587,
    "map_at_3": 0.1723,
    "map_at_5": 0.18337,
    "map_at_10": 0.19422,
    "map_at_20": 0.20035,
    "map_at_100": 0.20712,
    "map_at_200": 0.20798,
    "map_at_300": 0.20826,
    "map_at_500": 0.20844,
    "map_at_1000": 0.2086,
    "recall_at_1": 0.13587,
    "recall_at_3": 0.215,
    "recall_at_5": 0.25822,
    "recall_at_10": 0.33204,
    "recall_at_20": 0.41253,
    "recall_at_100": 0.61634,
    "recall_at_200": 0.6971,
    "recall_at_300": 0.74196,
    "recall_at_500": 0.78833,
    "recall_at_1000": 0.85504,
    "precision_at_1": 0.16667,
    "precision_at_3": 0.09285,
    "precision_at_5": 0.06872,
    "precision_at_10": 0.04463,
    "precision_at_20": 0.02888,
    "precision_at_100": 0.00929,
    "precision_at_200": 0.00541,
    "precision_at_300": 0.00391,
    "precision_at_500": 0.00254,
    "precision_at_1000": 0.00142,
    "mrr_at_1": 0.16667,
    "mrr_at_3": 0.20967,
    "mrr_at_5": 0.22011,
    "mrr_at_10": 0.23026,
    "mrr_at_20": 0.23629,
    "mrr_at_100": 0.24161,
    "mrr_at_200": 0.24219,
    "mrr_at_300": 0.24235,
    "mrr_at_500": 0.24245,
    "mrr_at_1000": 0.24252
}