{
    "ndcg_at_1": 0.25913,
    "ndcg_at_3": 0.31448,
    "ndcg_at_5": 0.34148,
    "ndcg_at_10": 0.3711,
    "ndcg_at_20": 0.39475,
    "ndcg_at_100": 0.43175,
    "ndcg_at_200": 0.44031,
    "ndcg_at_300": 0.44457,
    "ndcg_at_500": 0.44903,
    "ndcg_at_1000": 0.45459,
    "map_at_1": 0.20931,
    "map_at_3": 0.2772,
    "map_at_5": 0.29631,
    "map_at_10": 0.31058,
    "map_at_20": 0.31828,
    "map_at_100": 0.32416,
    "map_at_200": 0.3248,
    "map_at_300": 0.32501,
    "map_at_500": 0.32516,
    "map_at_1000": 0.32528,
    "recall_at_1": 0.20931,
    "recall_at_3": 0.35157,
    "recall_at_5": 0.41796,
    "recall_at_10": 0.50443,
    "recall_at_20": 0.59141,
    "recall_at_100": 0.76782,
    "recall_at_200": 0.81778,
    "recall_at_300": 0.84595,
    "recall_at_500": 0.87785,
    "recall_at_1000": 0.92207,
    "precision_at_1": 0.25913,
    "precision_at_3": 0.15183,
    "precision_at_5": 0.11393,
    "precision_at_10": 0.071,
    "precision_at_20": 0.04241,
    "precision_at_100": 0.01183,
    "precision_at_200": 0.00654,
    "precision_at_300": 0.00459,
    "precision_at_500": 0.00292,
    "precision_at_1000": 0.00157,
    "mrr_at_1": 0.25913,
    "mrr_at_3": 0.33086,
    "mrr_at_5": 0.34639,
    "mrr_at_10": 0.3583,
    "mrr_at_20": 0.3637,
    "mrr_at_100": 0.36805,
    "mrr_at_200": 0.36834,
    "mrr_at_300": 0.36843,
    "mrr_at_500": 0.36849,
    "mrr_at_1000": 0.36854
}