{
    "ndcg_at_1": 0.24704,
    "ndcg_at_3": 0.32266,
    "ndcg_at_5": 0.34784,
    "ndcg_at_10": 0.38081,
    "ndcg_at_20": 0.40919,
    "ndcg_at_100": 0.45032,
    "ndcg_at_200": 0.46001,
    "ndcg_at_300": 0.4629,
    "ndcg_at_500": 0.46683,
    "ndcg_at_1000": 0.47237,
    "map_at_1": 0.20652,
    "map_at_3": 0.27974,
    "map_at_5": 0.29683,
    "map_at_10": 0.3138,
    "map_at_20": 0.32423,
    "map_at_100": 0.33322,
    "map_at_200": 0.33447,
    "map_at_300": 0.33483,
    "map_at_500": 0.33519,
    "map_at_1000": 0.33545,
    "recall_at_1": 0.20652,
    "recall_at_3": 0.35968,
    "recall_at_5": 0.42625,
    "recall_at_10": 0.5216,
    "recall_at_20": 0.62537,
    "recall_at_100": 0.81983,
    "recall_at_200": 0.87446,
    "recall_at_300": 0.88916,
    "recall_at_500": 0.91286,
    "recall_at_1000": 0.95356,
    "precision_at_1": 0.24704,
    "precision_at_3": 0.15744,
    "precision_at_5": 0.11542,
    "precision_at_10": 0.07648,
    "precision_at_20": 0.0502,
    "precision_at_100": 0.01626,
    "precision_at_200": 0.00968,
    "precision_at_300": 0.00697,
    "precision_at_500": 0.00457,
    "precision_at_1000": 0.00252,
    "mrr_at_1": 0.24704,
    "mrr_at_3": 0.32543,
    "mrr_at_5": 0.34193,
    "mrr_at_10": 0.35624,
    "mrr_at_20": 0.36354,
    "mrr_at_100": 0.36792,
    "mrr_at_200": 0.36823,
    "mrr_at_300": 0.36828,
    "mrr_at_500": 0.36832,
    "mrr_at_1000": 0.36838
}