{
    "ndcg_at_1": 0.28475,
    "ndcg_at_3": 0.34255,
    "ndcg_at_5": 0.36578,
    "ndcg_at_10": 0.39678,
    "ndcg_at_20": 0.41382,
    "ndcg_at_100": 0.44418,
    "ndcg_at_200": 0.45378,
    "ndcg_at_300": 0.45873,
    "ndcg_at_500": 0.46315,
    "ndcg_at_1000": 0.46741,
    "map_at_1": 0.26749,
    "map_at_3": 0.31986,
    "map_at_5": 0.33398,
    "map_at_10": 0.34755,
    "map_at_20": 0.35246,
    "map_at_100": 0.35699,
    "map_at_200": 0.35755,
    "map_at_300": 0.35773,
    "map_at_500": 0.35785,
    "map_at_1000": 0.35792,
    "recall_at_1": 0.26749,
    "recall_at_3": 0.38403,
    "recall_at_5": 0.43912,
    "recall_at_10": 0.53243,
    "recall_at_20": 0.59726,
    "recall_at_100": 0.7518,
    "recall_at_200": 0.81619,
    "recall_at_300": 0.8532,
    "recall_at_500": 0.88875,
    "recall_at_1000": 0.92596,
    "precision_at_1": 0.28475,
    "precision_at_3": 0.14313,
    "precision_at_5": 0.09966,
    "precision_at_10": 0.06113,
    "precision_at_20": 0.03452,
    "precision_at_100": 0.00892,
    "precision_at_200": 0.00489,
    "precision_at_300": 0.00342,
    "precision_at_500": 0.00215,
    "precision_at_1000": 0.00113,
    "mrr_at_1": 0.28475,
    "mrr_at_3": 0.34068,
    "mrr_at_5": 0.35305,
    "mrr_at_10": 0.36521,
    "mrr_at_20": 0.36978,
    "mrr_at_100": 0.37364,
    "mrr_at_200": 0.37408,
    "mrr_at_300": 0.37422,
    "mrr_at_500": 0.37431,
    "mrr_at_1000": 0.37436
}