{
    "ndcg_at_1": 0.2747,
    "ndcg_at_3": 0.30702,
    "ndcg_at_5": 0.32639,
    "ndcg_at_10": 0.35379,
    "ndcg_at_20": 0.37483,
    "ndcg_at_100": 0.41047,
    "ndcg_at_200": 0.42025,
    "ndcg_at_300": 0.42678,
    "ndcg_at_500": 0.43376,
    "ndcg_at_1000": 0.44052,
    "map_at_1": 0.22923,
    "map_at_3": 0.27492,
    "map_at_5": 0.2883,
    "map_at_10": 0.30236,
    "map_at_20": 0.31001,
    "map_at_100": 0.31664,
    "map_at_200": 0.31769,
    "map_at_300": 0.3181,
    "map_at_500": 0.3185,
    "map_at_1000": 0.31876,
    "recall_at_1": 0.22923,
    "recall_at_3": 0.31946,
    "recall_at_5": 0.36998,
    "recall_at_10": 0.45329,
    "recall_at_20": 0.53453,
    "recall_at_100": 0.70839,
    "recall_at_200": 0.76497,
    "recall_at_300": 0.80836,
    "recall_at_500": 0.85454,
    "recall_at_1000": 0.90367,
    "precision_at_1": 0.2747,
    "precision_at_3": 0.13966,
    "precision_at_5": 0.10316,
    "precision_at_10": 0.06759,
    "precision_at_20": 0.04298,
    "precision_at_100": 0.01358,
    "precision_at_200": 0.00805,
    "precision_at_300": 0.00592,
    "precision_at_500": 0.00404,
    "precision_at_1000": 0.00228,
    "mrr_at_1": 0.2747,
    "mrr_at_3": 0.31851,
    "mrr_at_5": 0.33264,
    "mrr_at_10": 0.34467,
    "mrr_at_20": 0.35047,
    "mrr_at_100": 0.35455,
    "mrr_at_200": 0.35483,
    "mrr_at_300": 0.35499,
    "mrr_at_500": 0.35508,
    "mrr_at_1000": 0.35514
}