{
    "ndcg_at_1": 0.238,
    "ndcg_at_3": 0.19659,
    "ndcg_at_5": 0.16702,
    "ndcg_at_10": 0.20266,
    "ndcg_at_20": 0.23195,
    "ndcg_at_100": 0.28348,
    "ndcg_at_200": 0.30036,
    "ndcg_at_300": 0.30905,
    "ndcg_at_500": 0.31965,
    "ndcg_at_1000": 0.3344,
    "map_at_1": 0.04838,
    "map_at_3": 0.08709,
    "map_at_5": 0.10218,
    "map_at_10": 0.11985,
    "map_at_20": 0.13086,
    "map_at_100": 0.14119,
    "map_at_200": 0.14272,
    "map_at_300": 0.14325,
    "map_at_500": 0.14369,
    "map_at_1000": 0.14409,
    "recall_at_1": 0.04838,
    "recall_at_3": 0.11233,
    "recall_at_5": 0.14657,
    "recall_at_10": 0.21175,
    "recall_at_20": 0.28043,
    "recall_at_100": 0.44738,
    "recall_at_200": 0.51897,
    "recall_at_300": 0.55988,
    "recall_at_500": 0.61385,
    "recall_at_1000": 0.69685,
    "precision_at_1": 0.238,
    "precision_at_3": 0.18467,
    "precision_at_5": 0.1444,
    "precision_at_10": 0.1045,
    "precision_at_20": 0.0692,
    "precision_at_100": 0.02203,
    "precision_at_200": 0.01278,
    "precision_at_300": 0.00919,
    "precision_at_500": 0.00605,
    "precision_at_1000": 0.00343,
    "mrr_at_1": 0.238,
    "mrr_at_3": 0.322,
    "mrr_at_5": 0.33445,
    "mrr_at_10": 0.35,
    "mrr_at_20": 0.35619,
    "mrr_at_100": 0.36052,
    "mrr_at_200": 0.36086,
    "mrr_at_300": 0.36096,
    "mrr_at_500": 0.36104,
    "mrr_at_1000": 0.36107
}