{
    "ndcg_at_1": 0.09589,
    "ndcg_at_3": 0.11447,
    "ndcg_at_5": 0.12416,
    "ndcg_at_10": 0.14196,
    "ndcg_at_20": 0.15672,
    "ndcg_at_100": 0.18943,
    "ndcg_at_200": 0.20037,
    "ndcg_at_300": 0.20648,
    "ndcg_at_500": 0.213,
    "ndcg_at_1000": 0.22172,
    "map_at_1": 0.07488,
    "map_at_3": 0.09831,
    "map_at_5": 0.10476,
    "map_at_10": 0.1126,
    "map_at_20": 0.11711,
    "map_at_100": 0.12168,
    "map_at_200": 0.12229,
    "map_at_300": 0.12252,
    "map_at_500": 0.12269,
    "map_at_1000": 0.12284,
    "recall_at_1": 0.07488,
    "recall_at_3": 0.12712,
    "recall_at_5": 0.15288,
    "recall_at_10": 0.2063,
    "recall_at_20": 0.2587,
    "recall_at_100": 0.423,
    "recall_at_200": 0.49409,
    "recall_at_300": 0.53711,
    "recall_at_500": 0.58539,
    "recall_at_1000": 0.6576,
    "precision_at_1": 0.09589,
    "precision_at_3": 0.0567,
    "precision_at_5": 0.04155,
    "precision_at_10": 0.0282,
    "precision_at_20": 0.01844,
    "precision_at_100": 0.00626,
    "precision_at_200": 0.0037,
    "precision_at_300": 0.00273,
    "precision_at_500": 0.00183,
    "precision_at_1000": 0.00105,
    "mrr_at_1": 0.09589,
    "mrr_at_3": 0.125,
    "mrr_at_5": 0.13191,
    "mrr_at_10": 0.14019,
    "mrr_at_20": 0.14412,
    "mrr_at_100": 0.14856,
    "mrr_at_200": 0.14908,
    "mrr_at_300": 0.14926,
    "mrr_at_500": 0.14939,
    "mrr_at_1000": 0.14949
}