{
    "ndcg_at_1": 0.215,
    "ndcg_at_3": 0.17996,
    "ndcg_at_5": 0.16027,
    "ndcg_at_10": 0.19336,
    "ndcg_at_20": 0.22128,
    "ndcg_at_100": 0.27095,
    "ndcg_at_200": 0.2884,
    "ndcg_at_300": 0.29841,
    "ndcg_at_500": 0.31071,
    "ndcg_at_1000": 0.32521,
    "map_at_1": 0.04368,
    "map_at_3": 0.08051,
    "map_at_5": 0.09811,
    "map_at_10": 0.11417,
    "map_at_20": 0.1246,
    "map_at_100": 0.13452,
    "map_at_200": 0.13601,
    "map_at_300": 0.13659,
    "map_at_500": 0.13711,
    "map_at_1000": 0.13752,
    "recall_at_1": 0.04368,
    "recall_at_3": 0.10298,
    "recall_at_5": 0.14532,
    "recall_at_10": 0.20587,
    "recall_at_20": 0.27163,
    "recall_at_100": 0.43283,
    "recall_at_200": 0.50713,
    "recall_at_300": 0.55443,
    "recall_at_500": 0.61702,
    "recall_at_1000": 0.69832,
    "precision_at_1": 0.215,
    "precision_at_3": 0.16967,
    "precision_at_5": 0.1434,
    "precision_at_10": 0.1016,
    "precision_at_20": 0.06695,
    "precision_at_100": 0.02132,
    "precision_at_200": 0.01248,
    "precision_at_300": 0.00909,
    "precision_at_500": 0.00608,
    "precision_at_1000": 0.00344,
    "mrr_at_1": 0.215,
    "mrr_at_3": 0.28883,
    "mrr_at_5": 0.30898,
    "mrr_at_10": 0.32555,
    "mrr_at_20": 0.33126,
    "mrr_at_100": 0.33563,
    "mrr_at_200": 0.33601,
    "mrr_at_300": 0.33611,
    "mrr_at_500": 0.33618,
    "mrr_at_1000": 0.33622
}