{
    "ndcg_at_1": 0.17068,
    "ndcg_at_3": 0.20862,
    "ndcg_at_5": 0.22721,
    "ndcg_at_10": 0.25247,
    "ndcg_at_20": 0.27506,
    "ndcg_at_100": 0.31067,
    "ndcg_at_200": 0.32358,
    "ndcg_at_300": 0.33009,
    "ndcg_at_500": 0.33653,
    "ndcg_at_1000": 0.34289,
    "map_at_1": 0.13989,
    "map_at_3": 0.18324,
    "map_at_5": 0.19547,
    "map_at_10": 0.20686,
    "map_at_20": 0.21368,
    "map_at_100": 0.21908,
    "map_at_200": 0.2199,
    "map_at_300": 0.22017,
    "map_at_500": 0.22037,
    "map_at_1000": 0.2205,
    "recall_at_1": 0.13989,
    "recall_at_3": 0.23358,
    "recall_at_5": 0.28216,
    "recall_at_10": 0.35823,
    "recall_at_20": 0.44073,
    "recall_at_100": 0.61778,
    "recall_at_200": 0.70005,
    "recall_at_300": 0.74517,
    "recall_at_500": 0.79361,
    "recall_at_1000": 0.84501,
    "precision_at_1": 0.17068,
    "precision_at_3": 0.10002,
    "precision_at_5": 0.07392,
    "precision_at_10": 0.0479,
    "precision_at_20": 0.03054,
    "precision_at_100": 0.00907,
    "precision_at_200": 0.00531,
    "precision_at_300": 0.00384,
    "precision_at_500": 0.00251,
    "precision_at_1000": 0.00137,
    "mrr_at_1": 0.17068,
    "mrr_at_3": 0.218,
    "mrr_at_5": 0.22978,
    "mrr_at_10": 0.24095,
    "mrr_at_20": 0.2471,
    "mrr_at_100": 0.25152,
    "mrr_at_200": 0.25206,
    "mrr_at_300": 0.25223,
    "mrr_at_500": 0.25234,
    "mrr_at_1000": 0.2524
}