{
    "ndcg_at_1": 0.13622,
    "ndcg_at_3": 0.11189,
    "ndcg_at_5": 0.10221,
    "ndcg_at_10": 0.09668,
    "ndcg_at_20": 0.09232,
    "ndcg_at_100": 0.11405,
    "ndcg_at_200": 0.13313,
    "ndcg_at_300": 0.14792,
    "ndcg_at_500": 0.17243,
    "ndcg_at_1000": 0.2166,
    "map_at_1": 0.00953,
    "map_at_3": 0.01428,
    "map_at_5": 0.01704,
    "map_at_10": 0.02051,
    "map_at_20": 0.02406,
    "map_at_100": 0.03076,
    "map_at_200": 0.03322,
    "map_at_300": 0.03484,
    "map_at_500": 0.03691,
    "map_at_1000": 0.04008,
    "recall_at_1": 0.00953,
    "recall_at_3": 0.01775,
    "recall_at_5": 0.02557,
    "recall_at_10": 0.03818,
    "recall_at_20": 0.06093,
    "recall_at_100": 0.15555,
    "recall_at_200": 0.22028,
    "recall_at_300": 0.26954,
    "recall_at_500": 0.35277,
    "recall_at_1000": 0.50237,
    "precision_at_1": 0.14241,
    "precision_at_3": 0.10836,
    "precision_at_5": 0.09102,
    "precision_at_10": 0.07926,
    "precision_at_20": 0.06192,
    "precision_at_100": 0.03728,
    "precision_at_200": 0.02844,
    "precision_at_300": 0.02487,
    "precision_at_500": 0.02078,
    "precision_at_1000": 0.01676,
    "mrr_at_1": 0.14241,
    "mrr_at_3": 0.18576,
    "mrr_at_5": 0.19567,
    "mrr_at_10": 0.20719,
    "mrr_at_20": 0.21317,
    "mrr_at_100": 0.21902,
    "mrr_at_200": 0.21953,
    "mrr_at_300": 0.21971,
    "mrr_at_500": 0.21985,
    "mrr_at_1000": 0.21992
}