{
    "ndcg_at_1": 0.01538,
    "ndcg_at_3": 0.01994,
    "ndcg_at_5": 0.01441,
    "ndcg_at_10": 0.00935,
    "ndcg_at_20": 0.00935,
    "ndcg_at_100": 0.01369,
    "ndcg_at_200": 0.01556,
    "ndcg_at_300": 0.01725,
    "ndcg_at_500": 0.02,
    "ndcg_at_1000": 0.02361,
    "map_at_1": 0.00154,
    "map_at_3": 0.00436,
    "map_at_5": 0.00436,
    "map_at_10": 0.00436,
    "map_at_20": 0.00436,
    "map_at_100": 0.00477,
    "map_at_200": 0.00487,
    "map_at_300": 0.0049,
    "map_at_500": 0.00494,
    "map_at_1000": 0.00499,
    "recall_at_1": 0.00154,
    "recall_at_3": 0.00615,
    "recall_at_5": 0.00615,
    "recall_at_10": 0.00615,
    "recall_at_20": 0.00615,
    "recall_at_100": 0.01692,
    "recall_at_200": 0.02308,
    "recall_at_300": 0.02923,
    "recall_at_500": 0.04,
    "recall_at_1000": 0.05538,
    "precision_at_1": 0.01538,
    "precision_at_3": 0.02051,
    "precision_at_5": 0.01231,
    "precision_at_10": 0.00615,
    "precision_at_20": 0.00308,
    "precision_at_100": 0.00169,
    "precision_at_200": 0.00115,
    "precision_at_300": 0.00097,
    "precision_at_500": 0.0008,
    "precision_at_1000": 0.00055,
    "mrr_at_1": 0.01538,
    "mrr_at_3": 0.02821,
    "mrr_at_5": 0.02821,
    "mrr_at_10": 0.02821,
    "mrr_at_20": 0.02821,
    "mrr_at_100": 0.02963,
    "mrr_at_200": 0.02986,
    "mrr_at_300": 0.03005,
    "mrr_at_500": 0.0302,
    "mrr_at_1000": 0.03028,
    "rc_at_1": {
        "relevant": 0.01538,
        "distractor": 0.04615
    },
    "rc_at_3": {
        "relevant": 0.06154,
        "distractor": 0.07692
    },
    "rc_at_5": {
        "relevant": 0.06154,
        "distractor": 0.10769
    },
    "rc_at_10": {
        "relevant": 0.06154,
        "distractor": 0.18462
    },
    "rc_at_20": {
        "relevant": 0.06154,
        "distractor": 0.30769
    },
    "rc_at_100": {
        "relevant": 0.16923,
        "distractor": 0.76923
    },
    "rc_at_200": {
        "relevant": 0.23077,
        "distractor": 1.24615
    },
    "rc_at_300": {
        "relevant": 0.29231,
        "distractor": 1.53846
    },
    "rc_at_500": {
        "relevant": 0.4,
        "distractor": 2.13846
    },
    "rc_at_1000": {
        "relevant": 0.55385,
        "distractor": 3.2
    }
}