{
    "ndcg_at_1": 0.27273,
    "ndcg_at_3": 0.21056,
    "ndcg_at_5": 0.17766,
    "ndcg_at_10": 0.13495,
    "ndcg_at_20": 0.14915,
    "ndcg_at_100": 0.19763,
    "ndcg_at_200": 0.21767,
    "ndcg_at_300": 0.22673,
    "ndcg_at_500": 0.23405,
    "ndcg_at_1000": 0.24734,
    "map_at_1": 0.02727,
    "map_at_3": 0.0503,
    "map_at_5": 0.06312,
    "map_at_10": 0.07283,
    "map_at_20": 0.07844,
    "map_at_100": 0.08834,
    "map_at_200": 0.09012,
    "map_at_300": 0.09085,
    "map_at_500": 0.09122,
    "map_at_1000": 0.09163,
    "recall_at_1": 0.02727,
    "recall_at_3": 0.05818,
    "recall_at_5": 0.07636,
    "recall_at_10": 0.10364,
    "recall_at_20": 0.12909,
    "recall_at_100": 0.25091,
    "recall_at_200": 0.31636,
    "recall_at_300": 0.34909,
    "recall_at_500": 0.37818,
    "recall_at_1000": 0.43455,
    "precision_at_1": 0.27273,
    "precision_at_3": 0.19394,
    "precision_at_5": 0.15273,
    "precision_at_10": 0.10364,
    "precision_at_20": 0.06455,
    "precision_at_100": 0.02509,
    "precision_at_200": 0.01582,
    "precision_at_300": 0.01164,
    "precision_at_500": 0.00756,
    "precision_at_1000": 0.00435,
    "mrr_at_1": 0.27273,
    "mrr_at_3": 0.32727,
    "mrr_at_5": 0.33545,
    "mrr_at_10": 0.34517,
    "mrr_at_20": 0.34883,
    "mrr_at_100": 0.35262,
    "mrr_at_200": 0.35314,
    "mrr_at_300": 0.35337,
    "mrr_at_500": 0.35337,
    "mrr_at_1000": 0.35347,
    "rc_at_1": {
        "relevant": 0.27273,
        "distractor": 0.32727
    },
    "rc_at_3": {
        "relevant": 0.58182,
        "distractor": 0.85455
    },
    "rc_at_5": {
        "relevant": 0.76364,
        "distractor": 1.25455
    },
    "rc_at_10": {
        "relevant": 1.03636,
        "distractor": 2.36364
    },
    "rc_at_20": {
        "relevant": 1.29091,
        "distractor": 4.25455
    },
    "rc_at_100": {
        "relevant": 2.50909,
        "distractor": 10.83636
    },
    "rc_at_200": {
        "relevant": 3.16364,
        "distractor": 14.89091
    },
    "rc_at_300": {
        "relevant": 3.49091,
        "distractor": 17.58182
    },
    "rc_at_500": {
        "relevant": 3.78182,
        "distractor": 21.32727
    },
    "rc_at_1000": {
        "relevant": 4.34545,
        "distractor": 27.10909
    }
}