{
    "ndcg_at_1": 0.32727,
    "ndcg_at_3": 0.29406,
    "ndcg_at_5": 0.26082,
    "ndcg_at_10": 0.21195,
    "ndcg_at_20": 0.27443,
    "ndcg_at_100": 0.38686,
    "ndcg_at_200": 0.41056,
    "ndcg_at_300": 0.42271,
    "ndcg_at_500": 0.43434,
    "ndcg_at_1000": 0.44187,
    "map_at_1": 0.03273,
    "map_at_3": 0.07273,
    "map_at_5": 0.09573,
    "map_at_10": 0.11963,
    "map_at_20": 0.1472,
    "map_at_100": 0.18185,
    "map_at_200": 0.18579,
    "map_at_300": 0.18702,
    "map_at_500": 0.18783,
    "map_at_1000": 0.18818,
    "recall_at_1": 0.03273,
    "recall_at_3": 0.08545,
    "recall_at_5": 0.12,
    "recall_at_10": 0.18,
    "recall_at_20": 0.29273,
    "recall_at_100": 0.57273,
    "recall_at_200": 0.64909,
    "recall_at_300": 0.69273,
    "recall_at_500": 0.73818,
    "recall_at_1000": 0.77091,
    "precision_at_1": 0.32727,
    "precision_at_3": 0.28485,
    "precision_at_5": 0.24,
    "precision_at_10": 0.18,
    "precision_at_20": 0.14636,
    "precision_at_100": 0.05727,
    "precision_at_200": 0.03245,
    "precision_at_300": 0.02309,
    "precision_at_500": 0.01476,
    "precision_at_1000": 0.00771,
    "mrr_at_1": 0.32727,
    "mrr_at_3": 0.41212,
    "mrr_at_5": 0.42394,
    "mrr_at_10": 0.44022,
    "mrr_at_20": 0.45185,
    "mrr_at_100": 0.45389,
    "mrr_at_200": 0.454,
    "mrr_at_300": 0.454,
    "mrr_at_500": 0.454,
    "mrr_at_1000": 0.45402,
    "rc_at_1": {
        "relevant": 0.32727,
        "distractor": 0.61818
    },
    "rc_at_3": {
        "relevant": 0.85455,
        "distractor": 1.96364
    },
    "rc_at_5": {
        "relevant": 1.2,
        "distractor": 3.36364
    },
    "rc_at_10": {
        "relevant": 1.8,
        "distractor": 6.83636
    },
    "rc_at_20": {
        "relevant": 2.92727,
        "distractor": 13.09091
    },
    "rc_at_100": {
        "relevant": 5.72727,
        "distractor": 40.43636
    },
    "rc_at_200": {
        "relevant": 6.49091,
        "distractor": 50.2
    },
    "rc_at_300": {
        "relevant": 6.92727,
        "distractor": 54.78182
    },
    "rc_at_500": {
        "relevant": 7.38182,
        "distractor": 60.16364
    },
    "rc_at_1000": {
        "relevant": 7.70909,
        "distractor": 66.96364
    }
}