{
    "ndcg_at_1": 0.30909,
    "ndcg_at_3": 0.24358,
    "ndcg_at_5": 0.21876,
    "ndcg_at_10": 0.18015,
    "ndcg_at_20": 0.21572,
    "ndcg_at_100": 0.29377,
    "ndcg_at_200": 0.3112,
    "ndcg_at_300": 0.32336,
    "ndcg_at_500": 0.33729,
    "ndcg_at_1000": 0.35045,
    "map_at_1": 0.03091,
    "map_at_3": 0.05848,
    "map_at_5": 0.07667,
    "map_at_10": 0.09669,
    "map_at_20": 0.11227,
    "map_at_100": 0.13324,
    "map_at_200": 0.13527,
    "map_at_300": 0.13626,
    "map_at_500": 0.13716,
    "map_at_1000": 0.13767,
    "recall_at_1": 0.03091,
    "recall_at_3": 0.06909,
    "recall_at_5": 0.1,
    "recall_at_10": 0.15455,
    "recall_at_20": 0.22,
    "recall_at_100": 0.41273,
    "recall_at_200": 0.46909,
    "recall_at_300": 0.51273,
    "recall_at_500": 0.56727,
    "recall_at_1000": 0.62364,
    "precision_at_1": 0.30909,
    "precision_at_3": 0.2303,
    "precision_at_5": 0.2,
    "precision_at_10": 0.15455,
    "precision_at_20": 0.11,
    "precision_at_100": 0.04127,
    "precision_at_200": 0.02345,
    "precision_at_300": 0.01709,
    "precision_at_500": 0.01135,
    "precision_at_1000": 0.00624,
    "mrr_at_1": 0.30909,
    "mrr_at_3": 0.36667,
    "mrr_at_5": 0.38212,
    "mrr_at_10": 0.39646,
    "mrr_at_20": 0.4019,
    "mrr_at_100": 0.4067,
    "mrr_at_200": 0.40699,
    "mrr_at_300": 0.40699,
    "mrr_at_500": 0.40699,
    "mrr_at_1000": 0.40701,
    "rc_at_1": {
        "relevant": 0.30909,
        "distractor": 0.49091
    },
    "rc_at_3": {
        "relevant": 0.69091,
        "distractor": 1.41818
    },
    "rc_at_5": {
        "relevant": 1.0,
        "distractor": 2.47273
    },
    "rc_at_10": {
        "relevant": 1.54545,
        "distractor": 4.94545
    },
    "rc_at_20": {
        "relevant": 2.2,
        "distractor": 8.90909
    },
    "rc_at_100": {
        "relevant": 4.12727,
        "distractor": 23.69091
    },
    "rc_at_200": {
        "relevant": 4.69091,
        "distractor": 31.10909
    },
    "rc_at_300": {
        "relevant": 5.12727,
        "distractor": 34.87273
    },
    "rc_at_500": {
        "relevant": 5.67273,
        "distractor": 40.14545
    },
    "rc_at_1000": {
        "relevant": 6.23636,
        "distractor": 46.89091
    }
}