{
    "ndcg_at_1": 0.7773,
    "ndcg_at_3": 0.82622,
    "ndcg_at_5": 0.84376,
    "ndcg_at_10": 0.85865,
    "ndcg_at_20": 0.86698,
    "ndcg_at_100": 0.87326,
    "ndcg_at_200": 0.87413,
    "ndcg_at_300": 0.87436,
    "ndcg_at_500": 0.87463,
    "ndcg_at_1000": 0.87471,
    "map_at_1": 0.67479,
    "map_at_3": 0.78591,
    "map_at_5": 0.8051,
    "map_at_10": 0.81682,
    "map_at_20": 0.82156,
    "map_at_100": 0.82386,
    "map_at_200": 0.824,
    "map_at_300": 0.82403,
    "map_at_500": 0.82405,
    "map_at_1000": 0.82405,
    "recall_at_1": 0.67479,
    "recall_at_3": 0.84989,
    "recall_at_5": 0.89863,
    "recall_at_10": 0.94203,
    "recall_at_20": 0.96918,
    "recall_at_100": 0.99223,
    "recall_at_200": 0.99636,
    "recall_at_300": 0.9975,
    "recall_at_500": 0.9991,
    "recall_at_1000": 0.9995,
    "precision_at_1": 0.7773,
    "precision_at_3": 0.3629,
    "precision_at_5": 0.2399,
    "precision_at_10": 0.13172,
    "precision_at_20": 0.07041,
    "precision_at_100": 0.01521,
    "precision_at_200": 0.00772,
    "precision_at_300": 0.00517,
    "precision_at_500": 0.00312,
    "precision_at_1000": 0.00157,
    "mrr_at_1": 0.7773,
    "mrr_at_3": 0.83607,
    "mrr_at_5": 0.84367,
    "mrr_at_10": 0.84761,
    "mrr_at_20": 0.84872,
    "mrr_at_100": 0.84906,
    "mrr_at_200": 0.84908,
    "mrr_at_300": 0.84908,
    "mrr_at_500": 0.84908,
    "mrr_at_1000": 0.84908
}