{
    "ndcg_at_1": 0.34018,
    "ndcg_at_3": 0.39324,
    "ndcg_at_5": 0.41474,
    "ndcg_at_10": 0.4476,
    "ndcg_at_20": 0.47115,
    "ndcg_at_100": 0.50392,
    "ndcg_at_200": 0.5136,
    "ndcg_at_300": 0.51737,
    "ndcg_at_500": 0.52057,
    "ndcg_at_1000": 0.52421,
    "map_at_1": 0.281,
    "map_at_3": 0.35394,
    "map_at_5": 0.37037,
    "map_at_10": 0.3869,
    "map_at_20": 0.39476,
    "map_at_100": 0.40062,
    "map_at_200": 0.4013,
    "map_at_300": 0.40149,
    "map_at_500": 0.40161,
    "map_at_1000": 0.4017,
    "recall_at_1": 0.281,
    "recall_at_3": 0.42449,
    "recall_at_5": 0.48233,
    "recall_at_10": 0.57655,
    "recall_at_20": 0.66015,
    "recall_at_100": 0.81347,
    "recall_at_200": 0.87164,
    "recall_at_300": 0.8958,
    "recall_at_500": 0.91785,
    "recall_at_1000": 0.94511,
    "precision_at_1": 0.34018,
    "precision_at_3": 0.18607,
    "precision_at_5": 0.13082,
    "precision_at_10": 0.08174,
    "precision_at_20": 0.04812,
    "precision_at_100": 0.01267,
    "precision_at_200": 0.007,
    "precision_at_300": 0.00488,
    "precision_at_500": 0.00306,
    "precision_at_1000": 0.00162,
    "mrr_at_1": 0.34018,
    "mrr_at_3": 0.4121,
    "mrr_at_5": 0.42608,
    "mrr_at_10": 0.43893,
    "mrr_at_20": 0.44443,
    "mrr_at_100": 0.44775,
    "mrr_at_200": 0.44807,
    "mrr_at_300": 0.44816,
    "mrr_at_500": 0.44819,
    "mrr_at_1000": 0.44822
}