{
    "ndcg_at_1": 0.38462,
    "ndcg_at_3": 0.2893,
    "ndcg_at_5": 0.26431,
    "ndcg_at_10": 0.22806,
    "ndcg_at_20": 0.27638,
    "ndcg_at_100": 0.45208,
    "ndcg_at_200": 0.50061,
    "ndcg_at_300": 0.50572,
    "ndcg_at_500": 0.51405,
    "ndcg_at_1000": 0.5194,
    "map_at_1": 0.03846,
    "map_at_3": 0.06949,
    "map_at_5": 0.08972,
    "map_at_10": 0.1245,
    "map_at_20": 0.14864,
    "map_at_100": 0.1982,
    "map_at_200": 0.20804,
    "map_at_300": 0.20853,
    "map_at_500": 0.20931,
    "map_at_1000": 0.20957,
    "recall_at_1": 0.03846,
    "recall_at_3": 0.08,
    "recall_at_5": 0.12,
    "recall_at_10": 0.2,
    "recall_at_20": 0.28615,
    "recall_at_100": 0.73846,
    "recall_at_200": 0.89231,
    "recall_at_300": 0.91077,
    "recall_at_500": 0.94308,
    "recall_at_1000": 0.96615,
    "precision_at_1": 0.38462,
    "precision_at_3": 0.26667,
    "precision_at_5": 0.24,
    "precision_at_10": 0.2,
    "precision_at_20": 0.14308,
    "precision_at_100": 0.07385,
    "precision_at_200": 0.04462,
    "precision_at_300": 0.03036,
    "precision_at_500": 0.01886,
    "precision_at_1000": 0.00966,
    "mrr_at_1": 0.38462,
    "mrr_at_3": 0.43333,
    "mrr_at_5": 0.4641,
    "mrr_at_10": 0.47606,
    "mrr_at_20": 0.48411,
    "mrr_at_100": 0.48892,
    "mrr_at_200": 0.48892,
    "mrr_at_300": 0.48892,
    "mrr_at_500": 0.48892,
    "mrr_at_1000": 0.48892,
    "rc_at_1": {
        "relevant": 0.38462,
        "distractor": 0.6
    },
    "rc_at_3": {
        "relevant": 0.8,
        "distractor": 2.18462
    },
    "rc_at_5": {
        "relevant": 1.2,
        "distractor": 3.75385
    },
    "rc_at_10": {
        "relevant": 2.0,
        "distractor": 7.86154
    },
    "rc_at_20": {
        "relevant": 2.86154,
        "distractor": 16.86154
    },
    "rc_at_100": {
        "relevant": 7.38462,
        "distractor": 79.61538
    },
    "rc_at_200": {
        "relevant": 8.92308,
        "distractor": 91.13846
    },
    "rc_at_300": {
        "relevant": 9.10769,
        "distractor": 93.29231
    },
    "rc_at_500": {
        "relevant": 9.43077,
        "distractor": 94.78462
    },
    "rc_at_1000": {
        "relevant": 9.66154,
        "distractor": 96.35385
    }
}