{
    "ndcg_at_1": 0.36923,
    "ndcg_at_3": 0.2667,
    "ndcg_at_5": 0.23742,
    "ndcg_at_10": 0.20538,
    "ndcg_at_20": 0.24116,
    "ndcg_at_100": 0.30642,
    "ndcg_at_200": 0.32976,
    "ndcg_at_300": 0.34343,
    "ndcg_at_500": 0.35288,
    "ndcg_at_1000": 0.3668,
    "map_at_1": 0.03692,
    "map_at_3": 0.06359,
    "map_at_5": 0.08028,
    "map_at_10": 0.10979,
    "map_at_20": 0.12721,
    "map_at_100": 0.14448,
    "map_at_200": 0.14746,
    "map_at_300": 0.14863,
    "map_at_500": 0.14919,
    "map_at_1000": 0.14971,
    "recall_at_1": 0.03692,
    "recall_at_3": 0.07231,
    "recall_at_5": 0.10462,
    "recall_at_10": 0.17692,
    "recall_at_20": 0.24154,
    "recall_at_100": 0.40308,
    "recall_at_200": 0.47846,
    "recall_at_300": 0.52769,
    "recall_at_500": 0.56462,
    "recall_at_1000": 0.62462,
    "precision_at_1": 0.36923,
    "precision_at_3": 0.24103,
    "precision_at_5": 0.20923,
    "precision_at_10": 0.17692,
    "precision_at_20": 0.12077,
    "precision_at_100": 0.04031,
    "precision_at_200": 0.02392,
    "precision_at_300": 0.01759,
    "precision_at_500": 0.01129,
    "precision_at_1000": 0.00625,
    "mrr_at_1": 0.36923,
    "mrr_at_3": 0.41538,
    "mrr_at_5": 0.43538,
    "mrr_at_10": 0.45162,
    "mrr_at_20": 0.45708,
    "mrr_at_100": 0.46068,
    "mrr_at_200": 0.461,
    "mrr_at_300": 0.461,
    "mrr_at_500": 0.46103,
    "mrr_at_1000": 0.46103,
    "rc_at_1": {
        "relevant": 0.36923,
        "distractor": 0.49231
    },
    "rc_at_3": {
        "relevant": 0.72308,
        "distractor": 1.8
    },
    "rc_at_5": {
        "relevant": 1.04615,
        "distractor": 3.15385
    },
    "rc_at_10": {
        "relevant": 1.76923,
        "distractor": 6.03077
    },
    "rc_at_20": {
        "relevant": 2.41538,
        "distractor": 11.56923
    },
    "rc_at_100": {
        "relevant": 4.03077,
        "distractor": 33.29231
    },
    "rc_at_200": {
        "relevant": 4.78462,
        "distractor": 43.03077
    },
    "rc_at_300": {
        "relevant": 5.27692,
        "distractor": 48.23077
    },
    "rc_at_500": {
        "relevant": 5.64615,
        "distractor": 54.41538
    },
    "rc_at_1000": {
        "relevant": 6.24615,
        "distractor": 61.41538
    }
}