{
    "ndcg_at_1": 0.38462,
    "ndcg_at_3": 0.2893,
    "ndcg_at_5": 0.26431,
    "ndcg_at_10": 0.22907,
    "ndcg_at_20": 0.27808,
    "ndcg_at_100": 0.47702,
    "ndcg_at_200": 0.52523,
    "ndcg_at_300": 0.52952,
    "ndcg_at_500": 0.53191,
    "ndcg_at_1000": 0.53298,
    "map_at_1": 0.03846,
    "map_at_3": 0.06949,
    "map_at_5": 0.08972,
    "map_at_10": 0.12485,
    "map_at_20": 0.14922,
    "map_at_100": 0.20502,
    "map_at_200": 0.21522,
    "map_at_300": 0.21582,
    "map_at_500": 0.21606,
    "map_at_1000": 0.21613,
    "recall_at_1": 0.03846,
    "recall_at_3": 0.08,
    "recall_at_5": 0.12,
    "recall_at_10": 0.20154,
    "recall_at_20": 0.28923,
    "recall_at_100": 0.80923,
    "recall_at_200": 0.96154,
    "recall_at_300": 0.97692,
    "recall_at_500": 0.98615,
    "recall_at_1000": 0.99077,
    "precision_at_1": 0.38462,
    "precision_at_3": 0.26667,
    "precision_at_5": 0.24,
    "precision_at_10": 0.20154,
    "precision_at_20": 0.14462,
    "precision_at_100": 0.08092,
    "precision_at_200": 0.04808,
    "precision_at_300": 0.03256,
    "precision_at_500": 0.01972,
    "precision_at_1000": 0.00991,
    "mrr_at_1": 0.38462,
    "mrr_at_3": 0.43333,
    "mrr_at_5": 0.4641,
    "mrr_at_10": 0.47606,
    "mrr_at_20": 0.48426,
    "mrr_at_100": 0.48913,
    "mrr_at_200": 0.48913,
    "mrr_at_300": 0.48913,
    "mrr_at_500": 0.48913,
    "mrr_at_1000": 0.48913,
    "rc_at_1": {
        "relevant": 0.38462,
        "distractor": 0.61538
    },
    "rc_at_3": {
        "relevant": 0.8,
        "distractor": 2.2
    },
    "rc_at_5": {
        "relevant": 1.2,
        "distractor": 3.76923
    },
    "rc_at_10": {
        "relevant": 2.01538,
        "distractor": 7.90769
    },
    "rc_at_20": {
        "relevant": 2.89231,
        "distractor": 16.95385
    },
    "rc_at_100": {
        "relevant": 8.09231,
        "distractor": 85.98462
    },
    "rc_at_200": {
        "relevant": 9.61538,
        "distractor": 96.27692
    },
    "rc_at_300": {
        "relevant": 9.76923,
        "distractor": 97.35385
    },
    "rc_at_500": {
        "relevant": 9.86154,
        "distractor": 98.03077
    },
    "rc_at_1000": {
        "relevant": 9.90769,
        "distractor": 98.89231
    }
}