{
    "ndcg_at_1": 0.36923,
    "ndcg_at_3": 0.27847,
    "ndcg_at_5": 0.25245,
    "ndcg_at_10": 0.21743,
    "ndcg_at_20": 0.26303,
    "ndcg_at_100": 0.37066,
    "ndcg_at_200": 0.39778,
    "ndcg_at_300": 0.40764,
    "ndcg_at_500": 0.41484,
    "ndcg_at_1000": 0.43054,
    "map_at_1": 0.03692,
    "map_at_3": 0.06667,
    "map_at_5": 0.08597,
    "map_at_10": 0.11798,
    "map_at_20": 0.14084,
    "map_at_100": 0.1691,
    "map_at_200": 0.17318,
    "map_at_300": 0.17413,
    "map_at_500": 0.17471,
    "map_at_1000": 0.17544,
    "recall_at_1": 0.03692,
    "recall_at_3": 0.07692,
    "recall_at_5": 0.11385,
    "recall_at_10": 0.18923,
    "recall_at_20": 0.27077,
    "recall_at_100": 0.54462,
    "recall_at_200": 0.63231,
    "recall_at_300": 0.66769,
    "recall_at_500": 0.69538,
    "recall_at_1000": 0.76308,
    "precision_at_1": 0.36923,
    "precision_at_3": 0.25641,
    "precision_at_5": 0.22769,
    "precision_at_10": 0.18923,
    "precision_at_20": 0.13538,
    "precision_at_100": 0.05446,
    "precision_at_200": 0.03162,
    "precision_at_300": 0.02226,
    "precision_at_500": 0.01391,
    "precision_at_1000": 0.00763,
    "mrr_at_1": 0.36923,
    "mrr_at_3": 0.42051,
    "mrr_at_5": 0.44513,
    "mrr_at_10": 0.46136,
    "mrr_at_20": 0.4677,
    "mrr_at_100": 0.47316,
    "mrr_at_200": 0.47316,
    "mrr_at_300": 0.47316,
    "mrr_at_500": 0.47316,
    "mrr_at_1000": 0.47316,
    "rc_at_1": {
        "relevant": 0.36923,
        "distractor": 0.58462
    },
    "rc_at_3": {
        "relevant": 0.76923,
        "distractor": 2.03077
    },
    "rc_at_5": {
        "relevant": 1.13846,
        "distractor": 3.49231
    },
    "rc_at_10": {
        "relevant": 1.89231,
        "distractor": 7.2
    },
    "rc_at_20": {
        "relevant": 2.70769,
        "distractor": 14.61538
    },
    "rc_at_100": {
        "relevant": 5.44615,
        "distractor": 51.10769
    },
    "rc_at_200": {
        "relevant": 6.32308,
        "distractor": 62.38462
    },
    "rc_at_300": {
        "relevant": 6.67692,
        "distractor": 67.76923
    },
    "rc_at_500": {
        "relevant": 6.95385,
        "distractor": 73.04615
    },
    "rc_at_1000": {
        "relevant": 7.63077,
        "distractor": 78.86154
    }
}