{
    "ndcg_at_1": 0.06125,
    "ndcg_at_3": 0.07949,
    "ndcg_at_5": 0.09006,
    "ndcg_at_10": 0.10589,
    "ndcg_at_20": 0.1198,
    "ndcg_at_100": 0.15431,
    "ndcg_at_200": 0.16578,
    "ndcg_at_300": 0.17262,
    "ndcg_at_500": 0.18122,
    "ndcg_at_1000": 0.19311,
    "map_at_1": 0.04665,
    "map_at_3": 0.06684,
    "map_at_5": 0.0735,
    "map_at_10": 0.08018,
    "map_at_20": 0.08408,
    "map_at_100": 0.08874,
    "map_at_200": 0.08941,
    "map_at_300": 0.08966,
    "map_at_500": 0.0899,
    "map_at_1000": 0.09011,
    "recall_at_1": 0.04665,
    "recall_at_3": 0.09215,
    "recall_at_5": 0.11943,
    "recall_at_10": 0.16731,
    "recall_at_20": 0.21928,
    "recall_at_100": 0.39661,
    "recall_at_200": 0.46943,
    "recall_at_300": 0.51765,
    "recall_at_500": 0.58389,
    "recall_at_1000": 0.68448,
    "precision_at_1": 0.06125,
    "precision_at_3": 0.04003,
    "precision_at_5": 0.03138,
    "precision_at_10": 0.02244,
    "precision_at_20": 0.01504,
    "precision_at_100": 0.00574,
    "precision_at_200": 0.00357,
    "precision_at_300": 0.00268,
    "precision_at_500": 0.00184,
    "precision_at_1000": 0.00111,
    "mrr_at_1": 0.06091,
    "mrr_at_3": 0.08402,
    "mrr_at_5": 0.09156,
    "mrr_at_10": 0.09904,
    "mrr_at_20": 0.10318,
    "mrr_at_100": 0.10778,
    "mrr_at_200": 0.10831,
    "mrr_at_300": 0.10852,
    "mrr_at_500": 0.10868,
    "mrr_at_1000": 0.10882
}