{
    "ndcg_at_1": 0.31437,
    "ndcg_at_3": 0.35551,
    "ndcg_at_5": 0.37458,
    "ndcg_at_10": 0.40199,
    "ndcg_at_20": 0.42299,
    "ndcg_at_100": 0.4571,
    "ndcg_at_200": 0.46767,
    "ndcg_at_300": 0.47104,
    "ndcg_at_500": 0.47452,
    "ndcg_at_1000": 0.47977,
    "map_at_1": 0.2673,
    "map_at_3": 0.32555,
    "map_at_5": 0.33857,
    "map_at_10": 0.35121,
    "map_at_20": 0.35763,
    "map_at_100": 0.36289,
    "map_at_200": 0.36359,
    "map_at_300": 0.36375,
    "map_at_500": 0.36386,
    "map_at_1000": 0.36397,
    "recall_at_1": 0.2673,
    "recall_at_3": 0.3869,
    "recall_at_5": 0.43664,
    "recall_at_10": 0.51431,
    "recall_at_20": 0.58911,
    "recall_at_100": 0.75646,
    "recall_at_200": 0.82209,
    "recall_at_300": 0.84502,
    "recall_at_500": 0.87081,
    "recall_at_1000": 0.91261,
    "precision_at_1": 0.31437,
    "precision_at_3": 0.15858,
    "precision_at_5": 0.10914,
    "precision_at_10": 0.0666,
    "precision_at_20": 0.03932,
    "precision_at_100": 0.01059,
    "precision_at_200": 0.0059,
    "precision_at_300": 0.00408,
    "precision_at_500": 0.00255,
    "precision_at_1000": 0.00136,
    "mrr_at_1": 0.31437,
    "mrr_at_3": 0.3708,
    "mrr_at_5": 0.38279,
    "mrr_at_10": 0.39416,
    "mrr_at_20": 0.39951,
    "mrr_at_100": 0.40337,
    "mrr_at_200": 0.40379,
    "mrr_at_300": 0.40385,
    "mrr_at_500": 0.40391,
    "mrr_at_1000": 0.40395
}