{
    "ndcg_at_1": 0.05329,
    "ndcg_at_3": 0.07227,
    "ndcg_at_5": 0.08404,
    "ndcg_at_10": 0.0972,
    "ndcg_at_20": 0.10962,
    "ndcg_at_100": 0.14148,
    "ndcg_at_200": 0.15464,
    "ndcg_at_300": 0.16231,
    "ndcg_at_500": 0.17112,
    "ndcg_at_1000": 0.18189,
    "map_at_1": 0.04346,
    "map_at_3": 0.06172,
    "map_at_5": 0.06865,
    "map_at_10": 0.07406,
    "map_at_20": 0.07753,
    "map_at_100": 0.08167,
    "map_at_200": 0.0824,
    "map_at_300": 0.08266,
    "map_at_500": 0.08289,
    "map_at_1000": 0.08306,
    "recall_at_1": 0.04346,
    "recall_at_3": 0.0864,
    "recall_at_5": 0.11499,
    "recall_at_10": 0.15441,
    "recall_at_20": 0.20286,
    "recall_at_100": 0.36973,
    "recall_at_200": 0.45712,
    "recall_at_300": 0.51427,
    "recall_at_500": 0.58385,
    "recall_at_1000": 0.67786,
    "precision_at_1": 0.05329,
    "precision_at_3": 0.03636,
    "precision_at_5": 0.02884,
    "precision_at_10": 0.01956,
    "precision_at_20": 0.0127,
    "precision_at_100": 0.00483,
    "precision_at_200": 0.00302,
    "precision_at_300": 0.00227,
    "precision_at_500": 0.00157,
    "precision_at_1000": 0.00092,
    "mrr_at_1": 0.05266,
    "mrr_at_3": 0.0768,
    "mrr_at_5": 0.08332,
    "mrr_at_10": 0.08996,
    "mrr_at_20": 0.09313,
    "mrr_at_100": 0.09718,
    "mrr_at_200": 0.09786,
    "mrr_at_300": 0.09807,
    "mrr_at_500": 0.09826,
    "mrr_at_1000": 0.0984
}