{
    "ndcg_at_1": 0.09379,
    "ndcg_at_3": 0.12785,
    "ndcg_at_5": 0.14668,
    "ndcg_at_10": 0.16215,
    "ndcg_at_20": 0.17613,
    "ndcg_at_100": 0.21,
    "ndcg_at_200": 0.22425,
    "ndcg_at_300": 0.23226,
    "ndcg_at_500": 0.24094,
    "ndcg_at_1000": 0.25085,
    "map_at_1": 0.08672,
    "map_at_3": 0.11572,
    "map_at_5": 0.12656,
    "map_at_10": 0.13302,
    "map_at_20": 0.13688,
    "map_at_100": 0.1414,
    "map_at_200": 0.14219,
    "map_at_300": 0.14247,
    "map_at_500": 0.14269,
    "map_at_1000": 0.14284,
    "recall_at_1": 0.08672,
    "recall_at_3": 0.15158,
    "recall_at_5": 0.19647,
    "recall_at_10": 0.24247,
    "recall_at_20": 0.29529,
    "recall_at_100": 0.47291,
    "recall_at_200": 0.57051,
    "recall_at_300": 0.63122,
    "recall_at_500": 0.70127,
    "recall_at_1000": 0.79019,
    "precision_at_1": 0.09379,
    "precision_at_3": 0.0565,
    "precision_at_5": 0.04497,
    "precision_at_10": 0.02825,
    "precision_at_20": 0.01734,
    "precision_at_100": 0.00566,
    "precision_at_200": 0.00342,
    "precision_at_300": 0.00253,
    "precision_at_500": 0.0017,
    "precision_at_1000": 0.00096,
    "mrr_at_1": 0.09379,
    "mrr_at_3": 0.12542,
    "mrr_at_5": 0.13638,
    "mrr_at_10": 0.14305,
    "mrr_at_20": 0.14713,
    "mrr_at_100": 0.15162,
    "mrr_at_200": 0.1523,
    "mrr_at_300": 0.15253,
    "mrr_at_500": 0.15272,
    "mrr_at_1000": 0.15285
}