{
    "ndcg_at_1": 0.31423,
    "ndcg_at_3": 0.37213,
    "ndcg_at_5": 0.38841,
    "ndcg_at_10": 0.41109,
    "ndcg_at_20": 0.43593,
    "ndcg_at_100": 0.47388,
    "ndcg_at_200": 0.4823,
    "ndcg_at_300": 0.48702,
    "ndcg_at_500": 0.49166,
    "ndcg_at_1000": 0.49685,
    "map_at_1": 0.26342,
    "map_at_3": 0.33108,
    "map_at_5": 0.34314,
    "map_at_10": 0.35556,
    "map_at_20": 0.36451,
    "map_at_100": 0.37233,
    "map_at_200": 0.3735,
    "map_at_300": 0.37394,
    "map_at_500": 0.37425,
    "map_at_1000": 0.3745,
    "recall_at_1": 0.26342,
    "recall_at_3": 0.4034,
    "recall_at_5": 0.44742,
    "recall_at_10": 0.51388,
    "recall_at_20": 0.60872,
    "recall_at_100": 0.78893,
    "recall_at_200": 0.83536,
    "recall_at_300": 0.86395,
    "recall_at_500": 0.89531,
    "recall_at_1000": 0.93265,
    "precision_at_1": 0.31423,
    "precision_at_3": 0.17325,
    "precision_at_5": 0.12332,
    "precision_at_10": 0.07767,
    "precision_at_20": 0.04931,
    "precision_at_100": 0.01569,
    "precision_at_200": 0.00927,
    "precision_at_300": 0.00673,
    "precision_at_500": 0.0044,
    "precision_at_1000": 0.00243,
    "mrr_at_1": 0.31423,
    "mrr_at_3": 0.37747,
    "mrr_at_5": 0.3917,
    "mrr_at_10": 0.40014,
    "mrr_at_20": 0.40669,
    "mrr_at_100": 0.41075,
    "mrr_at_200": 0.41101,
    "mrr_at_300": 0.41111,
    "mrr_at_500": 0.41116,
    "mrr_at_1000": 0.4112
}