{
    "ndcg_at_1": 0.29259,
    "ndcg_at_3": 0.33136,
    "ndcg_at_5": 0.35608,
    "ndcg_at_10": 0.38319,
    "ndcg_at_20": 0.40542,
    "ndcg_at_100": 0.43873,
    "ndcg_at_200": 0.44811,
    "ndcg_at_300": 0.45277,
    "ndcg_at_500": 0.45817,
    "ndcg_at_1000": 0.46343,
    "map_at_1": 0.23531,
    "map_at_3": 0.29599,
    "map_at_5": 0.3136,
    "map_at_10": 0.32672,
    "map_at_20": 0.33416,
    "map_at_100": 0.3396,
    "map_at_200": 0.3403,
    "map_at_300": 0.34054,
    "map_at_500": 0.34073,
    "map_at_1000": 0.34086,
    "recall_at_1": 0.23531,
    "recall_at_3": 0.35577,
    "recall_at_5": 0.42012,
    "recall_at_10": 0.50085,
    "recall_at_20": 0.57931,
    "recall_at_100": 0.73912,
    "recall_at_200": 0.79528,
    "recall_at_300": 0.82591,
    "recall_at_500": 0.86471,
    "recall_at_1000": 0.90497,
    "precision_at_1": 0.29259,
    "precision_at_3": 0.1572,
    "precision_at_5": 0.11473,
    "precision_at_10": 0.07113,
    "precision_at_20": 0.04249,
    "precision_at_100": 0.01156,
    "precision_at_200": 0.00643,
    "precision_at_300": 0.00455,
    "precision_at_500": 0.00292,
    "precision_at_1000": 0.00157,
    "mrr_at_1": 0.29259,
    "mrr_at_3": 0.35387,
    "mrr_at_5": 0.36874,
    "mrr_at_10": 0.38027,
    "mrr_at_20": 0.38576,
    "mrr_at_100": 0.38911,
    "mrr_at_200": 0.38944,
    "mrr_at_300": 0.38951,
    "mrr_at_500": 0.3896,
    "mrr_at_1000": 0.38964
}