{
    "ndcg_at_1": 0.18367,
    "ndcg_at_3": 0.15046,
    "ndcg_at_5": 0.15979,
    "ndcg_at_10": 0.14651,
    "ndcg_at_20": 0.16017,
    "ndcg_at_100": 0.23307,
    "ndcg_at_200": 0.26643,
    "ndcg_at_300": 0.28514,
    "ndcg_at_500": 0.31027,
    "ndcg_at_1000": 0.34532,
    "map_at_1": 0.0173,
    "map_at_3": 0.03144,
    "map_at_5": 0.04767,
    "map_at_10": 0.06325,
    "map_at_20": 0.0752,
    "map_at_100": 0.09409,
    "map_at_200": 0.09864,
    "map_at_300": 0.10058,
    "map_at_500": 0.10279,
    "map_at_1000": 0.1049,
    "recall_at_1": 0.0173,
    "recall_at_3": 0.03951,
    "recall_at_5": 0.06883,
    "recall_at_10": 0.10191,
    "recall_at_20": 0.14832,
    "recall_at_100": 0.30506,
    "recall_at_200": 0.39176,
    "recall_at_300": 0.44405,
    "recall_at_500": 0.52498,
    "recall_at_1000": 0.64104,
    "precision_at_1": 0.18367,
    "precision_at_3": 0.14966,
    "precision_at_5": 0.16735,
    "precision_at_10": 0.12449,
    "precision_at_20": 0.09592,
    "precision_at_100": 0.04735,
    "precision_at_200": 0.03235,
    "precision_at_300": 0.02531,
    "precision_at_500": 0.01873,
    "precision_at_1000": 0.01184,
    "mrr_at_1": 0.18367,
    "mrr_at_3": 0.2551,
    "mrr_at_5": 0.27959,
    "mrr_at_10": 0.28299,
    "mrr_at_20": 0.29573,
    "mrr_at_100": 0.30255,
    "mrr_at_200": 0.30272,
    "mrr_at_300": 0.30272,
    "mrr_at_500": 0.3029,
    "mrr_at_1000": 0.3029
}