{
    "ndcg_at_1": 0.25767,
    "ndcg_at_3": 0.29703,
    "ndcg_at_5": 0.3077,
    "ndcg_at_10": 0.33239,
    "ndcg_at_20": 0.3463,
    "ndcg_at_100": 0.37334,
    "ndcg_at_200": 0.38332,
    "ndcg_at_300": 0.38762,
    "ndcg_at_500": 0.39203,
    "ndcg_at_1000": 0.39746,
    "map_at_1": 0.22934,
    "map_at_3": 0.27502,
    "map_at_5": 0.28251,
    "map_at_10": 0.29337,
    "map_at_20": 0.29714,
    "map_at_100": 0.30107,
    "map_at_200": 0.30169,
    "map_at_300": 0.30185,
    "map_at_500": 0.30197,
    "map_at_1000": 0.30206,
    "recall_at_1": 0.22934,
    "recall_at_3": 0.32761,
    "recall_at_5": 0.35539,
    "recall_at_10": 0.42856,
    "recall_at_20": 0.48233,
    "recall_at_100": 0.61719,
    "recall_at_200": 0.68339,
    "recall_at_300": 0.71417,
    "recall_at_500": 0.74951,
    "recall_at_1000": 0.79468,
    "precision_at_1": 0.25767,
    "precision_at_3": 0.1273,
    "precision_at_5": 0.08405,
    "precision_at_10": 0.05169,
    "precision_at_20": 0.02914,
    "precision_at_100": 0.00788,
    "precision_at_200": 0.00439,
    "precision_at_300": 0.00309,
    "precision_at_500": 0.00195,
    "precision_at_1000": 0.00106,
    "mrr_at_1": 0.25767,
    "mrr_at_3": 0.30215,
    "mrr_at_5": 0.30836,
    "mrr_at_10": 0.31904,
    "mrr_at_20": 0.32263,
    "mrr_at_100": 0.32612,
    "mrr_at_200": 0.32657,
    "mrr_at_300": 0.32669,
    "mrr_at_500": 0.32677,
    "mrr_at_1000": 0.32683
}