{
    "ndcg_at_1": 0.16451,
    "ndcg_at_3": 0.21593,
    "ndcg_at_5": 0.2382,
    "ndcg_at_10": 0.26336,
    "ndcg_at_20": 0.28755,
    "ndcg_at_100": 0.32593,
    "ndcg_at_200": 0.33604,
    "ndcg_at_300": 0.34089,
    "ndcg_at_500": 0.34662,
    "ndcg_at_1000": 0.35248,
    "map_at_1": 0.15317,
    "map_at_3": 0.19717,
    "map_at_5": 0.21019,
    "map_at_10": 0.22073,
    "map_at_20": 0.22782,
    "map_at_100": 0.23342,
    "map_at_200": 0.23398,
    "map_at_300": 0.23416,
    "map_at_500": 0.23434,
    "map_at_1000": 0.23446,
    "recall_at_1": 0.15317,
    "recall_at_3": 0.25397,
    "recall_at_5": 0.30718,
    "recall_at_10": 0.38243,
    "recall_at_20": 0.47028,
    "recall_at_100": 0.66781,
    "recall_at_200": 0.73556,
    "recall_at_300": 0.77194,
    "recall_at_500": 0.81587,
    "recall_at_1000": 0.86562,
    "precision_at_1": 0.16451,
    "precision_at_3": 0.09242,
    "precision_at_5": 0.06876,
    "precision_at_10": 0.04362,
    "precision_at_20": 0.028,
    "precision_at_100": 0.00815,
    "precision_at_200": 0.00459,
    "precision_at_300": 0.00325,
    "precision_at_500": 0.00212,
    "precision_at_1000": 0.00115,
    "mrr_at_1": 0.16451,
    "mrr_at_3": 0.21195,
    "mrr_at_5": 0.22443,
    "mrr_at_10": 0.23528,
    "mrr_at_20": 0.2422,
    "mrr_at_100": 0.24717,
    "mrr_at_200": 0.24766,
    "mrr_at_300": 0.24781,
    "mrr_at_500": 0.24791,
    "mrr_at_1000": 0.24797
}