{
    "ndcg_at_1": 0.4556,
    "ndcg_at_3": 0.52159,
    "ndcg_at_5": 0.55115,
    "ndcg_at_10": 0.57934,
    "ndcg_at_20": 0.59886,
    "ndcg_at_100": 0.62241,
    "ndcg_at_200": 0.62767,
    "ndcg_at_300": 0.6298,
    "ndcg_at_500": 0.6319,
    "ndcg_at_1000": 0.63366,
    "map_at_1": 0.395,
    "map_at_3": 0.48224,
    "map_at_5": 0.50337,
    "map_at_10": 0.51816,
    "map_at_20": 0.5251,
    "map_at_100": 0.52974,
    "map_at_200": 0.53015,
    "map_at_300": 0.53026,
    "map_at_500": 0.53034,
    "map_at_1000": 0.53039,
    "recall_at_1": 0.395,
    "recall_at_3": 0.563,
    "recall_at_5": 0.63676,
    "recall_at_10": 0.71961,
    "recall_at_20": 0.78912,
    "recall_at_100": 0.89789,
    "recall_at_200": 0.92998,
    "recall_at_300": 0.94437,
    "recall_at_500": 0.95975,
    "recall_at_1000": 0.97324,
    "precision_at_1": 0.4556,
    "precision_at_3": 0.23413,
    "precision_at_5": 0.1641,
    "precision_at_10": 0.09651,
    "precision_at_20": 0.0548,
    "precision_at_100": 0.01325,
    "precision_at_200": 0.00697,
    "precision_at_300": 0.00475,
    "precision_at_500": 0.00292,
    "precision_at_1000": 0.0015,
    "mrr_at_1": 0.4578,
    "mrr_at_3": 0.53397,
    "mrr_at_5": 0.54889,
    "mrr_at_10": 0.5597,
    "mrr_at_20": 0.56404,
    "mrr_at_100": 0.56642,
    "mrr_at_200": 0.56661,
    "mrr_at_300": 0.56664,
    "mrr_at_500": 0.56668,
    "mrr_at_1000": 0.56669
}