{
    "ndcg_at_1": 0.2,
    "ndcg_at_3": 0.17867,
    "ndcg_at_5": 0.16788,
    "ndcg_at_10": 0.1347,
    "ndcg_at_20": 0.14803,
    "ndcg_at_100": 0.21581,
    "ndcg_at_200": 0.24155,
    "ndcg_at_300": 0.25159,
    "ndcg_at_500": 0.26606,
    "ndcg_at_1000": 0.27909,
    "map_at_1": 0.02,
    "map_at_3": 0.04273,
    "map_at_5": 0.059,
    "map_at_10": 0.07197,
    "map_at_20": 0.07727,
    "map_at_100": 0.09133,
    "map_at_200": 0.09413,
    "map_at_300": 0.09508,
    "map_at_500": 0.09581,
    "map_at_1000": 0.09625,
    "recall_at_1": 0.02,
    "recall_at_3": 0.05091,
    "recall_at_5": 0.07818,
    "recall_at_10": 0.11455,
    "recall_at_20": 0.13818,
    "recall_at_100": 0.30727,
    "recall_at_200": 0.39091,
    "recall_at_300": 0.42727,
    "recall_at_500": 0.48364,
    "recall_at_1000": 0.54,
    "precision_at_1": 0.2,
    "precision_at_3": 0.1697,
    "precision_at_5": 0.15636,
    "precision_at_10": 0.11455,
    "precision_at_20": 0.06909,
    "precision_at_100": 0.03073,
    "precision_at_200": 0.01955,
    "precision_at_300": 0.01424,
    "precision_at_500": 0.00967,
    "precision_at_1000": 0.0054,
    "mrr_at_1": 0.2,
    "mrr_at_3": 0.2697,
    "mrr_at_5": 0.28697,
    "mrr_at_10": 0.30082,
    "mrr_at_20": 0.30461,
    "mrr_at_100": 0.31273,
    "mrr_at_200": 0.3132,
    "mrr_at_300": 0.31327,
    "mrr_at_500": 0.31337,
    "mrr_at_1000": 0.31341,
    "rc_at_1": {
        "relevant": 0.2,
        "distractor": 0.29091
    },
    "rc_at_3": {
        "relevant": 0.50909,
        "distractor": 0.78182
    },
    "rc_at_5": {
        "relevant": 0.78182,
        "distractor": 1.38182
    },
    "rc_at_10": {
        "relevant": 1.14545,
        "distractor": 2.98182
    },
    "rc_at_20": {
        "relevant": 1.38182,
        "distractor": 5.78182
    },
    "rc_at_100": {
        "relevant": 3.07273,
        "distractor": 15.94545
    },
    "rc_at_200": {
        "relevant": 3.90909,
        "distractor": 22.18182
    },
    "rc_at_300": {
        "relevant": 4.27273,
        "distractor": 26.67273
    },
    "rc_at_500": {
        "relevant": 4.83636,
        "distractor": 32.0
    },
    "rc_at_1000": {
        "relevant": 5.4,
        "distractor": 38.87273
    }
}