{
    "ndcg_at_1": 0.36364,
    "ndcg_at_3": 0.27476,
    "ndcg_at_5": 0.27024,
    "ndcg_at_10": 0.21625,
    "ndcg_at_20": 0.27954,
    "ndcg_at_100": 0.4541,
    "ndcg_at_200": 0.49213,
    "ndcg_at_300": 0.49772,
    "ndcg_at_500": 0.50285,
    "ndcg_at_1000": 0.51042,
    "map_at_1": 0.03636,
    "map_at_3": 0.06939,
    "map_at_5": 0.0983,
    "map_at_10": 0.11604,
    "map_at_20": 0.14451,
    "map_at_100": 0.20344,
    "map_at_200": 0.21095,
    "map_at_300": 0.21163,
    "map_at_500": 0.21204,
    "map_at_1000": 0.21239,
    "recall_at_1": 0.03636,
    "recall_at_3": 0.07455,
    "recall_at_5": 0.12545,
    "recall_at_10": 0.18364,
    "recall_at_20": 0.3,
    "recall_at_100": 0.72909,
    "recall_at_200": 0.85091,
    "recall_at_300": 0.87091,
    "recall_at_500": 0.89091,
    "recall_at_1000": 0.92364,
    "precision_at_1": 0.36364,
    "precision_at_3": 0.24848,
    "precision_at_5": 0.25091,
    "precision_at_10": 0.18364,
    "precision_at_20": 0.15,
    "precision_at_100": 0.07291,
    "precision_at_200": 0.04255,
    "precision_at_300": 0.02903,
    "precision_at_500": 0.01782,
    "precision_at_1000": 0.00924,
    "mrr_at_1": 0.36364,
    "mrr_at_3": 0.40303,
    "mrr_at_5": 0.44212,
    "mrr_at_10": 0.47154,
    "mrr_at_20": 0.47345,
    "mrr_at_100": 0.4781,
    "mrr_at_200": 0.4781,
    "mrr_at_300": 0.4781,
    "mrr_at_500": 0.47814,
    "mrr_at_1000": 0.47814,
    "rc_at_1": {
        "relevant": 0.36364,
        "distractor": 0.63636
    },
    "rc_at_3": {
        "relevant": 0.74545,
        "distractor": 2.18182
    },
    "rc_at_5": {
        "relevant": 1.25455,
        "distractor": 3.61818
    },
    "rc_at_10": {
        "relevant": 1.83636,
        "distractor": 7.85455
    },
    "rc_at_20": {
        "relevant": 3.0,
        "distractor": 16.12727
    },
    "rc_at_100": {
        "relevant": 7.29091,
        "distractor": 62.21818
    },
    "rc_at_200": {
        "relevant": 8.50909,
        "distractor": 75.10909
    },
    "rc_at_300": {
        "relevant": 8.70909,
        "distractor": 79.36364
    },
    "rc_at_500": {
        "relevant": 8.90909,
        "distractor": 83.45455
    },
    "rc_at_1000": {
        "relevant": 9.23636,
        "distractor": 88.01818
    }
}