{
    "ndcg_at_1": 0.35875,
    "ndcg_at_3": 0.29186,
    "ndcg_at_5": 0.27194,
    "ndcg_at_10": 0.25231,
    "ndcg_at_20": 0.2477,
    "ndcg_at_100": 0.27631,
    "ndcg_at_200": 0.29549,
    "ndcg_at_300": 0.30604,
    "ndcg_at_500": 0.31846,
    "ndcg_at_1000": 0.33516,
    "map_at_1": 0.05317,
    "map_at_3": 0.0788,
    "map_at_5": 0.08845,
    "map_at_10": 0.10195,
    "map_at_20": 0.11688,
    "map_at_100": 0.13599,
    "map_at_200": 0.13964,
    "map_at_300": 0.14113,
    "map_at_500": 0.14248,
    "map_at_1000": 0.14363,
    "recall_at_1": 0.05317,
    "recall_at_3": 0.08919,
    "recall_at_5": 0.10877,
    "recall_at_10": 0.14285,
    "recall_at_20": 0.19873,
    "recall_at_100": 0.3217,
    "recall_at_200": 0.38061,
    "recall_at_300": 0.4138,
    "recall_at_500": 0.45309,
    "recall_at_1000": 0.51564,
    "precision_at_1": 0.4475,
    "precision_at_3": 0.30667,
    "precision_at_5": 0.259,
    "precision_at_10": 0.19525,
    "precision_at_20": 0.14437,
    "precision_at_100": 0.05845,
    "precision_at_200": 0.03701,
    "precision_at_300": 0.02824,
    "precision_at_500": 0.02002,
    "precision_at_1000": 0.01211,
    "mrr_at_1": 0.4475,
    "mrr_at_3": 0.505,
    "mrr_at_5": 0.52075,
    "mrr_at_10": 0.53023,
    "mrr_at_20": 0.53569,
    "mrr_at_100": 0.53855,
    "mrr_at_200": 0.53876,
    "mrr_at_300": 0.53878,
    "mrr_at_500": 0.5388,
    "mrr_at_1000": 0.53883
}