{
    "ndcg_at_1": 0.12245,
    "ndcg_at_3": 0.10875,
    "ndcg_at_5": 0.10187,
    "ndcg_at_10": 0.09383,
    "ndcg_at_20": 0.09471,
    "ndcg_at_100": 0.14196,
    "ndcg_at_200": 0.15903,
    "ndcg_at_300": 0.16889,
    "ndcg_at_500": 0.18311,
    "ndcg_at_1000": 0.20702,
    "map_at_1": 0.01502,
    "map_at_3": 0.02271,
    "map_at_5": 0.02706,
    "map_at_10": 0.03014,
    "map_at_20": 0.03447,
    "map_at_100": 0.04178,
    "map_at_200": 0.04369,
    "map_at_300": 0.04437,
    "map_at_500": 0.04505,
    "map_at_1000": 0.04609,
    "recall_at_1": 0.01502,
    "recall_at_3": 0.0282,
    "recall_at_5": 0.03887,
    "recall_at_10": 0.05307,
    "recall_at_20": 0.07336,
    "recall_at_100": 0.16966,
    "recall_at_200": 0.22002,
    "recall_at_300": 0.25098,
    "recall_at_500": 0.29314,
    "recall_at_1000": 0.37777,
    "precision_at_1": 0.14286,
    "precision_at_3": 0.12245,
    "precision_at_5": 0.10612,
    "precision_at_10": 0.07959,
    "precision_at_20": 0.05714,
    "precision_at_100": 0.03,
    "precision_at_200": 0.01929,
    "precision_at_300": 0.0149,
    "precision_at_500": 0.01065,
    "precision_at_1000": 0.00708,
    "mrr_at_1": 0.14286,
    "mrr_at_3": 0.21088,
    "mrr_at_5": 0.22007,
    "mrr_at_10": 0.23747,
    "mrr_at_20": 0.23861,
    "mrr_at_100": 0.24749,
    "mrr_at_200": 0.24805,
    "mrr_at_300": 0.24822,
    "mrr_at_500": 0.24828,
    "mrr_at_1000": 0.24833
}