{
    "ndcg_at_1": 0.19593,
    "ndcg_at_3": 0.25291,
    "ndcg_at_5": 0.28184,
    "ndcg_at_10": 0.31331,
    "ndcg_at_20": 0.33934,
    "ndcg_at_100": 0.37463,
    "ndcg_at_200": 0.3844,
    "ndcg_at_300": 0.38856,
    "ndcg_at_500": 0.39457,
    "ndcg_at_1000": 0.39853,
    "map_at_1": 0.17998,
    "map_at_3": 0.23152,
    "map_at_5": 0.24841,
    "map_at_10": 0.2621,
    "map_at_20": 0.26932,
    "map_at_100": 0.27457,
    "map_at_200": 0.27514,
    "map_at_300": 0.27532,
    "map_at_500": 0.27552,
    "map_at_1000": 0.27561,
    "recall_at_1": 0.17998,
    "recall_at_3": 0.29295,
    "recall_at_5": 0.36091,
    "recall_at_10": 0.45348,
    "recall_at_20": 0.55303,
    "recall_at_100": 0.73482,
    "recall_at_200": 0.79917,
    "recall_at_300": 0.82829,
    "recall_at_500": 0.87464,
    "recall_at_1000": 0.90799,
    "precision_at_1": 0.19593,
    "precision_at_3": 0.10967,
    "precision_at_5": 0.08318,
    "precision_at_10": 0.0525,
    "precision_at_20": 0.03262,
    "precision_at_100": 0.00898,
    "precision_at_200": 0.00502,
    "precision_at_300": 0.00354,
    "precision_at_500": 0.00231,
    "precision_at_1000": 0.00122,
    "mrr_at_1": 0.19593,
    "mrr_at_3": 0.25139,
    "mrr_at_5": 0.26821,
    "mrr_at_10": 0.28164,
    "mrr_at_20": 0.28842,
    "mrr_at_100": 0.29274,
    "mrr_at_200": 0.29318,
    "mrr_at_300": 0.29327,
    "mrr_at_500": 0.29336,
    "mrr_at_1000": 0.29341
}