{
    "ndcg_at_1": 0.18376,
    "ndcg_at_3": 0.21936,
    "ndcg_at_5": 0.23656,
    "ndcg_at_10": 0.25575,
    "ndcg_at_20": 0.27147,
    "ndcg_at_100": 0.30173,
    "ndcg_at_200": 0.31347,
    "ndcg_at_300": 0.31958,
    "ndcg_at_500": 0.32639,
    "ndcg_at_1000": 0.33326,
    "map_at_1": 0.15054,
    "map_at_3": 0.19477,
    "map_at_5": 0.20613,
    "map_at_10": 0.21465,
    "map_at_20": 0.21931,
    "map_at_100": 0.22383,
    "map_at_200": 0.22454,
    "map_at_300": 0.22479,
    "map_at_500": 0.22499,
    "map_at_1000": 0.22512,
    "recall_at_1": 0.15054,
    "recall_at_3": 0.24403,
    "recall_at_5": 0.28846,
    "recall_at_10": 0.34508,
    "recall_at_20": 0.40282,
    "recall_at_100": 0.55268,
    "recall_at_200": 0.6278,
    "recall_at_300": 0.67071,
    "recall_at_500": 0.7225,
    "recall_at_1000": 0.77887,
    "precision_at_1": 0.18376,
    "precision_at_3": 0.10427,
    "precision_at_5": 0.07529,
    "precision_at_10": 0.04642,
    "precision_at_20": 0.0278,
    "precision_at_100": 0.00814,
    "precision_at_200": 0.00474,
    "precision_at_300": 0.00343,
    "precision_at_500": 0.00226,
    "precision_at_1000": 0.00125,
    "mrr_at_1": 0.18376,
    "mrr_at_3": 0.23033,
    "mrr_at_5": 0.24172,
    "mrr_at_10": 0.25027,
    "mrr_at_20": 0.25467,
    "mrr_at_100": 0.25842,
    "mrr_at_200": 0.25895,
    "mrr_at_300": 0.25911,
    "mrr_at_500": 0.25923,
    "mrr_at_1000": 0.2593
}