{
    "ndcg_at_1": 0.23636,
    "ndcg_at_3": 0.18182,
    "ndcg_at_5": 0.15423,
    "ndcg_at_10": 0.11459,
    "ndcg_at_20": 0.12998,
    "ndcg_at_100": 0.16195,
    "ndcg_at_200": 0.17682,
    "ndcg_at_300": 0.19043,
    "ndcg_at_500": 0.20068,
    "ndcg_at_1000": 0.21515,
    "map_at_1": 0.02364,
    "map_at_3": 0.04212,
    "map_at_5": 0.05085,
    "map_at_10": 0.05758,
    "map_at_20": 0.0643,
    "map_at_100": 0.0706,
    "map_at_200": 0.072,
    "map_at_300": 0.07276,
    "map_at_500": 0.07323,
    "map_at_1000": 0.07368,
    "recall_at_1": 0.02364,
    "recall_at_3": 0.04909,
    "recall_at_5": 0.06545,
    "recall_at_10": 0.08545,
    "recall_at_20": 0.11273,
    "recall_at_100": 0.19273,
    "recall_at_200": 0.24182,
    "recall_at_300": 0.29091,
    "recall_at_500": 0.33091,
    "recall_at_1000": 0.39273,
    "precision_at_1": 0.23636,
    "precision_at_3": 0.16364,
    "precision_at_5": 0.13091,
    "precision_at_10": 0.08545,
    "precision_at_20": 0.05636,
    "precision_at_100": 0.01927,
    "precision_at_200": 0.01209,
    "precision_at_300": 0.0097,
    "precision_at_500": 0.00662,
    "precision_at_1000": 0.00393,
    "mrr_at_1": 0.23636,
    "mrr_at_3": 0.28788,
    "mrr_at_5": 0.30061,
    "mrr_at_10": 0.3111,
    "mrr_at_20": 0.31383,
    "mrr_at_100": 0.31798,
    "mrr_at_200": 0.31836,
    "mrr_at_300": 0.31859,
    "mrr_at_500": 0.31867,
    "mrr_at_1000": 0.31875,
    "rc_at_1": {
        "relevant": 0.23636,
        "distractor": 0.27273
    },
    "rc_at_3": {
        "relevant": 0.49091,
        "distractor": 0.74545
    },
    "rc_at_5": {
        "relevant": 0.69091,
        "distractor": 1.25455
    },
    "rc_at_10": {
        "relevant": 0.89091,
        "distractor": 2.05455
    },
    "rc_at_20": {
        "relevant": 1.14545,
        "distractor": 3.47273
    },
    "rc_at_100": {
        "relevant": 1.94545,
        "distractor": 9.30909
    },
    "rc_at_200": {
        "relevant": 2.54545,
        "distractor": 13.05455
    },
    "rc_at_300": {
        "relevant": 3.0,
        "distractor": 15.38182
    },
    "rc_at_500": {
        "relevant": 3.4,
        "distractor": 18.89091
    },
    "rc_at_1000": {
        "relevant": 3.92727,
        "distractor": 24.21818
    }
}