{
    "ndcg_at_1": 0.25455,
    "ndcg_at_3": 0.23972,
    "ndcg_at_5": 0.22897,
    "ndcg_at_10": 0.18298,
    "ndcg_at_20": 0.23573,
    "ndcg_at_100": 0.34404,
    "ndcg_at_200": 0.36933,
    "ndcg_at_300": 0.37588,
    "ndcg_at_500": 0.38743,
    "ndcg_at_1000": 0.40431,
    "map_at_1": 0.02545,
    "map_at_3": 0.05636,
    "map_at_5": 0.07627,
    "map_at_10": 0.0954,
    "map_at_20": 0.11851,
    "map_at_100": 0.15042,
    "map_at_200": 0.15433,
    "map_at_300": 0.15496,
    "map_at_500": 0.15568,
    "map_at_1000": 0.15639,
    "recall_at_1": 0.02545,
    "recall_at_3": 0.06909,
    "recall_at_5": 0.10909,
    "recall_at_10": 0.15818,
    "recall_at_20": 0.25273,
    "recall_at_100": 0.52,
    "recall_at_200": 0.60182,
    "recall_at_300": 0.62545,
    "recall_at_500": 0.67091,
    "recall_at_1000": 0.74364,
    "precision_at_1": 0.25455,
    "precision_at_3": 0.2303,
    "precision_at_5": 0.21818,
    "precision_at_10": 0.15818,
    "precision_at_20": 0.12636,
    "precision_at_100": 0.052,
    "precision_at_200": 0.03009,
    "precision_at_300": 0.02085,
    "precision_at_500": 0.01342,
    "precision_at_1000": 0.00744,
    "mrr_at_1": 0.25455,
    "mrr_at_3": 0.36364,
    "mrr_at_5": 0.38727,
    "mrr_at_10": 0.39667,
    "mrr_at_20": 0.40653,
    "mrr_at_100": 0.41014,
    "mrr_at_200": 0.41023,
    "mrr_at_300": 0.41023,
    "mrr_at_500": 0.41027,
    "mrr_at_1000": 0.41027,
    "rc_at_1": {
        "relevant": 0.25455,
        "distractor": 0.6
    },
    "rc_at_3": {
        "relevant": 0.76364,
        "distractor": 1.83636
    },
    "rc_at_5": {
        "relevant": 1.07273,
        "distractor": 3.23636
    },
    "rc_at_10": {
        "relevant": 1.61818,
        "distractor": 6.58182
    },
    "rc_at_20": {
        "relevant": 2.67273,
        "distractor": 12.52727
    },
    "rc_at_100": {
        "relevant": 5.25455,
        "distractor": 37.8
    },
    "rc_at_200": {
        "relevant": 6.03636,
        "distractor": 46.67273
    },
    "rc_at_300": {
        "relevant": 6.30909,
        "distractor": 51.27273
    },
    "rc_at_500": {
        "relevant": 6.72727,
        "distractor": 56.4
    },
    "rc_at_1000": {
        "relevant": 7.43636,
        "distractor": 62.18182
    }
}