{
    "ndcg_at_1": 0.81,
    "ndcg_at_3": 0.79754,
    "ndcg_at_5": 0.77372,
    "ndcg_at_10": 0.75582,
    "ndcg_at_20": 0.71528,
    "ndcg_at_100": 0.58781,
    "ndcg_at_200": 0.51379,
    "ndcg_at_300": 0.48364,
    "ndcg_at_500": 0.47736,
    "ndcg_at_1000": 0.53442,
    "map_at_1": 0.00227,
    "map_at_3": 0.00635,
    "map_at_5": 0.0103,
    "map_at_10": 0.01933,
    "map_at_20": 0.03444,
    "map_at_100": 0.11521,
    "map_at_200": 0.17153,
    "map_at_300": 0.20565,
    "map_at_500": 0.24271,
    "map_at_1000": 0.28106,
    "recall_at_1": 0.00227,
    "recall_at_3": 0.00683,
    "recall_at_5": 0.01115,
    "recall_at_10": 0.02152,
    "recall_at_20": 0.03947,
    "recall_at_100": 0.14847,
    "recall_at_200": 0.23961,
    "recall_at_300": 0.30398,
    "recall_at_500": 0.38705,
    "recall_at_1000": 0.5076,
    "precision_at_1": 0.88,
    "precision_at_3": 0.85333,
    "precision_at_5": 0.828,
    "precision_at_10": 0.812,
    "precision_at_20": 0.762,
    "precision_at_100": 0.6106,
    "precision_at_200": 0.509,
    "precision_at_300": 0.4404,
    "precision_at_500": 0.34748,
    "precision_at_1000": 0.23444,
    "mrr_at_1": 0.88,
    "mrr_at_3": 0.93667,
    "mrr_at_5": 0.93667,
    "mrr_at_10": 0.93667,
    "mrr_at_20": 0.93667,
    "mrr_at_100": 0.93667,
    "mrr_at_200": 0.93667,
    "mrr_at_300": 0.93667,
    "mrr_at_500": 0.93667,
    "mrr_at_1000": 0.93667
}