{
    "ndcg_at_1": 0.43364,
    "ndcg_at_3": 0.38121,
    "ndcg_at_5": 0.38698,
    "ndcg_at_10": 0.41425,
    "ndcg_at_20": 0.44418,
    "ndcg_at_100": 0.48433,
    "ndcg_at_200": 0.49827,
    "ndcg_at_300": 0.50355,
    "ndcg_at_500": 0.50894,
    "ndcg_at_1000": 0.51321,
    "map_at_1": 0.20993,
    "map_at_3": 0.29505,
    "map_at_5": 0.31686,
    "map_at_10": 0.33839,
    "map_at_20": 0.34999,
    "map_at_100": 0.35812,
    "map_at_200": 0.35933,
    "map_at_300": 0.35962,
    "map_at_500": 0.35983,
    "map_at_1000": 0.35994,
    "recall_at_1": 0.20993,
    "recall_at_3": 0.33518,
    "recall_at_5": 0.38602,
    "recall_at_10": 0.4714,
    "recall_at_20": 0.56637,
    "recall_at_100": 0.73052,
    "recall_at_200": 0.80471,
    "recall_at_300": 0.83741,
    "recall_at_500": 0.87373,
    "recall_at_1000": 0.90519,
    "precision_at_1": 0.43364,
    "precision_at_3": 0.25669,
    "precision_at_5": 0.18611,
    "precision_at_10": 0.11744,
    "precision_at_20": 0.07106,
    "precision_at_100": 0.01889,
    "precision_at_200": 0.01054,
    "precision_at_300": 0.00731,
    "precision_at_500": 0.00457,
    "precision_at_1000": 0.00237,
    "mrr_at_1": 0.43364,
    "mrr_at_3": 0.48302,
    "mrr_at_5": 0.49329,
    "mrr_at_10": 0.5033,
    "mrr_at_20": 0.50864,
    "mrr_at_100": 0.51194,
    "mrr_at_200": 0.51222,
    "mrr_at_300": 0.5123,
    "mrr_at_500": 0.51235,
    "mrr_at_1000": 0.51237
}