{
    "ndcg_at_1": 0.34545,
    "ndcg_at_3": 0.28014,
    "ndcg_at_5": 0.25846,
    "ndcg_at_10": 0.21576,
    "ndcg_at_20": 0.28585,
    "ndcg_at_100": 0.4525,
    "ndcg_at_200": 0.49222,
    "ndcg_at_300": 0.49824,
    "ndcg_at_500": 0.50291,
    "ndcg_at_1000": 0.51082,
    "map_at_1": 0.03455,
    "map_at_3": 0.07091,
    "map_at_5": 0.09527,
    "map_at_10": 0.11568,
    "map_at_20": 0.14781,
    "map_at_100": 0.20382,
    "map_at_200": 0.21186,
    "map_at_300": 0.21252,
    "map_at_500": 0.21291,
    "map_at_1000": 0.21325,
    "recall_at_1": 0.03455,
    "recall_at_3": 0.07818,
    "recall_at_5": 0.11818,
    "recall_at_10": 0.18545,
    "recall_at_20": 0.31455,
    "recall_at_100": 0.72545,
    "recall_at_200": 0.85273,
    "recall_at_300": 0.87455,
    "recall_at_500": 0.89273,
    "recall_at_1000": 0.92727,
    "precision_at_1": 0.34545,
    "precision_at_3": 0.26061,
    "precision_at_5": 0.23636,
    "precision_at_10": 0.18545,
    "precision_at_20": 0.15727,
    "precision_at_100": 0.07255,
    "precision_at_200": 0.04264,
    "precision_at_300": 0.02915,
    "precision_at_500": 0.01785,
    "precision_at_1000": 0.00927,
    "mrr_at_1": 0.34545,
    "mrr_at_3": 0.4,
    "mrr_at_5": 0.42909,
    "mrr_at_10": 0.46092,
    "mrr_at_20": 0.46634,
    "mrr_at_100": 0.46919,
    "mrr_at_200": 0.46919,
    "mrr_at_300": 0.46919,
    "mrr_at_500": 0.46923,
    "mrr_at_1000": 0.46923,
    "rc_at_1": {
        "relevant": 0.34545,
        "distractor": 0.65455
    },
    "rc_at_3": {
        "relevant": 0.78182,
        "distractor": 2.16364
    },
    "rc_at_5": {
        "relevant": 1.18182,
        "distractor": 3.69091
    },
    "rc_at_10": {
        "relevant": 1.85455,
        "distractor": 7.87273
    },
    "rc_at_20": {
        "relevant": 3.14545,
        "distractor": 15.98182
    },
    "rc_at_100": {
        "relevant": 7.25455,
        "distractor": 62.78182
    },
    "rc_at_200": {
        "relevant": 8.52727,
        "distractor": 75.43636
    },
    "rc_at_300": {
        "relevant": 8.74545,
        "distractor": 79.65455
    },
    "rc_at_500": {
        "relevant": 8.92727,
        "distractor": 83.87273
    },
    "rc_at_1000": {
        "relevant": 9.27273,
        "distractor": 88.45455
    }
}