{
    "ndcg_at_1": 0.30909,
    "ndcg_at_3": 0.22986,
    "ndcg_at_5": 0.19692,
    "ndcg_at_10": 0.1573,
    "ndcg_at_20": 0.17734,
    "ndcg_at_100": 0.23687,
    "ndcg_at_200": 0.26363,
    "ndcg_at_300": 0.27929,
    "ndcg_at_500": 0.29264,
    "ndcg_at_1000": 0.30446,
    "map_at_1": 0.03091,
    "map_at_3": 0.05667,
    "map_at_5": 0.0723,
    "map_at_10": 0.08657,
    "map_at_20": 0.09361,
    "map_at_100": 0.10541,
    "map_at_200": 0.10839,
    "map_at_300": 0.10957,
    "map_at_500": 0.1103,
    "map_at_1000": 0.11075,
    "recall_at_1": 0.03091,
    "recall_at_3": 0.06182,
    "recall_at_5": 0.08364,
    "recall_at_10": 0.12545,
    "recall_at_20": 0.16182,
    "recall_at_100": 0.31273,
    "recall_at_200": 0.4,
    "recall_at_300": 0.45636,
    "recall_at_500": 0.50909,
    "recall_at_1000": 0.56,
    "precision_at_1": 0.30909,
    "precision_at_3": 0.20606,
    "precision_at_5": 0.16727,
    "precision_at_10": 0.12545,
    "precision_at_20": 0.08091,
    "precision_at_100": 0.03127,
    "precision_at_200": 0.02,
    "precision_at_300": 0.01521,
    "precision_at_500": 0.01018,
    "precision_at_1000": 0.0056,
    "mrr_at_1": 0.30909,
    "mrr_at_3": 0.34848,
    "mrr_at_5": 0.36121,
    "mrr_at_10": 0.37626,
    "mrr_at_20": 0.38663,
    "mrr_at_100": 0.38979,
    "mrr_at_200": 0.39005,
    "mrr_at_300": 0.39005,
    "mrr_at_500": 0.39009,
    "mrr_at_1000": 0.39011,
    "rc_at_1": {
        "relevant": 0.30909,
        "distractor": 0.41818
    },
    "rc_at_3": {
        "relevant": 0.61818,
        "distractor": 1.16364
    },
    "rc_at_5": {
        "relevant": 0.83636,
        "distractor": 1.78182
    },
    "rc_at_10": {
        "relevant": 1.25455,
        "distractor": 3.56364
    },
    "rc_at_20": {
        "relevant": 1.61818,
        "distractor": 6.32727
    },
    "rc_at_100": {
        "relevant": 3.12727,
        "distractor": 16.21818
    },
    "rc_at_200": {
        "relevant": 4.0,
        "distractor": 22.21818
    },
    "rc_at_300": {
        "relevant": 4.56364,
        "distractor": 26.2
    },
    "rc_at_500": {
        "relevant": 5.09091,
        "distractor": 31.74545
    },
    "rc_at_1000": {
        "relevant": 5.6,
        "distractor": 39.14545
    }
}