{
    "ndcg_at_1": 0.24693,
    "ndcg_at_3": 0.28397,
    "ndcg_at_5": 0.30178,
    "ndcg_at_10": 0.32629,
    "ndcg_at_20": 0.33932,
    "ndcg_at_100": 0.36863,
    "ndcg_at_200": 0.37779,
    "ndcg_at_300": 0.38102,
    "ndcg_at_500": 0.38509,
    "ndcg_at_1000": 0.38951,
    "map_at_1": 0.21861,
    "map_at_3": 0.26328,
    "map_at_5": 0.27417,
    "map_at_10": 0.28495,
    "map_at_20": 0.28881,
    "map_at_100": 0.29286,
    "map_at_200": 0.29339,
    "map_at_300": 0.29353,
    "map_at_500": 0.29364,
    "map_at_1000": 0.29372,
    "recall_at_1": 0.21861,
    "recall_at_3": 0.31045,
    "recall_at_5": 0.35636,
    "recall_at_10": 0.43109,
    "recall_at_20": 0.47924,
    "recall_at_100": 0.62967,
    "recall_at_200": 0.68984,
    "recall_at_300": 0.71284,
    "recall_at_500": 0.74397,
    "recall_at_1000": 0.78034,
    "precision_at_1": 0.24693,
    "precision_at_3": 0.12219,
    "precision_at_5": 0.08466,
    "precision_at_10": 0.05169,
    "precision_at_20": 0.02929,
    "precision_at_100": 0.00801,
    "precision_at_200": 0.00446,
    "precision_at_300": 0.0031,
    "precision_at_500": 0.00197,
    "precision_at_1000": 0.00105,
    "mrr_at_1": 0.24693,
    "mrr_at_3": 0.28911,
    "mrr_at_5": 0.30077,
    "mrr_at_10": 0.31053,
    "mrr_at_20": 0.31379,
    "mrr_at_100": 0.31746,
    "mrr_at_200": 0.31789,
    "mrr_at_300": 0.31796,
    "mrr_at_500": 0.31804,
    "mrr_at_1000": 0.31808
}