{
    "ndcg_at_1": 0.27611,
    "ndcg_at_3": 0.33446,
    "ndcg_at_5": 0.36708,
    "ndcg_at_10": 0.39529,
    "ndcg_at_20": 0.42056,
    "ndcg_at_100": 0.45689,
    "ndcg_at_200": 0.46652,
    "ndcg_at_300": 0.47039,
    "ndcg_at_500": 0.47456,
    "ndcg_at_1000": 0.47882,
    "map_at_1": 0.22237,
    "map_at_3": 0.29262,
    "map_at_5": 0.31532,
    "map_at_10": 0.33001,
    "map_at_20": 0.33877,
    "map_at_100": 0.34514,
    "map_at_200": 0.34587,
    "map_at_300": 0.34609,
    "map_at_500": 0.34627,
    "map_at_1000": 0.34639,
    "recall_at_1": 0.22237,
    "recall_at_3": 0.36441,
    "recall_at_5": 0.44992,
    "recall_at_10": 0.53613,
    "recall_at_20": 0.62728,
    "recall_at_100": 0.79662,
    "recall_at_200": 0.85499,
    "recall_at_300": 0.87901,
    "recall_at_500": 0.9065,
    "recall_at_1000": 0.93556,
    "precision_at_1": 0.27611,
    "precision_at_3": 0.16452,
    "precision_at_5": 0.12532,
    "precision_at_10": 0.07854,
    "precision_at_20": 0.04857,
    "precision_at_100": 0.01369,
    "precision_at_200": 0.00755,
    "precision_at_300": 0.00532,
    "precision_at_500": 0.0034,
    "precision_at_1000": 0.00184,
    "mrr_at_1": 0.27611,
    "mrr_at_3": 0.34931,
    "mrr_at_5": 0.37027,
    "mrr_at_10": 0.38187,
    "mrr_at_20": 0.38769,
    "mrr_at_100": 0.39161,
    "mrr_at_200": 0.39197,
    "mrr_at_300": 0.39204,
    "mrr_at_500": 0.39209,
    "mrr_at_1000": 0.39211
}