{
    "ndcg_at_1": 0.17309,
    "ndcg_at_3": 0.20136,
    "ndcg_at_5": 0.21736,
    "ndcg_at_10": 0.239,
    "ndcg_at_20": 0.25569,
    "ndcg_at_100": 0.28626,
    "ndcg_at_200": 0.29691,
    "ndcg_at_300": 0.30301,
    "ndcg_at_500": 0.31016,
    "ndcg_at_1000": 0.31863,
    "map_at_1": 0.14151,
    "map_at_3": 0.17862,
    "map_at_5": 0.18935,
    "map_at_10": 0.19873,
    "map_at_20": 0.20369,
    "map_at_100": 0.20805,
    "map_at_200": 0.20869,
    "map_at_300": 0.20893,
    "map_at_500": 0.20914,
    "map_at_1000": 0.2093,
    "recall_at_1": 0.14151,
    "recall_at_3": 0.22104,
    "recall_at_5": 0.26226,
    "recall_at_10": 0.32766,
    "recall_at_20": 0.38946,
    "recall_at_100": 0.54337,
    "recall_at_200": 0.61111,
    "recall_at_300": 0.65429,
    "recall_at_500": 0.70935,
    "recall_at_1000": 0.78006,
    "precision_at_1": 0.17309,
    "precision_at_3": 0.09555,
    "precision_at_5": 0.06986,
    "precision_at_10": 0.04449,
    "precision_at_20": 0.02684,
    "precision_at_100": 0.00794,
    "precision_at_200": 0.00458,
    "precision_at_300": 0.00332,
    "precision_at_500": 0.00219,
    "precision_at_1000": 0.00124,
    "mrr_at_1": 0.17309,
    "mrr_at_3": 0.21324,
    "mrr_at_5": 0.22389,
    "mrr_at_10": 0.23353,
    "mrr_at_20": 0.23818,
    "mrr_at_100": 0.24198,
    "mrr_at_200": 0.24246,
    "mrr_at_300": 0.24263,
    "mrr_at_500": 0.24276,
    "mrr_at_1000": 0.24284
}