{
    "ndcg_at_1": 0.3179,
    "ndcg_at_3": 0.29689,
    "ndcg_at_5": 0.30172,
    "ndcg_at_10": 0.31997,
    "ndcg_at_20": 0.34508,
    "ndcg_at_100": 0.3861,
    "ndcg_at_200": 0.39903,
    "ndcg_at_300": 0.4053,
    "ndcg_at_500": 0.41376,
    "ndcg_at_1000": 0.42147,
    "map_at_1": 0.16577,
    "map_at_3": 0.22552,
    "map_at_5": 0.24047,
    "map_at_10": 0.25443,
    "map_at_20": 0.26372,
    "map_at_100": 0.2714,
    "map_at_200": 0.27243,
    "map_at_300": 0.27274,
    "map_at_500": 0.27303,
    "map_at_1000": 0.27321,
    "recall_at_1": 0.16577,
    "recall_at_3": 0.26542,
    "recall_at_5": 0.30951,
    "recall_at_10": 0.37105,
    "recall_at_20": 0.44658,
    "recall_at_100": 0.61831,
    "recall_at_200": 0.6873,
    "recall_at_300": 0.72544,
    "recall_at_500": 0.78264,
    "recall_at_1000": 0.83743,
    "precision_at_1": 0.3179,
    "precision_at_3": 0.19907,
    "precision_at_5": 0.1429,
    "precision_at_10": 0.08765,
    "precision_at_20": 0.0544,
    "precision_at_100": 0.01543,
    "precision_at_200": 0.00872,
    "precision_at_300": 0.00615,
    "precision_at_500": 0.00398,
    "precision_at_1000": 0.00215,
    "mrr_at_1": 0.31019,
    "mrr_at_3": 0.36806,
    "mrr_at_5": 0.38333,
    "mrr_at_10": 0.39174,
    "mrr_at_20": 0.39688,
    "mrr_at_100": 0.4005,
    "mrr_at_200": 0.40088,
    "mrr_at_300": 0.401,
    "mrr_at_500": 0.40108,
    "mrr_at_1000": 0.40114
}