{
    "ndcg_at_1": 0.20452,
    "ndcg_at_3": 0.25259,
    "ndcg_at_5": 0.27529,
    "ndcg_at_10": 0.30194,
    "ndcg_at_20": 0.31416,
    "ndcg_at_100": 0.3426,
    "ndcg_at_200": 0.35214,
    "ndcg_at_300": 0.35723,
    "ndcg_at_500": 0.36276,
    "ndcg_at_1000": 0.36998,
    "map_at_1": 0.19128,
    "map_at_3": 0.23491,
    "map_at_5": 0.24803,
    "map_at_10": 0.25946,
    "map_at_20": 0.26314,
    "map_at_100": 0.267,
    "map_at_200": 0.26752,
    "map_at_300": 0.2677,
    "map_at_500": 0.26784,
    "map_at_1000": 0.26794,
    "recall_at_1": 0.19128,
    "recall_at_3": 0.28577,
    "recall_at_5": 0.34019,
    "recall_at_10": 0.42058,
    "recall_at_20": 0.4657,
    "recall_at_100": 0.61527,
    "recall_at_200": 0.68011,
    "recall_at_300": 0.71875,
    "recall_at_500": 0.764,
    "recall_at_1000": 0.82899,
    "precision_at_1": 0.20452,
    "precision_at_3": 0.10584,
    "precision_at_5": 0.07593,
    "precision_at_10": 0.04768,
    "precision_at_20": 0.02689,
    "precision_at_100": 0.00722,
    "precision_at_200": 0.00403,
    "precision_at_300": 0.00284,
    "precision_at_500": 0.00182,
    "precision_at_1000": 0.00099,
    "mrr_at_1": 0.20452,
    "mrr_at_3": 0.25028,
    "mrr_at_5": 0.26367,
    "mrr_at_10": 0.27401,
    "mrr_at_20": 0.27712,
    "mrr_at_100": 0.28075,
    "mrr_at_200": 0.2812,
    "mrr_at_300": 0.28136,
    "mrr_at_500": 0.28148,
    "mrr_at_1000": 0.28157
}