{
    "ndcg_at_1": 0.21818,
    "ndcg_at_3": 0.19685,
    "ndcg_at_5": 0.16748,
    "ndcg_at_10": 0.13262,
    "ndcg_at_20": 0.15735,
    "ndcg_at_100": 0.22637,
    "ndcg_at_200": 0.25334,
    "ndcg_at_300": 0.26345,
    "ndcg_at_500": 0.27804,
    "ndcg_at_1000": 0.28954,
    "map_at_1": 0.02182,
    "map_at_3": 0.04636,
    "map_at_5": 0.05673,
    "map_at_10": 0.06737,
    "map_at_20": 0.07803,
    "map_at_100": 0.09317,
    "map_at_200": 0.0964,
    "map_at_300": 0.09713,
    "map_at_500": 0.09802,
    "map_at_1000": 0.09843,
    "recall_at_1": 0.02182,
    "recall_at_3": 0.05636,
    "recall_at_5": 0.07455,
    "recall_at_10": 0.10909,
    "recall_at_20": 0.15273,
    "recall_at_100": 0.32727,
    "recall_at_200": 0.41455,
    "recall_at_300": 0.45091,
    "recall_at_500": 0.50727,
    "recall_at_1000": 0.55636,
    "precision_at_1": 0.21818,
    "precision_at_3": 0.18788,
    "precision_at_5": 0.14909,
    "precision_at_10": 0.10909,
    "precision_at_20": 0.07636,
    "precision_at_100": 0.03273,
    "precision_at_200": 0.02073,
    "precision_at_300": 0.01503,
    "precision_at_500": 0.01015,
    "precision_at_1000": 0.00556,
    "mrr_at_1": 0.23636,
    "mrr_at_3": 0.3,
    "mrr_at_5": 0.31545,
    "mrr_at_10": 0.32972,
    "mrr_at_20": 0.33558,
    "mrr_at_100": 0.34036,
    "mrr_at_200": 0.34047,
    "mrr_at_300": 0.34054,
    "mrr_at_500": 0.3406,
    "mrr_at_1000": 0.3406,
    "rc_at_1": {
        "relevant": 0.23636,
        "distractor": 0.49091
    },
    "rc_at_3": {
        "relevant": 0.52727,
        "distractor": 1.41818
    },
    "rc_at_5": {
        "relevant": 0.72727,
        "distractor": 2.34545
    },
    "rc_at_10": {
        "relevant": 1.16364,
        "distractor": 4.6
    },
    "rc_at_20": {
        "relevant": 1.58182,
        "distractor": 8.14545
    },
    "rc_at_100": {
        "relevant": 3.34545,
        "distractor": 21.23636
    },
    "rc_at_200": {
        "relevant": 4.16364,
        "distractor": 27.56364
    },
    "rc_at_300": {
        "relevant": 4.67273,
        "distractor": 31.29091
    },
    "rc_at_500": {
        "relevant": 5.12727,
        "distractor": 36.49091
    },
    "rc_at_1000": {
        "relevant": 5.56364,
        "distractor": 42.2
    }
}