{
    "ndcg_at_1": 0.39198,
    "ndcg_at_3": 0.364,
    "ndcg_at_5": 0.37267,
    "ndcg_at_10": 0.39922,
    "ndcg_at_20": 0.42605,
    "ndcg_at_100": 0.4644,
    "ndcg_at_200": 0.47519,
    "ndcg_at_300": 0.48055,
    "ndcg_at_500": 0.48662,
    "ndcg_at_1000": 0.49334,
    "map_at_1": 0.20454,
    "map_at_3": 0.28116,
    "map_at_5": 0.30508,
    "map_at_10": 0.32444,
    "map_at_20": 0.33516,
    "map_at_100": 0.34294,
    "map_at_200": 0.34387,
    "map_at_300": 0.34415,
    "map_at_500": 0.34439,
    "map_at_1000": 0.34456,
    "recall_at_1": 0.20454,
    "recall_at_3": 0.32147,
    "recall_at_5": 0.37794,
    "recall_at_10": 0.46218,
    "recall_at_20": 0.54619,
    "recall_at_100": 0.7027,
    "recall_at_200": 0.75847,
    "recall_at_300": 0.79127,
    "recall_at_500": 0.82986,
    "recall_at_1000": 0.87868,
    "precision_at_1": 0.39198,
    "precision_at_3": 0.2428,
    "precision_at_5": 0.1787,
    "precision_at_10": 0.11173,
    "precision_at_20": 0.06674,
    "precision_at_100": 0.01778,
    "precision_at_200": 0.00978,
    "precision_at_300": 0.00681,
    "precision_at_500": 0.00431,
    "precision_at_1000": 0.00229,
    "mrr_at_1": 0.39198,
    "mrr_at_3": 0.45345,
    "mrr_at_5": 0.46409,
    "mrr_at_10": 0.47559,
    "mrr_at_20": 0.47969,
    "mrr_at_100": 0.48296,
    "mrr_at_200": 0.48325,
    "mrr_at_300": 0.48334,
    "mrr_at_500": 0.48339,
    "mrr_at_1000": 0.48343
}