{
    "ndcg_at_1": 0.475,
    "ndcg_at_3": 0.38534,
    "ndcg_at_5": 0.36245,
    "ndcg_at_10": 0.33347,
    "ndcg_at_20": 0.3184,
    "ndcg_at_100": 0.35188,
    "ndcg_at_200": 0.37534,
    "ndcg_at_300": 0.38908,
    "ndcg_at_500": 0.40467,
    "ndcg_at_1000": 0.42318,
    "map_at_1": 0.0658,
    "map_at_3": 0.10198,
    "map_at_5": 0.11935,
    "map_at_10": 0.13782,
    "map_at_20": 0.15374,
    "map_at_100": 0.18021,
    "map_at_200": 0.18607,
    "map_at_300": 0.18848,
    "map_at_500": 0.19075,
    "map_at_1000": 0.19274,
    "recall_at_1": 0.0658,
    "recall_at_3": 0.11567,
    "recall_at_5": 0.14847,
    "recall_at_10": 0.1886,
    "recall_at_20": 0.23636,
    "recall_at_100": 0.37747,
    "recall_at_200": 0.44559,
    "recall_at_300": 0.48996,
    "recall_at_500": 0.5406,
    "recall_at_1000": 0.60845,
    "precision_at_1": 0.5725,
    "precision_at_3": 0.40333,
    "precision_at_5": 0.3415,
    "precision_at_10": 0.2525,
    "precision_at_20": 0.1805,
    "precision_at_100": 0.07695,
    "precision_at_200": 0.05013,
    "precision_at_300": 0.03859,
    "precision_at_500": 0.02738,
    "precision_at_1000": 0.01684,
    "mrr_at_1": 0.5725,
    "mrr_at_3": 0.63792,
    "mrr_at_5": 0.65229,
    "mrr_at_10": 0.66206,
    "mrr_at_20": 0.66396,
    "mrr_at_100": 0.66535,
    "mrr_at_200": 0.66556,
    "mrr_at_300": 0.66559,
    "mrr_at_500": 0.66561,
    "mrr_at_1000": 0.66562
}