{
    "ndcg_at_1": 0.25455,
    "ndcg_at_3": 0.21056,
    "ndcg_at_5": 0.18351,
    "ndcg_at_10": 0.13347,
    "ndcg_at_20": 0.15079,
    "ndcg_at_100": 0.19372,
    "ndcg_at_200": 0.21431,
    "ndcg_at_300": 0.22541,
    "ndcg_at_500": 0.23845,
    "ndcg_at_1000": 0.25568,
    "map_at_1": 0.02545,
    "map_at_3": 0.0503,
    "map_at_5": 0.06448,
    "map_at_10": 0.07352,
    "map_at_20": 0.08073,
    "map_at_100": 0.0882,
    "map_at_200": 0.09013,
    "map_at_300": 0.09085,
    "map_at_500": 0.09151,
    "map_at_1000": 0.09206,
    "recall_at_1": 0.02545,
    "recall_at_3": 0.06,
    "recall_at_5": 0.08182,
    "recall_at_10": 0.10182,
    "recall_at_20": 0.13273,
    "recall_at_100": 0.24,
    "recall_at_200": 0.30727,
    "recall_at_300": 0.34727,
    "recall_at_500": 0.39818,
    "recall_at_1000": 0.47273,
    "precision_at_1": 0.25455,
    "precision_at_3": 0.2,
    "precision_at_5": 0.16364,
    "precision_at_10": 0.10182,
    "precision_at_20": 0.06636,
    "precision_at_100": 0.024,
    "precision_at_200": 0.01536,
    "precision_at_300": 0.01158,
    "precision_at_500": 0.00796,
    "precision_at_1000": 0.00473,
    "mrr_at_1": 0.25455,
    "mrr_at_3": 0.32424,
    "mrr_at_5": 0.33242,
    "mrr_at_10": 0.33949,
    "mrr_at_20": 0.3469,
    "mrr_at_100": 0.35032,
    "mrr_at_200": 0.35088,
    "mrr_at_300": 0.35112,
    "mrr_at_500": 0.35112,
    "mrr_at_1000": 0.35116,
    "rc_at_1": {
        "relevant": 0.25455,
        "distractor": 0.32727
    },
    "rc_at_3": {
        "relevant": 0.61818,
        "distractor": 0.94545
    },
    "rc_at_5": {
        "relevant": 0.83636,
        "distractor": 1.63636
    },
    "rc_at_10": {
        "relevant": 1.01818,
        "distractor": 3.01818
    },
    "rc_at_20": {
        "relevant": 1.38182,
        "distractor": 5.16364
    },
    "rc_at_100": {
        "relevant": 2.41818,
        "distractor": 12.58182
    },
    "rc_at_200": {
        "relevant": 3.07273,
        "distractor": 16.78182
    },
    "rc_at_300": {
        "relevant": 3.50909,
        "distractor": 19.76364
    },
    "rc_at_500": {
        "relevant": 3.98182,
        "distractor": 24.05455
    },
    "rc_at_1000": {
        "relevant": 4.72727,
        "distractor": 30.89091
    }
}