{
    "ndcg_at_1": 0.03754,
    "ndcg_at_3": 0.04575,
    "ndcg_at_5": 0.05254,
    "ndcg_at_10": 0.06015,
    "ndcg_at_20": 0.06861,
    "ndcg_at_100": 0.08955,
    "ndcg_at_200": 0.09756,
    "ndcg_at_300": 0.10406,
    "ndcg_at_500": 0.11139,
    "ndcg_at_1000": 0.12112,
    "map_at_1": 0.0298,
    "map_at_3": 0.03952,
    "map_at_5": 0.04322,
    "map_at_10": 0.04656,
    "map_at_20": 0.04889,
    "map_at_100": 0.05148,
    "map_at_200": 0.05189,
    "map_at_300": 0.05211,
    "map_at_500": 0.05228,
    "map_at_1000": 0.05244,
    "recall_at_1": 0.0298,
    "recall_at_3": 0.05215,
    "recall_at_5": 0.06847,
    "recall_at_10": 0.09172,
    "recall_at_20": 0.12275,
    "recall_at_100": 0.23236,
    "recall_at_200": 0.28285,
    "recall_at_300": 0.32877,
    "recall_at_500": 0.38631,
    "recall_at_1000": 0.46686,
    "precision_at_1": 0.03754,
    "precision_at_3": 0.02117,
    "precision_at_5": 0.01771,
    "precision_at_10": 0.01213,
    "precision_at_20": 0.00842,
    "precision_at_100": 0.00324,
    "precision_at_200": 0.0021,
    "precision_at_300": 0.00166,
    "precision_at_500": 0.0012,
    "precision_at_1000": 0.00075,
    "mrr_at_1": 0.03754,
    "mrr_at_3": 0.04844,
    "mrr_at_5": 0.05398,
    "mrr_at_10": 0.05774,
    "mrr_at_20": 0.06041,
    "mrr_at_100": 0.06331,
    "mrr_at_200": 0.06377,
    "mrr_at_300": 0.06398,
    "mrr_at_500": 0.06413,
    "mrr_at_1000": 0.06426
}