{
    "ndcg_at_1": 0.40627,
    "ndcg_at_3": 0.46958,
    "ndcg_at_5": 0.49871,
    "ndcg_at_10": 0.52962,
    "ndcg_at_20": 0.5479,
    "ndcg_at_100": 0.57318,
    "ndcg_at_200": 0.57895,
    "ndcg_at_300": 0.58153,
    "ndcg_at_500": 0.58384,
    "ndcg_at_1000": 0.58636,
    "map_at_1": 0.35485,
    "map_at_3": 0.43558,
    "map_at_5": 0.45471,
    "map_at_10": 0.46958,
    "map_at_20": 0.47563,
    "map_at_100": 0.48014,
    "map_at_200": 0.48054,
    "map_at_300": 0.48066,
    "map_at_500": 0.48073,
    "map_at_1000": 0.48077,
    "recall_at_1": 0.35485,
    "recall_at_3": 0.514,
    "recall_at_5": 0.58553,
    "recall_at_10": 0.676,
    "recall_at_20": 0.74351,
    "recall_at_100": 0.86511,
    "recall_at_200": 0.90181,
    "recall_at_300": 0.92032,
    "recall_at_500": 0.93815,
    "recall_at_1000": 0.95996,
    "precision_at_1": 0.40627,
    "precision_at_3": 0.21045,
    "precision_at_5": 0.14658,
    "precision_at_10": 0.08696,
    "precision_at_20": 0.04915,
    "precision_at_100": 0.01186,
    "precision_at_200": 0.00625,
    "precision_at_300": 0.00427,
    "precision_at_500": 0.00262,
    "precision_at_1000": 0.00134,
    "mrr_at_1": 0.40627,
    "mrr_at_3": 0.47513,
    "mrr_at_5": 0.49196,
    "mrr_at_10": 0.50326,
    "mrr_at_20": 0.50791,
    "mrr_at_100": 0.51062,
    "mrr_at_200": 0.51082,
    "mrr_at_300": 0.51088,
    "mrr_at_500": 0.51092,
    "mrr_at_1000": 0.51095
}