{
    "ndcg_at_1": 0.6007,
    "ndcg_at_3": 0.64,
    "ndcg_at_5": 0.65768,
    "ndcg_at_10": 0.67676,
    "ndcg_at_20": 0.68975,
    "ndcg_at_100": 0.70695,
    "ndcg_at_200": 0.71096,
    "ndcg_at_300": 0.71319,
    "ndcg_at_500": 0.71513,
    "ndcg_at_1000": 0.71727,
    "map_at_1": 0.52234,
    "map_at_3": 0.60359,
    "map_at_5": 0.61876,
    "map_at_10": 0.6296,
    "map_at_20": 0.63469,
    "map_at_100": 0.63807,
    "map_at_200": 0.63839,
    "map_at_300": 0.63851,
    "map_at_500": 0.63858,
    "map_at_1000": 0.63863,
    "recall_at_1": 0.52234,
    "recall_at_3": 0.66382,
    "recall_at_5": 0.71232,
    "recall_at_10": 0.76959,
    "recall_at_20": 0.81512,
    "recall_at_100": 0.89426,
    "recall_at_200": 0.91812,
    "recall_at_300": 0.93309,
    "recall_at_500": 0.94679,
    "recall_at_1000": 0.96368,
    "precision_at_1": 0.6007,
    "precision_at_3": 0.27687,
    "precision_at_5": 0.18358,
    "precision_at_10": 0.10254,
    "precision_at_20": 0.05605,
    "precision_at_100": 0.01296,
    "precision_at_200": 0.00677,
    "precision_at_300": 0.00463,
    "precision_at_500": 0.00284,
    "precision_at_1000": 0.00146,
    "mrr_at_1": 0.6007,
    "mrr_at_3": 0.65758,
    "mrr_at_5": 0.66768,
    "mrr_at_10": 0.67458,
    "mrr_at_20": 0.67726,
    "mrr_at_100": 0.67892,
    "mrr_at_200": 0.67905,
    "mrr_at_300": 0.6791,
    "mrr_at_500": 0.67912,
    "mrr_at_1000": 0.67914
}