{
    "ndcg_at_1": 0.52333,
    "ndcg_at_3": 0.60805,
    "ndcg_at_5": 0.63534,
    "ndcg_at_10": 0.65866,
    "ndcg_at_20": 0.67255,
    "ndcg_at_100": 0.68588,
    "ndcg_at_200": 0.68959,
    "ndcg_at_300": 0.69127,
    "ndcg_at_500": 0.69228,
    "ndcg_at_1000": 0.69389,
    "map_at_1": 0.4965,
    "map_at_3": 0.57787,
    "map_at_5": 0.59678,
    "map_at_10": 0.60789,
    "map_at_20": 0.61221,
    "map_at_100": 0.6141,
    "map_at_200": 0.61428,
    "map_at_300": 0.61434,
    "map_at_500": 0.61436,
    "map_at_1000": 0.61439,
    "recall_at_1": 0.4965,
    "recall_at_3": 0.66417,
    "recall_at_5": 0.73078,
    "recall_at_10": 0.79989,
    "recall_at_20": 0.85156,
    "recall_at_100": 0.92333,
    "recall_at_200": 0.95,
    "recall_at_300": 0.96333,
    "recall_at_500": 0.97167,
    "recall_at_1000": 0.98667,
    "precision_at_1": 0.52333,
    "precision_at_3": 0.24111,
    "precision_at_5": 0.164,
    "precision_at_10": 0.09133,
    "precision_at_20": 0.04867,
    "precision_at_100": 0.0105,
    "precision_at_200": 0.00538,
    "precision_at_300": 0.00363,
    "precision_at_500": 0.0022,
    "precision_at_1000": 0.00112,
    "mrr_at_1": 0.52333,
    "mrr_at_3": 0.60167,
    "mrr_at_5": 0.613,
    "mrr_at_10": 0.62123,
    "mrr_at_20": 0.62446,
    "mrr_at_100": 0.62617,
    "mrr_at_200": 0.62636,
    "mrr_at_300": 0.62641,
    "mrr_at_500": 0.62642,
    "mrr_at_1000": 0.62645
}