{
    "ndcg_at_1": 0.0,
    "ndcg_at_3": 0.27401,
    "ndcg_at_5": 0.34464,
    "ndcg_at_10": 0.40622,
    "ndcg_at_20": 0.43291,
    "ndcg_at_100": 0.44507,
    "ndcg_at_200": 0.44567,
    "ndcg_at_300": 0.44585,
    "ndcg_at_500": 0.44585,
    "ndcg_at_1000": 0.44585,
    "map_at_1": 0.0,
    "map_at_3": 0.2078,
    "map_at_5": 0.24734,
    "map_at_10": 0.27299,
    "map_at_20": 0.28064,
    "map_at_100": 0.28254,
    "map_at_200": 0.28257,
    "map_at_300": 0.28257,
    "map_at_500": 0.28257,
    "map_at_1000": 0.28257,
    "recall_at_1": 0.0,
    "recall_at_3": 0.46515,
    "recall_at_5": 0.63514,
    "recall_at_10": 0.82432,
    "recall_at_20": 0.92745,
    "recall_at_100": 0.99004,
    "recall_at_200": 0.99431,
    "recall_at_300": 0.99573,
    "recall_at_500": 0.99573,
    "recall_at_1000": 0.99573,
    "precision_at_1": 0.0,
    "precision_at_3": 0.15505,
    "precision_at_5": 0.12703,
    "precision_at_10": 0.08243,
    "precision_at_20": 0.04637,
    "precision_at_100": 0.0099,
    "precision_at_200": 0.00497,
    "precision_at_300": 0.00332,
    "precision_at_500": 0.00199,
    "precision_at_1000": 0.001,
    "mrr_at_1": 0.0,
    "mrr_at_3": 0.20875,
    "mrr_at_5": 0.24854,
    "mrr_at_10": 0.27326,
    "mrr_at_20": 0.28102,
    "mrr_at_100": 0.28283,
    "mrr_at_200": 0.28286,
    "mrr_at_300": 0.28287,
    "mrr_at_500": 0.28287,
    "mrr_at_1000": 0.28287
}