{
    "ndcg_at_1": 0.41641,
    "ndcg_at_3": 0.38942,
    "ndcg_at_5": 0.37836,
    "ndcg_at_10": 0.3495,
    "ndcg_at_20": 0.32901,
    "ndcg_at_100": 0.32454,
    "ndcg_at_200": 0.34333,
    "ndcg_at_300": 0.3561,
    "ndcg_at_500": 0.37635,
    "ndcg_at_1000": 0.41229,
    "map_at_1": 0.04447,
    "map_at_3": 0.0818,
    "map_at_5": 0.10017,
    "map_at_10": 0.12162,
    "map_at_20": 0.13827,
    "map_at_100": 0.16199,
    "map_at_200": 0.16843,
    "map_at_300": 0.17139,
    "map_at_500": 0.17456,
    "map_at_1000": 0.17856,
    "recall_at_1": 0.04447,
    "recall_at_3": 0.09288,
    "recall_at_5": 0.12957,
    "recall_at_10": 0.16745,
    "recall_at_20": 0.21183,
    "recall_at_100": 0.33897,
    "recall_at_200": 0.41995,
    "recall_at_300": 0.4647,
    "recall_at_500": 0.5329,
    "recall_at_1000": 0.65007,
    "precision_at_1": 0.44272,
    "precision_at_3": 0.3808,
    "precision_at_5": 0.34303,
    "precision_at_10": 0.27368,
    "precision_at_20": 0.20681,
    "precision_at_100": 0.08873,
    "precision_at_200": 0.05868,
    "precision_at_300": 0.04571,
    "precision_at_500": 0.03333,
    "precision_at_1000": 0.0223,
    "mrr_at_1": 0.44272,
    "mrr_at_3": 0.51084,
    "mrr_at_5": 0.52724,
    "mrr_at_10": 0.53249,
    "mrr_at_20": 0.53631,
    "mrr_at_100": 0.53884,
    "mrr_at_200": 0.53917,
    "mrr_at_300": 0.53919,
    "mrr_at_500": 0.53924,
    "mrr_at_1000": 0.53926
}