{
    "ndcg_at_1": 0.61,
    "ndcg_at_3": 0.67899,
    "ndcg_at_5": 0.67432,
    "ndcg_at_10": 0.65677,
    "ndcg_at_20": 0.62591,
    "ndcg_at_100": 0.48915,
    "ndcg_at_200": 0.41873,
    "ndcg_at_300": 0.38804,
    "ndcg_at_500": 0.38491,
    "ndcg_at_1000": 0.43766,
    "map_at_1": 0.00178,
    "map_at_3": 0.00557,
    "map_at_5": 0.00852,
    "map_at_10": 0.01584,
    "map_at_20": 0.02881,
    "map_at_100": 0.08762,
    "map_at_200": 0.12553,
    "map_at_300": 0.14613,
    "map_at_500": 0.17216,
    "map_at_1000": 0.20032,
    "recall_at_1": 0.00178,
    "recall_at_3": 0.00607,
    "recall_at_5": 0.00961,
    "recall_at_10": 0.01853,
    "recall_at_20": 0.03488,
    "recall_at_100": 0.12106,
    "recall_at_200": 0.19026,
    "recall_at_300": 0.23579,
    "recall_at_500": 0.30528,
    "recall_at_1000": 0.40953,
    "precision_at_1": 0.64,
    "precision_at_3": 0.74667,
    "precision_at_5": 0.736,
    "precision_at_10": 0.71,
    "precision_at_20": 0.674,
    "precision_at_100": 0.5026,
    "precision_at_200": 0.4076,
    "precision_at_300": 0.3462,
    "precision_at_500": 0.27664,
    "precision_at_1000": 0.19006,
    "mrr_at_1": 0.64,
    "mrr_at_3": 0.78,
    "mrr_at_5": 0.794,
    "mrr_at_10": 0.794,
    "mrr_at_20": 0.794,
    "mrr_at_100": 0.794,
    "mrr_at_200": 0.794,
    "mrr_at_300": 0.794,
    "mrr_at_500": 0.794,
    "mrr_at_1000": 0.794
}