{
    "ndcg_at_1": 0.55667,
    "ndcg_at_3": 0.62467,
    "ndcg_at_5": 0.64962,
    "ndcg_at_10": 0.67197,
    "ndcg_at_20": 0.68659,
    "ndcg_at_100": 0.70261,
    "ndcg_at_200": 0.70543,
    "ndcg_at_300": 0.70584,
    "ndcg_at_500": 0.70748,
    "ndcg_at_1000": 0.70891,
    "map_at_1": 0.52578,
    "map_at_3": 0.59981,
    "map_at_5": 0.61647,
    "map_at_10": 0.62706,
    "map_at_20": 0.63162,
    "map_at_100": 0.63398,
    "map_at_200": 0.63413,
    "map_at_300": 0.63414,
    "map_at_500": 0.63419,
    "map_at_1000": 0.63421,
    "recall_at_1": 0.52578,
    "recall_at_3": 0.67,
    "recall_at_5": 0.73261,
    "recall_at_10": 0.79689,
    "recall_at_20": 0.852,
    "recall_at_100": 0.93667,
    "recall_at_200": 0.95667,
    "recall_at_300": 0.96,
    "recall_at_500": 0.97333,
    "recall_at_1000": 0.98667,
    "precision_at_1": 0.55667,
    "precision_at_3": 0.24444,
    "precision_at_5": 0.16333,
    "precision_at_10": 0.09,
    "precision_at_20": 0.0485,
    "precision_at_100": 0.01063,
    "precision_at_200": 0.00542,
    "precision_at_300": 0.00362,
    "precision_at_500": 0.00221,
    "precision_at_1000": 0.00112,
    "mrr_at_1": 0.55667,
    "mrr_at_3": 0.61722,
    "mrr_at_5": 0.63022,
    "mrr_at_10": 0.63861,
    "mrr_at_20": 0.64249,
    "mrr_at_100": 0.64448,
    "mrr_at_200": 0.64463,
    "mrr_at_300": 0.64464,
    "mrr_at_500": 0.64466,
    "mrr_at_1000": 0.64468
}