{
    "ndcg_at_1": 0.0,
    "ndcg_at_3": 0.30102,
    "ndcg_at_5": 0.36454,
    "ndcg_at_10": 0.4292,
    "ndcg_at_20": 0.45089,
    "ndcg_at_100": 0.45853,
    "ndcg_at_200": 0.45933,
    "ndcg_at_300": 0.45933,
    "ndcg_at_500": 0.45949,
    "ndcg_at_1000": 0.45957,
    "map_at_1": 0.0,
    "map_at_3": 0.22795,
    "map_at_5": 0.26351,
    "map_at_10": 0.29021,
    "map_at_20": 0.29631,
    "map_at_100": 0.29757,
    "map_at_200": 0.29761,
    "map_at_300": 0.29761,
    "map_at_500": 0.29762,
    "map_at_1000": 0.29762,
    "recall_at_1": 0.0,
    "recall_at_3": 0.51209,
    "recall_at_5": 0.66501,
    "recall_at_10": 0.86486,
    "recall_at_20": 0.9495,
    "recall_at_100": 0.98791,
    "recall_at_200": 0.9936,
    "recall_at_300": 0.9936,
    "recall_at_500": 0.99502,
    "recall_at_1000": 0.99573,
    "precision_at_1": 0.0,
    "precision_at_3": 0.1707,
    "precision_at_5": 0.133,
    "precision_at_10": 0.08649,
    "precision_at_20": 0.04748,
    "precision_at_100": 0.00988,
    "precision_at_200": 0.00497,
    "precision_at_300": 0.00331,
    "precision_at_500": 0.00199,
    "precision_at_1000": 0.001,
    "mrr_at_1": 0.0,
    "mrr_at_3": 0.22783,
    "mrr_at_5": 0.26339,
    "mrr_at_10": 0.29009,
    "mrr_at_20": 0.2962,
    "mrr_at_100": 0.29745,
    "mrr_at_200": 0.29749,
    "mrr_at_300": 0.29749,
    "mrr_at_500": 0.2975,
    "mrr_at_1000": 0.2975
}