{
    "ndcg_at_1": 0.28023,
    "ndcg_at_3": 0.34249,
    "ndcg_at_5": 0.36653,
    "ndcg_at_10": 0.39609,
    "ndcg_at_20": 0.41402,
    "ndcg_at_100": 0.44436,
    "ndcg_at_200": 0.45394,
    "ndcg_at_300": 0.45886,
    "ndcg_at_500": 0.46326,
    "ndcg_at_1000": 0.46742,
    "map_at_1": 0.26278,
    "map_at_3": 0.31939,
    "map_at_5": 0.33405,
    "map_at_10": 0.34702,
    "map_at_20": 0.35223,
    "map_at_100": 0.35673,
    "map_at_200": 0.3573,
    "map_at_300": 0.35748,
    "map_at_500": 0.35759,
    "map_at_1000": 0.35766,
    "recall_at_1": 0.26278,
    "recall_at_3": 0.38516,
    "recall_at_5": 0.44214,
    "recall_at_10": 0.53102,
    "recall_at_20": 0.59877,
    "recall_at_100": 0.75353,
    "recall_at_200": 0.8176,
    "recall_at_300": 0.85395,
    "recall_at_500": 0.88988,
    "recall_at_1000": 0.92596,
    "precision_at_1": 0.28023,
    "precision_at_3": 0.14388,
    "precision_at_5": 0.10034,
    "precision_at_10": 0.06079,
    "precision_at_20": 0.03463,
    "precision_at_100": 0.00892,
    "precision_at_200": 0.00489,
    "precision_at_300": 0.00342,
    "precision_at_500": 0.00215,
    "precision_at_1000": 0.00113,
    "mrr_at_1": 0.28023,
    "mrr_at_3": 0.33992,
    "mrr_at_5": 0.35264,
    "mrr_at_10": 0.36447,
    "mrr_at_20": 0.36919,
    "mrr_at_100": 0.3731,
    "mrr_at_200": 0.37353,
    "mrr_at_300": 0.37367,
    "mrr_at_500": 0.37375,
    "mrr_at_1000": 0.3738
}