{
    "ndcg_at_1": 0.4545,
    "ndcg_at_3": 0.5005,
    "ndcg_at_5": 0.52055,
    "ndcg_at_10": 0.54145,
    "ndcg_at_20": 0.55789,
    "ndcg_at_100": 0.5812,
    "ndcg_at_200": 0.58737,
    "ndcg_at_300": 0.59034,
    "ndcg_at_500": 0.59342,
    "ndcg_at_1000": 0.59676,
    "map_at_1": 0.39427,
    "map_at_3": 0.46633,
    "map_at_5": 0.48117,
    "map_at_10": 0.49192,
    "map_at_20": 0.49754,
    "map_at_100": 0.50158,
    "map_at_200": 0.50201,
    "map_at_300": 0.50214,
    "map_at_500": 0.50225,
    "map_at_1000": 0.50232,
    "recall_at_1": 0.39427,
    "recall_at_3": 0.53125,
    "recall_at_5": 0.58352,
    "recall_at_10": 0.64559,
    "recall_at_20": 0.70469,
    "recall_at_100": 0.81646,
    "recall_at_200": 0.85483,
    "recall_at_300": 0.87532,
    "recall_at_500": 0.89756,
    "recall_at_1000": 0.92432,
    "precision_at_1": 0.4545,
    "precision_at_3": 0.21823,
    "precision_at_5": 0.14772,
    "precision_at_10": 0.08442,
    "precision_at_20": 0.0475,
    "precision_at_100": 0.01159,
    "precision_at_200": 0.00617,
    "precision_at_300": 0.00425,
    "precision_at_500": 0.00265,
    "precision_at_1000": 0.00138,
    "mrr_at_1": 0.4545,
    "mrr_at_3": 0.5157,
    "mrr_at_5": 0.52717,
    "mrr_at_10": 0.53539,
    "mrr_at_20": 0.5393,
    "mrr_at_100": 0.54186,
    "mrr_at_200": 0.54209,
    "mrr_at_300": 0.54217,
    "mrr_at_500": 0.54221,
    "mrr_at_1000": 0.54224
}