{
    "ndcg_at_1": 0.21082,
    "ndcg_at_3": 0.25502,
    "ndcg_at_5": 0.27918,
    "ndcg_at_10": 0.30826,
    "ndcg_at_20": 0.33388,
    "ndcg_at_100": 0.37378,
    "ndcg_at_200": 0.38576,
    "ndcg_at_300": 0.38957,
    "ndcg_at_500": 0.39498,
    "ndcg_at_1000": 0.40015,
    "map_at_1": 0.17877,
    "map_at_3": 0.22836,
    "map_at_5": 0.24333,
    "map_at_10": 0.25656,
    "map_at_20": 0.26394,
    "map_at_100": 0.27012,
    "map_at_200": 0.2709,
    "map_at_300": 0.27107,
    "map_at_500": 0.27123,
    "map_at_1000": 0.27133,
    "recall_at_1": 0.17877,
    "recall_at_3": 0.28947,
    "recall_at_5": 0.35102,
    "recall_at_10": 0.4359,
    "recall_at_20": 0.5295,
    "recall_at_100": 0.7242,
    "recall_at_200": 0.79822,
    "recall_at_300": 0.82376,
    "recall_at_500": 0.86507,
    "recall_at_1000": 0.90631,
    "precision_at_1": 0.21082,
    "precision_at_3": 0.11816,
    "precision_at_5": 0.08787,
    "precision_at_10": 0.05606,
    "precision_at_20": 0.03489,
    "precision_at_100": 0.01008,
    "precision_at_200": 0.00574,
    "precision_at_300": 0.00401,
    "precision_at_500": 0.00255,
    "precision_at_1000": 0.00136,
    "mrr_at_1": 0.21082,
    "mrr_at_3": 0.26042,
    "mrr_at_5": 0.27651,
    "mrr_at_10": 0.28861,
    "mrr_at_20": 0.29574,
    "mrr_at_100": 0.30059,
    "mrr_at_200": 0.3011,
    "mrr_at_300": 0.30119,
    "mrr_at_500": 0.30128,
    "mrr_at_1000": 0.30133
}