{
    "ndcg_at_1": 0.00071,
    "ndcg_at_3": 0.2464,
    "ndcg_at_5": 0.31362,
    "ndcg_at_10": 0.37425,
    "ndcg_at_20": 0.40438,
    "ndcg_at_100": 0.42133,
    "ndcg_at_200": 0.42302,
    "ndcg_at_300": 0.42365,
    "ndcg_at_500": 0.42365,
    "ndcg_at_1000": 0.42379,
    "map_at_1": 0.00071,
    "map_at_3": 0.1854,
    "map_at_5": 0.22277,
    "map_at_10": 0.24787,
    "map_at_20": 0.25648,
    "map_at_100": 0.25911,
    "map_at_200": 0.25919,
    "map_at_300": 0.25921,
    "map_at_500": 0.25921,
    "map_at_1000": 0.25922,
    "recall_at_1": 0.00071,
    "recall_at_3": 0.42319,
    "recall_at_5": 0.58606,
    "recall_at_10": 0.77312,
    "recall_at_20": 0.88976,
    "recall_at_100": 0.97724,
    "recall_at_200": 0.98933,
    "recall_at_300": 0.99431,
    "recall_at_500": 0.99431,
    "recall_at_1000": 0.99573,
    "precision_at_1": 0.00071,
    "precision_at_3": 0.14106,
    "precision_at_5": 0.11721,
    "precision_at_10": 0.07731,
    "precision_at_20": 0.04449,
    "precision_at_100": 0.00977,
    "precision_at_200": 0.00495,
    "precision_at_300": 0.00331,
    "precision_at_500": 0.00199,
    "precision_at_1000": 0.001,
    "mrr_at_1": 0.00071,
    "mrr_at_3": 0.18599,
    "mrr_at_5": 0.22368,
    "mrr_at_10": 0.24834,
    "mrr_at_20": 0.25736,
    "mrr_at_100": 0.25986,
    "mrr_at_200": 0.25995,
    "mrr_at_300": 0.25997,
    "mrr_at_500": 0.25997,
    "mrr_at_1000": 0.25997
}