{
    "ndcg_at_1": 0.00996,
    "ndcg_at_3": 0.2052,
    "ndcg_at_5": 0.27129,
    "ndcg_at_10": 0.34733,
    "ndcg_at_20": 0.39114,
    "ndcg_at_100": 0.40463,
    "ndcg_at_200": 0.40594,
    "ndcg_at_300": 0.40621,
    "ndcg_at_500": 0.40663,
    "ndcg_at_1000": 0.40671,
    "map_at_1": 0.00996,
    "map_at_3": 0.15695,
    "map_at_5": 0.19372,
    "map_at_10": 0.22504,
    "map_at_20": 0.23742,
    "map_at_100": 0.2395,
    "map_at_200": 0.23957,
    "map_at_300": 0.23958,
    "map_at_500": 0.23959,
    "map_at_1000": 0.23959,
    "recall_at_1": 0.00996,
    "recall_at_3": 0.34495,
    "recall_at_5": 0.50498,
    "recall_at_10": 0.7404,
    "recall_at_20": 0.9111,
    "recall_at_100": 0.9808,
    "recall_at_200": 0.99004,
    "recall_at_300": 0.99218,
    "recall_at_500": 0.99573,
    "recall_at_1000": 0.99644,
    "precision_at_1": 0.00996,
    "precision_at_3": 0.11498,
    "precision_at_5": 0.101,
    "precision_at_10": 0.07404,
    "precision_at_20": 0.04555,
    "precision_at_100": 0.00981,
    "precision_at_200": 0.00495,
    "precision_at_300": 0.00331,
    "precision_at_500": 0.00199,
    "precision_at_1000": 0.001,
    "mrr_at_1": 0.00996,
    "mrr_at_3": 0.15718,
    "mrr_at_5": 0.19378,
    "mrr_at_10": 0.2251,
    "mrr_at_20": 0.23748,
    "mrr_at_100": 0.23956,
    "mrr_at_200": 0.23963,
    "mrr_at_300": 0.23964,
    "mrr_at_500": 0.23965,
    "mrr_at_1000": 0.23965
}