{
    "ndcg_at_1": 0.10277,
    "ndcg_at_3": 0.13691,
    "ndcg_at_5": 0.15284,
    "ndcg_at_10": 0.17376,
    "ndcg_at_20": 0.19128,
    "ndcg_at_100": 0.22835,
    "ndcg_at_200": 0.24554,
    "ndcg_at_300": 0.25507,
    "ndcg_at_500": 0.26416,
    "ndcg_at_1000": 0.27357,
    "map_at_1": 0.08141,
    "map_at_3": 0.11417,
    "map_at_5": 0.12353,
    "map_at_10": 0.13337,
    "map_at_20": 0.1386,
    "map_at_100": 0.14455,
    "map_at_200": 0.14563,
    "map_at_300": 0.14609,
    "map_at_500": 0.14643,
    "map_at_1000": 0.14669,
    "recall_at_1": 0.08141,
    "recall_at_3": 0.15637,
    "recall_at_5": 0.19235,
    "recall_at_10": 0.25612,
    "recall_at_20": 0.32657,
    "recall_at_100": 0.51474,
    "recall_at_200": 0.62708,
    "recall_at_300": 0.69047,
    "recall_at_500": 0.75741,
    "recall_at_1000": 0.83119,
    "precision_at_1": 0.10277,
    "precision_at_3": 0.06785,
    "precision_at_5": 0.05534,
    "precision_at_10": 0.03933,
    "precision_at_20": 0.02628,
    "precision_at_100": 0.00966,
    "precision_at_200": 0.00602,
    "precision_at_300": 0.00462,
    "precision_at_500": 0.00317,
    "precision_at_1000": 0.00188,
    "mrr_at_1": 0.10277,
    "mrr_at_3": 0.14229,
    "mrr_at_5": 0.15267,
    "mrr_at_10": 0.16301,
    "mrr_at_20": 0.16882,
    "mrr_at_100": 0.17336,
    "mrr_at_200": 0.17423,
    "mrr_at_300": 0.1744,
    "mrr_at_500": 0.17455,
    "mrr_at_1000": 0.17465
}