{
    "ndcg_at_1": 0.59333,
    "ndcg_at_3": 0.66603,
    "ndcg_at_5": 0.69054,
    "ndcg_at_10": 0.71262,
    "ndcg_at_20": 0.72495,
    "ndcg_at_100": 0.73777,
    "ndcg_at_200": 0.73993,
    "ndcg_at_300": 0.74119,
    "ndcg_at_500": 0.74119,
    "ndcg_at_1000": 0.74289,
    "map_at_1": 0.56733,
    "map_at_3": 0.64041,
    "map_at_5": 0.65694,
    "map_at_10": 0.6677,
    "map_at_20": 0.67186,
    "map_at_100": 0.67388,
    "map_at_200": 0.674,
    "map_at_300": 0.67404,
    "map_at_500": 0.67404,
    "map_at_1000": 0.67406,
    "recall_at_1": 0.56733,
    "recall_at_3": 0.71739,
    "recall_at_5": 0.77744,
    "recall_at_10": 0.84089,
    "recall_at_20": 0.88533,
    "recall_at_100": 0.95167,
    "recall_at_200": 0.96667,
    "recall_at_300": 0.97667,
    "recall_at_500": 0.97667,
    "recall_at_1000": 0.99333,
    "precision_at_1": 0.59333,
    "precision_at_3": 0.26,
    "precision_at_5": 0.17333,
    "precision_at_10": 0.09467,
    "precision_at_20": 0.05017,
    "precision_at_100": 0.0108,
    "precision_at_200": 0.00548,
    "precision_at_300": 0.00369,
    "precision_at_500": 0.00221,
    "precision_at_1000": 0.00112,
    "mrr_at_1": 0.59333,
    "mrr_at_3": 0.65444,
    "mrr_at_5": 0.66794,
    "mrr_at_10": 0.67584,
    "mrr_at_20": 0.67896,
    "mrr_at_100": 0.68061,
    "mrr_at_200": 0.68071,
    "mrr_at_300": 0.68075,
    "mrr_at_500": 0.68075,
    "mrr_at_1000": 0.68077
}