{
    "ndcg_at_1": 0.19977,
    "ndcg_at_3": 0.23365,
    "ndcg_at_5": 0.24838,
    "ndcg_at_10": 0.27864,
    "ndcg_at_20": 0.29372,
    "ndcg_at_100": 0.32377,
    "ndcg_at_200": 0.33466,
    "ndcg_at_300": 0.34124,
    "ndcg_at_500": 0.34721,
    "ndcg_at_1000": 0.35334,
    "map_at_1": 0.16034,
    "map_at_3": 0.20549,
    "map_at_5": 0.21681,
    "map_at_10": 0.23057,
    "map_at_20": 0.23521,
    "map_at_100": 0.23991,
    "map_at_200": 0.24057,
    "map_at_300": 0.24085,
    "map_at_500": 0.24102,
    "map_at_1000": 0.24113,
    "recall_at_1": 0.16034,
    "recall_at_3": 0.25294,
    "recall_at_5": 0.29314,
    "recall_at_10": 0.38372,
    "recall_at_20": 0.43901,
    "recall_at_100": 0.5832,
    "recall_at_200": 0.65116,
    "recall_at_300": 0.69688,
    "recall_at_500": 0.74181,
    "recall_at_1000": 0.79151,
    "precision_at_1": 0.19977,
    "precision_at_3": 0.11187,
    "precision_at_5": 0.07991,
    "precision_at_10": 0.0532,
    "precision_at_20": 0.03088,
    "precision_at_100": 0.00885,
    "precision_at_200": 0.00507,
    "precision_at_300": 0.00366,
    "precision_at_500": 0.00237,
    "precision_at_1000": 0.00129,
    "mrr_at_1": 0.19977,
    "mrr_at_3": 0.24981,
    "mrr_at_5": 0.26008,
    "mrr_at_10": 0.2737,
    "mrr_at_20": 0.27778,
    "mrr_at_100": 0.28125,
    "mrr_at_200": 0.28176,
    "mrr_at_300": 0.28193,
    "mrr_at_500": 0.28203,
    "mrr_at_1000": 0.28208
}