{
    "ndcg_at_1": 0.34295,
    "ndcg_at_3": 0.41982,
    "ndcg_at_5": 0.44682,
    "ndcg_at_10": 0.47521,
    "ndcg_at_20": 0.49783,
    "ndcg_at_100": 0.52428,
    "ndcg_at_200": 0.53309,
    "ndcg_at_300": 0.53598,
    "ndcg_at_500": 0.53906,
    "ndcg_at_1000": 0.54168,
    "map_at_1": 0.29957,
    "map_at_3": 0.38384,
    "map_at_5": 0.40141,
    "map_at_10": 0.41508,
    "map_at_20": 0.42246,
    "map_at_100": 0.42682,
    "map_at_200": 0.42738,
    "map_at_300": 0.42751,
    "map_at_500": 0.42761,
    "map_at_1000": 0.42766,
    "recall_at_1": 0.29957,
    "recall_at_3": 0.47308,
    "recall_at_5": 0.5388,
    "recall_at_10": 0.62115,
    "recall_at_20": 0.70456,
    "recall_at_100": 0.83285,
    "recall_at_200": 0.89071,
    "recall_at_300": 0.9109,
    "recall_at_500": 0.93413,
    "recall_at_1000": 0.95632,
    "precision_at_1": 0.34295,
    "precision_at_3": 0.18955,
    "precision_at_5": 0.13154,
    "precision_at_10": 0.07862,
    "precision_at_20": 0.04558,
    "precision_at_100": 0.01128,
    "precision_at_200": 0.00607,
    "precision_at_300": 0.00417,
    "precision_at_500": 0.00259,
    "precision_at_1000": 0.00133,
    "mrr_at_1": 0.34295,
    "mrr_at_3": 0.42309,
    "mrr_at_5": 0.43845,
    "mrr_at_10": 0.44944,
    "mrr_at_20": 0.45513,
    "mrr_at_100": 0.4581,
    "mrr_at_200": 0.45846,
    "mrr_at_300": 0.45852,
    "mrr_at_500": 0.45857,
    "mrr_at_1000": 0.4586
}