{
    "ndcg_at_1": 0.2589,
    "ndcg_at_3": 0.28906,
    "ndcg_at_5": 0.31099,
    "ndcg_at_10": 0.33273,
    "ndcg_at_20": 0.35147,
    "ndcg_at_100": 0.38281,
    "ndcg_at_200": 0.39233,
    "ndcg_at_300": 0.39665,
    "ndcg_at_500": 0.40244,
    "ndcg_at_1000": 0.41,
    "map_at_1": 0.20935,
    "map_at_3": 0.25882,
    "map_at_5": 0.27366,
    "map_at_10": 0.28461,
    "map_at_20": 0.29034,
    "map_at_100": 0.29506,
    "map_at_200": 0.29573,
    "map_at_300": 0.29593,
    "map_at_500": 0.29611,
    "map_at_1000": 0.29628,
    "recall_at_1": 0.20935,
    "recall_at_3": 0.30944,
    "recall_at_5": 0.36815,
    "recall_at_10": 0.43329,
    "recall_at_20": 0.50053,
    "recall_at_100": 0.65179,
    "recall_at_200": 0.70907,
    "recall_at_300": 0.73781,
    "recall_at_500": 0.77869,
    "recall_at_1000": 0.83864,
    "precision_at_1": 0.2589,
    "precision_at_3": 0.13603,
    "precision_at_5": 0.09798,
    "precision_at_10": 0.05967,
    "precision_at_20": 0.03556,
    "precision_at_100": 0.00999,
    "precision_at_200": 0.00565,
    "precision_at_300": 0.004,
    "precision_at_500": 0.0026,
    "precision_at_1000": 0.00144,
    "mrr_at_1": 0.2589,
    "mrr_at_3": 0.30783,
    "mrr_at_5": 0.32255,
    "mrr_at_10": 0.33191,
    "mrr_at_20": 0.33657,
    "mrr_at_100": 0.34023,
    "mrr_at_200": 0.34059,
    "mrr_at_300": 0.34069,
    "mrr_at_500": 0.34079,
    "mrr_at_1000": 0.34086
}