{
    "ndcg_at_1": 0.4213,
    "ndcg_at_3": 0.39033,
    "ndcg_at_5": 0.39646,
    "ndcg_at_10": 0.41736,
    "ndcg_at_20": 0.44462,
    "ndcg_at_100": 0.48377,
    "ndcg_at_200": 0.49499,
    "ndcg_at_300": 0.50109,
    "ndcg_at_500": 0.50547,
    "ndcg_at_1000": 0.51206,
    "map_at_1": 0.20699,
    "map_at_3": 0.29879,
    "map_at_5": 0.32303,
    "map_at_10": 0.34072,
    "map_at_20": 0.35129,
    "map_at_100": 0.3595,
    "map_at_200": 0.36046,
    "map_at_300": 0.36078,
    "map_at_500": 0.36098,
    "map_at_1000": 0.36114,
    "recall_at_1": 0.20699,
    "recall_at_3": 0.35113,
    "recall_at_5": 0.40752,
    "recall_at_10": 0.48005,
    "recall_at_20": 0.56452,
    "recall_at_100": 0.72209,
    "recall_at_200": 0.7809,
    "recall_at_300": 0.81929,
    "recall_at_500": 0.84584,
    "recall_at_1000": 0.89437,
    "precision_at_1": 0.4213,
    "precision_at_3": 0.26595,
    "precision_at_5": 0.19198,
    "precision_at_10": 0.11574,
    "precision_at_20": 0.06914,
    "precision_at_100": 0.01844,
    "precision_at_200": 0.01012,
    "precision_at_300": 0.00706,
    "precision_at_500": 0.00442,
    "precision_at_1000": 0.00233,
    "mrr_at_1": 0.4213,
    "mrr_at_3": 0.48302,
    "mrr_at_5": 0.49259,
    "mrr_at_10": 0.50067,
    "mrr_at_20": 0.50619,
    "mrr_at_100": 0.50923,
    "mrr_at_200": 0.50953,
    "mrr_at_300": 0.50963,
    "mrr_at_500": 0.50965,
    "mrr_at_1000": 0.50969
}