{
    "ndcg_at_1": 0.67,
    "ndcg_at_3": 0.7243,
    "ndcg_at_5": 0.69684,
    "ndcg_at_10": 0.67954,
    "ndcg_at_20": 0.64945,
    "ndcg_at_100": 0.53223,
    "ndcg_at_200": 0.45628,
    "ndcg_at_300": 0.4311,
    "ndcg_at_500": 0.43083,
    "ndcg_at_1000": 0.48907,
    "map_at_1": 0.00193,
    "map_at_3": 0.00585,
    "map_at_5": 0.00927,
    "map_at_10": 0.0168,
    "map_at_20": 0.02998,
    "map_at_100": 0.10073,
    "map_at_200": 0.14622,
    "map_at_300": 0.17355,
    "map_at_500": 0.20514,
    "map_at_1000": 0.23902,
    "recall_at_1": 0.00193,
    "recall_at_3": 0.00633,
    "recall_at_5": 0.01014,
    "recall_at_10": 0.01917,
    "recall_at_20": 0.03607,
    "recall_at_100": 0.1368,
    "recall_at_200": 0.21578,
    "recall_at_300": 0.27483,
    "recall_at_500": 0.35421,
    "recall_at_1000": 0.4699,
    "precision_at_1": 0.74,
    "precision_at_3": 0.8,
    "precision_at_5": 0.76,
    "precision_at_10": 0.73,
    "precision_at_20": 0.695,
    "precision_at_100": 0.5546,
    "precision_at_200": 0.4489,
    "precision_at_300": 0.38813,
    "precision_at_500": 0.31044,
    "precision_at_1000": 0.21322,
    "mrr_at_1": 0.74,
    "mrr_at_3": 0.84,
    "mrr_at_5": 0.845,
    "mrr_at_10": 0.85167,
    "mrr_at_20": 0.85167,
    "mrr_at_100": 0.85167,
    "mrr_at_200": 0.85167,
    "mrr_at_300": 0.85167,
    "mrr_at_500": 0.85167,
    "mrr_at_1000": 0.85167
}