{
    "ndcg_at_1": 0.13386,
    "ndcg_at_3": 0.16943,
    "ndcg_at_5": 0.18495,
    "ndcg_at_10": 0.20846,
    "ndcg_at_20": 0.2278,
    "ndcg_at_100": 0.26516,
    "ndcg_at_200": 0.27767,
    "ndcg_at_300": 0.28449,
    "ndcg_at_500": 0.29129,
    "ndcg_at_1000": 0.29991,
    "map_at_1": 0.10888,
    "map_at_3": 0.14725,
    "map_at_5": 0.15731,
    "map_at_10": 0.16776,
    "map_at_20": 0.17346,
    "map_at_100": 0.17895,
    "map_at_200": 0.1797,
    "map_at_300": 0.17998,
    "map_at_500": 0.18018,
    "map_at_1000": 0.18035,
    "recall_at_1": 0.10888,
    "recall_at_3": 0.19442,
    "recall_at_5": 0.23404,
    "recall_at_10": 0.30385,
    "recall_at_20": 0.37545,
    "recall_at_100": 0.56071,
    "recall_at_200": 0.64136,
    "recall_at_300": 0.68907,
    "recall_at_500": 0.74023,
    "recall_at_1000": 0.81109,
    "precision_at_1": 0.13386,
    "precision_at_3": 0.08178,
    "precision_at_5": 0.0605,
    "precision_at_10": 0.04023,
    "precision_at_20": 0.02548,
    "precision_at_100": 0.00815,
    "precision_at_200": 0.00477,
    "precision_at_300": 0.00349,
    "precision_at_500": 0.0023,
    "precision_at_1000": 0.0013,
    "mrr_at_1": 0.13386,
    "mrr_at_3": 0.17659,
    "mrr_at_5": 0.18674,
    "mrr_at_10": 0.19747,
    "mrr_at_20": 0.20279,
    "mrr_at_100": 0.20768,
    "mrr_at_200": 0.20826,
    "mrr_at_300": 0.20843,
    "mrr_at_500": 0.20855,
    "mrr_at_1000": 0.20864
}