{
    "ndcg_at_1": 0.052,
    "ndcg_at_3": 0.03987,
    "ndcg_at_5": 0.03591,
    "ndcg_at_10": 0.0447,
    "ndcg_at_20": 0.05667,
    "ndcg_at_100": 0.08663,
    "ndcg_at_200": 0.10261,
    "ndcg_at_300": 0.11234,
    "ndcg_at_500": 0.12422,
    "ndcg_at_1000": 0.14342,
    "map_at_1": 0.01045,
    "map_at_3": 0.01585,
    "map_at_5": 0.01867,
    "map_at_10": 0.02137,
    "map_at_20": 0.02433,
    "map_at_100": 0.02812,
    "map_at_200": 0.02909,
    "map_at_300": 0.02952,
    "map_at_500": 0.02989,
    "map_at_1000": 0.03029,
    "recall_at_1": 0.01045,
    "recall_at_3": 0.02195,
    "recall_at_5": 0.032,
    "recall_at_10": 0.04805,
    "recall_at_20": 0.07625,
    "recall_at_100": 0.17508,
    "recall_at_200": 0.24295,
    "recall_at_300": 0.28873,
    "recall_at_500": 0.34968,
    "recall_at_1000": 0.45793,
    "precision_at_1": 0.052,
    "precision_at_3": 0.03633,
    "precision_at_5": 0.0318,
    "precision_at_10": 0.0238,
    "precision_at_20": 0.01885,
    "precision_at_100": 0.00864,
    "precision_at_200": 0.00599,
    "precision_at_300": 0.00475,
    "precision_at_500": 0.00345,
    "precision_at_1000": 0.00226,
    "mrr_at_1": 0.053,
    "mrr_at_3": 0.08283,
    "mrr_at_5": 0.09008,
    "mrr_at_10": 0.09896,
    "mrr_at_20": 0.10433,
    "mrr_at_100": 0.11086,
    "mrr_at_200": 0.11175,
    "mrr_at_300": 0.112,
    "mrr_at_500": 0.11223,
    "mrr_at_1000": 0.11234
}