{
    "ndcg_at_1": 0.36923,
    "ndcg_at_3": 0.33657,
    "ndcg_at_5": 0.30792,
    "ndcg_at_10": 0.25776,
    "ndcg_at_20": 0.30618,
    "ndcg_at_100": 0.46895,
    "ndcg_at_200": 0.50952,
    "ndcg_at_300": 0.52061,
    "ndcg_at_500": 0.5277,
    "ndcg_at_1000": 0.53516,
    "map_at_1": 0.03692,
    "map_at_3": 0.08103,
    "map_at_5": 0.10726,
    "map_at_10": 0.14441,
    "map_at_20": 0.16819,
    "map_at_100": 0.21558,
    "map_at_200": 0.22383,
    "map_at_300": 0.22512,
    "map_at_500": 0.2257,
    "map_at_1000": 0.22608,
    "recall_at_1": 0.03692,
    "recall_at_3": 0.09846,
    "recall_at_5": 0.14462,
    "recall_at_10": 0.22615,
    "recall_at_20": 0.31231,
    "recall_at_100": 0.73385,
    "recall_at_200": 0.86308,
    "recall_at_300": 0.90308,
    "recall_at_500": 0.93077,
    "recall_at_1000": 0.96308,
    "precision_at_1": 0.36923,
    "precision_at_3": 0.32821,
    "precision_at_5": 0.28923,
    "precision_at_10": 0.22615,
    "precision_at_20": 0.15615,
    "precision_at_100": 0.07338,
    "precision_at_200": 0.04315,
    "precision_at_300": 0.0301,
    "precision_at_500": 0.01862,
    "precision_at_1000": 0.00963,
    "mrr_at_1": 0.36923,
    "mrr_at_3": 0.47179,
    "mrr_at_5": 0.49487,
    "mrr_at_10": 0.51194,
    "mrr_at_20": 0.51779,
    "mrr_at_100": 0.52002,
    "mrr_at_200": 0.52002,
    "mrr_at_300": 0.52002,
    "mrr_at_500": 0.52002,
    "mrr_at_1000": 0.52002,
    "rc_at_1": {
        "relevant": 0.36923,
        "distractor": 0.61538
    },
    "rc_at_3": {
        "relevant": 0.98462,
        "distractor": 2.0
    },
    "rc_at_5": {
        "relevant": 1.44615,
        "distractor": 3.53846
    },
    "rc_at_10": {
        "relevant": 2.26154,
        "distractor": 7.64615
    },
    "rc_at_20": {
        "relevant": 3.12308,
        "distractor": 16.41538
    },
    "rc_at_100": {
        "relevant": 7.33846,
        "distractor": 75.13846
    },
    "rc_at_200": {
        "relevant": 8.63077,
        "distractor": 88.6
    },
    "rc_at_300": {
        "relevant": 9.03077,
        "distractor": 91.26154
    },
    "rc_at_500": {
        "relevant": 9.30769,
        "distractor": 93.44615
    },
    "rc_at_1000": {
        "relevant": 9.63077,
        "distractor": 95.30769
    }
}