{
    "ndcg_at_1": 0.36923,
    "ndcg_at_3": 0.34018,
    "ndcg_at_5": 0.30828,
    "ndcg_at_10": 0.258,
    "ndcg_at_20": 0.30742,
    "ndcg_at_100": 0.49518,
    "ndcg_at_200": 0.54502,
    "ndcg_at_300": 0.54845,
    "ndcg_at_500": 0.55124,
    "ndcg_at_1000": 0.55371,
    "map_at_1": 0.03692,
    "map_at_3": 0.08154,
    "map_at_5": 0.10738,
    "map_at_10": 0.14454,
    "map_at_20": 0.16894,
    "map_at_100": 0.22437,
    "map_at_200": 0.23501,
    "map_at_300": 0.23544,
    "map_at_500": 0.23572,
    "map_at_1000": 0.23585,
    "recall_at_1": 0.03692,
    "recall_at_3": 0.1,
    "recall_at_5": 0.14462,
    "recall_at_10": 0.22615,
    "recall_at_20": 0.31385,
    "recall_at_100": 0.80462,
    "recall_at_200": 0.96154,
    "recall_at_300": 0.97385,
    "recall_at_500": 0.98462,
    "recall_at_1000": 0.99538,
    "precision_at_1": 0.36923,
    "precision_at_3": 0.33333,
    "precision_at_5": 0.28923,
    "precision_at_10": 0.22615,
    "precision_at_20": 0.15692,
    "precision_at_100": 0.08046,
    "precision_at_200": 0.04808,
    "precision_at_300": 0.03246,
    "precision_at_500": 0.01969,
    "precision_at_1000": 0.00995,
    "mrr_at_1": 0.36923,
    "mrr_at_3": 0.47692,
    "mrr_at_5": 0.49615,
    "mrr_at_10": 0.51322,
    "mrr_at_20": 0.51929,
    "mrr_at_100": 0.52155,
    "mrr_at_200": 0.52155,
    "mrr_at_300": 0.52155,
    "mrr_at_500": 0.52155,
    "mrr_at_1000": 0.52155,
    "rc_at_1": {
        "relevant": 0.36923,
        "distractor": 0.63077
    },
    "rc_at_3": {
        "relevant": 1.0,
        "distractor": 2.0
    },
    "rc_at_5": {
        "relevant": 1.44615,
        "distractor": 3.55385
    },
    "rc_at_10": {
        "relevant": 2.26154,
        "distractor": 7.69231
    },
    "rc_at_20": {
        "relevant": 3.13846,
        "distractor": 16.72308
    },
    "rc_at_100": {
        "relevant": 8.04615,
        "distractor": 84.86154
    },
    "rc_at_200": {
        "relevant": 9.61538,
        "distractor": 95.75385
    },
    "rc_at_300": {
        "relevant": 9.73846,
        "distractor": 96.93846
    },
    "rc_at_500": {
        "relevant": 9.84615,
        "distractor": 97.66154
    },
    "rc_at_1000": {
        "relevant": 9.95385,
        "distractor": 98.4
    }
}