{
    "ndcg_at_1": 0.29091,
    "ndcg_at_3": 0.19645,
    "ndcg_at_5": 0.19266,
    "ndcg_at_10": 0.17595,
    "ndcg_at_20": 0.22653,
    "ndcg_at_100": 0.36656,
    "ndcg_at_200": 0.39306,
    "ndcg_at_300": 0.4042,
    "ndcg_at_500": 0.42068,
    "ndcg_at_1000": 0.43174,
    "map_at_1": 0.02909,
    "map_at_3": 0.04182,
    "map_at_5": 0.05582,
    "map_at_10": 0.08003,
    "map_at_20": 0.10082,
    "map_at_100": 0.14513,
    "map_at_200": 0.14923,
    "map_at_300": 0.15039,
    "map_at_500": 0.15165,
    "map_at_1000": 0.1522,
    "recall_at_1": 0.02909,
    "recall_at_3": 0.05273,
    "recall_at_5": 0.08909,
    "recall_at_10": 0.16182,
    "recall_at_20": 0.25273,
    "recall_at_100": 0.59636,
    "recall_at_200": 0.68364,
    "recall_at_300": 0.72364,
    "recall_at_500": 0.78727,
    "recall_at_1000": 0.83455,
    "precision_at_1": 0.29091,
    "precision_at_3": 0.17576,
    "precision_at_5": 0.17818,
    "precision_at_10": 0.16182,
    "precision_at_20": 0.12636,
    "precision_at_100": 0.05964,
    "precision_at_200": 0.03418,
    "precision_at_300": 0.02412,
    "precision_at_500": 0.01575,
    "precision_at_1000": 0.00835,
    "mrr_at_1": 0.29091,
    "mrr_at_3": 0.34545,
    "mrr_at_5": 0.39091,
    "mrr_at_10": 0.4088,
    "mrr_at_20": 0.41707,
    "mrr_at_100": 0.4196,
    "mrr_at_200": 0.4196,
    "mrr_at_300": 0.4196,
    "mrr_at_500": 0.4196,
    "mrr_at_1000": 0.41963,
    "rc_at_1": {
        "relevant": 0.29091,
        "distractor": 0.69091
    },
    "rc_at_3": {
        "relevant": 0.52727,
        "distractor": 2.36364
    },
    "rc_at_5": {
        "relevant": 0.89091,
        "distractor": 3.83636
    },
    "rc_at_10": {
        "relevant": 1.61818,
        "distractor": 7.43636
    },
    "rc_at_20": {
        "relevant": 2.54545,
        "distractor": 14.30909
    },
    "rc_at_100": {
        "relevant": 5.96364,
        "distractor": 44.87273
    },
    "rc_at_200": {
        "relevant": 6.83636,
        "distractor": 56.43636
    },
    "rc_at_300": {
        "relevant": 7.25455,
        "distractor": 62.4
    },
    "rc_at_500": {
        "relevant": 7.87273,
        "distractor": 68.6
    },
    "rc_at_1000": {
        "relevant": 8.34545,
        "distractor": 76.61818
    }
}