{
    "ndcg_at_1": 0.01818,
    "ndcg_at_3": 0.00853,
    "ndcg_at_5": 0.00617,
    "ndcg_at_10": 0.00526,
    "ndcg_at_20": 0.00715,
    "ndcg_at_100": 0.00923,
    "ndcg_at_200": 0.00923,
    "ndcg_at_300": 0.00973,
    "ndcg_at_500": 0.01113,
    "ndcg_at_1000": 0.01196,
    "map_at_1": 0.00182,
    "map_at_3": 0.00182,
    "map_at_5": 0.00182,
    "map_at_10": 0.00205,
    "map_at_20": 0.00225,
    "map_at_100": 0.00242,
    "map_at_200": 0.00242,
    "map_at_300": 0.00243,
    "map_at_500": 0.00245,
    "map_at_1000": 0.00246,
    "recall_at_1": 0.00182,
    "recall_at_3": 0.00182,
    "recall_at_5": 0.00182,
    "recall_at_10": 0.00364,
    "recall_at_20": 0.00727,
    "recall_at_100": 0.01273,
    "recall_at_200": 0.01273,
    "recall_at_300": 0.01455,
    "recall_at_500": 0.02,
    "recall_at_1000": 0.02364,
    "precision_at_1": 0.01818,
    "precision_at_3": 0.00606,
    "precision_at_5": 0.00364,
    "precision_at_10": 0.00364,
    "precision_at_20": 0.00364,
    "precision_at_100": 0.00127,
    "precision_at_200": 0.00064,
    "precision_at_300": 0.00048,
    "precision_at_500": 0.0004,
    "precision_at_1000": 0.00024,
    "mrr_at_1": 0.01818,
    "mrr_at_3": 0.01818,
    "mrr_at_5": 0.01818,
    "mrr_at_10": 0.02045,
    "mrr_at_20": 0.02248,
    "mrr_at_100": 0.02284,
    "mrr_at_200": 0.02284,
    "mrr_at_300": 0.02284,
    "mrr_at_500": 0.02299,
    "mrr_at_1000": 0.02301,
    "rc_at_1": {
        "relevant": 0.01818,
        "distractor": 0.0
    },
    "rc_at_3": {
        "relevant": 0.01818,
        "distractor": 0.03636
    },
    "rc_at_5": {
        "relevant": 0.01818,
        "distractor": 0.05455
    },
    "rc_at_10": {
        "relevant": 0.03636,
        "distractor": 0.10909
    },
    "rc_at_20": {
        "relevant": 0.07273,
        "distractor": 0.18182
    },
    "rc_at_100": {
        "relevant": 0.12727,
        "distractor": 0.36364
    },
    "rc_at_200": {
        "relevant": 0.12727,
        "distractor": 0.50909
    },
    "rc_at_300": {
        "relevant": 0.14545,
        "distractor": 0.54545
    },
    "rc_at_500": {
        "relevant": 0.2,
        "distractor": 0.90909
    },
    "rc_at_1000": {
        "relevant": 0.23636,
        "distractor": 1.29091
    }
}