{
    "ndcg_at_1": 0.28425,
    "ndcg_at_3": 0.34846,
    "ndcg_at_5": 0.3775,
    "ndcg_at_10": 0.40711,
    "ndcg_at_20": 0.42995,
    "ndcg_at_100": 0.4659,
    "ndcg_at_200": 0.47356,
    "ndcg_at_300": 0.47859,
    "ndcg_at_500": 0.48229,
    "ndcg_at_1000": 0.48681,
    "map_at_1": 0.2281,
    "map_at_3": 0.30631,
    "map_at_5": 0.32687,
    "map_at_10": 0.34264,
    "map_at_20": 0.35001,
    "map_at_100": 0.35608,
    "map_at_200": 0.35662,
    "map_at_300": 0.35685,
    "map_at_500": 0.35699,
    "map_at_1000": 0.35709,
    "recall_at_1": 0.2281,
    "recall_at_3": 0.39155,
    "recall_at_5": 0.4639,
    "recall_at_10": 0.54961,
    "recall_at_20": 0.63109,
    "recall_at_100": 0.80125,
    "recall_at_200": 0.84717,
    "recall_at_300": 0.88061,
    "recall_at_500": 0.90554,
    "recall_at_1000": 0.94068,
    "precision_at_1": 0.28425,
    "precision_at_3": 0.17085,
    "precision_at_5": 0.12717,
    "precision_at_10": 0.07797,
    "precision_at_20": 0.04612,
    "precision_at_100": 0.01249,
    "precision_at_200": 0.00674,
    "precision_at_300": 0.00476,
    "precision_at_500": 0.00302,
    "precision_at_1000": 0.00161,
    "mrr_at_1": 0.28425,
    "mrr_at_3": 0.36435,
    "mrr_at_5": 0.38164,
    "mrr_at_10": 0.39199,
    "mrr_at_20": 0.39736,
    "mrr_at_100": 0.40125,
    "mrr_at_200": 0.40154,
    "mrr_at_300": 0.40165,
    "mrr_at_500": 0.4017,
    "mrr_at_1000": 0.40173
}