{
    "ndcg_at_1": 0.2339,
    "ndcg_at_3": 0.28479,
    "ndcg_at_5": 0.30763,
    "ndcg_at_10": 0.33328,
    "ndcg_at_20": 0.35482,
    "ndcg_at_100": 0.38914,
    "ndcg_at_200": 0.39936,
    "ndcg_at_300": 0.40388,
    "ndcg_at_500": 0.40859,
    "ndcg_at_1000": 0.41375,
    "map_at_1": 0.21815,
    "map_at_3": 0.26535,
    "map_at_5": 0.2788,
    "map_at_10": 0.28989,
    "map_at_20": 0.29623,
    "map_at_100": 0.30118,
    "map_at_200": 0.30176,
    "map_at_300": 0.30193,
    "map_at_500": 0.30205,
    "map_at_1000": 0.30212,
    "recall_at_1": 0.21815,
    "recall_at_3": 0.32248,
    "recall_at_5": 0.37627,
    "recall_at_10": 0.45069,
    "recall_at_20": 0.53153,
    "recall_at_100": 0.70973,
    "recall_at_200": 0.7778,
    "recall_at_300": 0.81098,
    "recall_at_500": 0.84903,
    "recall_at_1000": 0.8962,
    "precision_at_1": 0.2339,
    "precision_at_3": 0.11827,
    "precision_at_5": 0.08384,
    "precision_at_10": 0.05175,
    "precision_at_20": 0.03085,
    "precision_at_100": 0.00831,
    "precision_at_200": 0.00463,
    "precision_at_300": 0.00324,
    "precision_at_500": 0.00205,
    "precision_at_1000": 0.00108,
    "mrr_at_1": 0.2339,
    "mrr_at_3": 0.28682,
    "mrr_at_5": 0.29603,
    "mrr_at_10": 0.30777,
    "mrr_at_20": 0.3137,
    "mrr_at_100": 0.31809,
    "mrr_at_200": 0.31855,
    "mrr_at_300": 0.31868,
    "mrr_at_500": 0.31876,
    "mrr_at_1000": 0.31882
}