{
    "ndcg_at_1": 0.24,
    "ndcg_at_3": 0.23112,
    "ndcg_at_5": 0.21301,
    "ndcg_at_10": 0.19713,
    "ndcg_at_20": 0.17916,
    "ndcg_at_100": 0.13608,
    "ndcg_at_200": 0.11423,
    "ndcg_at_300": 0.10695,
    "ndcg_at_500": 0.10644,
    "ndcg_at_1000": 0.13082,
    "map_at_1": 0.00052,
    "map_at_3": 0.00125,
    "map_at_5": 0.00171,
    "map_at_10": 0.00273,
    "map_at_20": 0.00411,
    "map_at_100": 0.01054,
    "map_at_200": 0.01421,
    "map_at_300": 0.01675,
    "map_at_500": 0.02018,
    "map_at_1000": 0.02449,
    "recall_at_1": 0.00052,
    "recall_at_3": 0.0016,
    "recall_at_5": 0.00257,
    "recall_at_10": 0.0048,
    "recall_at_20": 0.00824,
    "recall_at_100": 0.02998,
    "recall_at_200": 0.04688,
    "recall_at_300": 0.06164,
    "recall_at_500": 0.08541,
    "recall_at_1000": 0.12798,
    "precision_at_1": 0.24,
    "precision_at_3": 0.25333,
    "precision_at_5": 0.224,
    "precision_at_10": 0.206,
    "precision_at_20": 0.184,
    "precision_at_100": 0.1376,
    "precision_at_200": 0.1103,
    "precision_at_300": 0.09727,
    "precision_at_500": 0.081,
    "precision_at_1000": 0.06086,
    "mrr_at_1": 0.24,
    "mrr_at_3": 0.32333,
    "mrr_at_5": 0.34933,
    "mrr_at_10": 0.35989,
    "mrr_at_20": 0.36794,
    "mrr_at_100": 0.36953,
    "mrr_at_200": 0.37007,
    "mrr_at_300": 0.37015,
    "mrr_at_500": 0.3702,
    "mrr_at_1000": 0.37023
}