{
    "ndcg_at_1": 0.52333,
    "ndcg_at_3": 0.58675,
    "ndcg_at_5": 0.61279,
    "ndcg_at_10": 0.6378,
    "ndcg_at_20": 0.65356,
    "ndcg_at_100": 0.66783,
    "ndcg_at_200": 0.67319,
    "ndcg_at_300": 0.67488,
    "ndcg_at_500": 0.67704,
    "ndcg_at_1000": 0.67867,
    "map_at_1": 0.49633,
    "map_at_3": 0.5625,
    "map_at_5": 0.57946,
    "map_at_10": 0.59113,
    "map_at_20": 0.59605,
    "map_at_100": 0.59814,
    "map_at_200": 0.59845,
    "map_at_300": 0.5985,
    "map_at_500": 0.59855,
    "map_at_1000": 0.59858,
    "recall_at_1": 0.49633,
    "recall_at_3": 0.63322,
    "recall_at_5": 0.69567,
    "recall_at_10": 0.76872,
    "recall_at_20": 0.828,
    "recall_at_100": 0.90267,
    "recall_at_200": 0.94,
    "recall_at_300": 0.95333,
    "recall_at_500": 0.97167,
    "recall_at_1000": 0.98667,
    "precision_at_1": 0.52333,
    "precision_at_3": 0.22889,
    "precision_at_5": 0.15467,
    "precision_at_10": 0.08633,
    "precision_at_20": 0.047,
    "precision_at_100": 0.01027,
    "precision_at_200": 0.00533,
    "precision_at_300": 0.0036,
    "precision_at_500": 0.0022,
    "precision_at_1000": 0.00112,
    "mrr_at_1": 0.52333,
    "mrr_at_3": 0.58556,
    "mrr_at_5": 0.59922,
    "mrr_at_10": 0.60702,
    "mrr_at_20": 0.61065,
    "mrr_at_100": 0.61255,
    "mrr_at_200": 0.61277,
    "mrr_at_300": 0.61281,
    "mrr_at_500": 0.61286,
    "mrr_at_1000": 0.61288
}