{
    "ndcg_at_1": 0.05424,
    "ndcg_at_3": 0.07282,
    "ndcg_at_5": 0.08176,
    "ndcg_at_10": 0.09397,
    "ndcg_at_20": 0.10205,
    "ndcg_at_100": 0.12489,
    "ndcg_at_200": 0.13491,
    "ndcg_at_300": 0.14082,
    "ndcg_at_500": 0.14861,
    "ndcg_at_1000": 0.15903,
    "map_at_1": 0.04802,
    "map_at_3": 0.06604,
    "map_at_5": 0.07078,
    "map_at_10": 0.07576,
    "map_at_20": 0.07795,
    "map_at_100": 0.08094,
    "map_at_200": 0.08148,
    "map_at_300": 0.08168,
    "map_at_500": 0.08186,
    "map_at_1000": 0.08201,
    "recall_at_1": 0.04802,
    "recall_at_3": 0.08625,
    "recall_at_5": 0.10744,
    "recall_at_10": 0.14417,
    "recall_at_20": 0.17541,
    "recall_at_100": 0.29753,
    "recall_at_200": 0.36552,
    "recall_at_300": 0.41085,
    "recall_at_500": 0.4748,
    "recall_at_1000": 0.56867,
    "precision_at_1": 0.05424,
    "precision_at_3": 0.03277,
    "precision_at_5": 0.02463,
    "precision_at_10": 0.01661,
    "precision_at_20": 0.01011,
    "precision_at_100": 0.0034,
    "precision_at_200": 0.00213,
    "precision_at_300": 0.0016,
    "precision_at_500": 0.00111,
    "precision_at_1000": 0.00067,
    "mrr_at_1": 0.05424,
    "mrr_at_3": 0.07232,
    "mrr_at_5": 0.0778,
    "mrr_at_10": 0.08313,
    "mrr_at_20": 0.08537,
    "mrr_at_100": 0.08851,
    "mrr_at_200": 0.08902,
    "mrr_at_300": 0.08922,
    "mrr_at_500": 0.0894,
    "mrr_at_1000": 0.08954
}