{
    "ndcg_at_1": 0.25455,
    "ndcg_at_3": 0.21392,
    "ndcg_at_5": 0.17742,
    "ndcg_at_10": 0.13831,
    "ndcg_at_20": 0.15351,
    "ndcg_at_100": 0.1916,
    "ndcg_at_200": 0.21364,
    "ndcg_at_300": 0.22625,
    "ndcg_at_500": 0.23979,
    "ndcg_at_1000": 0.25368,
    "map_at_1": 0.02545,
    "map_at_3": 0.05121,
    "map_at_5": 0.06267,
    "map_at_10": 0.0754,
    "map_at_20": 0.08081,
    "map_at_100": 0.08775,
    "map_at_200": 0.09004,
    "map_at_300": 0.09093,
    "map_at_500": 0.09151,
    "map_at_1000": 0.09206,
    "recall_at_1": 0.02545,
    "recall_at_3": 0.06,
    "recall_at_5": 0.07636,
    "recall_at_10": 0.10909,
    "recall_at_20": 0.13636,
    "recall_at_100": 0.23091,
    "recall_at_200": 0.30182,
    "recall_at_300": 0.34727,
    "recall_at_500": 0.4,
    "recall_at_1000": 0.46,
    "precision_at_1": 0.25455,
    "precision_at_3": 0.2,
    "precision_at_5": 0.15273,
    "precision_at_10": 0.10909,
    "precision_at_20": 0.06818,
    "precision_at_100": 0.02309,
    "precision_at_200": 0.01509,
    "precision_at_300": 0.01158,
    "precision_at_500": 0.008,
    "precision_at_1000": 0.0046,
    "mrr_at_1": 0.25455,
    "mrr_at_3": 0.31818,
    "mrr_at_5": 0.32636,
    "mrr_at_10": 0.33369,
    "mrr_at_20": 0.34082,
    "mrr_at_100": 0.34581,
    "mrr_at_200": 0.34605,
    "mrr_at_300": 0.34614,
    "mrr_at_500": 0.3463,
    "mrr_at_1000": 0.34632,
    "rc_at_1": {
        "relevant": 0.25455,
        "distractor": 0.25455
    },
    "rc_at_3": {
        "relevant": 0.6,
        "distractor": 0.76364
    },
    "rc_at_5": {
        "relevant": 0.76364,
        "distractor": 1.30909
    },
    "rc_at_10": {
        "relevant": 1.09091,
        "distractor": 2.47273
    },
    "rc_at_20": {
        "relevant": 1.36364,
        "distractor": 4.49091
    },
    "rc_at_100": {
        "relevant": 2.30909,
        "distractor": 11.30909
    },
    "rc_at_200": {
        "relevant": 3.01818,
        "distractor": 15.63636
    },
    "rc_at_300": {
        "relevant": 3.47273,
        "distractor": 18.49091
    },
    "rc_at_500": {
        "relevant": 4.0,
        "distractor": 22.87273
    },
    "rc_at_1000": {
        "relevant": 4.6,
        "distractor": 28.94545
    }
}