{
    "ndcg_at_1": 0.29091,
    "ndcg_at_3": 0.24063,
    "ndcg_at_5": 0.23202,
    "ndcg_at_10": 0.18037,
    "ndcg_at_20": 0.21745,
    "ndcg_at_100": 0.29663,
    "ndcg_at_200": 0.32412,
    "ndcg_at_300": 0.33519,
    "ndcg_at_500": 0.34585,
    "ndcg_at_1000": 0.35652,
    "map_at_1": 0.02909,
    "map_at_3": 0.05879,
    "map_at_5": 0.08088,
    "map_at_10": 0.09598,
    "map_at_20": 0.11136,
    "map_at_100": 0.13156,
    "map_at_200": 0.13547,
    "map_at_300": 0.1364,
    "map_at_500": 0.13708,
    "map_at_1000": 0.13751,
    "recall_at_1": 0.02909,
    "recall_at_3": 0.06727,
    "recall_at_5": 0.10909,
    "recall_at_10": 0.15091,
    "recall_at_20": 0.21818,
    "recall_at_100": 0.41455,
    "recall_at_200": 0.50364,
    "recall_at_300": 0.54364,
    "recall_at_500": 0.58545,
    "recall_at_1000": 0.63091,
    "precision_at_1": 0.29091,
    "precision_at_3": 0.22424,
    "precision_at_5": 0.21818,
    "precision_at_10": 0.15091,
    "precision_at_20": 0.10909,
    "precision_at_100": 0.04145,
    "precision_at_200": 0.02518,
    "precision_at_300": 0.01812,
    "precision_at_500": 0.01171,
    "precision_at_1000": 0.00631,
    "mrr_at_1": 0.29091,
    "mrr_at_3": 0.35152,
    "mrr_at_5": 0.38879,
    "mrr_at_10": 0.39851,
    "mrr_at_20": 0.40778,
    "mrr_at_100": 0.41228,
    "mrr_at_200": 0.41254,
    "mrr_at_300": 0.41254,
    "mrr_at_500": 0.41254,
    "mrr_at_1000": 0.41257,
    "rc_at_1": {
        "relevant": 0.29091,
        "distractor": 0.54545
    },
    "rc_at_3": {
        "relevant": 0.67273,
        "distractor": 1.63636
    },
    "rc_at_5": {
        "relevant": 1.09091,
        "distractor": 2.52727
    },
    "rc_at_10": {
        "relevant": 1.50909,
        "distractor": 5.01818
    },
    "rc_at_20": {
        "relevant": 2.18182,
        "distractor": 9.27273
    },
    "rc_at_100": {
        "relevant": 4.14545,
        "distractor": 25.2
    },
    "rc_at_200": {
        "relevant": 5.03636,
        "distractor": 33.03636
    },
    "rc_at_300": {
        "relevant": 5.43636,
        "distractor": 37.65455
    },
    "rc_at_500": {
        "relevant": 5.85455,
        "distractor": 42.89091
    },
    "rc_at_1000": {
        "relevant": 6.30909,
        "distractor": 49.98182
    }
}