{
    "ndcg_at_1": 0.29938,
    "ndcg_at_3": 0.25686,
    "ndcg_at_5": 0.26287,
    "ndcg_at_10": 0.28489,
    "ndcg_at_20": 0.30799,
    "ndcg_at_100": 0.35025,
    "ndcg_at_200": 0.36314,
    "ndcg_at_300": 0.36969,
    "ndcg_at_500": 0.37591,
    "ndcg_at_1000": 0.38327,
    "map_at_1": 0.14612,
    "map_at_3": 0.19408,
    "map_at_5": 0.20861,
    "map_at_10": 0.22337,
    "map_at_20": 0.23159,
    "map_at_100": 0.23929,
    "map_at_200": 0.24027,
    "map_at_300": 0.2406,
    "map_at_500": 0.24084,
    "map_at_1000": 0.24101,
    "recall_at_1": 0.14612,
    "recall_at_3": 0.22011,
    "recall_at_5": 0.26138,
    "recall_at_10": 0.33115,
    "recall_at_20": 0.40225,
    "recall_at_100": 0.57903,
    "recall_at_200": 0.65029,
    "recall_at_300": 0.68883,
    "recall_at_500": 0.72772,
    "recall_at_1000": 0.78017,
    "precision_at_1": 0.29938,
    "precision_at_3": 0.16872,
    "precision_at_5": 0.12531,
    "precision_at_10": 0.08071,
    "precision_at_20": 0.05,
    "precision_at_100": 0.01457,
    "precision_at_200": 0.00823,
    "precision_at_300": 0.00587,
    "precision_at_500": 0.00377,
    "precision_at_1000": 0.00203,
    "mrr_at_1": 0.29938,
    "mrr_at_3": 0.34053,
    "mrr_at_5": 0.35365,
    "mrr_at_10": 0.36356,
    "mrr_at_20": 0.36831,
    "mrr_at_100": 0.37278,
    "mrr_at_200": 0.37315,
    "mrr_at_300": 0.37326,
    "mrr_at_500": 0.37333,
    "mrr_at_1000": 0.37337
}