{
    "ndcg_at_1": 0.47,
    "ndcg_at_3": 0.4042,
    "ndcg_at_5": 0.38115,
    "ndcg_at_10": 0.36051,
    "ndcg_at_20": 0.35214,
    "ndcg_at_100": 0.3918,
    "ndcg_at_200": 0.41923,
    "ndcg_at_300": 0.43281,
    "ndcg_at_500": 0.44869,
    "ndcg_at_1000": 0.46763,
    "map_at_1": 0.07044,
    "map_at_3": 0.11299,
    "map_at_5": 0.13185,
    "map_at_10": 0.15639,
    "map_at_20": 0.18035,
    "map_at_100": 0.21624,
    "map_at_200": 0.22383,
    "map_at_300": 0.22676,
    "map_at_500": 0.22923,
    "map_at_1000": 0.23145,
    "recall_at_1": 0.07044,
    "recall_at_3": 0.1274,
    "recall_at_5": 0.16125,
    "recall_at_10": 0.21449,
    "recall_at_20": 0.27323,
    "recall_at_100": 0.43891,
    "recall_at_200": 0.52174,
    "recall_at_300": 0.56292,
    "recall_at_500": 0.6196,
    "recall_at_1000": 0.69185,
    "precision_at_1": 0.58,
    "precision_at_3": 0.4475,
    "precision_at_5": 0.3735,
    "precision_at_10": 0.28825,
    "precision_at_20": 0.21575,
    "precision_at_100": 0.0898,
    "precision_at_200": 0.05801,
    "precision_at_300": 0.04433,
    "precision_at_500": 0.03088,
    "precision_at_1000": 0.01873,
    "mrr_at_1": 0.58,
    "mrr_at_3": 0.65708,
    "mrr_at_5": 0.66658,
    "mrr_at_10": 0.67382,
    "mrr_at_20": 0.67701,
    "mrr_at_100": 0.67855,
    "mrr_at_200": 0.67865,
    "mrr_at_300": 0.67866,
    "mrr_at_500": 0.67867,
    "mrr_at_1000": 0.67869
}