{
    "ndcg_at_1": 0.05521,
    "ndcg_at_3": 0.06598,
    "ndcg_at_5": 0.07106,
    "ndcg_at_10": 0.07893,
    "ndcg_at_20": 0.08797,
    "ndcg_at_100": 0.10781,
    "ndcg_at_200": 0.11493,
    "ndcg_at_300": 0.11958,
    "ndcg_at_500": 0.12614,
    "ndcg_at_1000": 0.13505,
    "map_at_1": 0.05081,
    "map_at_3": 0.06042,
    "map_at_5": 0.06365,
    "map_at_10": 0.067,
    "map_at_20": 0.06946,
    "map_at_100": 0.07205,
    "map_at_200": 0.07239,
    "map_at_300": 0.07254,
    "map_at_500": 0.07269,
    "map_at_1000": 0.07281,
    "recall_at_1": 0.05081,
    "recall_at_3": 0.07248,
    "recall_at_5": 0.08526,
    "recall_at_10": 0.10955,
    "recall_at_20": 0.14369,
    "recall_at_100": 0.24878,
    "recall_at_200": 0.29771,
    "recall_at_300": 0.33286,
    "recall_at_500": 0.38541,
    "recall_at_1000": 0.46518,
    "precision_at_1": 0.05521,
    "precision_at_3": 0.02812,
    "precision_at_5": 0.01994,
    "precision_at_10": 0.01273,
    "precision_at_20": 0.00851,
    "precision_at_100": 0.00301,
    "precision_at_200": 0.00182,
    "precision_at_300": 0.00136,
    "precision_at_500": 0.00096,
    "precision_at_1000": 0.00059,
    "mrr_at_1": 0.05521,
    "mrr_at_3": 0.06723,
    "mrr_at_5": 0.07053,
    "mrr_at_10": 0.07433,
    "mrr_at_20": 0.07715,
    "mrr_at_100": 0.07971,
    "mrr_at_200": 0.08009,
    "mrr_at_300": 0.08026,
    "mrr_at_500": 0.08042,
    "mrr_at_1000": 0.08054
}