{
    "ndcg_at_1": 0.00625,
    "ndcg_at_3": 0.00712,
    "ndcg_at_5": 0.00586,
    "ndcg_at_10": 0.00561,
    "ndcg_at_20": 0.00606,
    "ndcg_at_100": 0.00824,
    "ndcg_at_200": 0.00963,
    "ndcg_at_300": 0.00999,
    "ndcg_at_500": 0.01167,
    "ndcg_at_1000": 0.01464,
    "map_at_1": 0.00061,
    "map_at_3": 0.00092,
    "map_at_5": 0.00096,
    "map_at_10": 0.00109,
    "map_at_20": 0.00123,
    "map_at_100": 0.0015,
    "map_at_200": 0.00156,
    "map_at_300": 0.00158,
    "map_at_500": 0.00162,
    "map_at_1000": 0.00168,
    "recall_at_1": 0.00061,
    "recall_at_3": 0.00135,
    "recall_at_5": 0.00143,
    "recall_at_10": 0.00233,
    "recall_at_20": 0.00391,
    "recall_at_100": 0.01308,
    "recall_at_200": 0.01689,
    "recall_at_300": 0.01793,
    "recall_at_500": 0.02405,
    "recall_at_1000": 0.03645,
    "precision_at_1": 0.0075,
    "precision_at_3": 0.00833,
    "precision_at_5": 0.006,
    "precision_at_10": 0.00475,
    "precision_at_20": 0.00438,
    "precision_at_100": 0.0028,
    "precision_at_200": 0.00225,
    "precision_at_300": 0.00177,
    "precision_at_500": 0.00144,
    "precision_at_1000": 0.00113,
    "mrr_at_1": 0.0075,
    "mrr_at_3": 0.01125,
    "mrr_at_5": 0.01362,
    "mrr_at_10": 0.01507,
    "mrr_at_20": 0.01624,
    "mrr_at_100": 0.01786,
    "mrr_at_200": 0.01826,
    "mrr_at_300": 0.01841,
    "mrr_at_500": 0.01857,
    "mrr_at_1000": 0.01868
}