{
    "ndcg_at_1": 0.7,
    "ndcg_at_3": 0.71123,
    "ndcg_at_5": 0.69965,
    "ndcg_at_10": 0.67141,
    "ndcg_at_20": 0.64276,
    "ndcg_at_100": 0.51982,
    "ndcg_at_200": 0.44412,
    "ndcg_at_300": 0.41679,
    "ndcg_at_500": 0.41776,
    "ndcg_at_1000": 0.47284,
    "map_at_1": 0.00195,
    "map_at_3": 0.00584,
    "map_at_5": 0.00904,
    "map_at_10": 0.01654,
    "map_at_20": 0.02974,
    "map_at_100": 0.09727,
    "map_at_200": 0.14067,
    "map_at_300": 0.16554,
    "map_at_500": 0.1954,
    "map_at_1000": 0.22702,
    "recall_at_1": 0.00195,
    "recall_at_3": 0.00631,
    "recall_at_5": 0.01002,
    "recall_at_10": 0.01914,
    "recall_at_20": 0.0363,
    "recall_at_100": 0.13323,
    "recall_at_200": 0.20993,
    "recall_at_300": 0.26454,
    "recall_at_500": 0.34217,
    "recall_at_1000": 0.45192,
    "precision_at_1": 0.76,
    "precision_at_3": 0.8,
    "precision_at_5": 0.764,
    "precision_at_10": 0.72,
    "precision_at_20": 0.69,
    "precision_at_100": 0.5398,
    "precision_at_200": 0.4357,
    "precision_at_300": 0.374,
    "precision_at_500": 0.2994,
    "precision_at_1000": 0.20514,
    "mrr_at_1": 0.76,
    "mrr_at_3": 0.84,
    "mrr_at_5": 0.859,
    "mrr_at_10": 0.859,
    "mrr_at_20": 0.859,
    "mrr_at_100": 0.859,
    "mrr_at_200": 0.859,
    "mrr_at_300": 0.859,
    "mrr_at_500": 0.859,
    "mrr_at_1000": 0.859
}