{
    "ndcg_at_1": 0.30043,
    "ndcg_at_3": 0.35604,
    "ndcg_at_5": 0.38219,
    "ndcg_at_10": 0.41344,
    "ndcg_at_20": 0.43391,
    "ndcg_at_100": 0.47,
    "ndcg_at_200": 0.48193,
    "ndcg_at_300": 0.48628,
    "ndcg_at_500": 0.4896,
    "ndcg_at_1000": 0.49324,
    "map_at_1": 0.23912,
    "map_at_3": 0.3125,
    "map_at_5": 0.33151,
    "map_at_10": 0.34808,
    "map_at_20": 0.35585,
    "map_at_100": 0.36241,
    "map_at_200": 0.36331,
    "map_at_300": 0.36358,
    "map_at_500": 0.36374,
    "map_at_1000": 0.36385,
    "recall_at_1": 0.23912,
    "recall_at_3": 0.38724,
    "recall_at_5": 0.45844,
    "recall_at_10": 0.55084,
    "recall_at_20": 0.62582,
    "recall_at_100": 0.7898,
    "recall_at_200": 0.86155,
    "recall_at_300": 0.88907,
    "recall_at_500": 0.90871,
    "recall_at_1000": 0.93343,
    "precision_at_1": 0.30043,
    "precision_at_3": 0.17406,
    "precision_at_5": 0.12704,
    "precision_at_10": 0.08126,
    "precision_at_20": 0.04807,
    "precision_at_100": 0.01366,
    "precision_at_200": 0.00776,
    "precision_at_300": 0.0055,
    "precision_at_500": 0.00351,
    "precision_at_1000": 0.00188,
    "mrr_at_1": 0.30043,
    "mrr_at_3": 0.37124,
    "mrr_at_5": 0.38934,
    "mrr_at_10": 0.40282,
    "mrr_at_20": 0.40732,
    "mrr_at_100": 0.41124,
    "mrr_at_200": 0.41166,
    "mrr_at_300": 0.41173,
    "mrr_at_500": 0.41178,
    "mrr_at_1000": 0.4118
}