{
    "ndcg_at_1": 0.27273,
    "ndcg_at_3": 0.22875,
    "ndcg_at_5": 0.22901,
    "ndcg_at_10": 0.18633,
    "ndcg_at_20": 0.2247,
    "ndcg_at_100": 0.29446,
    "ndcg_at_200": 0.31752,
    "ndcg_at_300": 0.32753,
    "ndcg_at_500": 0.33776,
    "ndcg_at_1000": 0.35266,
    "map_at_1": 0.02727,
    "map_at_3": 0.04939,
    "map_at_5": 0.06885,
    "map_at_10": 0.08937,
    "map_at_20": 0.1077,
    "map_at_100": 0.1275,
    "map_at_200": 0.13052,
    "map_at_300": 0.13126,
    "map_at_500": 0.13185,
    "map_at_1000": 0.13244,
    "recall_at_1": 0.02727,
    "recall_at_3": 0.06545,
    "recall_at_5": 0.11091,
    "recall_at_10": 0.16545,
    "recall_at_20": 0.23455,
    "recall_at_100": 0.40545,
    "recall_at_200": 0.48,
    "recall_at_300": 0.51636,
    "recall_at_500": 0.55636,
    "recall_at_1000": 0.62,
    "precision_at_1": 0.27273,
    "precision_at_3": 0.21818,
    "precision_at_5": 0.22182,
    "precision_at_10": 0.16545,
    "precision_at_20": 0.11727,
    "precision_at_100": 0.04055,
    "precision_at_200": 0.024,
    "precision_at_300": 0.01721,
    "precision_at_500": 0.01113,
    "precision_at_1000": 0.0062,
    "mrr_at_1": 0.27273,
    "mrr_at_3": 0.37273,
    "mrr_at_5": 0.41909,
    "mrr_at_10": 0.42532,
    "mrr_at_20": 0.42998,
    "mrr_at_100": 0.43217,
    "mrr_at_200": 0.43243,
    "mrr_at_300": 0.43243,
    "mrr_at_500": 0.43243,
    "mrr_at_1000": 0.43243,
    "rc_at_1": {
        "relevant": 0.27273,
        "distractor": 0.50909
    },
    "rc_at_3": {
        "relevant": 0.65455,
        "distractor": 1.6
    },
    "rc_at_5": {
        "relevant": 1.10909,
        "distractor": 2.47273
    },
    "rc_at_10": {
        "relevant": 1.65455,
        "distractor": 4.85455
    },
    "rc_at_20": {
        "relevant": 2.34545,
        "distractor": 8.72727
    },
    "rc_at_100": {
        "relevant": 4.05455,
        "distractor": 24.36364
    },
    "rc_at_200": {
        "relevant": 4.8,
        "distractor": 31.25455
    },
    "rc_at_300": {
        "relevant": 5.16364,
        "distractor": 35.23636
    },
    "rc_at_500": {
        "relevant": 5.56364,
        "distractor": 40.47273
    },
    "rc_at_1000": {
        "relevant": 6.2,
        "distractor": 47.34545
    }
}