{
    "ndcg_at_1": 0.23636,
    "ndcg_at_3": 0.16455,
    "ndcg_at_5": 0.14625,
    "ndcg_at_10": 0.12566,
    "ndcg_at_20": 0.15168,
    "ndcg_at_100": 0.19953,
    "ndcg_at_200": 0.21953,
    "ndcg_at_300": 0.22658,
    "ndcg_at_500": 0.23267,
    "ndcg_at_1000": 0.24535,
    "map_at_1": 0.02364,
    "map_at_3": 0.03727,
    "map_at_5": 0.04655,
    "map_at_10": 0.0601,
    "map_at_20": 0.07225,
    "map_at_100": 0.08306,
    "map_at_200": 0.08498,
    "map_at_300": 0.0855,
    "map_at_500": 0.0858,
    "map_at_1000": 0.08621,
    "recall_at_1": 0.02364,
    "recall_at_3": 0.04364,
    "recall_at_5": 0.06364,
    "recall_at_10": 0.10727,
    "recall_at_20": 0.15273,
    "recall_at_100": 0.27091,
    "recall_at_200": 0.33636,
    "recall_at_300": 0.36182,
    "recall_at_500": 0.38545,
    "recall_at_1000": 0.44,
    "precision_at_1": 0.23636,
    "precision_at_3": 0.14545,
    "precision_at_5": 0.12727,
    "precision_at_10": 0.10727,
    "precision_at_20": 0.07636,
    "precision_at_100": 0.02709,
    "precision_at_200": 0.01682,
    "precision_at_300": 0.01206,
    "precision_at_500": 0.00771,
    "precision_at_1000": 0.0044,
    "mrr_at_1": 0.23636,
    "mrr_at_3": 0.27576,
    "mrr_at_5": 0.29394,
    "mrr_at_10": 0.31553,
    "mrr_at_20": 0.32219,
    "mrr_at_100": 0.3268,
    "mrr_at_200": 0.32725,
    "mrr_at_300": 0.32732,
    "mrr_at_500": 0.32732,
    "mrr_at_1000": 0.32736,
    "rc_at_1": {
        "relevant": 0.23636,
        "distractor": 0.34545
    },
    "rc_at_3": {
        "relevant": 0.43636,
        "distractor": 1.0
    },
    "rc_at_5": {
        "relevant": 0.63636,
        "distractor": 1.6
    },
    "rc_at_10": {
        "relevant": 1.07273,
        "distractor": 2.92727
    },
    "rc_at_20": {
        "relevant": 1.52727,
        "distractor": 4.76364
    },
    "rc_at_100": {
        "relevant": 2.70909,
        "distractor": 11.67273
    },
    "rc_at_200": {
        "relevant": 3.36364,
        "distractor": 16.61818
    },
    "rc_at_300": {
        "relevant": 3.61818,
        "distractor": 19.18182
    },
    "rc_at_500": {
        "relevant": 3.85455,
        "distractor": 22.45455
    },
    "rc_at_1000": {
        "relevant": 4.4,
        "distractor": 28.01818
    }
}