{
    "ndcg_at_1": 0.01778,
    "ndcg_at_3": 0.19012,
    "ndcg_at_5": 0.25328,
    "ndcg_at_10": 0.32777,
    "ndcg_at_20": 0.36949,
    "ndcg_at_100": 0.39173,
    "ndcg_at_200": 0.39316,
    "ndcg_at_300": 0.3936,
    "ndcg_at_500": 0.39403,
    "ndcg_at_1000": 0.39449,
    "map_at_1": 0.01778,
    "map_at_3": 0.14746,
    "map_at_5": 0.1821,
    "map_at_10": 0.21282,
    "map_at_20": 0.22475,
    "map_at_100": 0.22825,
    "map_at_200": 0.22833,
    "map_at_300": 0.22834,
    "map_at_500": 0.22836,
    "map_at_1000": 0.22836,
    "recall_at_1": 0.01778,
    "recall_at_3": 0.31366,
    "recall_at_5": 0.46871,
    "recall_at_10": 0.69915,
    "recall_at_20": 0.8606,
    "recall_at_100": 0.9744,
    "recall_at_200": 0.98435,
    "recall_at_300": 0.98791,
    "recall_at_500": 0.99147,
    "recall_at_1000": 0.99573,
    "precision_at_1": 0.01778,
    "precision_at_3": 0.10455,
    "precision_at_5": 0.09374,
    "precision_at_10": 0.06991,
    "precision_at_20": 0.04303,
    "precision_at_100": 0.00974,
    "precision_at_200": 0.00492,
    "precision_at_300": 0.00329,
    "precision_at_500": 0.00198,
    "precision_at_1000": 0.001,
    "mrr_at_1": 0.01778,
    "mrr_at_3": 0.14746,
    "mrr_at_5": 0.18192,
    "mrr_at_10": 0.21319,
    "mrr_at_20": 0.22522,
    "mrr_at_100": 0.22878,
    "mrr_at_200": 0.22886,
    "mrr_at_300": 0.22888,
    "mrr_at_500": 0.22889,
    "mrr_at_1000": 0.22889
}