{
    "ndcg_at_1": 0.33846,
    "ndcg_at_3": 0.28036,
    "ndcg_at_5": 0.25225,
    "ndcg_at_10": 0.21418,
    "ndcg_at_20": 0.25397,
    "ndcg_at_100": 0.32846,
    "ndcg_at_200": 0.34964,
    "ndcg_at_300": 0.35945,
    "ndcg_at_500": 0.37011,
    "ndcg_at_1000": 0.38445,
    "map_at_1": 0.03385,
    "map_at_3": 0.06846,
    "map_at_5": 0.087,
    "map_at_10": 0.11929,
    "map_at_20": 0.1361,
    "map_at_100": 0.15675,
    "map_at_200": 0.15938,
    "map_at_300": 0.16025,
    "map_at_500": 0.1609,
    "map_at_1000": 0.16143,
    "recall_at_1": 0.03385,
    "recall_at_3": 0.08,
    "recall_at_5": 0.11538,
    "recall_at_10": 0.18615,
    "recall_at_20": 0.25846,
    "recall_at_100": 0.44615,
    "recall_at_200": 0.51538,
    "recall_at_300": 0.55077,
    "recall_at_500": 0.59231,
    "recall_at_1000": 0.65385,
    "precision_at_1": 0.33846,
    "precision_at_3": 0.26667,
    "precision_at_5": 0.23077,
    "precision_at_10": 0.18615,
    "precision_at_20": 0.12923,
    "precision_at_100": 0.04462,
    "precision_at_200": 0.02577,
    "precision_at_300": 0.01836,
    "precision_at_500": 0.01185,
    "precision_at_1000": 0.00654,
    "mrr_at_1": 0.33846,
    "mrr_at_3": 0.39744,
    "mrr_at_5": 0.4259,
    "mrr_at_10": 0.43899,
    "mrr_at_20": 0.44707,
    "mrr_at_100": 0.45062,
    "mrr_at_200": 0.45075,
    "mrr_at_300": 0.45075,
    "mrr_at_500": 0.45075,
    "mrr_at_1000": 0.45075,
    "rc_at_1": {
        "relevant": 0.33846,
        "distractor": 0.58462
    },
    "rc_at_3": {
        "relevant": 0.8,
        "distractor": 1.93846
    },
    "rc_at_5": {
        "relevant": 1.15385,
        "distractor": 3.2
    },
    "rc_at_10": {
        "relevant": 1.86154,
        "distractor": 6.4
    },
    "rc_at_20": {
        "relevant": 2.58462,
        "distractor": 12.35385
    },
    "rc_at_100": {
        "relevant": 4.46154,
        "distractor": 36.98462
    },
    "rc_at_200": {
        "relevant": 5.15385,
        "distractor": 47.56923
    },
    "rc_at_300": {
        "relevant": 5.50769,
        "distractor": 52.95385
    },
    "rc_at_500": {
        "relevant": 5.92308,
        "distractor": 58.6
    },
    "rc_at_1000": {
        "relevant": 6.53846,
        "distractor": 65.72308
    }
}