{
    "ndcg_at_1": 0.35385,
    "ndcg_at_3": 0.29669,
    "ndcg_at_5": 0.26832,
    "ndcg_at_10": 0.226,
    "ndcg_at_20": 0.27652,
    "ndcg_at_100": 0.38465,
    "ndcg_at_200": 0.41578,
    "ndcg_at_300": 0.42693,
    "ndcg_at_500": 0.44187,
    "ndcg_at_1000": 0.45558,
    "map_at_1": 0.03538,
    "map_at_3": 0.07308,
    "map_at_5": 0.09292,
    "map_at_10": 0.12653,
    "map_at_20": 0.14809,
    "map_at_100": 0.17912,
    "map_at_200": 0.18394,
    "map_at_300": 0.18511,
    "map_at_500": 0.18636,
    "map_at_1000": 0.18698,
    "recall_at_1": 0.03538,
    "recall_at_3": 0.08462,
    "recall_at_5": 0.12308,
    "recall_at_10": 0.19538,
    "recall_at_20": 0.28769,
    "recall_at_100": 0.56154,
    "recall_at_200": 0.66154,
    "recall_at_300": 0.70154,
    "recall_at_500": 0.76,
    "recall_at_1000": 0.81846,
    "precision_at_1": 0.35385,
    "precision_at_3": 0.28205,
    "precision_at_5": 0.24615,
    "precision_at_10": 0.19538,
    "precision_at_20": 0.14385,
    "precision_at_100": 0.05615,
    "precision_at_200": 0.03308,
    "precision_at_300": 0.02338,
    "precision_at_500": 0.0152,
    "precision_at_1000": 0.00818,
    "mrr_at_1": 0.35385,
    "mrr_at_3": 0.41282,
    "mrr_at_5": 0.44513,
    "mrr_at_10": 0.45811,
    "mrr_at_20": 0.46839,
    "mrr_at_100": 0.47205,
    "mrr_at_200": 0.47205,
    "mrr_at_300": 0.47205,
    "mrr_at_500": 0.47209,
    "mrr_at_1000": 0.47209,
    "rc_at_1": {
        "relevant": 0.35385,
        "distractor": 0.63077
    },
    "rc_at_3": {
        "relevant": 0.84615,
        "distractor": 2.09231
    },
    "rc_at_5": {
        "relevant": 1.23077,
        "distractor": 3.53846
    },
    "rc_at_10": {
        "relevant": 1.95385,
        "distractor": 7.30769
    },
    "rc_at_20": {
        "relevant": 2.87692,
        "distractor": 14.96923
    },
    "rc_at_100": {
        "relevant": 5.61538,
        "distractor": 55.2
    },
    "rc_at_200": {
        "relevant": 6.61538,
        "distractor": 67.50769
    },
    "rc_at_300": {
        "relevant": 7.01538,
        "distractor": 72.64615
    },
    "rc_at_500": {
        "relevant": 7.6,
        "distractor": 77.96923
    },
    "rc_at_1000": {
        "relevant": 8.18462,
        "distractor": 83.6
    }
}