{
    "ndcg_at_1": 0.33846,
    "ndcg_at_3": 0.2832,
    "ndcg_at_5": 0.26935,
    "ndcg_at_10": 0.22458,
    "ndcg_at_20": 0.26871,
    "ndcg_at_100": 0.33623,
    "ndcg_at_200": 0.36141,
    "ndcg_at_300": 0.37339,
    "ndcg_at_500": 0.38794,
    "ndcg_at_1000": 0.40372,
    "map_at_1": 0.03385,
    "map_at_3": 0.07,
    "map_at_5": 0.09477,
    "map_at_10": 0.12446,
    "map_at_20": 0.14528,
    "map_at_100": 0.16364,
    "map_at_200": 0.16718,
    "map_at_300": 0.16823,
    "map_at_500": 0.16912,
    "map_at_1000": 0.16981,
    "recall_at_1": 0.03385,
    "recall_at_3": 0.08,
    "recall_at_5": 0.12615,
    "recall_at_10": 0.19692,
    "recall_at_20": 0.27692,
    "recall_at_100": 0.44462,
    "recall_at_200": 0.52615,
    "recall_at_300": 0.56923,
    "recall_at_500": 0.62615,
    "recall_at_1000": 0.69385,
    "precision_at_1": 0.33846,
    "precision_at_3": 0.26667,
    "precision_at_5": 0.25231,
    "precision_at_10": 0.19692,
    "precision_at_20": 0.13846,
    "precision_at_100": 0.04446,
    "precision_at_200": 0.02631,
    "precision_at_300": 0.01897,
    "precision_at_500": 0.01252,
    "precision_at_1000": 0.00694,
    "mrr_at_1": 0.33846,
    "mrr_at_3": 0.40256,
    "mrr_at_5": 0.43487,
    "mrr_at_10": 0.45098,
    "mrr_at_20": 0.45882,
    "mrr_at_100": 0.46185,
    "mrr_at_200": 0.46185,
    "mrr_at_300": 0.46185,
    "mrr_at_500": 0.46189,
    "mrr_at_1000": 0.46189,
    "rc_at_1": {
        "relevant": 0.33846,
        "distractor": 0.56923
    },
    "rc_at_3": {
        "relevant": 0.8,
        "distractor": 1.95385
    },
    "rc_at_5": {
        "relevant": 1.26154,
        "distractor": 3.27692
    },
    "rc_at_10": {
        "relevant": 1.96923,
        "distractor": 6.64615
    },
    "rc_at_20": {
        "relevant": 2.76923,
        "distractor": 12.8
    },
    "rc_at_100": {
        "relevant": 4.44615,
        "distractor": 39.43077
    },
    "rc_at_200": {
        "relevant": 5.26154,
        "distractor": 50.87692
    },
    "rc_at_300": {
        "relevant": 5.69231,
        "distractor": 55.87692
    },
    "rc_at_500": {
        "relevant": 6.26154,
        "distractor": 62.09231
    },
    "rc_at_1000": {
        "relevant": 6.93846,
        "distractor": 68.53846
    }
}