{
    "ndcg_at_1": 0.31097,
    "ndcg_at_3": 0.37309,
    "ndcg_at_5": 0.40629,
    "ndcg_at_10": 0.43218,
    "ndcg_at_20": 0.45227,
    "ndcg_at_100": 0.48217,
    "ndcg_at_200": 0.49042,
    "ndcg_at_300": 0.49493,
    "ndcg_at_500": 0.49884,
    "ndcg_at_1000": 0.50185,
    "map_at_1": 0.27095,
    "map_at_3": 0.34181,
    "map_at_5": 0.36212,
    "map_at_10": 0.37434,
    "map_at_20": 0.38067,
    "map_at_100": 0.3855,
    "map_at_200": 0.38604,
    "map_at_300": 0.38623,
    "map_at_500": 0.38635,
    "map_at_1000": 0.3864,
    "recall_at_1": 0.27095,
    "recall_at_3": 0.41753,
    "recall_at_5": 0.49725,
    "recall_at_10": 0.5732,
    "recall_at_20": 0.64874,
    "recall_at_100": 0.79537,
    "recall_at_200": 0.84794,
    "recall_at_300": 0.88076,
    "recall_at_500": 0.91122,
    "recall_at_1000": 0.93653,
    "precision_at_1": 0.31097,
    "precision_at_3": 0.16698,
    "precision_at_5": 0.12125,
    "precision_at_10": 0.07191,
    "precision_at_20": 0.04154,
    "precision_at_100": 0.0107,
    "precision_at_200": 0.00578,
    "precision_at_300": 0.00402,
    "precision_at_500": 0.00251,
    "precision_at_1000": 0.0013,
    "mrr_at_1": 0.31097,
    "mrr_at_3": 0.37806,
    "mrr_at_5": 0.39727,
    "mrr_at_10": 0.40784,
    "mrr_at_20": 0.41288,
    "mrr_at_100": 0.41631,
    "mrr_at_200": 0.41663,
    "mrr_at_300": 0.41675,
    "mrr_at_500": 0.41681,
    "mrr_at_1000": 0.41684
}