{
    "ndcg_at_1": 0.8146,
    "ndcg_at_3": 0.85819,
    "ndcg_at_5": 0.87374,
    "ndcg_at_10": 0.88574,
    "ndcg_at_20": 0.89254,
    "ndcg_at_100": 0.89762,
    "ndcg_at_200": 0.89816,
    "ndcg_at_300": 0.89832,
    "ndcg_at_500": 0.89845,
    "ndcg_at_1000": 0.89848,
    "map_at_1": 0.70672,
    "map_at_3": 0.81932,
    "map_at_5": 0.8379,
    "map_at_10": 0.84833,
    "map_at_20": 0.85261,
    "map_at_100": 0.85473,
    "map_at_200": 0.85484,
    "map_at_300": 0.85486,
    "map_at_500": 0.85488,
    "map_at_1000": 0.85488,
    "recall_at_1": 0.70672,
    "recall_at_3": 0.87811,
    "recall_at_5": 0.92196,
    "recall_at_10": 0.95691,
    "recall_at_20": 0.97835,
    "recall_at_100": 0.99623,
    "recall_at_200": 0.99847,
    "recall_at_300": 0.99906,
    "recall_at_500": 0.99971,
    "recall_at_1000": 0.99983,
    "precision_at_1": 0.8146,
    "precision_at_3": 0.37607,
    "precision_at_5": 0.2471,
    "precision_at_10": 0.13428,
    "precision_at_20": 0.07143,
    "precision_at_100": 0.01534,
    "precision_at_200": 0.00776,
    "precision_at_300": 0.0052,
    "precision_at_500": 0.00313,
    "precision_at_1000": 0.00157,
    "mrr_at_1": 0.8145,
    "mrr_at_3": 0.86863,
    "mrr_at_5": 0.87481,
    "mrr_at_10": 0.87778,
    "mrr_at_20": 0.87854,
    "mrr_at_100": 0.87874,
    "mrr_at_200": 0.87875,
    "mrr_at_300": 0.87875,
    "mrr_at_500": 0.87875,
    "mrr_at_1000": 0.87875
}