{
    "ndcg_at_1": 0.46333,
    "ndcg_at_3": 0.51989,
    "ndcg_at_5": 0.54673,
    "ndcg_at_10": 0.57309,
    "ndcg_at_20": 0.58779,
    "ndcg_at_100": 0.60461,
    "ndcg_at_200": 0.61031,
    "ndcg_at_300": 0.61408,
    "ndcg_at_500": 0.61835,
    "ndcg_at_1000": 0.62017,
    "map_at_1": 0.43678,
    "map_at_3": 0.49476,
    "map_at_5": 0.51332,
    "map_at_10": 0.52526,
    "map_at_20": 0.53016,
    "map_at_100": 0.53277,
    "map_at_200": 0.53308,
    "map_at_300": 0.5332,
    "map_at_500": 0.5333,
    "map_at_1000": 0.53333,
    "recall_at_1": 0.43678,
    "recall_at_3": 0.56211,
    "recall_at_5": 0.62633,
    "recall_at_10": 0.70494,
    "recall_at_20": 0.75878,
    "recall_at_100": 0.84667,
    "recall_at_200": 0.88667,
    "recall_at_300": 0.91667,
    "recall_at_500": 0.95333,
    "recall_at_1000": 0.97,
    "precision_at_1": 0.46333,
    "precision_at_3": 0.20444,
    "precision_at_5": 0.14133,
    "precision_at_10": 0.08033,
    "precision_at_20": 0.04367,
    "precision_at_100": 0.00973,
    "precision_at_200": 0.00507,
    "precision_at_300": 0.00348,
    "precision_at_500": 0.00216,
    "precision_at_1000": 0.0011,
    "mrr_at_1": 0.46333,
    "mrr_at_3": 0.51778,
    "mrr_at_5": 0.53161,
    "mrr_at_10": 0.54096,
    "mrr_at_20": 0.54442,
    "mrr_at_100": 0.54648,
    "mrr_at_200": 0.5468,
    "mrr_at_300": 0.54692,
    "mrr_at_500": 0.54701,
    "mrr_at_1000": 0.54703
}