{
    "ndcg_at_1": 0.35385,
    "ndcg_at_3": 0.27125,
    "ndcg_at_5": 0.24049,
    "ndcg_at_10": 0.19784,
    "ndcg_at_20": 0.23644,
    "ndcg_at_100": 0.3032,
    "ndcg_at_200": 0.32579,
    "ndcg_at_300": 0.33903,
    "ndcg_at_500": 0.34888,
    "ndcg_at_1000": 0.36283,
    "map_at_1": 0.03538,
    "map_at_3": 0.06436,
    "map_at_5": 0.08144,
    "map_at_10": 0.10475,
    "map_at_20": 0.12322,
    "map_at_100": 0.14092,
    "map_at_200": 0.14397,
    "map_at_300": 0.14501,
    "map_at_500": 0.14559,
    "map_at_1000": 0.1461,
    "recall_at_1": 0.03538,
    "recall_at_3": 0.07538,
    "recall_at_5": 0.10769,
    "recall_at_10": 0.16769,
    "recall_at_20": 0.23692,
    "recall_at_100": 0.40308,
    "recall_at_200": 0.47692,
    "recall_at_300": 0.52462,
    "recall_at_500": 0.56308,
    "recall_at_1000": 0.62308,
    "precision_at_1": 0.35385,
    "precision_at_3": 0.25128,
    "precision_at_5": 0.21538,
    "precision_at_10": 0.16769,
    "precision_at_20": 0.11846,
    "precision_at_100": 0.04031,
    "precision_at_200": 0.02385,
    "precision_at_300": 0.01749,
    "precision_at_500": 0.01126,
    "precision_at_1000": 0.00623,
    "mrr_at_1": 0.35385,
    "mrr_at_3": 0.41282,
    "mrr_at_5": 0.42974,
    "mrr_at_10": 0.44282,
    "mrr_at_20": 0.45052,
    "mrr_at_100": 0.45318,
    "mrr_at_200": 0.4534,
    "mrr_at_300": 0.4534,
    "mrr_at_500": 0.45347,
    "mrr_at_1000": 0.45347,
    "rc_at_1": {
        "relevant": 0.35385,
        "distractor": 0.50769
    },
    "rc_at_3": {
        "relevant": 0.75385,
        "distractor": 1.78462
    },
    "rc_at_5": {
        "relevant": 1.07692,
        "distractor": 3.04615
    },
    "rc_at_10": {
        "relevant": 1.67692,
        "distractor": 5.96923
    },
    "rc_at_20": {
        "relevant": 2.36923,
        "distractor": 11.55385
    },
    "rc_at_100": {
        "relevant": 4.03077,
        "distractor": 32.78462
    },
    "rc_at_200": {
        "relevant": 4.76923,
        "distractor": 42.44615
    },
    "rc_at_300": {
        "relevant": 5.24615,
        "distractor": 47.73846
    },
    "rc_at_500": {
        "relevant": 5.63077,
        "distractor": 54.0
    },
    "rc_at_1000": {
        "relevant": 6.23077,
        "distractor": 60.98462
    }
}