{
    "ndcg_at_1": 0.36923,
    "ndcg_at_3": 0.29214,
    "ndcg_at_5": 0.26031,
    "ndcg_at_10": 0.22689,
    "ndcg_at_20": 0.27635,
    "ndcg_at_100": 0.47515,
    "ndcg_at_200": 0.52198,
    "ndcg_at_300": 0.52715,
    "ndcg_at_500": 0.52955,
    "ndcg_at_1000": 0.53099,
    "map_at_1": 0.03692,
    "map_at_3": 0.07051,
    "map_at_5": 0.08874,
    "map_at_10": 0.12266,
    "map_at_20": 0.14731,
    "map_at_100": 0.20319,
    "map_at_200": 0.21321,
    "map_at_300": 0.21388,
    "map_at_500": 0.21413,
    "map_at_1000": 0.21423,
    "recall_at_1": 0.03692,
    "recall_at_3": 0.08154,
    "recall_at_5": 0.11692,
    "recall_at_10": 0.2,
    "recall_at_20": 0.28923,
    "recall_at_100": 0.80923,
    "recall_at_200": 0.95692,
    "recall_at_300": 0.97538,
    "recall_at_500": 0.98462,
    "recall_at_1000": 0.99077,
    "precision_at_1": 0.36923,
    "precision_at_3": 0.27179,
    "precision_at_5": 0.23385,
    "precision_at_10": 0.2,
    "precision_at_20": 0.14462,
    "precision_at_100": 0.08092,
    "precision_at_200": 0.04785,
    "precision_at_300": 0.03251,
    "precision_at_500": 0.01969,
    "precision_at_1000": 0.00991,
    "mrr_at_1": 0.36923,
    "mrr_at_3": 0.42821,
    "mrr_at_5": 0.45359,
    "mrr_at_10": 0.46972,
    "mrr_at_20": 0.47851,
    "mrr_at_100": 0.48252,
    "mrr_at_200": 0.48252,
    "mrr_at_300": 0.48252,
    "mrr_at_500": 0.48252,
    "mrr_at_1000": 0.48252,
    "rc_at_1": {
        "relevant": 0.36923,
        "distractor": 0.63077
    },
    "rc_at_3": {
        "relevant": 0.81538,
        "distractor": 2.18462
    },
    "rc_at_5": {
        "relevant": 1.16923,
        "distractor": 3.81538
    },
    "rc_at_10": {
        "relevant": 2.0,
        "distractor": 7.92308
    },
    "rc_at_20": {
        "relevant": 2.89231,
        "distractor": 16.92308
    },
    "rc_at_100": {
        "relevant": 8.09231,
        "distractor": 85.90769
    },
    "rc_at_200": {
        "relevant": 9.56923,
        "distractor": 96.23077
    },
    "rc_at_300": {
        "relevant": 9.75385,
        "distractor": 97.29231
    },
    "rc_at_500": {
        "relevant": 9.84615,
        "distractor": 98.06154
    },
    "rc_at_1000": {
        "relevant": 9.90769,
        "distractor": 98.81538
    }
}