{
    "ndcg_at_1": 0.20522,
    "ndcg_at_3": 0.24457,
    "ndcg_at_5": 0.27238,
    "ndcg_at_10": 0.29833,
    "ndcg_at_20": 0.32321,
    "ndcg_at_100": 0.36164,
    "ndcg_at_200": 0.37176,
    "ndcg_at_300": 0.37727,
    "ndcg_at_500": 0.38331,
    "ndcg_at_1000": 0.38926,
    "map_at_1": 0.16578,
    "map_at_3": 0.21524,
    "map_at_5": 0.23258,
    "map_at_10": 0.24472,
    "map_at_20": 0.25199,
    "map_at_100": 0.25813,
    "map_at_200": 0.25879,
    "map_at_300": 0.25903,
    "map_at_500": 0.25922,
    "map_at_1000": 0.25934,
    "recall_at_1": 0.16578,
    "recall_at_3": 0.27321,
    "recall_at_5": 0.345,
    "recall_at_10": 0.42147,
    "recall_at_20": 0.51135,
    "recall_at_100": 0.69315,
    "recall_at_200": 0.75681,
    "recall_at_300": 0.79392,
    "recall_at_500": 0.83868,
    "recall_at_1000": 0.88699,
    "precision_at_1": 0.20522,
    "precision_at_3": 0.11692,
    "precision_at_5": 0.0893,
    "precision_at_10": 0.05572,
    "precision_at_20": 0.03451,
    "precision_at_100": 0.01022,
    "precision_at_200": 0.00565,
    "precision_at_300": 0.00402,
    "precision_at_500": 0.00258,
    "precision_at_1000": 0.00139,
    "mrr_at_1": 0.20522,
    "mrr_at_3": 0.26016,
    "mrr_at_5": 0.27714,
    "mrr_at_10": 0.28827,
    "mrr_at_20": 0.29528,
    "mrr_at_100": 0.29951,
    "mrr_at_200": 0.29994,
    "mrr_at_300": 0.30006,
    "mrr_at_500": 0.30015,
    "mrr_at_1000": 0.30021
}