{
    "ndcg_at_1": 0.35287,
    "ndcg_at_3": 0.38806,
    "ndcg_at_5": 0.40864,
    "ndcg_at_10": 0.43082,
    "ndcg_at_20": 0.44522,
    "ndcg_at_100": 0.46983,
    "ndcg_at_200": 0.47884,
    "ndcg_at_300": 0.48254,
    "ndcg_at_500": 0.48746,
    "ndcg_at_1000": 0.49207,
    "map_at_1": 0.28205,
    "map_at_3": 0.34723,
    "map_at_5": 0.36308,
    "map_at_10": 0.37596,
    "map_at_20": 0.38151,
    "map_at_100": 0.38638,
    "map_at_200": 0.38706,
    "map_at_300": 0.38727,
    "map_at_500": 0.38746,
    "map_at_1000": 0.38759,
    "recall_at_1": 0.28205,
    "recall_at_3": 0.40485,
    "recall_at_5": 0.46183,
    "recall_at_10": 0.52877,
    "recall_at_20": 0.58258,
    "recall_at_100": 0.69714,
    "recall_at_200": 0.75056,
    "recall_at_300": 0.77367,
    "recall_at_500": 0.80765,
    "recall_at_1000": 0.84067,
    "precision_at_1": 0.35287,
    "precision_at_3": 0.18641,
    "precision_at_5": 0.13274,
    "precision_at_10": 0.08089,
    "precision_at_20": 0.04656,
    "precision_at_100": 0.01254,
    "precision_at_200": 0.00701,
    "precision_at_300": 0.00492,
    "precision_at_500": 0.00317,
    "precision_at_1000": 0.00172,
    "mrr_at_1": 0.35287,
    "mrr_at_3": 0.41008,
    "mrr_at_5": 0.42432,
    "mrr_at_10": 0.43344,
    "mrr_at_20": 0.43706,
    "mrr_at_100": 0.43961,
    "mrr_at_200": 0.43995,
    "mrr_at_300": 0.44003,
    "mrr_at_500": 0.4401,
    "mrr_at_1000": 0.44014
}