{
    "ndcg_at_1": 0.21538,
    "ndcg_at_3": 0.18823,
    "ndcg_at_5": 0.19126,
    "ndcg_at_10": 0.15757,
    "ndcg_at_20": 0.1925,
    "ndcg_at_100": 0.30352,
    "ndcg_at_200": 0.33425,
    "ndcg_at_300": 0.34356,
    "ndcg_at_500": 0.35339,
    "ndcg_at_1000": 0.36845,
    "map_at_1": 0.02154,
    "map_at_3": 0.04256,
    "map_at_5": 0.06018,
    "map_at_10": 0.07731,
    "map_at_20": 0.08921,
    "map_at_100": 0.1183,
    "map_at_200": 0.12263,
    "map_at_300": 0.12339,
    "map_at_500": 0.12399,
    "map_at_1000": 0.12462,
    "recall_at_1": 0.02154,
    "recall_at_3": 0.05385,
    "recall_at_5": 0.09385,
    "recall_at_10": 0.14,
    "recall_at_20": 0.20308,
    "recall_at_100": 0.48,
    "recall_at_200": 0.58,
    "recall_at_300": 0.61385,
    "recall_at_500": 0.65231,
    "recall_at_1000": 0.71692,
    "precision_at_1": 0.21538,
    "precision_at_3": 0.17949,
    "precision_at_5": 0.18769,
    "precision_at_10": 0.14,
    "precision_at_20": 0.10154,
    "precision_at_100": 0.048,
    "precision_at_200": 0.029,
    "precision_at_300": 0.02046,
    "precision_at_500": 0.01305,
    "precision_at_1000": 0.00717,
    "mrr_at_1": 0.21538,
    "mrr_at_3": 0.29231,
    "mrr_at_5": 0.32538,
    "mrr_at_10": 0.33811,
    "mrr_at_20": 0.34899,
    "mrr_at_100": 0.35447,
    "mrr_at_200": 0.35462,
    "mrr_at_300": 0.35462,
    "mrr_at_500": 0.35462,
    "mrr_at_1000": 0.35465,
    "rc_at_1": {
        "relevant": 0.21538,
        "distractor": 0.64615
    },
    "rc_at_3": {
        "relevant": 0.53846,
        "distractor": 2.03077
    },
    "rc_at_5": {
        "relevant": 0.93846,
        "distractor": 3.29231
    },
    "rc_at_10": {
        "relevant": 1.4,
        "distractor": 6.4
    },
    "rc_at_20": {
        "relevant": 2.03077,
        "distractor": 12.66154
    },
    "rc_at_100": {
        "relevant": 4.8,
        "distractor": 40.41538
    },
    "rc_at_200": {
        "relevant": 5.8,
        "distractor": 51.01538
    },
    "rc_at_300": {
        "relevant": 6.13846,
        "distractor": 56.0
    },
    "rc_at_500": {
        "relevant": 6.52308,
        "distractor": 62.06154
    },
    "rc_at_1000": {
        "relevant": 7.16923,
        "distractor": 68.24615
    }
}