{
    "ndcg_at_1": 0.18462,
    "ndcg_at_3": 0.16657,
    "ndcg_at_5": 0.14978,
    "ndcg_at_10": 0.12949,
    "ndcg_at_20": 0.15575,
    "ndcg_at_100": 0.21416,
    "ndcg_at_200": 0.23981,
    "ndcg_at_300": 0.25046,
    "ndcg_at_500": 0.26218,
    "ndcg_at_1000": 0.27722,
    "map_at_1": 0.01846,
    "map_at_3": 0.03821,
    "map_at_5": 0.04782,
    "map_at_10": 0.06227,
    "map_at_20": 0.0719,
    "map_at_100": 0.08437,
    "map_at_200": 0.08724,
    "map_at_300": 0.08808,
    "map_at_500": 0.0887,
    "map_at_1000": 0.08924,
    "recall_at_1": 0.01846,
    "recall_at_3": 0.04769,
    "recall_at_5": 0.06923,
    "recall_at_10": 0.11385,
    "recall_at_20": 0.16154,
    "recall_at_100": 0.30923,
    "recall_at_200": 0.39231,
    "recall_at_300": 0.43077,
    "recall_at_500": 0.47692,
    "recall_at_1000": 0.54154,
    "precision_at_1": 0.18462,
    "precision_at_3": 0.15897,
    "precision_at_5": 0.13846,
    "precision_at_10": 0.11385,
    "precision_at_20": 0.08077,
    "precision_at_100": 0.03092,
    "precision_at_200": 0.01962,
    "precision_at_300": 0.01436,
    "precision_at_500": 0.00954,
    "precision_at_1000": 0.00542,
    "mrr_at_1": 0.18462,
    "mrr_at_3": 0.25385,
    "mrr_at_5": 0.27231,
    "mrr_at_10": 0.29106,
    "mrr_at_20": 0.29744,
    "mrr_at_100": 0.30347,
    "mrr_at_200": 0.30393,
    "mrr_at_300": 0.30398,
    "mrr_at_500": 0.30403,
    "mrr_at_1000": 0.30404,
    "rc_at_1": {
        "relevant": 0.18462,
        "distractor": 0.58462
    },
    "rc_at_3": {
        "relevant": 0.47692,
        "distractor": 1.67692
    },
    "rc_at_5": {
        "relevant": 0.69231,
        "distractor": 2.66154
    },
    "rc_at_10": {
        "relevant": 1.13846,
        "distractor": 4.87692
    },
    "rc_at_20": {
        "relevant": 1.61538,
        "distractor": 8.78462
    },
    "rc_at_100": {
        "relevant": 3.09231,
        "distractor": 24.23077
    },
    "rc_at_200": {
        "relevant": 3.92308,
        "distractor": 31.13846
    },
    "rc_at_300": {
        "relevant": 4.30769,
        "distractor": 35.29231
    },
    "rc_at_500": {
        "relevant": 4.76923,
        "distractor": 40.2
    },
    "rc_at_1000": {
        "relevant": 5.41538,
        "distractor": 47.64615
    }
}