{
    "ndcg_at_1": 0.23077,
    "ndcg_at_3": 0.2226,
    "ndcg_at_5": 0.21005,
    "ndcg_at_10": 0.18484,
    "ndcg_at_20": 0.23081,
    "ndcg_at_100": 0.44358,
    "ndcg_at_200": 0.47593,
    "ndcg_at_300": 0.48744,
    "ndcg_at_500": 0.49539,
    "ndcg_at_1000": 0.49831,
    "map_at_1": 0.02308,
    "map_at_3": 0.04949,
    "map_at_5": 0.06633,
    "map_at_10": 0.08959,
    "map_at_20": 0.10682,
    "map_at_100": 0.1699,
    "map_at_200": 0.17642,
    "map_at_300": 0.17788,
    "map_at_500": 0.17863,
    "map_at_1000": 0.17881,
    "recall_at_1": 0.02308,
    "recall_at_3": 0.06615,
    "recall_at_5": 0.10154,
    "recall_at_10": 0.16923,
    "recall_at_20": 0.25231,
    "recall_at_100": 0.79538,
    "recall_at_200": 0.89846,
    "recall_at_300": 0.94,
    "recall_at_500": 0.97077,
    "recall_at_1000": 0.98308,
    "precision_at_1": 0.23077,
    "precision_at_3": 0.22051,
    "precision_at_5": 0.20308,
    "precision_at_10": 0.16923,
    "precision_at_20": 0.12615,
    "precision_at_100": 0.07954,
    "precision_at_200": 0.04492,
    "precision_at_300": 0.03133,
    "precision_at_500": 0.01942,
    "precision_at_1000": 0.00983,
    "mrr_at_1": 0.23077,
    "mrr_at_3": 0.3359,
    "mrr_at_5": 0.35821,
    "mrr_at_10": 0.37542,
    "mrr_at_20": 0.38729,
    "mrr_at_100": 0.39153,
    "mrr_at_200": 0.39153,
    "mrr_at_300": 0.39153,
    "mrr_at_500": 0.39153,
    "mrr_at_1000": 0.39153,
    "rc_at_1": {
        "relevant": 0.23077,
        "distractor": 0.75385
    },
    "rc_at_3": {
        "relevant": 0.66154,
        "distractor": 2.30769
    },
    "rc_at_5": {
        "relevant": 1.01538,
        "distractor": 3.92308
    },
    "rc_at_10": {
        "relevant": 1.69231,
        "distractor": 8.13846
    },
    "rc_at_20": {
        "relevant": 2.52308,
        "distractor": 16.98462
    },
    "rc_at_100": {
        "relevant": 7.95385,
        "distractor": 72.84615
    },
    "rc_at_200": {
        "relevant": 8.98462,
        "distractor": 86.24615
    },
    "rc_at_300": {
        "relevant": 9.4,
        "distractor": 89.66154
    },
    "rc_at_500": {
        "relevant": 9.70769,
        "distractor": 92.58462
    },
    "rc_at_1000": {
        "relevant": 9.83077,
        "distractor": 95.46154
    }
}