{
    "ndcg_at_1": 0.23077,
    "ndcg_at_3": 0.21899,
    "ndcg_at_5": 0.20767,
    "ndcg_at_10": 0.17988,
    "ndcg_at_20": 0.22146,
    "ndcg_at_100": 0.37586,
    "ndcg_at_200": 0.41269,
    "ndcg_at_300": 0.42978,
    "ndcg_at_500": 0.43879,
    "ndcg_at_1000": 0.45168,
    "map_at_1": 0.02308,
    "map_at_3": 0.04846,
    "map_at_5": 0.06577,
    "map_at_10": 0.08717,
    "map_at_20": 0.10284,
    "map_at_100": 0.147,
    "map_at_200": 0.15325,
    "map_at_300": 0.15514,
    "map_at_500": 0.15583,
    "map_at_1000": 0.15646,
    "recall_at_1": 0.02308,
    "recall_at_3": 0.06462,
    "recall_at_5": 0.1,
    "recall_at_10": 0.16308,
    "recall_at_20": 0.23846,
    "recall_at_100": 0.62462,
    "recall_at_200": 0.74308,
    "recall_at_300": 0.80462,
    "recall_at_500": 0.84,
    "recall_at_1000": 0.89538,
    "precision_at_1": 0.23077,
    "precision_at_3": 0.21538,
    "precision_at_5": 0.2,
    "precision_at_10": 0.16308,
    "precision_at_20": 0.11923,
    "precision_at_100": 0.06246,
    "precision_at_200": 0.03715,
    "precision_at_300": 0.02682,
    "precision_at_500": 0.0168,
    "precision_at_1000": 0.00895,
    "mrr_at_1": 0.23077,
    "mrr_at_3": 0.3359,
    "mrr_at_5": 0.35513,
    "mrr_at_10": 0.37234,
    "mrr_at_20": 0.38374,
    "mrr_at_100": 0.38811,
    "mrr_at_200": 0.38811,
    "mrr_at_300": 0.38811,
    "mrr_at_500": 0.38811,
    "mrr_at_1000": 0.38811,
    "rc_at_1": {
        "relevant": 0.23077,
        "distractor": 0.72308
    },
    "rc_at_3": {
        "relevant": 0.64615,
        "distractor": 2.21538
    },
    "rc_at_5": {
        "relevant": 1.0,
        "distractor": 3.73846
    },
    "rc_at_10": {
        "relevant": 1.63077,
        "distractor": 7.75385
    },
    "rc_at_20": {
        "relevant": 2.38462,
        "distractor": 15.67692
    },
    "rc_at_100": {
        "relevant": 6.24615,
        "distractor": 57.84615
    },
    "rc_at_200": {
        "relevant": 7.43077,
        "distractor": 70.21538
    },
    "rc_at_300": {
        "relevant": 8.04615,
        "distractor": 75.32308
    },
    "rc_at_500": {
        "relevant": 8.4,
        "distractor": 80.2
    },
    "rc_at_1000": {
        "relevant": 8.95385,
        "distractor": 85.18462
    }
}