{
    "ndcg_at_1": 0.31623,
    "ndcg_at_3": 0.36036,
    "ndcg_at_5": 0.38361,
    "ndcg_at_10": 0.41041,
    "ndcg_at_20": 0.43195,
    "ndcg_at_100": 0.46606,
    "ndcg_at_200": 0.4763,
    "ndcg_at_300": 0.47924,
    "ndcg_at_500": 0.48271,
    "ndcg_at_1000": 0.4882,
    "map_at_1": 0.27267,
    "map_at_3": 0.33043,
    "map_at_5": 0.34622,
    "map_at_10": 0.3584,
    "map_at_20": 0.36506,
    "map_at_100": 0.3704,
    "map_at_200": 0.37107,
    "map_at_300": 0.37122,
    "map_at_500": 0.37133,
    "map_at_1000": 0.37144,
    "recall_at_1": 0.27267,
    "recall_at_3": 0.39319,
    "recall_at_5": 0.45126,
    "recall_at_10": 0.52748,
    "recall_at_20": 0.60359,
    "recall_at_100": 0.77013,
    "recall_at_200": 0.83407,
    "recall_at_300": 0.85366,
    "recall_at_500": 0.87887,
    "recall_at_1000": 0.92265,
    "precision_at_1": 0.31623,
    "precision_at_3": 0.16014,
    "precision_at_5": 0.11306,
    "precision_at_10": 0.06884,
    "precision_at_20": 0.04049,
    "precision_at_100": 0.0108,
    "precision_at_200": 0.00598,
    "precision_at_300": 0.00413,
    "precision_at_500": 0.00258,
    "precision_at_1000": 0.00138,
    "mrr_at_1": 0.31623,
    "mrr_at_3": 0.37484,
    "mrr_at_5": 0.38832,
    "mrr_at_10": 0.39883,
    "mrr_at_20": 0.40462,
    "mrr_at_100": 0.40868,
    "mrr_at_200": 0.40908,
    "mrr_at_300": 0.40915,
    "mrr_at_500": 0.40919,
    "mrr_at_1000": 0.40924
}