{
    "ndcg_at_1": 0.7897,
    "ndcg_at_3": 0.8336,
    "ndcg_at_5": 0.851,
    "ndcg_at_10": 0.86502,
    "ndcg_at_20": 0.87315,
    "ndcg_at_100": 0.87938,
    "ndcg_at_200": 0.88009,
    "ndcg_at_300": 0.88033,
    "ndcg_at_500": 0.88055,
    "ndcg_at_1000": 0.88066,
    "map_at_1": 0.6852,
    "map_at_3": 0.79431,
    "map_at_5": 0.81338,
    "map_at_10": 0.82474,
    "map_at_20": 0.82948,
    "map_at_100": 0.83173,
    "map_at_200": 0.83185,
    "map_at_300": 0.83188,
    "map_at_500": 0.8319,
    "map_at_1000": 0.8319,
    "recall_at_1": 0.6852,
    "recall_at_3": 0.85389,
    "recall_at_5": 0.9029,
    "recall_at_10": 0.94376,
    "recall_at_20": 0.96976,
    "recall_at_100": 0.9931,
    "recall_at_200": 0.99621,
    "recall_at_300": 0.99742,
    "recall_at_500": 0.99875,
    "recall_at_1000": 0.9994,
    "precision_at_1": 0.7897,
    "precision_at_3": 0.36543,
    "precision_at_5": 0.24124,
    "precision_at_10": 0.13205,
    "precision_at_20": 0.07061,
    "precision_at_100": 0.01523,
    "precision_at_200": 0.00772,
    "precision_at_300": 0.00518,
    "precision_at_500": 0.00312,
    "precision_at_1000": 0.00156,
    "mrr_at_1": 0.7897,
    "mrr_at_3": 0.8443,
    "mrr_at_5": 0.85224,
    "mrr_at_10": 0.8558,
    "mrr_at_20": 0.85687,
    "mrr_at_100": 0.85721,
    "mrr_at_200": 0.85722,
    "mrr_at_300": 0.85722,
    "mrr_at_500": 0.85723,
    "mrr_at_1000": 0.85723
}