{
    "ndcg_at_1": 0.27692,
    "ndcg_at_3": 0.21899,
    "ndcg_at_5": 0.19487,
    "ndcg_at_10": 0.17111,
    "ndcg_at_20": 0.20576,
    "ndcg_at_100": 0.28955,
    "ndcg_at_200": 0.31174,
    "ndcg_at_300": 0.32414,
    "ndcg_at_500": 0.33918,
    "ndcg_at_1000": 0.35411,
    "map_at_1": 0.02769,
    "map_at_3": 0.04974,
    "map_at_5": 0.06351,
    "map_at_10": 0.0889,
    "map_at_20": 0.10333,
    "map_at_100": 0.12273,
    "map_at_200": 0.12557,
    "map_at_300": 0.12669,
    "map_at_500": 0.12766,
    "map_at_1000": 0.12825,
    "recall_at_1": 0.02769,
    "recall_at_3": 0.06,
    "recall_at_5": 0.08615,
    "recall_at_10": 0.14923,
    "recall_at_20": 0.21077,
    "recall_at_100": 0.42154,
    "recall_at_200": 0.49385,
    "recall_at_300": 0.53846,
    "recall_at_500": 0.59692,
    "recall_at_1000": 0.66154,
    "precision_at_1": 0.27692,
    "precision_at_3": 0.2,
    "precision_at_5": 0.17231,
    "precision_at_10": 0.14923,
    "precision_at_20": 0.10538,
    "precision_at_100": 0.04215,
    "precision_at_200": 0.02469,
    "precision_at_300": 0.01795,
    "precision_at_500": 0.01194,
    "precision_at_1000": 0.00662,
    "mrr_at_1": 0.27692,
    "mrr_at_3": 0.35897,
    "mrr_at_5": 0.37282,
    "mrr_at_10": 0.39266,
    "mrr_at_20": 0.40388,
    "mrr_at_100": 0.40821,
    "mrr_at_200": 0.40832,
    "mrr_at_300": 0.40832,
    "mrr_at_500": 0.40832,
    "mrr_at_1000": 0.40832,
    "rc_at_1": {
        "relevant": 0.27692,
        "distractor": 0.49231
    },
    "rc_at_3": {
        "relevant": 0.6,
        "distractor": 1.69231
    },
    "rc_at_5": {
        "relevant": 0.86154,
        "distractor": 2.78462
    },
    "rc_at_10": {
        "relevant": 1.49231,
        "distractor": 5.38462
    },
    "rc_at_20": {
        "relevant": 2.10769,
        "distractor": 10.50769
    },
    "rc_at_100": {
        "relevant": 4.21538,
        "distractor": 32.89231
    },
    "rc_at_200": {
        "relevant": 4.93846,
        "distractor": 43.12308
    },
    "rc_at_300": {
        "relevant": 5.38462,
        "distractor": 48.4
    },
    "rc_at_500": {
        "relevant": 5.96923,
        "distractor": 54.53846
    },
    "rc_at_1000": {
        "relevant": 6.61538,
        "distractor": 61.95385
    }
}