{
    "ndcg_at_1": 0.38462,
    "ndcg_at_3": 0.2777,
    "ndcg_at_5": 0.26358,
    "ndcg_at_10": 0.22435,
    "ndcg_at_20": 0.27058,
    "ndcg_at_100": 0.44632,
    "ndcg_at_200": 0.47915,
    "ndcg_at_300": 0.48686,
    "ndcg_at_500": 0.49556,
    "ndcg_at_1000": 0.50231,
    "map_at_1": 0.03846,
    "map_at_3": 0.06513,
    "map_at_5": 0.08844,
    "map_at_10": 0.1202,
    "map_at_20": 0.13993,
    "map_at_100": 0.18934,
    "map_at_200": 0.19574,
    "map_at_300": 0.19677,
    "map_at_500": 0.19743,
    "map_at_1000": 0.19777,
    "recall_at_1": 0.03846,
    "recall_at_3": 0.07385,
    "recall_at_5": 0.11846,
    "recall_at_10": 0.19538,
    "recall_at_20": 0.27846,
    "recall_at_100": 0.73385,
    "recall_at_200": 0.83846,
    "recall_at_300": 0.86615,
    "recall_at_500": 0.9,
    "recall_at_1000": 0.92923,
    "precision_at_1": 0.38462,
    "precision_at_3": 0.24615,
    "precision_at_5": 0.23692,
    "precision_at_10": 0.19538,
    "precision_at_20": 0.13923,
    "precision_at_100": 0.07338,
    "precision_at_200": 0.04192,
    "precision_at_300": 0.02887,
    "precision_at_500": 0.018,
    "precision_at_1000": 0.00929,
    "mrr_at_1": 0.38462,
    "mrr_at_3": 0.45128,
    "mrr_at_5": 0.47667,
    "mrr_at_10": 0.4923,
    "mrr_at_20": 0.50235,
    "mrr_at_100": 0.50561,
    "mrr_at_200": 0.50572,
    "mrr_at_300": 0.50572,
    "mrr_at_500": 0.50572,
    "mrr_at_1000": 0.50572,
    "rc_at_1": {
        "relevant": 0.38462,
        "distractor": 0.6
    },
    "rc_at_3": {
        "relevant": 0.73846,
        "distractor": 2.21538
    },
    "rc_at_5": {
        "relevant": 1.18462,
        "distractor": 3.73846
    },
    "rc_at_10": {
        "relevant": 1.95385,
        "distractor": 7.81538
    },
    "rc_at_20": {
        "relevant": 2.78462,
        "distractor": 16.33846
    },
    "rc_at_100": {
        "relevant": 7.33846,
        "distractor": 69.38462
    },
    "rc_at_200": {
        "relevant": 8.38462,
        "distractor": 82.50769
    },
    "rc_at_300": {
        "relevant": 8.66154,
        "distractor": 86.67692
    },
    "rc_at_500": {
        "relevant": 9.0,
        "distractor": 90.18462
    },
    "rc_at_1000": {
        "relevant": 9.29231,
        "distractor": 93.58462
    }
}