{
    "ndcg_at_1": 0.35385,
    "ndcg_at_3": 0.26781,
    "ndcg_at_5": 0.2497,
    "ndcg_at_10": 0.20936,
    "ndcg_at_20": 0.25506,
    "ndcg_at_100": 0.37628,
    "ndcg_at_200": 0.41764,
    "ndcg_at_300": 0.43124,
    "ndcg_at_500": 0.4435,
    "ndcg_at_1000": 0.45107,
    "map_at_1": 0.03538,
    "map_at_3": 0.06154,
    "map_at_5": 0.08238,
    "map_at_10": 0.11044,
    "map_at_20": 0.13052,
    "map_at_100": 0.16289,
    "map_at_200": 0.1698,
    "map_at_300": 0.17117,
    "map_at_500": 0.17209,
    "map_at_1000": 0.1725,
    "recall_at_1": 0.03538,
    "recall_at_3": 0.07231,
    "recall_at_5": 0.11231,
    "recall_at_10": 0.18,
    "recall_at_20": 0.26154,
    "recall_at_100": 0.56769,
    "recall_at_200": 0.70154,
    "recall_at_300": 0.75077,
    "recall_at_500": 0.79846,
    "recall_at_1000": 0.83077,
    "precision_at_1": 0.35385,
    "precision_at_3": 0.24103,
    "precision_at_5": 0.22462,
    "precision_at_10": 0.18,
    "precision_at_20": 0.13077,
    "precision_at_100": 0.05677,
    "precision_at_200": 0.03508,
    "precision_at_300": 0.02503,
    "precision_at_500": 0.01597,
    "precision_at_1000": 0.00831,
    "mrr_at_1": 0.35385,
    "mrr_at_3": 0.4359,
    "mrr_at_5": 0.45744,
    "mrr_at_10": 0.4746,
    "mrr_at_20": 0.48352,
    "mrr_at_100": 0.48695,
    "mrr_at_200": 0.48695,
    "mrr_at_300": 0.48695,
    "mrr_at_500": 0.48699,
    "mrr_at_1000": 0.48699,
    "rc_at_1": {
        "relevant": 0.35385,
        "distractor": 0.6
    },
    "rc_at_3": {
        "relevant": 0.72308,
        "distractor": 2.09231
    },
    "rc_at_5": {
        "relevant": 1.12308,
        "distractor": 3.49231
    },
    "rc_at_10": {
        "relevant": 1.8,
        "distractor": 7.26154
    },
    "rc_at_20": {
        "relevant": 2.61538,
        "distractor": 14.53846
    },
    "rc_at_100": {
        "relevant": 5.67692,
        "distractor": 53.6
    },
    "rc_at_200": {
        "relevant": 7.01538,
        "distractor": 65.76923
    },
    "rc_at_300": {
        "relevant": 7.50769,
        "distractor": 71.06154
    },
    "rc_at_500": {
        "relevant": 7.98462,
        "distractor": 76.18462
    },
    "rc_at_1000": {
        "relevant": 8.30769,
        "distractor": 81.70769
    }
}