{
    "ndcg_at_1": 0.38462,
    "ndcg_at_3": 0.28225,
    "ndcg_at_5": 0.26463,
    "ndcg_at_10": 0.22613,
    "ndcg_at_20": 0.27542,
    "ndcg_at_100": 0.47149,
    "ndcg_at_200": 0.51395,
    "ndcg_at_300": 0.52032,
    "ndcg_at_500": 0.52591,
    "ndcg_at_1000": 0.52848,
    "map_at_1": 0.03846,
    "map_at_3": 0.06641,
    "map_at_5": 0.08895,
    "map_at_10": 0.12134,
    "map_at_20": 0.1425,
    "map_at_100": 0.19888,
    "map_at_200": 0.20791,
    "map_at_300": 0.20857,
    "map_at_500": 0.20908,
    "map_at_1000": 0.20923,
    "recall_at_1": 0.03846,
    "recall_at_3": 0.07538,
    "recall_at_5": 0.11846,
    "recall_at_10": 0.19692,
    "recall_at_20": 0.28615,
    "recall_at_100": 0.79538,
    "recall_at_200": 0.93077,
    "recall_at_300": 0.95385,
    "recall_at_500": 0.97538,
    "recall_at_1000": 0.98615,
    "precision_at_1": 0.38462,
    "precision_at_3": 0.25128,
    "precision_at_5": 0.23692,
    "precision_at_10": 0.19692,
    "precision_at_20": 0.14308,
    "precision_at_100": 0.07954,
    "precision_at_200": 0.04654,
    "precision_at_300": 0.03179,
    "precision_at_500": 0.01951,
    "precision_at_1000": 0.00986,
    "mrr_at_1": 0.38462,
    "mrr_at_3": 0.45385,
    "mrr_at_5": 0.47923,
    "mrr_at_10": 0.49486,
    "mrr_at_20": 0.50499,
    "mrr_at_100": 0.50887,
    "mrr_at_200": 0.50887,
    "mrr_at_300": 0.50887,
    "mrr_at_500": 0.50887,
    "mrr_at_1000": 0.50887,
    "rc_at_1": {
        "relevant": 0.38462,
        "distractor": 0.61538
    },
    "rc_at_3": {
        "relevant": 0.75385,
        "distractor": 2.23077
    },
    "rc_at_5": {
        "relevant": 1.18462,
        "distractor": 3.8
    },
    "rc_at_10": {
        "relevant": 1.96923,
        "distractor": 7.98462
    },
    "rc_at_20": {
        "relevant": 2.86154,
        "distractor": 16.86154
    },
    "rc_at_100": {
        "relevant": 7.95385,
        "distractor": 79.26154
    },
    "rc_at_200": {
        "relevant": 9.30769,
        "distractor": 92.38462
    },
    "rc_at_300": {
        "relevant": 9.53846,
        "distractor": 95.04615
    },
    "rc_at_500": {
        "relevant": 9.75385,
        "distractor": 96.61538
    },
    "rc_at_1000": {
        "relevant": 9.86154,
        "distractor": 98.07692
    }
}