{
    "ndcg_at_1": 0.45125,
    "ndcg_at_3": 0.40557,
    "ndcg_at_5": 0.38154,
    "ndcg_at_10": 0.36728,
    "ndcg_at_20": 0.3619,
    "ndcg_at_100": 0.41492,
    "ndcg_at_200": 0.44481,
    "ndcg_at_300": 0.45881,
    "ndcg_at_500": 0.4751,
    "ndcg_at_1000": 0.4927,
    "map_at_1": 0.07343,
    "map_at_3": 0.11752,
    "map_at_5": 0.13704,
    "map_at_10": 0.16513,
    "map_at_20": 0.19024,
    "map_at_100": 0.23448,
    "map_at_200": 0.24293,
    "map_at_300": 0.24588,
    "map_at_500": 0.24847,
    "map_at_1000": 0.25073,
    "recall_at_1": 0.07343,
    "recall_at_3": 0.1325,
    "recall_at_5": 0.16409,
    "recall_at_10": 0.22879,
    "recall_at_20": 0.29307,
    "recall_at_100": 0.49217,
    "recall_at_200": 0.58159,
    "recall_at_300": 0.62651,
    "recall_at_500": 0.68206,
    "recall_at_1000": 0.74204,
    "precision_at_1": 0.5725,
    "precision_at_3": 0.45167,
    "precision_at_5": 0.377,
    "precision_at_10": 0.2975,
    "precision_at_20": 0.22475,
    "precision_at_100": 0.09793,
    "precision_at_200": 0.06308,
    "precision_at_300": 0.04766,
    "precision_at_500": 0.03328,
    "precision_at_1000": 0.02013,
    "mrr_at_1": 0.5675,
    "mrr_at_3": 0.65167,
    "mrr_at_5": 0.66629,
    "mrr_at_10": 0.67575,
    "mrr_at_20": 0.6784,
    "mrr_at_100": 0.67962,
    "mrr_at_200": 0.67965,
    "mrr_at_300": 0.67966,
    "mrr_at_500": 0.67967,
    "mrr_at_1000": 0.67968
}