{
    "ndcg_at_1": 0.44892,
    "ndcg_at_3": 0.40054,
    "ndcg_at_5": 0.38053,
    "ndcg_at_10": 0.35066,
    "ndcg_at_20": 0.33307,
    "ndcg_at_100": 0.325,
    "ndcg_at_200": 0.34495,
    "ndcg_at_300": 0.35879,
    "ndcg_at_500": 0.37997,
    "ndcg_at_1000": 0.4149,
    "map_at_1": 0.06123,
    "map_at_3": 0.09423,
    "map_at_5": 0.10985,
    "map_at_10": 0.13001,
    "map_at_20": 0.14671,
    "map_at_100": 0.1672,
    "map_at_200": 0.17322,
    "map_at_300": 0.17593,
    "map_at_500": 0.17894,
    "map_at_1000": 0.1826,
    "recall_at_1": 0.06123,
    "recall_at_3": 0.10301,
    "recall_at_5": 0.127,
    "recall_at_10": 0.16945,
    "recall_at_20": 0.21602,
    "recall_at_100": 0.32654,
    "recall_at_200": 0.40886,
    "recall_at_300": 0.46064,
    "recall_at_500": 0.53664,
    "recall_at_1000": 0.65254,
    "precision_at_1": 0.47059,
    "precision_at_3": 0.37564,
    "precision_at_5": 0.33375,
    "precision_at_10": 0.26254,
    "precision_at_20": 0.19938,
    "precision_at_100": 0.08359,
    "precision_at_200": 0.05568,
    "precision_at_300": 0.04351,
    "precision_at_500": 0.03212,
    "precision_at_1000": 0.02139,
    "mrr_at_1": 0.47059,
    "mrr_at_3": 0.53302,
    "mrr_at_5": 0.54293,
    "mrr_at_10": 0.55235,
    "mrr_at_20": 0.55548,
    "mrr_at_100": 0.55763,
    "mrr_at_200": 0.55791,
    "mrr_at_300": 0.55804,
    "mrr_at_500": 0.55811,
    "mrr_at_1000": 0.55813
}