{
    "ndcg_at_1": 0.04082,
    "ndcg_at_3": 0.04032,
    "ndcg_at_5": 0.03855,
    "ndcg_at_10": 0.03528,
    "ndcg_at_20": 0.0445,
    "ndcg_at_100": 0.07483,
    "ndcg_at_200": 0.09176,
    "ndcg_at_300": 0.10633,
    "ndcg_at_500": 0.12355,
    "ndcg_at_1000": 0.14639,
    "map_at_1": 0.00433,
    "map_at_3": 0.00695,
    "map_at_5": 0.00813,
    "map_at_10": 0.01089,
    "map_at_20": 0.01327,
    "map_at_100": 0.01799,
    "map_at_200": 0.01931,
    "map_at_300": 0.02018,
    "map_at_500": 0.02116,
    "map_at_1000": 0.02207,
    "recall_at_1": 0.00433,
    "recall_at_3": 0.00906,
    "recall_at_5": 0.01316,
    "recall_at_10": 0.02467,
    "recall_at_20": 0.0444,
    "recall_at_100": 0.10684,
    "recall_at_200": 0.15019,
    "recall_at_300": 0.19366,
    "recall_at_500": 0.24812,
    "recall_at_1000": 0.3284,
    "precision_at_1": 0.04082,
    "precision_at_3": 0.04082,
    "precision_at_5": 0.03673,
    "precision_at_10": 0.03061,
    "precision_at_20": 0.03163,
    "precision_at_100": 0.01837,
    "precision_at_200": 0.01286,
    "precision_at_300": 0.01136,
    "precision_at_500": 0.0091,
    "precision_at_1000": 0.0061,
    "mrr_at_1": 0.04082,
    "mrr_at_3": 0.06803,
    "mrr_at_5": 0.07721,
    "mrr_at_10": 0.08152,
    "mrr_at_20": 0.09413,
    "mrr_at_100": 0.10003,
    "mrr_at_200": 0.10071,
    "mrr_at_300": 0.10112,
    "mrr_at_500": 0.10122,
    "mrr_at_1000": 0.10126
}