{
    "ndcg_at_1": 0.05455,
    "ndcg_at_3": 0.03525,
    "ndcg_at_5": 0.02786,
    "ndcg_at_10": 0.02442,
    "ndcg_at_20": 0.02759,
    "ndcg_at_100": 0.04076,
    "ndcg_at_200": 0.04747,
    "ndcg_at_300": 0.0525,
    "ndcg_at_500": 0.05622,
    "ndcg_at_1000": 0.06471,
    "map_at_1": 0.00545,
    "map_at_3": 0.00788,
    "map_at_5": 0.00824,
    "map_at_10": 0.00939,
    "map_at_20": 0.01011,
    "map_at_100": 0.01115,
    "map_at_200": 0.01147,
    "map_at_300": 0.0117,
    "map_at_500": 0.01178,
    "map_at_1000": 0.01195,
    "recall_at_1": 0.00545,
    "recall_at_3": 0.00909,
    "recall_at_5": 0.01091,
    "recall_at_10": 0.02,
    "recall_at_20": 0.02545,
    "recall_at_100": 0.06,
    "recall_at_200": 0.08182,
    "recall_at_300": 0.1,
    "recall_at_500": 0.11455,
    "recall_at_1000": 0.15091,
    "precision_at_1": 0.05455,
    "precision_at_3": 0.0303,
    "precision_at_5": 0.02182,
    "precision_at_10": 0.02,
    "precision_at_20": 0.01273,
    "precision_at_100": 0.006,
    "precision_at_200": 0.00409,
    "precision_at_300": 0.00333,
    "precision_at_500": 0.00229,
    "precision_at_1000": 0.00151,
    "mrr_at_1": 0.09091,
    "mrr_at_3": 0.09091,
    "mrr_at_5": 0.09545,
    "mrr_at_10": 0.10641,
    "mrr_at_20": 0.1104,
    "mrr_at_100": 0.11442,
    "mrr_at_200": 0.11467,
    "mrr_at_300": 0.1148,
    "mrr_at_500": 0.11485,
    "mrr_at_1000": 0.11493,
    "rc_at_1": {
        "relevant": 0.09091,
        "distractor": 0.21818
    },
    "rc_at_3": {
        "relevant": 0.10909,
        "distractor": 0.38182
    },
    "rc_at_5": {
        "relevant": 0.12727,
        "distractor": 0.50909
    },
    "rc_at_10": {
        "relevant": 0.23636,
        "distractor": 0.8
    },
    "rc_at_20": {
        "relevant": 0.30909,
        "distractor": 1.2
    },
    "rc_at_100": {
        "relevant": 0.65455,
        "distractor": 2.94545
    },
    "rc_at_200": {
        "relevant": 0.96364,
        "distractor": 3.98182
    },
    "rc_at_300": {
        "relevant": 1.09091,
        "distractor": 5.07273
    },
    "rc_at_500": {
        "relevant": 1.29091,
        "distractor": 6.4
    },
    "rc_at_1000": {
        "relevant": 1.50909,
        "distractor": 8.56364
    }
}