{
    "ndcg_at_1": 0.7673,
    "ndcg_at_3": 0.81653,
    "ndcg_at_5": 0.83444,
    "ndcg_at_10": 0.85029,
    "ndcg_at_20": 0.85856,
    "ndcg_at_100": 0.8658,
    "ndcg_at_200": 0.86669,
    "ndcg_at_300": 0.86692,
    "ndcg_at_500": 0.86718,
    "ndcg_at_1000": 0.86735,
    "map_at_1": 0.66683,
    "map_at_3": 0.7767,
    "map_at_5": 0.79557,
    "map_at_10": 0.80764,
    "map_at_20": 0.81233,
    "map_at_100": 0.81474,
    "map_at_200": 0.81489,
    "map_at_300": 0.81491,
    "map_at_500": 0.81493,
    "map_at_1000": 0.81494,
    "recall_at_1": 0.66683,
    "recall_at_3": 0.84025,
    "recall_at_5": 0.89,
    "recall_at_10": 0.93633,
    "recall_at_20": 0.96316,
    "recall_at_100": 0.99108,
    "recall_at_200": 0.99506,
    "recall_at_300": 0.99623,
    "recall_at_500": 0.99784,
    "recall_at_1000": 0.99889,
    "precision_at_1": 0.7673,
    "precision_at_3": 0.35907,
    "precision_at_5": 0.23744,
    "precision_at_10": 0.13067,
    "precision_at_20": 0.06986,
    "precision_at_100": 0.01515,
    "precision_at_200": 0.00771,
    "precision_at_300": 0.00516,
    "precision_at_500": 0.00311,
    "precision_at_1000": 0.00156,
    "mrr_at_1": 0.7673,
    "mrr_at_3": 0.82622,
    "mrr_at_5": 0.83444,
    "mrr_at_10": 0.8387,
    "mrr_at_20": 0.83985,
    "mrr_at_100": 0.84029,
    "mrr_at_200": 0.8403,
    "mrr_at_300": 0.8403,
    "mrr_at_500": 0.8403,
    "mrr_at_1000": 0.84031
}