{
    "ndcg_at_1": 0.29447,
    "ndcg_at_3": 0.32894,
    "ndcg_at_5": 0.34632,
    "ndcg_at_10": 0.3719,
    "ndcg_at_20": 0.39352,
    "ndcg_at_100": 0.4281,
    "ndcg_at_200": 0.44125,
    "ndcg_at_300": 0.44724,
    "ndcg_at_500": 0.45303,
    "ndcg_at_1000": 0.45933,
    "map_at_1": 0.24074,
    "map_at_3": 0.28963,
    "map_at_5": 0.30379,
    "map_at_10": 0.31725,
    "map_at_20": 0.32563,
    "map_at_100": 0.33273,
    "map_at_200": 0.33398,
    "map_at_300": 0.33444,
    "map_at_500": 0.33482,
    "map_at_1000": 0.33509,
    "recall_at_1": 0.24074,
    "recall_at_3": 0.3401,
    "recall_at_5": 0.39329,
    "recall_at_10": 0.47278,
    "recall_at_20": 0.55529,
    "recall_at_100": 0.72014,
    "recall_at_200": 0.80085,
    "recall_at_300": 0.83796,
    "recall_at_500": 0.87552,
    "recall_at_1000": 0.92099,
    "precision_at_1": 0.29447,
    "precision_at_3": 0.15547,
    "precision_at_5": 0.11028,
    "precision_at_10": 0.07134,
    "precision_at_20": 0.04506,
    "precision_at_100": 0.01419,
    "precision_at_200": 0.00854,
    "precision_at_300": 0.0063,
    "precision_at_500": 0.00423,
    "precision_at_1000": 0.00236,
    "mrr_at_1": 0.29447,
    "mrr_at_3": 0.34157,
    "mrr_at_5": 0.35491,
    "mrr_at_10": 0.36639,
    "mrr_at_20": 0.37228,
    "mrr_at_100": 0.37628,
    "mrr_at_200": 0.37675,
    "mrr_at_300": 0.37688,
    "mrr_at_500": 0.37696,
    "mrr_at_1000": 0.37701
}