{
    "ndcg_at_1": 0.29198,
    "ndcg_at_3": 0.34991,
    "ndcg_at_5": 0.3775,
    "ndcg_at_10": 0.4084,
    "ndcg_at_20": 0.4317,
    "ndcg_at_100": 0.46387,
    "ndcg_at_200": 0.47387,
    "ndcg_at_300": 0.47733,
    "ndcg_at_500": 0.48246,
    "ndcg_at_1000": 0.48674,
    "map_at_1": 0.24944,
    "map_at_3": 0.31593,
    "map_at_5": 0.33453,
    "map_at_10": 0.34946,
    "map_at_20": 0.35677,
    "map_at_100": 0.36206,
    "map_at_200": 0.36274,
    "map_at_300": 0.3629,
    "map_at_500": 0.36305,
    "map_at_1000": 0.36314,
    "recall_at_1": 0.24944,
    "recall_at_3": 0.38988,
    "recall_at_5": 0.45933,
    "recall_at_10": 0.5493,
    "recall_at_20": 0.63304,
    "recall_at_100": 0.78624,
    "recall_at_200": 0.84798,
    "recall_at_300": 0.87122,
    "recall_at_500": 0.90966,
    "recall_at_1000": 0.94372,
    "precision_at_1": 0.29198,
    "precision_at_3": 0.162,
    "precision_at_5": 0.11791,
    "precision_at_10": 0.07229,
    "precision_at_20": 0.04254,
    "precision_at_100": 0.01119,
    "precision_at_200": 0.00616,
    "precision_at_300": 0.00427,
    "precision_at_500": 0.0027,
    "precision_at_1000": 0.00143,
    "mrr_at_1": 0.29198,
    "mrr_at_3": 0.35852,
    "mrr_at_5": 0.37545,
    "mrr_at_10": 0.38715,
    "mrr_at_20": 0.39289,
    "mrr_at_100": 0.39667,
    "mrr_at_200": 0.39705,
    "mrr_at_300": 0.39713,
    "mrr_at_500": 0.39721,
    "mrr_at_1000": 0.39725
}