{
    "ndcg_at_1": 0.01818,
    "ndcg_at_3": 0.01392,
    "ndcg_at_5": 0.01244,
    "ndcg_at_10": 0.00923,
    "ndcg_at_20": 0.01313,
    "ndcg_at_100": 0.01499,
    "ndcg_at_200": 0.01776,
    "ndcg_at_300": 0.01975,
    "ndcg_at_500": 0.02208,
    "ndcg_at_1000": 0.02753,
    "map_at_1": 0.00182,
    "map_at_3": 0.00273,
    "map_at_5": 0.00309,
    "map_at_10": 0.00327,
    "map_at_20": 0.00382,
    "map_at_100": 0.0039,
    "map_at_200": 0.004,
    "map_at_300": 0.00404,
    "map_at_500": 0.00408,
    "map_at_1000": 0.00414,
    "recall_at_1": 0.00182,
    "recall_at_3": 0.00364,
    "recall_at_5": 0.00545,
    "recall_at_10": 0.00727,
    "recall_at_20": 0.01455,
    "recall_at_100": 0.02,
    "recall_at_200": 0.02909,
    "recall_at_300": 0.03636,
    "recall_at_500": 0.04545,
    "recall_at_1000": 0.06909,
    "precision_at_1": 0.01818,
    "precision_at_3": 0.01212,
    "precision_at_5": 0.01091,
    "precision_at_10": 0.00727,
    "precision_at_20": 0.00727,
    "precision_at_100": 0.002,
    "precision_at_200": 0.00145,
    "precision_at_300": 0.00121,
    "precision_at_500": 0.00091,
    "precision_at_1000": 0.00069,
    "mrr_at_1": 0.01818,
    "mrr_at_3": 0.02727,
    "mrr_at_5": 0.03091,
    "mrr_at_10": 0.03273,
    "mrr_at_20": 0.03629,
    "mrr_at_100": 0.03675,
    "mrr_at_200": 0.03712,
    "mrr_at_300": 0.03725,
    "mrr_at_500": 0.03741,
    "mrr_at_1000": 0.03756,
    "rc_at_1": {
        "relevant": 0.01818,
        "distractor": 0.03636
    },
    "rc_at_3": {
        "relevant": 0.03636,
        "distractor": 0.10909
    },
    "rc_at_5": {
        "relevant": 0.05455,
        "distractor": 0.12727
    },
    "rc_at_10": {
        "relevant": 0.07273,
        "distractor": 0.21818
    },
    "rc_at_20": {
        "relevant": 0.14545,
        "distractor": 0.36364
    },
    "rc_at_100": {
        "relevant": 0.2,
        "distractor": 0.89091
    },
    "rc_at_200": {
        "relevant": 0.29091,
        "distractor": 1.54545
    },
    "rc_at_300": {
        "relevant": 0.36364,
        "distractor": 1.96364
    },
    "rc_at_500": {
        "relevant": 0.45455,
        "distractor": 2.6
    },
    "rc_at_1000": {
        "relevant": 0.69091,
        "distractor": 3.50909
    }
}