{
    "ndcg_at_1": 0.22925,
    "ndcg_at_3": 0.2916,
    "ndcg_at_5": 0.31175,
    "ndcg_at_10": 0.34498,
    "ndcg_at_20": 0.3712,
    "ndcg_at_100": 0.41493,
    "ndcg_at_200": 0.42494,
    "ndcg_at_300": 0.43022,
    "ndcg_at_500": 0.43391,
    "ndcg_at_1000": 0.43907,
    "map_at_1": 0.19221,
    "map_at_3": 0.25381,
    "map_at_5": 0.26753,
    "map_at_10": 0.2837,
    "map_at_20": 0.29298,
    "map_at_100": 0.30178,
    "map_at_200": 0.30282,
    "map_at_300": 0.3032,
    "map_at_500": 0.30349,
    "map_at_1000": 0.30373,
    "recall_at_1": 0.19221,
    "recall_at_3": 0.32381,
    "recall_at_5": 0.37518,
    "recall_at_10": 0.47474,
    "recall_at_20": 0.57357,
    "recall_at_100": 0.78231,
    "recall_at_200": 0.84019,
    "recall_at_300": 0.87363,
    "recall_at_500": 0.89496,
    "recall_at_1000": 0.93085,
    "precision_at_1": 0.22925,
    "precision_at_3": 0.14032,
    "precision_at_5": 0.10395,
    "precision_at_10": 0.07036,
    "precision_at_20": 0.04536,
    "precision_at_100": 0.01512,
    "precision_at_200": 0.00884,
    "precision_at_300": 0.00643,
    "precision_at_500": 0.00422,
    "precision_at_1000": 0.00235,
    "mrr_at_1": 0.22925,
    "mrr_at_3": 0.29282,
    "mrr_at_5": 0.30665,
    "mrr_at_10": 0.32135,
    "mrr_at_20": 0.328,
    "mrr_at_100": 0.33277,
    "mrr_at_200": 0.33317,
    "mrr_at_300": 0.33328,
    "mrr_at_500": 0.33331,
    "mrr_at_1000": 0.33336
}