{
    "ndcg_at_1": 0.031,
    "ndcg_at_3": 0.04261,
    "ndcg_at_5": 0.04961,
    "ndcg_at_10": 0.06126,
    "ndcg_at_20": 0.07097,
    "ndcg_at_100": 0.09392,
    "ndcg_at_200": 0.1043,
    "ndcg_at_300": 0.11048,
    "ndcg_at_500": 0.11816,
    "ndcg_at_1000": 0.1269,
    "map_at_1": 0.02631,
    "map_at_3": 0.03717,
    "map_at_5": 0.04096,
    "map_at_10": 0.04571,
    "map_at_20": 0.04833,
    "map_at_100": 0.05133,
    "map_at_200": 0.05187,
    "map_at_300": 0.05208,
    "map_at_500": 0.05226,
    "map_at_1000": 0.05239,
    "recall_at_1": 0.02631,
    "recall_at_3": 0.05253,
    "recall_at_5": 0.0689,
    "recall_at_10": 0.10376,
    "recall_at_20": 0.14047,
    "recall_at_100": 0.262,
    "recall_at_200": 0.33324,
    "recall_at_300": 0.37966,
    "recall_at_500": 0.44281,
    "recall_at_1000": 0.52124,
    "precision_at_1": 0.031,
    "precision_at_3": 0.02066,
    "precision_at_5": 0.01645,
    "precision_at_10": 0.01234,
    "precision_at_20": 0.00842,
    "precision_at_100": 0.00316,
    "precision_at_200": 0.00201,
    "precision_at_300": 0.00153,
    "precision_at_500": 0.00107,
    "precision_at_1000": 0.00063,
    "mrr_at_1": 0.02636,
    "mrr_at_3": 0.03809,
    "mrr_at_5": 0.04143,
    "mrr_at_10": 0.04634,
    "mrr_at_20": 0.04896,
    "mrr_at_100": 0.05186,
    "mrr_at_200": 0.05235,
    "mrr_at_300": 0.05254,
    "mrr_at_500": 0.05265,
    "mrr_at_1000": 0.05283
}