{
    "ndcg_at_1": 0.37643,
    "ndcg_at_3": 0.42097,
    "ndcg_at_5": 0.4409,
    "ndcg_at_10": 0.46132,
    "ndcg_at_20": 0.47618,
    "ndcg_at_100": 0.50363,
    "ndcg_at_200": 0.51172,
    "ndcg_at_300": 0.5155,
    "ndcg_at_500": 0.51952,
    "ndcg_at_1000": 0.5244,
    "map_at_1": 0.30309,
    "map_at_3": 0.37533,
    "map_at_5": 0.39263,
    "map_at_10": 0.40514,
    "map_at_20": 0.41107,
    "map_at_100": 0.41659,
    "map_at_200": 0.41727,
    "map_at_300": 0.4175,
    "map_at_500": 0.41768,
    "map_at_1000": 0.41782,
    "recall_at_1": 0.30309,
    "recall_at_3": 0.4393,
    "recall_at_5": 0.49532,
    "recall_at_10": 0.55844,
    "recall_at_20": 0.61253,
    "recall_at_100": 0.73959,
    "recall_at_200": 0.78574,
    "recall_at_300": 0.80882,
    "recall_at_500": 0.83571,
    "recall_at_1000": 0.87108,
    "precision_at_1": 0.37643,
    "precision_at_3": 0.20361,
    "precision_at_5": 0.14357,
    "precision_at_10": 0.08592,
    "precision_at_20": 0.04984,
    "precision_at_100": 0.01343,
    "precision_at_200": 0.00747,
    "precision_at_300": 0.00526,
    "precision_at_500": 0.00335,
    "precision_at_1000": 0.00182,
    "mrr_at_1": 0.37643,
    "mrr_at_3": 0.44416,
    "mrr_at_5": 0.4568,
    "mrr_at_10": 0.46467,
    "mrr_at_20": 0.46814,
    "mrr_at_100": 0.47115,
    "mrr_at_200": 0.47146,
    "mrr_at_300": 0.47153,
    "mrr_at_500": 0.47158,
    "mrr_at_1000": 0.47162
}