{
    "ndcg_at_1": 0.25455,
    "ndcg_at_3": 0.22671,
    "ndcg_at_5": 0.19144,
    "ndcg_at_10": 0.14367,
    "ndcg_at_20": 0.16813,
    "ndcg_at_100": 0.22348,
    "ndcg_at_200": 0.25169,
    "ndcg_at_300": 0.26776,
    "ndcg_at_500": 0.28133,
    "ndcg_at_1000": 0.29412,
    "map_at_1": 0.02545,
    "map_at_3": 0.05515,
    "map_at_5": 0.06942,
    "map_at_10": 0.08093,
    "map_at_20": 0.08936,
    "map_at_100": 0.1006,
    "map_at_200": 0.10373,
    "map_at_300": 0.10498,
    "map_at_500": 0.10568,
    "map_at_1000": 0.10623,
    "recall_at_1": 0.02545,
    "recall_at_3": 0.06545,
    "recall_at_5": 0.08545,
    "recall_at_10": 0.11273,
    "recall_at_20": 0.15636,
    "recall_at_100": 0.29273,
    "recall_at_200": 0.38364,
    "recall_at_300": 0.44182,
    "recall_at_500": 0.49455,
    "recall_at_1000": 0.54909,
    "precision_at_1": 0.25455,
    "precision_at_3": 0.21818,
    "precision_at_5": 0.17091,
    "precision_at_10": 0.11273,
    "precision_at_20": 0.07818,
    "precision_at_100": 0.02927,
    "precision_at_200": 0.01918,
    "precision_at_300": 0.01473,
    "precision_at_500": 0.00989,
    "precision_at_1000": 0.00549,
    "mrr_at_1": 0.25455,
    "mrr_at_3": 0.32727,
    "mrr_at_5": 0.33545,
    "mrr_at_10": 0.34485,
    "mrr_at_20": 0.35496,
    "mrr_at_100": 0.36027,
    "mrr_at_200": 0.36065,
    "mrr_at_300": 0.36065,
    "mrr_at_500": 0.36069,
    "mrr_at_1000": 0.36069,
    "rc_at_1": {
        "relevant": 0.25455,
        "distractor": 0.4
    },
    "rc_at_3": {
        "relevant": 0.65455,
        "distractor": 1.25455
    },
    "rc_at_5": {
        "relevant": 0.85455,
        "distractor": 1.78182
    },
    "rc_at_10": {
        "relevant": 1.12727,
        "distractor": 3.34545
    },
    "rc_at_20": {
        "relevant": 1.56364,
        "distractor": 6.09091
    },
    "rc_at_100": {
        "relevant": 2.92727,
        "distractor": 15.54545
    },
    "rc_at_200": {
        "relevant": 3.83636,
        "distractor": 21.25455
    },
    "rc_at_300": {
        "relevant": 4.41818,
        "distractor": 24.89091
    },
    "rc_at_500": {
        "relevant": 4.94545,
        "distractor": 30.29091
    },
    "rc_at_1000": {
        "relevant": 5.49091,
        "distractor": 37.6
    }
}