{
    "ndcg_at_1": 0.35487,
    "ndcg_at_3": 0.459,
    "ndcg_at_5": 0.50289,
    "ndcg_at_10": 0.5418,
    "ndcg_at_20": 0.56434,
    "ndcg_at_100": 0.58434,
    "ndcg_at_200": 0.58735,
    "ndcg_at_300": 0.58873,
    "ndcg_at_500": 0.58992,
    "ndcg_at_1000": 0.59115,
    "map_at_1": 0.31209,
    "map_at_3": 0.41938,
    "map_at_5": 0.44576,
    "map_at_10": 0.46395,
    "map_at_20": 0.47103,
    "map_at_100": 0.47439,
    "map_at_200": 0.47456,
    "map_at_300": 0.47461,
    "map_at_500": 0.47464,
    "map_at_1000": 0.47466,
    "recall_at_1": 0.31209,
    "recall_at_3": 0.53817,
    "recall_at_5": 0.63869,
    "recall_at_10": 0.75126,
    "recall_at_20": 0.83449,
    "recall_at_100": 0.93354,
    "recall_at_200": 0.95406,
    "recall_at_300": 0.96442,
    "recall_at_500": 0.97402,
    "recall_at_1000": 0.98489,
    "precision_at_1": 0.35487,
    "precision_at_3": 0.20809,
    "precision_at_5": 0.15041,
    "precision_at_10": 0.08975,
    "precision_at_20": 0.05019,
    "precision_at_100": 0.01134,
    "precision_at_200": 0.00579,
    "precision_at_300": 0.0039,
    "precision_at_500": 0.00237,
    "precision_at_1000": 0.0012,
    "mrr_at_1": 0.35487,
    "mrr_at_3": 0.45558,
    "mrr_at_5": 0.47818,
    "mrr_at_10": 0.49163,
    "mrr_at_20": 0.49694,
    "mrr_at_100": 0.4993,
    "mrr_at_200": 0.49943,
    "mrr_at_300": 0.49947,
    "mrr_at_500": 0.49949,
    "mrr_at_1000": 0.4995
}