{
    "ndcg_at_1": 0.01186,
    "ndcg_at_3": 0.02269,
    "ndcg_at_5": 0.0281,
    "ndcg_at_10": 0.03256,
    "ndcg_at_20": 0.03735,
    "ndcg_at_100": 0.05663,
    "ndcg_at_200": 0.06887,
    "ndcg_at_300": 0.07468,
    "ndcg_at_500": 0.08246,
    "ndcg_at_1000": 0.09619,
    "map_at_1": 0.01087,
    "map_at_3": 0.0188,
    "map_at_5": 0.02158,
    "map_at_10": 0.02332,
    "map_at_20": 0.02458,
    "map_at_100": 0.0271,
    "map_at_200": 0.0278,
    "map_at_300": 0.02803,
    "map_at_500": 0.02827,
    "map_at_1000": 0.02852,
    "recall_at_1": 0.01087,
    "recall_at_3": 0.02888,
    "recall_at_5": 0.04129,
    "recall_at_10": 0.05356,
    "recall_at_20": 0.07001,
    "recall_at_100": 0.16847,
    "recall_at_200": 0.24523,
    "recall_at_300": 0.28494,
    "recall_at_500": 0.3426,
    "recall_at_1000": 0.45746,
    "precision_at_1": 0.01186,
    "precision_at_3": 0.01186,
    "precision_at_5": 0.01067,
    "precision_at_10": 0.00791,
    "precision_at_20": 0.00603,
    "precision_at_100": 0.00316,
    "precision_at_200": 0.00247,
    "precision_at_300": 0.00201,
    "precision_at_500": 0.00153,
    "precision_at_1000": 0.00105,
    "mrr_at_1": 0.00988,
    "mrr_at_3": 0.01976,
    "mrr_at_5": 0.02342,
    "mrr_at_10": 0.02698,
    "mrr_at_20": 0.02962,
    "mrr_at_100": 0.03205,
    "mrr_at_200": 0.03265,
    "mrr_at_300": 0.03284,
    "mrr_at_500": 0.03303,
    "mrr_at_1000": 0.03317
}