{
    "ndcg_at_1": 0.25455,
    "ndcg_at_3": 0.2063,
    "ndcg_at_5": 0.17777,
    "ndcg_at_10": 0.13369,
    "ndcg_at_20": 0.15182,
    "ndcg_at_100": 0.19823,
    "ndcg_at_200": 0.2166,
    "ndcg_at_300": 0.22625,
    "ndcg_at_500": 0.23728,
    "ndcg_at_1000": 0.24709,
    "map_at_1": 0.02545,
    "map_at_3": 0.0503,
    "map_at_5": 0.06385,
    "map_at_10": 0.07216,
    "map_at_20": 0.08003,
    "map_at_100": 0.08878,
    "map_at_200": 0.0905,
    "map_at_300": 0.09125,
    "map_at_500": 0.09182,
    "map_at_1000": 0.09209,
    "recall_at_1": 0.02545,
    "recall_at_3": 0.05818,
    "recall_at_5": 0.07818,
    "recall_at_10": 0.10364,
    "recall_at_20": 0.13636,
    "recall_at_100": 0.25455,
    "recall_at_200": 0.31455,
    "recall_at_300": 0.34909,
    "recall_at_500": 0.39273,
    "recall_at_1000": 0.43455,
    "precision_at_1": 0.25455,
    "precision_at_3": 0.19394,
    "precision_at_5": 0.15636,
    "precision_at_10": 0.10364,
    "precision_at_20": 0.06818,
    "precision_at_100": 0.02545,
    "precision_at_200": 0.01573,
    "precision_at_300": 0.01164,
    "precision_at_500": 0.00785,
    "precision_at_1000": 0.00435,
    "mrr_at_1": 0.25455,
    "mrr_at_3": 0.30909,
    "mrr_at_5": 0.32182,
    "mrr_at_10": 0.33141,
    "mrr_at_20": 0.33491,
    "mrr_at_100": 0.33926,
    "mrr_at_200": 0.33967,
    "mrr_at_300": 0.33991,
    "mrr_at_500": 0.33991,
    "mrr_at_1000": 0.33999,
    "rc_at_1": {
        "relevant": 0.25455,
        "distractor": 0.29091
    },
    "rc_at_3": {
        "relevant": 0.58182,
        "distractor": 0.83636
    },
    "rc_at_5": {
        "relevant": 0.78182,
        "distractor": 1.29091
    },
    "rc_at_10": {
        "relevant": 1.03636,
        "distractor": 2.32727
    },
    "rc_at_20": {
        "relevant": 1.36364,
        "distractor": 4.25455
    },
    "rc_at_100": {
        "relevant": 2.54545,
        "distractor": 10.90909
    },
    "rc_at_200": {
        "relevant": 3.14545,
        "distractor": 15.2
    },
    "rc_at_300": {
        "relevant": 3.49091,
        "distractor": 17.8
    },
    "rc_at_500": {
        "relevant": 3.92727,
        "distractor": 21.43636
    },
    "rc_at_1000": {
        "relevant": 4.34545,
        "distractor": 27.56364
    }
}