{
    "ndcg_at_1": 0.237,
    "ndcg_at_3": 0.19588,
    "ndcg_at_5": 0.16701,
    "ndcg_at_10": 0.20175,
    "ndcg_at_20": 0.23249,
    "ndcg_at_100": 0.28299,
    "ndcg_at_200": 0.30022,
    "ndcg_at_300": 0.30907,
    "ndcg_at_500": 0.31928,
    "ndcg_at_1000": 0.33427,
    "map_at_1": 0.04818,
    "map_at_3": 0.08709,
    "map_at_5": 0.1021,
    "map_at_10": 0.11954,
    "map_at_20": 0.13091,
    "map_at_100": 0.14102,
    "map_at_200": 0.14258,
    "map_at_300": 0.14313,
    "map_at_500": 0.14355,
    "map_at_1000": 0.14396,
    "recall_at_1": 0.04818,
    "recall_at_3": 0.11188,
    "recall_at_5": 0.14697,
    "recall_at_10": 0.2106,
    "recall_at_20": 0.28268,
    "recall_at_100": 0.44645,
    "recall_at_200": 0.51947,
    "recall_at_300": 0.56123,
    "recall_at_500": 0.61332,
    "recall_at_1000": 0.69755,
    "precision_at_1": 0.237,
    "precision_at_3": 0.184,
    "precision_at_5": 0.1448,
    "precision_at_10": 0.1039,
    "precision_at_20": 0.06975,
    "precision_at_100": 0.02199,
    "precision_at_200": 0.0128,
    "precision_at_300": 0.00921,
    "precision_at_500": 0.00604,
    "precision_at_1000": 0.00343,
    "mrr_at_1": 0.237,
    "mrr_at_3": 0.31917,
    "mrr_at_5": 0.33352,
    "mrr_at_10": 0.34792,
    "mrr_at_20": 0.35478,
    "mrr_at_100": 0.359,
    "mrr_at_200": 0.35932,
    "mrr_at_300": 0.3594,
    "mrr_at_500": 0.35948,
    "mrr_at_1000": 0.35951
}