{
    "ndcg_at_1": 0.02283,
    "ndcg_at_3": 0.03259,
    "ndcg_at_5": 0.0389,
    "ndcg_at_10": 0.04918,
    "ndcg_at_20": 0.05667,
    "ndcg_at_100": 0.07601,
    "ndcg_at_200": 0.08618,
    "ndcg_at_300": 0.09171,
    "ndcg_at_500": 0.09955,
    "ndcg_at_1000": 0.10989,
    "map_at_1": 0.01598,
    "map_at_3": 0.0267,
    "map_at_5": 0.03028,
    "map_at_10": 0.03451,
    "map_at_20": 0.03646,
    "map_at_100": 0.03873,
    "map_at_200": 0.03926,
    "map_at_300": 0.03945,
    "map_at_500": 0.03964,
    "map_at_1000": 0.0398,
    "recall_at_1": 0.01598,
    "recall_at_3": 0.03967,
    "recall_at_5": 0.055,
    "recall_at_10": 0.08631,
    "recall_at_20": 0.11381,
    "recall_at_100": 0.21281,
    "recall_at_200": 0.2794,
    "recall_at_300": 0.31928,
    "recall_at_500": 0.38172,
    "recall_at_1000": 0.46919,
    "precision_at_1": 0.02283,
    "precision_at_3": 0.01788,
    "precision_at_5": 0.01484,
    "precision_at_10": 0.01119,
    "precision_at_20": 0.00765,
    "precision_at_100": 0.00316,
    "precision_at_200": 0.0021,
    "precision_at_300": 0.00162,
    "precision_at_500": 0.00117,
    "precision_at_1000": 0.00074,
    "mrr_at_1": 0.02283,
    "mrr_at_3": 0.03482,
    "mrr_at_5": 0.03978,
    "mrr_at_10": 0.04421,
    "mrr_at_20": 0.04653,
    "mrr_at_100": 0.04926,
    "mrr_at_200": 0.04983,
    "mrr_at_300": 0.05,
    "mrr_at_500": 0.05017,
    "mrr_at_1000": 0.0503
}