{
    "ndcg_at_1": 0.22925,
    "ndcg_at_3": 0.28151,
    "ndcg_at_5": 0.3039,
    "ndcg_at_10": 0.33254,
    "ndcg_at_20": 0.35362,
    "ndcg_at_100": 0.39432,
    "ndcg_at_200": 0.40793,
    "ndcg_at_300": 0.41245,
    "ndcg_at_500": 0.41716,
    "ndcg_at_1000": 0.42349,
    "map_at_1": 0.1943,
    "map_at_3": 0.24755,
    "map_at_5": 0.26249,
    "map_at_10": 0.27646,
    "map_at_20": 0.28322,
    "map_at_100": 0.29091,
    "map_at_200": 0.29213,
    "map_at_300": 0.29244,
    "map_at_500": 0.29272,
    "map_at_1000": 0.29299,
    "recall_at_1": 0.1943,
    "recall_at_3": 0.31012,
    "recall_at_5": 0.3672,
    "recall_at_10": 0.45375,
    "recall_at_20": 0.53513,
    "recall_at_100": 0.73271,
    "recall_at_200": 0.81243,
    "recall_at_300": 0.84084,
    "recall_at_500": 0.87155,
    "recall_at_1000": 0.91433,
    "precision_at_1": 0.22925,
    "precision_at_3": 0.13307,
    "precision_at_5": 0.09921,
    "precision_at_10": 0.06542,
    "precision_at_20": 0.0417,
    "precision_at_100": 0.0134,
    "precision_at_200": 0.00808,
    "precision_at_300": 0.00588,
    "precision_at_500": 0.00389,
    "precision_at_1000": 0.00225,
    "mrr_at_1": 0.22925,
    "mrr_at_3": 0.28393,
    "mrr_at_5": 0.29736,
    "mrr_at_10": 0.31102,
    "mrr_at_20": 0.31763,
    "mrr_at_100": 0.32204,
    "mrr_at_200": 0.3225,
    "mrr_at_300": 0.32259,
    "mrr_at_500": 0.32265,
    "mrr_at_1000": 0.3227
}