{
    "ndcg_at_1": 0.11211,
    "ndcg_at_3": 0.15863,
    "ndcg_at_5": 0.18119,
    "ndcg_at_10": 0.20589,
    "ndcg_at_20": 0.22773,
    "ndcg_at_100": 0.26358,
    "ndcg_at_200": 0.27428,
    "ndcg_at_300": 0.27968,
    "ndcg_at_500": 0.28543,
    "ndcg_at_1000": 0.29123,
    "map_at_1": 0.09656,
    "map_at_3": 0.14048,
    "map_at_5": 0.15309,
    "map_at_10": 0.16359,
    "map_at_20": 0.16985,
    "map_at_100": 0.17499,
    "map_at_200": 0.17559,
    "map_at_300": 0.17578,
    "map_at_500": 0.17591,
    "map_at_1000": 0.176,
    "recall_at_1": 0.09656,
    "recall_at_3": 0.19414,
    "recall_at_5": 0.24701,
    "recall_at_10": 0.31943,
    "recall_at_20": 0.40107,
    "recall_at_100": 0.58683,
    "recall_at_200": 0.65959,
    "recall_at_300": 0.70044,
    "recall_at_500": 0.74788,
    "recall_at_1000": 0.79961,
    "precision_at_1": 0.11211,
    "precision_at_3": 0.07599,
    "precision_at_5": 0.05811,
    "precision_at_10": 0.03806,
    "precision_at_20": 0.0242,
    "precision_at_100": 0.00711,
    "precision_at_200": 0.004,
    "precision_at_300": 0.00284,
    "precision_at_500": 0.00182,
    "precision_at_1000": 0.00097,
    "mrr_at_1": 0.11182,
    "mrr_at_3": 0.15783,
    "mrr_at_5": 0.17078,
    "mrr_at_10": 0.18116,
    "mrr_at_20": 0.187,
    "mrr_at_100": 0.19156,
    "mrr_at_200": 0.19206,
    "mrr_at_300": 0.19222,
    "mrr_at_500": 0.19233,
    "mrr_at_1000": 0.1924
}