{
    "ndcg_at_1": 0.39,
    "ndcg_at_3": 0.36693,
    "ndcg_at_5": 0.37276,
    "ndcg_at_10": 0.37623,
    "ndcg_at_20": 0.34869,
    "ndcg_at_100": 0.25412,
    "ndcg_at_200": 0.20945,
    "ndcg_at_300": 0.19224,
    "ndcg_at_500": 0.18879,
    "ndcg_at_1000": 0.21946,
    "map_at_1": 0.0011,
    "map_at_3": 0.00238,
    "map_at_5": 0.00366,
    "map_at_10": 0.00699,
    "map_at_20": 0.01195,
    "map_at_100": 0.03118,
    "map_at_200": 0.04225,
    "map_at_300": 0.04872,
    "map_at_500": 0.05621,
    "map_at_1000": 0.06504,
    "recall_at_1": 0.0011,
    "recall_at_3": 0.0028,
    "recall_at_5": 0.00475,
    "recall_at_10": 0.00997,
    "recall_at_20": 0.01792,
    "recall_at_100": 0.05859,
    "recall_at_200": 0.08949,
    "recall_at_300": 0.11214,
    "recall_at_500": 0.14684,
    "recall_at_1000": 0.20403,
    "precision_at_1": 0.44,
    "precision_at_3": 0.4,
    "precision_at_5": 0.408,
    "precision_at_10": 0.416,
    "precision_at_20": 0.373,
    "precision_at_100": 0.253,
    "precision_at_200": 0.1981,
    "precision_at_300": 0.1688,
    "precision_at_500": 0.13516,
    "precision_at_1000": 0.0958,
    "mrr_at_1": 0.4,
    "mrr_at_3": 0.53667,
    "mrr_at_5": 0.54567,
    "mrr_at_10": 0.55567,
    "mrr_at_20": 0.56286,
    "mrr_at_100": 0.56508,
    "mrr_at_200": 0.56526,
    "mrr_at_300": 0.56526,
    "mrr_at_500": 0.56526,
    "mrr_at_1000": 0.56526
}