{
    "ndcg_at_1": 0.14006,
    "ndcg_at_3": 0.17627,
    "ndcg_at_5": 0.19384,
    "ndcg_at_10": 0.21639,
    "ndcg_at_20": 0.23676,
    "ndcg_at_100": 0.27415,
    "ndcg_at_200": 0.28685,
    "ndcg_at_300": 0.29386,
    "ndcg_at_500": 0.30114,
    "ndcg_at_1000": 0.30842,
    "map_at_1": 0.11581,
    "map_at_3": 0.15412,
    "map_at_5": 0.16532,
    "map_at_10": 0.17536,
    "map_at_20": 0.18132,
    "map_at_100": 0.18678,
    "map_at_200": 0.18755,
    "map_at_300": 0.18783,
    "map_at_500": 0.18804,
    "map_at_1000": 0.18819,
    "recall_at_1": 0.11581,
    "recall_at_3": 0.20047,
    "recall_at_5": 0.24545,
    "recall_at_10": 0.3133,
    "recall_at_20": 0.38933,
    "recall_at_100": 0.57494,
    "recall_at_200": 0.65652,
    "recall_at_300": 0.70592,
    "recall_at_500": 0.76122,
    "recall_at_1000": 0.81994,
    "precision_at_1": 0.14006,
    "precision_at_3": 0.08408,
    "precision_at_5": 0.0629,
    "precision_at_10": 0.04109,
    "precision_at_20": 0.02612,
    "precision_at_100": 0.00833,
    "precision_at_200": 0.0049,
    "precision_at_300": 0.00358,
    "precision_at_500": 0.00236,
    "precision_at_1000": 0.00132,
    "mrr_at_1": 0.14006,
    "mrr_at_3": 0.18347,
    "mrr_at_5": 0.1951,
    "mrr_at_10": 0.20494,
    "mrr_at_20": 0.21058,
    "mrr_at_100": 0.21533,
    "mrr_at_200": 0.21588,
    "mrr_at_300": 0.21607,
    "mrr_at_500": 0.2162,
    "mrr_at_1000": 0.21627
}