{
    "ndcg_at_1": 0.07121,
    "ndcg_at_3": 0.06027,
    "ndcg_at_5": 0.05661,
    "ndcg_at_10": 0.05761,
    "ndcg_at_20": 0.05701,
    "ndcg_at_100": 0.07397,
    "ndcg_at_200": 0.0939,
    "ndcg_at_300": 0.10876,
    "ndcg_at_500": 0.13168,
    "ndcg_at_1000": 0.18082,
    "map_at_1": 0.00315,
    "map_at_3": 0.00618,
    "map_at_5": 0.00746,
    "map_at_10": 0.01005,
    "map_at_20": 0.01217,
    "map_at_100": 0.01619,
    "map_at_200": 0.0181,
    "map_at_300": 0.0193,
    "map_at_500": 0.02095,
    "map_at_1000": 0.02402,
    "recall_at_1": 0.00315,
    "recall_at_3": 0.00918,
    "recall_at_5": 0.01203,
    "recall_at_10": 0.02545,
    "recall_at_20": 0.04375,
    "recall_at_100": 0.10667,
    "recall_at_200": 0.17314,
    "recall_at_300": 0.22079,
    "recall_at_500": 0.29906,
    "recall_at_1000": 0.46943,
    "precision_at_1": 0.0743,
    "precision_at_3": 0.05676,
    "precision_at_5": 0.05077,
    "precision_at_10": 0.05046,
    "precision_at_20": 0.04133,
    "precision_at_100": 0.02619,
    "precision_at_200": 0.02237,
    "precision_at_300": 0.02019,
    "precision_at_500": 0.01752,
    "precision_at_1000": 0.01536,
    "mrr_at_1": 0.07121,
    "mrr_at_3": 0.10268,
    "mrr_at_5": 0.11027,
    "mrr_at_10": 0.12303,
    "mrr_at_20": 0.132,
    "mrr_at_100": 0.13782,
    "mrr_at_200": 0.13841,
    "mrr_at_300": 0.13858,
    "mrr_at_500": 0.13879,
    "mrr_at_1000": 0.13893
}