{
    "ndcg_at_1": 0.16364,
    "ndcg_at_3": 0.13692,
    "ndcg_at_5": 0.11647,
    "ndcg_at_10": 0.09236,
    "ndcg_at_20": 0.1044,
    "ndcg_at_100": 0.12431,
    "ndcg_at_200": 0.13704,
    "ndcg_at_300": 0.14615,
    "ndcg_at_500": 0.15455,
    "ndcg_at_1000": 0.17152,
    "map_at_1": 0.01636,
    "map_at_3": 0.03091,
    "map_at_5": 0.03909,
    "map_at_10": 0.04643,
    "map_at_20": 0.05183,
    "map_at_100": 0.05479,
    "map_at_200": 0.05565,
    "map_at_300": 0.05611,
    "map_at_500": 0.05641,
    "map_at_1000": 0.05692,
    "recall_at_1": 0.01636,
    "recall_at_3": 0.03818,
    "recall_at_5": 0.05091,
    "recall_at_10": 0.07455,
    "recall_at_20": 0.09636,
    "recall_at_100": 0.14909,
    "recall_at_200": 0.19091,
    "recall_at_300": 0.22364,
    "recall_at_500": 0.25636,
    "recall_at_1000": 0.32909,
    "precision_at_1": 0.16364,
    "precision_at_3": 0.12727,
    "precision_at_5": 0.10182,
    "precision_at_10": 0.07455,
    "precision_at_20": 0.04818,
    "precision_at_100": 0.01491,
    "precision_at_200": 0.00955,
    "precision_at_300": 0.00745,
    "precision_at_500": 0.00513,
    "precision_at_1000": 0.00329,
    "mrr_at_1": 0.16364,
    "mrr_at_3": 0.22424,
    "mrr_at_5": 0.22788,
    "mrr_at_10": 0.23553,
    "mrr_at_20": 0.23985,
    "mrr_at_100": 0.24196,
    "mrr_at_200": 0.24305,
    "mrr_at_300": 0.2433,
    "mrr_at_500": 0.24345,
    "mrr_at_1000": 0.24345,
    "rc_at_1": {
        "relevant": 0.16364,
        "distractor": 0.12727
    },
    "rc_at_3": {
        "relevant": 0.38182,
        "distractor": 0.29091
    },
    "rc_at_5": {
        "relevant": 0.50909,
        "distractor": 0.4
    },
    "rc_at_10": {
        "relevant": 0.74545,
        "distractor": 0.96364
    },
    "rc_at_20": {
        "relevant": 0.96364,
        "distractor": 2.03636
    },
    "rc_at_100": {
        "relevant": 1.49091,
        "distractor": 6.01818
    },
    "rc_at_200": {
        "relevant": 1.90909,
        "distractor": 8.8
    },
    "rc_at_300": {
        "relevant": 2.23636,
        "distractor": 10.72727
    },
    "rc_at_500": {
        "relevant": 2.56364,
        "distractor": 13.21818
    },
    "rc_at_1000": {
        "relevant": 3.29091,
        "distractor": 17.18182
    }
}