{
    "ndcg_at_1": 0.23636,
    "ndcg_at_3": 0.20742,
    "ndcg_at_5": 0.18546,
    "ndcg_at_10": 0.14864,
    "ndcg_at_20": 0.1772,
    "ndcg_at_100": 0.25268,
    "ndcg_at_200": 0.28069,
    "ndcg_at_300": 0.29282,
    "ndcg_at_500": 0.30212,
    "ndcg_at_1000": 0.3165,
    "map_at_1": 0.02364,
    "map_at_3": 0.04939,
    "map_at_5": 0.06558,
    "map_at_10": 0.08067,
    "map_at_20": 0.09086,
    "map_at_100": 0.10794,
    "map_at_200": 0.11135,
    "map_at_300": 0.11245,
    "map_at_500": 0.11297,
    "map_at_1000": 0.11354,
    "recall_at_1": 0.02364,
    "recall_at_3": 0.06,
    "recall_at_5": 0.08545,
    "recall_at_10": 0.12545,
    "recall_at_20": 0.17636,
    "recall_at_100": 0.36727,
    "recall_at_200": 0.45818,
    "recall_at_300": 0.50182,
    "recall_at_500": 0.53818,
    "recall_at_1000": 0.6,
    "precision_at_1": 0.23636,
    "precision_at_3": 0.2,
    "precision_at_5": 0.17091,
    "precision_at_10": 0.12545,
    "precision_at_20": 0.08818,
    "precision_at_100": 0.03673,
    "precision_at_200": 0.02291,
    "precision_at_300": 0.01673,
    "precision_at_500": 0.01076,
    "precision_at_1000": 0.006,
    "mrr_at_1": 0.23636,
    "mrr_at_3": 0.30606,
    "mrr_at_5": 0.32242,
    "mrr_at_10": 0.33076,
    "mrr_at_20": 0.3451,
    "mrr_at_100": 0.3488,
    "mrr_at_200": 0.34908,
    "mrr_at_300": 0.34908,
    "mrr_at_500": 0.34912,
    "mrr_at_1000": 0.34912,
    "rc_at_1": {
        "relevant": 0.23636,
        "distractor": 0.38182
    },
    "rc_at_3": {
        "relevant": 0.6,
        "distractor": 1.23636
    },
    "rc_at_5": {
        "relevant": 0.85455,
        "distractor": 1.94545
    },
    "rc_at_10": {
        "relevant": 1.25455,
        "distractor": 4.03636
    },
    "rc_at_20": {
        "relevant": 1.76364,
        "distractor": 7.32727
    },
    "rc_at_100": {
        "relevant": 3.67273,
        "distractor": 20.03636
    },
    "rc_at_200": {
        "relevant": 4.58182,
        "distractor": 27.41818
    },
    "rc_at_300": {
        "relevant": 5.01818,
        "distractor": 32.2
    },
    "rc_at_500": {
        "relevant": 5.38182,
        "distractor": 37.65455
    },
    "rc_at_1000": {
        "relevant": 6.0,
        "distractor": 44.94545
    }
}