{
    "ndcg_at_1": 0.19753,
    "ndcg_at_3": 0.17926,
    "ndcg_at_5": 0.18525,
    "ndcg_at_10": 0.20465,
    "ndcg_at_20": 0.22223,
    "ndcg_at_100": 0.25997,
    "ndcg_at_200": 0.2738,
    "ndcg_at_300": 0.28239,
    "ndcg_at_500": 0.29074,
    "ndcg_at_1000": 0.29963,
    "map_at_1": 0.0915,
    "map_at_3": 0.12753,
    "map_at_5": 0.13933,
    "map_at_10": 0.15069,
    "map_at_20": 0.15644,
    "map_at_100": 0.16275,
    "map_at_200": 0.16367,
    "map_at_300": 0.16406,
    "map_at_500": 0.16434,
    "map_at_1000": 0.16454,
    "recall_at_1": 0.0915,
    "recall_at_3": 0.1582,
    "recall_at_5": 0.19305,
    "recall_at_10": 0.25372,
    "recall_at_20": 0.30754,
    "recall_at_100": 0.47032,
    "recall_at_200": 0.54939,
    "recall_at_300": 0.60082,
    "recall_at_500": 0.65399,
    "recall_at_1000": 0.7172,
    "precision_at_1": 0.19753,
    "precision_at_3": 0.12654,
    "precision_at_5": 0.09506,
    "precision_at_10": 0.06281,
    "precision_at_20": 0.03866,
    "precision_at_100": 0.01181,
    "precision_at_200": 0.00686,
    "precision_at_300": 0.00505,
    "precision_at_500": 0.00335,
    "precision_at_1000": 0.00185,
    "mrr_at_1": 0.19753,
    "mrr_at_3": 0.24023,
    "mrr_at_5": 0.25234,
    "mrr_at_10": 0.26192,
    "mrr_at_20": 0.26657,
    "mrr_at_100": 0.2705,
    "mrr_at_200": 0.27098,
    "mrr_at_300": 0.27118,
    "mrr_at_500": 0.2713,
    "mrr_at_1000": 0.27135
}