{
    "ndcg_at_1": 0.30769,
    "ndcg_at_3": 0.28698,
    "ndcg_at_5": 0.24759,
    "ndcg_at_10": 0.20752,
    "ndcg_at_20": 0.25889,
    "ndcg_at_100": 0.36747,
    "ndcg_at_200": 0.39893,
    "ndcg_at_300": 0.40918,
    "ndcg_at_500": 0.42346,
    "ndcg_at_1000": 0.43598,
    "map_at_1": 0.03077,
    "map_at_3": 0.07128,
    "map_at_5": 0.08674,
    "map_at_10": 0.11038,
    "map_at_20": 0.13205,
    "map_at_100": 0.16293,
    "map_at_200": 0.16796,
    "map_at_300": 0.16899,
    "map_at_500": 0.17005,
    "map_at_1000": 0.1706,
    "recall_at_1": 0.03077,
    "recall_at_3": 0.08308,
    "recall_at_5": 0.11231,
    "recall_at_10": 0.17846,
    "recall_at_20": 0.27231,
    "recall_at_100": 0.54769,
    "recall_at_200": 0.64923,
    "recall_at_300": 0.68615,
    "recall_at_500": 0.74154,
    "recall_at_1000": 0.79538,
    "precision_at_1": 0.30769,
    "precision_at_3": 0.27692,
    "precision_at_5": 0.22462,
    "precision_at_10": 0.17846,
    "precision_at_20": 0.13615,
    "precision_at_100": 0.05477,
    "precision_at_200": 0.03246,
    "precision_at_300": 0.02287,
    "precision_at_500": 0.01483,
    "precision_at_1000": 0.00795,
    "mrr_at_1": 0.30769,
    "mrr_at_3": 0.38974,
    "mrr_at_5": 0.40436,
    "mrr_at_10": 0.42762,
    "mrr_at_20": 0.43558,
    "mrr_at_100": 0.43828,
    "mrr_at_200": 0.43838,
    "mrr_at_300": 0.43838,
    "mrr_at_500": 0.43838,
    "mrr_at_1000": 0.43838,
    "rc_at_1": {
        "relevant": 0.30769,
        "distractor": 0.69231
    },
    "rc_at_3": {
        "relevant": 0.83077,
        "distractor": 2.07692
    },
    "rc_at_5": {
        "relevant": 1.12308,
        "distractor": 3.64615
    },
    "rc_at_10": {
        "relevant": 1.78462,
        "distractor": 7.52308
    },
    "rc_at_20": {
        "relevant": 2.72308,
        "distractor": 15.12308
    },
    "rc_at_100": {
        "relevant": 5.47692,
        "distractor": 52.76923
    },
    "rc_at_200": {
        "relevant": 6.49231,
        "distractor": 65.21538
    },
    "rc_at_300": {
        "relevant": 6.86154,
        "distractor": 69.78462
    },
    "rc_at_500": {
        "relevant": 7.41538,
        "distractor": 74.92308
    },
    "rc_at_1000": {
        "relevant": 7.95385,
        "distractor": 80.15385
    }
}