{
    "ndcg_at_1": 0.30769,
    "ndcg_at_3": 0.28698,
    "ndcg_at_5": 0.25185,
    "ndcg_at_10": 0.21237,
    "ndcg_at_20": 0.26816,
    "ndcg_at_100": 0.45736,
    "ndcg_at_200": 0.50298,
    "ndcg_at_300": 0.50941,
    "ndcg_at_500": 0.51737,
    "ndcg_at_1000": 0.51808,
    "map_at_1": 0.03077,
    "map_at_3": 0.07128,
    "map_at_5": 0.08813,
    "map_at_10": 0.11293,
    "map_at_20": 0.13666,
    "map_at_100": 0.19142,
    "map_at_200": 0.20085,
    "map_at_300": 0.20164,
    "map_at_500": 0.20241,
    "map_at_1000": 0.20245,
    "recall_at_1": 0.03077,
    "recall_at_3": 0.08308,
    "recall_at_5": 0.11538,
    "recall_at_10": 0.18462,
    "recall_at_20": 0.28615,
    "recall_at_100": 0.77846,
    "recall_at_200": 0.92308,
    "recall_at_300": 0.94615,
    "recall_at_500": 0.97692,
    "recall_at_1000": 0.98,
    "precision_at_1": 0.30769,
    "precision_at_3": 0.27692,
    "precision_at_5": 0.23077,
    "precision_at_10": 0.18462,
    "precision_at_20": 0.14308,
    "precision_at_100": 0.07785,
    "precision_at_200": 0.04615,
    "precision_at_300": 0.03154,
    "precision_at_500": 0.01954,
    "precision_at_1000": 0.0098,
    "mrr_at_1": 0.30769,
    "mrr_at_3": 0.38974,
    "mrr_at_5": 0.40436,
    "mrr_at_10": 0.42873,
    "mrr_at_20": 0.43955,
    "mrr_at_100": 0.44234,
    "mrr_at_200": 0.44234,
    "mrr_at_300": 0.44234,
    "mrr_at_500": 0.44234,
    "mrr_at_1000": 0.44234,
    "rc_at_1": {
        "relevant": 0.30769,
        "distractor": 0.69231
    },
    "rc_at_3": {
        "relevant": 0.83077,
        "distractor": 2.13846
    },
    "rc_at_5": {
        "relevant": 1.15385,
        "distractor": 3.81538
    },
    "rc_at_10": {
        "relevant": 1.84615,
        "distractor": 8.07692
    },
    "rc_at_20": {
        "relevant": 2.86154,
        "distractor": 16.92308
    },
    "rc_at_100": {
        "relevant": 7.78462,
        "distractor": 79.95385
    },
    "rc_at_200": {
        "relevant": 9.23077,
        "distractor": 91.75385
    },
    "rc_at_300": {
        "relevant": 9.46154,
        "distractor": 94.21538
    },
    "rc_at_500": {
        "relevant": 9.76923,
        "distractor": 96.32308
    },
    "rc_at_1000": {
        "relevant": 9.8,
        "distractor": 97.98462
    }
}