{
    "ndcg_at_1": 0.25198,
    "ndcg_at_3": 0.30797,
    "ndcg_at_5": 0.3334,
    "ndcg_at_10": 0.35912,
    "ndcg_at_20": 0.37747,
    "ndcg_at_100": 0.40857,
    "ndcg_at_200": 0.41799,
    "ndcg_at_300": 0.42284,
    "ndcg_at_500": 0.42798,
    "ndcg_at_1000": 0.43348,
    "map_at_1": 0.2346,
    "map_at_3": 0.28694,
    "map_at_5": 0.30152,
    "map_at_10": 0.31298,
    "map_at_20": 0.31817,
    "map_at_100": 0.3226,
    "map_at_200": 0.32314,
    "map_at_300": 0.32332,
    "map_at_500": 0.32346,
    "map_at_1000": 0.32354,
    "recall_at_1": 0.2346,
    "recall_at_3": 0.34832,
    "recall_at_5": 0.40836,
    "recall_at_10": 0.48412,
    "recall_at_20": 0.55266,
    "recall_at_100": 0.71495,
    "recall_at_200": 0.77784,
    "recall_at_300": 0.81406,
    "recall_at_500": 0.85606,
    "recall_at_1000": 0.90482,
    "precision_at_1": 0.25198,
    "precision_at_3": 0.12881,
    "precision_at_5": 0.0922,
    "precision_at_10": 0.05548,
    "precision_at_20": 0.03209,
    "precision_at_100": 0.00847,
    "precision_at_200": 0.00466,
    "precision_at_300": 0.00326,
    "precision_at_500": 0.00206,
    "precision_at_1000": 0.0011,
    "mrr_at_1": 0.25198,
    "mrr_at_3": 0.30603,
    "mrr_at_5": 0.3206,
    "mrr_at_10": 0.33073,
    "mrr_at_20": 0.3359,
    "mrr_at_100": 0.33969,
    "mrr_at_200": 0.34015,
    "mrr_at_300": 0.34028,
    "mrr_at_500": 0.34039,
    "mrr_at_1000": 0.34045
}