{
    "ndcg_at_1": 0.2638,
    "ndcg_at_3": 0.30315,
    "ndcg_at_5": 0.32432,
    "ndcg_at_10": 0.34246,
    "ndcg_at_20": 0.35969,
    "ndcg_at_100": 0.38892,
    "ndcg_at_200": 0.39567,
    "ndcg_at_300": 0.40122,
    "ndcg_at_500": 0.40793,
    "ndcg_at_1000": 0.41377,
    "map_at_1": 0.23223,
    "map_at_3": 0.28115,
    "map_at_5": 0.29406,
    "map_at_10": 0.30248,
    "map_at_20": 0.30745,
    "map_at_100": 0.31172,
    "map_at_200": 0.31215,
    "map_at_300": 0.31236,
    "map_at_500": 0.31253,
    "map_at_1000": 0.31263,
    "recall_at_1": 0.23223,
    "recall_at_3": 0.33447,
    "recall_at_5": 0.38614,
    "recall_at_10": 0.43845,
    "recall_at_20": 0.50347,
    "recall_at_100": 0.65176,
    "recall_at_200": 0.69308,
    "recall_at_300": 0.73423,
    "recall_at_500": 0.7888,
    "recall_at_1000": 0.83803,
    "precision_at_1": 0.2638,
    "precision_at_3": 0.12935,
    "precision_at_5": 0.0911,
    "precision_at_10": 0.05337,
    "precision_at_20": 0.03067,
    "precision_at_100": 0.00819,
    "precision_at_200": 0.00449,
    "precision_at_300": 0.00318,
    "precision_at_500": 0.00205,
    "precision_at_1000": 0.00111,
    "mrr_at_1": 0.2638,
    "mrr_at_3": 0.31007,
    "mrr_at_5": 0.32234,
    "mrr_at_10": 0.32999,
    "mrr_at_20": 0.33461,
    "mrr_at_100": 0.33821,
    "mrr_at_200": 0.33853,
    "mrr_at_300": 0.33868,
    "mrr_at_500": 0.33882,
    "mrr_at_1000": 0.33889
}