{
    "ndcg_at_1": 0.14822,
    "ndcg_at_3": 0.20166,
    "ndcg_at_5": 0.22458,
    "ndcg_at_10": 0.25511,
    "ndcg_at_20": 0.27054,
    "ndcg_at_100": 0.31527,
    "ndcg_at_200": 0.33081,
    "ndcg_at_300": 0.33528,
    "ndcg_at_500": 0.34184,
    "ndcg_at_1000": 0.34733,
    "map_at_1": 0.12711,
    "map_at_3": 0.1732,
    "map_at_5": 0.1869,
    "map_at_10": 0.20099,
    "map_at_20": 0.20631,
    "map_at_100": 0.21369,
    "map_at_200": 0.21494,
    "map_at_300": 0.21521,
    "map_at_500": 0.21551,
    "map_at_1000": 0.21571,
    "recall_at_1": 0.12711,
    "recall_at_3": 0.23146,
    "recall_at_5": 0.28511,
    "recall_at_10": 0.37581,
    "recall_at_20": 0.43523,
    "recall_at_100": 0.66078,
    "recall_at_200": 0.75409,
    "recall_at_300": 0.78291,
    "recall_at_500": 0.82679,
    "recall_at_1000": 0.8645,
    "precision_at_1": 0.14822,
    "precision_at_3": 0.10145,
    "precision_at_5": 0.07945,
    "precision_at_10": 0.05494,
    "precision_at_20": 0.03399,
    "precision_at_100": 0.0118,
    "precision_at_200": 0.00727,
    "precision_at_300": 0.00527,
    "precision_at_500": 0.00354,
    "precision_at_1000": 0.00202,
    "mrr_at_1": 0.15217,
    "mrr_at_3": 0.20652,
    "mrr_at_5": 0.22312,
    "mrr_at_10": 0.23586,
    "mrr_at_20": 0.24077,
    "mrr_at_100": 0.24595,
    "mrr_at_200": 0.24653,
    "mrr_at_300": 0.24668,
    "mrr_at_500": 0.24675,
    "mrr_at_1000": 0.24678
}