{
    "ndcg_at_1": 0.46759,
    "ndcg_at_3": 0.42789,
    "ndcg_at_5": 0.43183,
    "ndcg_at_10": 0.45964,
    "ndcg_at_20": 0.4897,
    "ndcg_at_100": 0.5317,
    "ndcg_at_200": 0.54255,
    "ndcg_at_300": 0.54727,
    "ndcg_at_500": 0.552,
    "ndcg_at_1000": 0.55628,
    "map_at_1": 0.2267,
    "map_at_3": 0.33339,
    "map_at_5": 0.35693,
    "map_at_10": 0.37872,
    "map_at_20": 0.39099,
    "map_at_100": 0.40025,
    "map_at_200": 0.40118,
    "map_at_300": 0.40147,
    "map_at_500": 0.40167,
    "map_at_1000": 0.40178,
    "recall_at_1": 0.2267,
    "recall_at_3": 0.38391,
    "recall_at_5": 0.4364,
    "recall_at_10": 0.52615,
    "recall_at_20": 0.618,
    "recall_at_100": 0.78805,
    "recall_at_200": 0.84726,
    "recall_at_300": 0.87565,
    "recall_at_500": 0.90714,
    "recall_at_1000": 0.93735,
    "precision_at_1": 0.46759,
    "precision_at_3": 0.28961,
    "precision_at_5": 0.20648,
    "precision_at_10": 0.12886,
    "precision_at_20": 0.07739,
    "precision_at_100": 0.02045,
    "precision_at_200": 0.01101,
    "precision_at_300": 0.00761,
    "precision_at_500": 0.00473,
    "precision_at_1000": 0.00245,
    "mrr_at_1": 0.46759,
    "mrr_at_3": 0.52443,
    "mrr_at_5": 0.53354,
    "mrr_at_10": 0.54536,
    "mrr_at_20": 0.55063,
    "mrr_at_100": 0.55325,
    "mrr_at_200": 0.55356,
    "mrr_at_300": 0.5536,
    "mrr_at_500": 0.55365,
    "mrr_at_1000": 0.55367
}