{
    "ndcg_at_1": 0.79,
    "ndcg_at_3": 0.83574,
    "ndcg_at_5": 0.85157,
    "ndcg_at_10": 0.86656,
    "ndcg_at_20": 0.87413,
    "ndcg_at_100": 0.88055,
    "ndcg_at_200": 0.88128,
    "ndcg_at_300": 0.8815,
    "ndcg_at_500": 0.88163,
    "ndcg_at_1000": 0.88171,
    "map_at_1": 0.68585,
    "map_at_3": 0.79596,
    "map_at_5": 0.81399,
    "map_at_10": 0.8258,
    "map_at_20": 0.83016,
    "map_at_100": 0.83254,
    "map_at_200": 0.83267,
    "map_at_300": 0.8327,
    "map_at_500": 0.83271,
    "map_at_1000": 0.83272,
    "recall_at_1": 0.68585,
    "recall_at_3": 0.85813,
    "recall_at_5": 0.90273,
    "recall_at_10": 0.94581,
    "recall_at_20": 0.97032,
    "recall_at_100": 0.99415,
    "recall_at_200": 0.99741,
    "recall_at_300": 0.99844,
    "recall_at_500": 0.99911,
    "recall_at_1000": 0.99955,
    "precision_at_1": 0.79,
    "precision_at_3": 0.3664,
    "precision_at_5": 0.24078,
    "precision_at_10": 0.13228,
    "precision_at_20": 0.07043,
    "precision_at_100": 0.01527,
    "precision_at_200": 0.00774,
    "precision_at_300": 0.00519,
    "precision_at_500": 0.00312,
    "precision_at_1000": 0.00156,
    "mrr_at_1": 0.7892,
    "mrr_at_3": 0.84663,
    "mrr_at_5": 0.85334,
    "mrr_at_10": 0.85705,
    "mrr_at_20": 0.85811,
    "mrr_at_100": 0.85841,
    "mrr_at_200": 0.85842,
    "mrr_at_300": 0.85843,
    "mrr_at_500": 0.85843,
    "mrr_at_1000": 0.85843
}