{
    "ndcg_at_1": 0.14269,
    "ndcg_at_3": 0.15921,
    "ndcg_at_5": 0.17307,
    "ndcg_at_10": 0.19263,
    "ndcg_at_20": 0.21001,
    "ndcg_at_100": 0.24079,
    "ndcg_at_200": 0.25174,
    "ndcg_at_300": 0.25679,
    "ndcg_at_500": 0.2636,
    "ndcg_at_1000": 0.27305,
    "map_at_1": 0.11639,
    "map_at_3": 0.14212,
    "map_at_5": 0.15116,
    "map_at_10": 0.15973,
    "map_at_20": 0.16476,
    "map_at_100": 0.16935,
    "map_at_200": 0.16999,
    "map_at_300": 0.17018,
    "map_at_500": 0.17036,
    "map_at_1000": 0.17052,
    "recall_at_1": 0.11639,
    "recall_at_3": 0.17078,
    "recall_at_5": 0.20675,
    "recall_at_10": 0.26631,
    "recall_at_20": 0.32762,
    "recall_at_100": 0.47958,
    "recall_at_200": 0.54866,
    "recall_at_300": 0.58436,
    "recall_at_500": 0.63523,
    "recall_at_1000": 0.7146,
    "precision_at_1": 0.14269,
    "precision_at_3": 0.07458,
    "precision_at_5": 0.05479,
    "precision_at_10": 0.03584,
    "precision_at_20": 0.02295,
    "precision_at_100": 0.00712,
    "precision_at_200": 0.00417,
    "precision_at_300": 0.003,
    "precision_at_500": 0.002,
    "precision_at_1000": 0.00115,
    "mrr_at_1": 0.14269,
    "mrr_at_3": 0.16971,
    "mrr_at_5": 0.17896,
    "mrr_at_10": 0.18843,
    "mrr_at_20": 0.19379,
    "mrr_at_100": 0.19775,
    "mrr_at_200": 0.19835,
    "mrr_at_300": 0.19848,
    "mrr_at_500": 0.1986,
    "mrr_at_1000": 0.1987
}