{
    "ndcg_at_1": 0.59,
    "ndcg_at_3": 0.66087,
    "ndcg_at_5": 0.68513,
    "ndcg_at_10": 0.7127,
    "ndcg_at_20": 0.72564,
    "ndcg_at_100": 0.73415,
    "ndcg_at_200": 0.73583,
    "ndcg_at_300": 0.73708,
    "ndcg_at_500": 0.73929,
    "ndcg_at_1000": 0.74037,
    "map_at_1": 0.55828,
    "map_at_3": 0.63278,
    "map_at_5": 0.64967,
    "map_at_10": 0.66377,
    "map_at_20": 0.66757,
    "map_at_100": 0.6687,
    "map_at_200": 0.66879,
    "map_at_300": 0.66883,
    "map_at_500": 0.66889,
    "map_at_1000": 0.66891,
    "recall_at_1": 0.55828,
    "recall_at_3": 0.70944,
    "recall_at_5": 0.7705,
    "recall_at_10": 0.85056,
    "recall_at_20": 0.9,
    "recall_at_100": 0.94667,
    "recall_at_200": 0.95833,
    "recall_at_300": 0.96833,
    "recall_at_500": 0.98667,
    "recall_at_1000": 0.99667,
    "precision_at_1": 0.59,
    "precision_at_3": 0.26,
    "precision_at_5": 0.172,
    "precision_at_10": 0.097,
    "precision_at_20": 0.05133,
    "precision_at_100": 0.01073,
    "precision_at_200": 0.00543,
    "precision_at_300": 0.00366,
    "precision_at_500": 0.00223,
    "precision_at_1000": 0.00113,
    "mrr_at_1": 0.59,
    "mrr_at_3": 0.65444,
    "mrr_at_5": 0.66778,
    "mrr_at_10": 0.67645,
    "mrr_at_20": 0.67976,
    "mrr_at_100": 0.68089,
    "mrr_at_200": 0.68096,
    "mrr_at_300": 0.681,
    "mrr_at_500": 0.68105,
    "mrr_at_1000": 0.68107
}