{
    "ndcg_at_1": 0.33333,
    "ndcg_at_3": 0.39814,
    "ndcg_at_5": 0.42167,
    "ndcg_at_10": 0.45351,
    "ndcg_at_20": 0.47694,
    "ndcg_at_100": 0.51468,
    "ndcg_at_200": 0.52196,
    "ndcg_at_300": 0.5262,
    "ndcg_at_500": 0.52895,
    "ndcg_at_1000": 0.53233,
    "map_at_1": 0.2724,
    "map_at_3": 0.34929,
    "map_at_5": 0.36845,
    "map_at_10": 0.38557,
    "map_at_20": 0.39449,
    "map_at_100": 0.40171,
    "map_at_200": 0.4024,
    "map_at_300": 0.40264,
    "map_at_500": 0.40278,
    "map_at_1000": 0.4029,
    "recall_at_1": 0.2724,
    "recall_at_3": 0.42881,
    "recall_at_5": 0.49503,
    "recall_at_10": 0.59122,
    "recall_at_20": 0.67466,
    "recall_at_100": 0.85049,
    "recall_at_200": 0.89123,
    "recall_at_300": 0.91873,
    "recall_at_500": 0.93551,
    "recall_at_1000": 0.95803,
    "precision_at_1": 0.33333,
    "precision_at_3": 0.19599,
    "precision_at_5": 0.14163,
    "precision_at_10": 0.08927,
    "precision_at_20": 0.05379,
    "precision_at_100": 0.01496,
    "precision_at_200": 0.0082,
    "precision_at_300": 0.00578,
    "precision_at_500": 0.00366,
    "precision_at_1000": 0.00197,
    "mrr_at_1": 0.3319,
    "mrr_at_3": 0.41369,
    "mrr_at_5": 0.42964,
    "mrr_at_10": 0.44224,
    "mrr_at_20": 0.44744,
    "mrr_at_100": 0.45109,
    "mrr_at_200": 0.45132,
    "mrr_at_300": 0.45142,
    "mrr_at_500": 0.45144,
    "mrr_at_1000": 0.45147
}