{
    "ndcg_at_1": 0.34545,
    "ndcg_at_3": 0.28867,
    "ndcg_at_5": 0.26197,
    "ndcg_at_10": 0.21732,
    "ndcg_at_20": 0.2669,
    "ndcg_at_100": 0.40257,
    "ndcg_at_200": 0.42863,
    "ndcg_at_300": 0.44022,
    "ndcg_at_500": 0.44991,
    "ndcg_at_1000": 0.45922,
    "map_at_1": 0.03455,
    "map_at_3": 0.07212,
    "map_at_5": 0.09239,
    "map_at_10": 0.11635,
    "map_at_20": 0.13936,
    "map_at_100": 0.18391,
    "map_at_200": 0.1883,
    "map_at_300": 0.18963,
    "map_at_500": 0.19032,
    "map_at_1000": 0.19078,
    "recall_at_1": 0.03455,
    "recall_at_3": 0.08182,
    "recall_at_5": 0.12,
    "recall_at_10": 0.18727,
    "recall_at_20": 0.27636,
    "recall_at_100": 0.60545,
    "recall_at_200": 0.68909,
    "recall_at_300": 0.73091,
    "recall_at_500": 0.76909,
    "recall_at_1000": 0.80909,
    "precision_at_1": 0.34545,
    "precision_at_3": 0.27273,
    "precision_at_5": 0.24,
    "precision_at_10": 0.18727,
    "precision_at_20": 0.13818,
    "precision_at_100": 0.06055,
    "precision_at_200": 0.03445,
    "precision_at_300": 0.02436,
    "precision_at_500": 0.01538,
    "precision_at_1000": 0.00809,
    "mrr_at_1": 0.34545,
    "mrr_at_3": 0.41212,
    "mrr_at_5": 0.44485,
    "mrr_at_10": 0.46157,
    "mrr_at_20": 0.46805,
    "mrr_at_100": 0.47208,
    "mrr_at_200": 0.47208,
    "mrr_at_300": 0.47208,
    "mrr_at_500": 0.47208,
    "mrr_at_1000": 0.47208,
    "rc_at_1": {
        "relevant": 0.34545,
        "distractor": 0.61818
    },
    "rc_at_3": {
        "relevant": 0.81818,
        "distractor": 2.0
    },
    "rc_at_5": {
        "relevant": 1.2,
        "distractor": 3.36364
    },
    "rc_at_10": {
        "relevant": 1.87273,
        "distractor": 7.2
    },
    "rc_at_20": {
        "relevant": 2.76364,
        "distractor": 14.25455
    },
    "rc_at_100": {
        "relevant": 6.05455,
        "distractor": 44.94545
    },
    "rc_at_200": {
        "relevant": 6.89091,
        "distractor": 56.27273
    },
    "rc_at_300": {
        "relevant": 7.30909,
        "distractor": 61.14545
    },
    "rc_at_500": {
        "relevant": 7.69091,
        "distractor": 65.96364
    },
    "rc_at_1000": {
        "relevant": 8.09091,
        "distractor": 71.94545
    }
}