{
    "ndcg_at_1": 0.29461,
    "ndcg_at_3": 0.37168,
    "ndcg_at_5": 0.41564,
    "ndcg_at_10": 0.45556,
    "ndcg_at_20": 0.47961,
    "ndcg_at_100": 0.50521,
    "ndcg_at_200": 0.5111,
    "ndcg_at_300": 0.51268,
    "ndcg_at_500": 0.51479,
    "ndcg_at_1000": 0.51692,
    "map_at_1": 0.25881,
    "map_at_3": 0.34029,
    "map_at_5": 0.36573,
    "map_at_10": 0.38383,
    "map_at_20": 0.39114,
    "map_at_100": 0.39517,
    "map_at_200": 0.39552,
    "map_at_300": 0.39558,
    "map_at_500": 0.39563,
    "map_at_1000": 0.39566,
    "recall_at_1": 0.25881,
    "recall_at_3": 0.43144,
    "recall_at_5": 0.53315,
    "recall_at_10": 0.64929,
    "recall_at_20": 0.73947,
    "recall_at_100": 0.86921,
    "recall_at_200": 0.90894,
    "recall_at_300": 0.92075,
    "recall_at_500": 0.93796,
    "recall_at_1000": 0.95693,
    "precision_at_1": 0.29461,
    "precision_at_3": 0.16792,
    "precision_at_5": 0.1259,
    "precision_at_10": 0.07767,
    "precision_at_20": 0.04439,
    "precision_at_100": 0.01053,
    "precision_at_200": 0.00551,
    "precision_at_300": 0.00373,
    "precision_at_500": 0.00228,
    "precision_at_1000": 0.00116,
    "mrr_at_1": 0.2949,
    "mrr_at_3": 0.37259,
    "mrr_at_5": 0.39646,
    "mrr_at_10": 0.41127,
    "mrr_at_20": 0.41704,
    "mrr_at_100": 0.42003,
    "mrr_at_200": 0.42028,
    "mrr_at_300": 0.42033,
    "mrr_at_500": 0.42037,
    "mrr_at_1000": 0.42039
}