{
    "ndcg_at_1": 0.24972,
    "ndcg_at_3": 0.31232,
    "ndcg_at_5": 0.33729,
    "ndcg_at_10": 0.36118,
    "ndcg_at_20": 0.37978,
    "ndcg_at_100": 0.40927,
    "ndcg_at_200": 0.4189,
    "ndcg_at_300": 0.42298,
    "ndcg_at_500": 0.42706,
    "ndcg_at_1000": 0.43249,
    "map_at_1": 0.23246,
    "map_at_3": 0.28901,
    "map_at_5": 0.30361,
    "map_at_10": 0.31401,
    "map_at_20": 0.31973,
    "map_at_100": 0.32397,
    "map_at_200": 0.32452,
    "map_at_300": 0.32467,
    "map_at_500": 0.32478,
    "map_at_1000": 0.32487,
    "recall_at_1": 0.23246,
    "recall_at_3": 0.35789,
    "recall_at_5": 0.41649,
    "recall_at_10": 0.48825,
    "recall_at_20": 0.55641,
    "recall_at_100": 0.70882,
    "recall_at_200": 0.77352,
    "recall_at_300": 0.8041,
    "recall_at_500": 0.83599,
    "recall_at_1000": 0.88339,
    "precision_at_1": 0.24972,
    "precision_at_3": 0.1322,
    "precision_at_5": 0.09401,
    "precision_at_10": 0.05582,
    "precision_at_20": 0.03249,
    "precision_at_100": 0.00836,
    "precision_at_200": 0.00462,
    "precision_at_300": 0.00321,
    "precision_at_500": 0.00202,
    "precision_at_1000": 0.00107,
    "mrr_at_1": 0.24972,
    "mrr_at_3": 0.30904,
    "mrr_at_5": 0.32316,
    "mrr_at_10": 0.33279,
    "mrr_at_20": 0.33747,
    "mrr_at_100": 0.34138,
    "mrr_at_200": 0.34184,
    "mrr_at_300": 0.34196,
    "mrr_at_500": 0.34204,
    "mrr_at_1000": 0.3421
}