{
    "ndcg_at_1": 0.3505,
    "ndcg_at_3": 0.4019,
    "ndcg_at_5": 0.42518,
    "ndcg_at_10": 0.45262,
    "ndcg_at_20": 0.47005,
    "ndcg_at_100": 0.50268,
    "ndcg_at_200": 0.51074,
    "ndcg_at_300": 0.51583,
    "ndcg_at_500": 0.51977,
    "ndcg_at_1000": 0.52518,
    "map_at_1": 0.28662,
    "map_at_3": 0.35595,
    "map_at_5": 0.37477,
    "map_at_10": 0.39053,
    "map_at_20": 0.39697,
    "map_at_100": 0.40319,
    "map_at_200": 0.40385,
    "map_at_300": 0.40411,
    "map_at_500": 0.40429,
    "map_at_1000": 0.40444,
    "recall_at_1": 0.28662,
    "recall_at_3": 0.42523,
    "recall_at_5": 0.49081,
    "recall_at_10": 0.5734,
    "recall_at_20": 0.63685,
    "recall_at_100": 0.78869,
    "recall_at_200": 0.83514,
    "recall_at_300": 0.86934,
    "recall_at_500": 0.89379,
    "recall_at_1000": 0.93294,
    "precision_at_1": 0.3505,
    "precision_at_3": 0.19361,
    "precision_at_5": 0.14077,
    "precision_at_10": 0.08698,
    "precision_at_20": 0.0505,
    "precision_at_100": 0.01363,
    "precision_at_200": 0.00755,
    "precision_at_300": 0.00534,
    "precision_at_500": 0.00344,
    "precision_at_1000": 0.00188,
    "mrr_at_1": 0.3505,
    "mrr_at_3": 0.42227,
    "mrr_at_5": 0.43736,
    "mrr_at_10": 0.44802,
    "mrr_at_20": 0.45212,
    "mrr_at_100": 0.45551,
    "mrr_at_200": 0.45579,
    "mrr_at_300": 0.45593,
    "mrr_at_500": 0.45598,
    "mrr_at_1000": 0.45602
}