{
    "ndcg_at_1": 0.0,
    "ndcg_at_3": 0.2688,
    "ndcg_at_5": 0.34005,
    "ndcg_at_10": 0.40083,
    "ndcg_at_20": 0.42818,
    "ndcg_at_100": 0.43976,
    "ndcg_at_200": 0.44078,
    "ndcg_at_300": 0.44105,
    "ndcg_at_500": 0.44129,
    "ndcg_at_1000": 0.44144,
    "map_at_1": 0.0,
    "map_at_3": 0.20353,
    "map_at_5": 0.24311,
    "map_at_10": 0.26863,
    "map_at_20": 0.27634,
    "map_at_100": 0.27812,
    "map_at_200": 0.27818,
    "map_at_300": 0.27819,
    "map_at_500": 0.2782,
    "map_at_1000": 0.2782,
    "recall_at_1": 0.0,
    "recall_at_3": 0.45733,
    "recall_at_5": 0.63016,
    "recall_at_10": 0.81579,
    "recall_at_20": 0.92248,
    "recall_at_100": 0.98222,
    "recall_at_200": 0.98933,
    "recall_at_300": 0.99147,
    "recall_at_500": 0.9936,
    "recall_at_1000": 0.99502,
    "precision_at_1": 0.0,
    "precision_at_3": 0.15244,
    "precision_at_5": 0.12603,
    "precision_at_10": 0.08158,
    "precision_at_20": 0.04612,
    "precision_at_100": 0.00982,
    "precision_at_200": 0.00495,
    "precision_at_300": 0.0033,
    "precision_at_500": 0.00199,
    "precision_at_1000": 0.001,
    "mrr_at_1": 0.0,
    "mrr_at_3": 0.2033,
    "mrr_at_5": 0.24305,
    "mrr_at_10": 0.26857,
    "mrr_at_20": 0.27628,
    "mrr_at_100": 0.27807,
    "mrr_at_200": 0.27812,
    "mrr_at_300": 0.27813,
    "mrr_at_500": 0.27814,
    "mrr_at_1000": 0.27814
}