{
    "ndcg_at_1": 0.30769,
    "ndcg_at_3": 0.27314,
    "ndcg_at_5": 0.24185,
    "ndcg_at_10": 0.21329,
    "ndcg_at_20": 0.26982,
    "ndcg_at_100": 0.44971,
    "ndcg_at_200": 0.49187,
    "ndcg_at_300": 0.5013,
    "ndcg_at_500": 0.50759,
    "ndcg_at_1000": 0.51084,
    "map_at_1": 0.03077,
    "map_at_3": 0.0641,
    "map_at_5": 0.08333,
    "map_at_10": 0.11652,
    "map_at_20": 0.1431,
    "map_at_100": 0.19253,
    "map_at_200": 0.20142,
    "map_at_300": 0.20255,
    "map_at_500": 0.20309,
    "map_at_1000": 0.20327,
    "recall_at_1": 0.03077,
    "recall_at_3": 0.08,
    "recall_at_5": 0.11231,
    "recall_at_10": 0.19231,
    "recall_at_20": 0.29385,
    "recall_at_100": 0.76308,
    "recall_at_200": 0.89692,
    "recall_at_300": 0.93077,
    "recall_at_500": 0.95538,
    "recall_at_1000": 0.96923,
    "precision_at_1": 0.30769,
    "precision_at_3": 0.26667,
    "precision_at_5": 0.22462,
    "precision_at_10": 0.19231,
    "precision_at_20": 0.14692,
    "precision_at_100": 0.07631,
    "precision_at_200": 0.04485,
    "precision_at_300": 0.03103,
    "precision_at_500": 0.01911,
    "precision_at_1000": 0.00969,
    "mrr_at_1": 0.30769,
    "mrr_at_3": 0.39231,
    "mrr_at_5": 0.40231,
    "mrr_at_10": 0.42662,
    "mrr_at_20": 0.43602,
    "mrr_at_100": 0.43946,
    "mrr_at_200": 0.43946,
    "mrr_at_300": 0.43946,
    "mrr_at_500": 0.43946,
    "mrr_at_1000": 0.43946,
    "rc_at_1": {
        "relevant": 0.30769,
        "distractor": 0.69231
    },
    "rc_at_3": {
        "relevant": 0.83077,
        "distractor": 2.13846
    },
    "rc_at_5": {
        "relevant": 1.18462,
        "distractor": 3.75385
    },
    "rc_at_10": {
        "relevant": 1.93846,
        "distractor": 7.92308
    },
    "rc_at_20": {
        "relevant": 2.95385,
        "distractor": 16.67692
    },
    "rc_at_100": {
        "relevant": 7.64615,
        "distractor": 80.38462
    },
    "rc_at_200": {
        "relevant": 8.98462,
        "distractor": 92.43077
    },
    "rc_at_300": {
        "relevant": 9.30769,
        "distractor": 94.24615
    },
    "rc_at_500": {
        "relevant": 9.55385,
        "distractor": 95.55385
    },
    "rc_at_1000": {
        "relevant": 9.69231,
        "distractor": 96.98462
    }
}