{
    "ndcg_at_1": 0.29231,
    "ndcg_at_3": 0.25054,
    "ndcg_at_5": 0.21923,
    "ndcg_at_10": 0.18368,
    "ndcg_at_20": 0.22734,
    "ndcg_at_100": 0.29298,
    "ndcg_at_200": 0.31387,
    "ndcg_at_300": 0.32754,
    "ndcg_at_500": 0.33579,
    "ndcg_at_1000": 0.34836,
    "map_at_1": 0.02923,
    "map_at_3": 0.05897,
    "map_at_5": 0.07444,
    "map_at_10": 0.09657,
    "map_at_20": 0.11689,
    "map_at_100": 0.13584,
    "map_at_200": 0.13831,
    "map_at_300": 0.13933,
    "map_at_500": 0.13986,
    "map_at_1000": 0.14032,
    "recall_at_1": 0.02923,
    "recall_at_3": 0.07231,
    "recall_at_5": 0.1,
    "recall_at_10": 0.15846,
    "recall_at_20": 0.23692,
    "recall_at_100": 0.39846,
    "recall_at_200": 0.46615,
    "recall_at_300": 0.51538,
    "recall_at_500": 0.54769,
    "recall_at_1000": 0.60154,
    "precision_at_1": 0.29231,
    "precision_at_3": 0.24103,
    "precision_at_5": 0.2,
    "precision_at_10": 0.15846,
    "precision_at_20": 0.11846,
    "precision_at_100": 0.03985,
    "precision_at_200": 0.02331,
    "precision_at_300": 0.01718,
    "precision_at_500": 0.01095,
    "precision_at_1000": 0.00602,
    "mrr_at_1": 0.29231,
    "mrr_at_3": 0.3641,
    "mrr_at_5": 0.37487,
    "mrr_at_10": 0.39798,
    "mrr_at_20": 0.40411,
    "mrr_at_100": 0.40742,
    "mrr_at_200": 0.40776,
    "mrr_at_300": 0.40776,
    "mrr_at_500": 0.40776,
    "mrr_at_1000": 0.40776,
    "rc_at_1": {
        "relevant": 0.29231,
        "distractor": 0.55385
    },
    "rc_at_3": {
        "relevant": 0.73846,
        "distractor": 1.83077
    },
    "rc_at_5": {
        "relevant": 1.06154,
        "distractor": 3.07692
    },
    "rc_at_10": {
        "relevant": 1.6,
        "distractor": 6.32308
    },
    "rc_at_20": {
        "relevant": 2.4,
        "distractor": 11.53846
    },
    "rc_at_100": {
        "relevant": 4.0,
        "distractor": 33.86154
    },
    "rc_at_200": {
        "relevant": 4.75385,
        "distractor": 43.63077
    },
    "rc_at_300": {
        "relevant": 5.15385,
        "distractor": 48.63077
    },
    "rc_at_500": {
        "relevant": 5.53846,
        "distractor": 54.38462
    },
    "rc_at_1000": {
        "relevant": 6.01538,
        "distractor": 61.67692
    }
}