{
    "ndcg_at_1": 0.29231,
    "ndcg_at_3": 0.26687,
    "ndcg_at_5": 0.2353,
    "ndcg_at_10": 0.20823,
    "ndcg_at_20": 0.2664,
    "ndcg_at_100": 0.40643,
    "ndcg_at_200": 0.45002,
    "ndcg_at_300": 0.45901,
    "ndcg_at_500": 0.46811,
    "ndcg_at_1000": 0.47638,
    "map_at_1": 0.02923,
    "map_at_3": 0.06231,
    "map_at_5": 0.08023,
    "map_at_10": 0.11188,
    "map_at_20": 0.1402,
    "map_at_100": 0.17789,
    "map_at_200": 0.18587,
    "map_at_300": 0.18688,
    "map_at_500": 0.1877,
    "map_at_1000": 0.18809,
    "recall_at_1": 0.02923,
    "recall_at_3": 0.07846,
    "recall_at_5": 0.10923,
    "recall_at_10": 0.18769,
    "recall_at_20": 0.29231,
    "recall_at_100": 0.65231,
    "recall_at_200": 0.79231,
    "recall_at_300": 0.82462,
    "recall_at_500": 0.86,
    "recall_at_1000": 0.89538,
    "precision_at_1": 0.29231,
    "precision_at_3": 0.26154,
    "precision_at_5": 0.21846,
    "precision_at_10": 0.18769,
    "precision_at_20": 0.14615,
    "precision_at_100": 0.06523,
    "precision_at_200": 0.03962,
    "precision_at_300": 0.02749,
    "precision_at_500": 0.0172,
    "precision_at_1000": 0.00895,
    "mrr_at_1": 0.29231,
    "mrr_at_3": 0.38462,
    "mrr_at_5": 0.39462,
    "mrr_at_10": 0.41739,
    "mrr_at_20": 0.4276,
    "mrr_at_100": 0.43076,
    "mrr_at_200": 0.43089,
    "mrr_at_300": 0.43089,
    "mrr_at_500": 0.43089,
    "mrr_at_1000": 0.43089,
    "rc_at_1": {
        "relevant": 0.29231,
        "distractor": 0.69231
    },
    "rc_at_3": {
        "relevant": 0.81538,
        "distractor": 2.13846
    },
    "rc_at_5": {
        "relevant": 1.15385,
        "distractor": 3.70769
    },
    "rc_at_10": {
        "relevant": 1.89231,
        "distractor": 7.73846
    },
    "rc_at_20": {
        "relevant": 2.95385,
        "distractor": 16.07692
    },
    "rc_at_100": {
        "relevant": 6.49231,
        "distractor": 68.66154
    },
    "rc_at_200": {
        "relevant": 7.95385,
        "distractor": 81.93846
    },
    "rc_at_300": {
        "relevant": 8.26154,
        "distractor": 85.49231
    },
    "rc_at_500": {
        "relevant": 8.6,
        "distractor": 88.81538
    },
    "rc_at_1000": {
        "relevant": 8.95385,
        "distractor": 92.10769
    }
}