{
    "ndcg_at_1": 0.30769,
    "ndcg_at_3": 0.27314,
    "ndcg_at_5": 0.24185,
    "ndcg_at_10": 0.21329,
    "ndcg_at_20": 0.27063,
    "ndcg_at_100": 0.469,
    "ndcg_at_200": 0.51602,
    "ndcg_at_300": 0.52032,
    "ndcg_at_500": 0.52189,
    "ndcg_at_1000": 0.52333,
    "map_at_1": 0.03077,
    "map_at_3": 0.0641,
    "map_at_5": 0.08333,
    "map_at_10": 0.11652,
    "map_at_20": 0.14336,
    "map_at_100": 0.19833,
    "map_at_200": 0.20888,
    "map_at_300": 0.20946,
    "map_at_500": 0.20962,
    "map_at_1000": 0.2097,
    "recall_at_1": 0.03077,
    "recall_at_3": 0.08,
    "recall_at_5": 0.11231,
    "recall_at_10": 0.19231,
    "recall_at_20": 0.29538,
    "recall_at_100": 0.81692,
    "recall_at_200": 0.96462,
    "recall_at_300": 0.98,
    "recall_at_500": 0.98615,
    "recall_at_1000": 0.99231,
    "precision_at_1": 0.30769,
    "precision_at_3": 0.26667,
    "precision_at_5": 0.22462,
    "precision_at_10": 0.19231,
    "precision_at_20": 0.14769,
    "precision_at_100": 0.08169,
    "precision_at_200": 0.04823,
    "precision_at_300": 0.03267,
    "precision_at_500": 0.01972,
    "precision_at_1000": 0.00992,
    "mrr_at_1": 0.30769,
    "mrr_at_3": 0.39231,
    "mrr_at_5": 0.40231,
    "mrr_at_10": 0.42662,
    "mrr_at_20": 0.43611,
    "mrr_at_100": 0.43959,
    "mrr_at_200": 0.43959,
    "mrr_at_300": 0.43959,
    "mrr_at_500": 0.43959,
    "mrr_at_1000": 0.43959,
    "rc_at_1": {
        "relevant": 0.30769,
        "distractor": 0.69231
    },
    "rc_at_3": {
        "relevant": 0.83077,
        "distractor": 2.15385
    },
    "rc_at_5": {
        "relevant": 1.18462,
        "distractor": 3.78462
    },
    "rc_at_10": {
        "relevant": 1.93846,
        "distractor": 7.96923
    },
    "rc_at_20": {
        "relevant": 2.96923,
        "distractor": 16.84615
    },
    "rc_at_100": {
        "relevant": 8.16923,
        "distractor": 86.35385
    },
    "rc_at_200": {
        "relevant": 9.63077,
        "distractor": 96.73846
    },
    "rc_at_300": {
        "relevant": 9.8,
        "distractor": 97.95385
    },
    "rc_at_500": {
        "relevant": 9.86154,
        "distractor": 98.55385
    },
    "rc_at_1000": {
        "relevant": 9.92308,
        "distractor": 99.09231
    }
}