{
    "ndcg_at_1": 0.47377,
    "ndcg_at_3": 0.42607,
    "ndcg_at_5": 0.43641,
    "ndcg_at_10": 0.46227,
    "ndcg_at_20": 0.48897,
    "ndcg_at_100": 0.5278,
    "ndcg_at_200": 0.53861,
    "ndcg_at_300": 0.54392,
    "ndcg_at_500": 0.54874,
    "ndcg_at_1000": 0.55362,
    "map_at_1": 0.23996,
    "map_at_3": 0.33354,
    "map_at_5": 0.36164,
    "map_at_10": 0.38302,
    "map_at_20": 0.39334,
    "map_at_100": 0.40178,
    "map_at_200": 0.40275,
    "map_at_300": 0.40306,
    "map_at_500": 0.40325,
    "map_at_1000": 0.40339,
    "recall_at_1": 0.23996,
    "recall_at_3": 0.37511,
    "recall_at_5": 0.43935,
    "recall_at_10": 0.52563,
    "recall_at_20": 0.61035,
    "recall_at_100": 0.7687,
    "recall_at_200": 0.82513,
    "recall_at_300": 0.85669,
    "recall_at_500": 0.88812,
    "recall_at_1000": 0.92263,
    "precision_at_1": 0.47377,
    "precision_at_3": 0.28241,
    "precision_at_5": 0.20833,
    "precision_at_10": 0.1287,
    "precision_at_20": 0.07562,
    "precision_at_100": 0.01963,
    "precision_at_200": 0.01068,
    "precision_at_300": 0.00743,
    "precision_at_500": 0.00463,
    "precision_at_1000": 0.00242,
    "mrr_at_1": 0.47377,
    "mrr_at_3": 0.52495,
    "mrr_at_5": 0.53791,
    "mrr_at_10": 0.54666,
    "mrr_at_20": 0.55172,
    "mrr_at_100": 0.55432,
    "mrr_at_200": 0.55459,
    "mrr_at_300": 0.55467,
    "mrr_at_500": 0.55471,
    "mrr_at_1000": 0.55473
}