{
    "ndcg_at_1": 0.38462,
    "ndcg_at_3": 0.28664,
    "ndcg_at_5": 0.25881,
    "ndcg_at_10": 0.21666,
    "ndcg_at_20": 0.27575,
    "ndcg_at_100": 0.47515,
    "ndcg_at_200": 0.51572,
    "ndcg_at_300": 0.5226,
    "ndcg_at_500": 0.5261,
    "ndcg_at_1000": 0.52865,
    "map_at_1": 0.03846,
    "map_at_3": 0.06769,
    "map_at_5": 0.08915,
    "map_at_10": 0.11794,
    "map_at_20": 0.14173,
    "map_at_100": 0.1988,
    "map_at_200": 0.20784,
    "map_at_300": 0.20875,
    "map_at_500": 0.20904,
    "map_at_1000": 0.20917,
    "recall_at_1": 0.03846,
    "recall_at_3": 0.07846,
    "recall_at_5": 0.11538,
    "recall_at_10": 0.18462,
    "recall_at_20": 0.29077,
    "recall_at_100": 0.81231,
    "recall_at_200": 0.94,
    "recall_at_300": 0.96462,
    "recall_at_500": 0.97846,
    "recall_at_1000": 0.98923,
    "precision_at_1": 0.38462,
    "precision_at_3": 0.26154,
    "precision_at_5": 0.23077,
    "precision_at_10": 0.18462,
    "precision_at_20": 0.14538,
    "precision_at_100": 0.08123,
    "precision_at_200": 0.047,
    "precision_at_300": 0.03215,
    "precision_at_500": 0.01957,
    "precision_at_1000": 0.00989,
    "mrr_at_1": 0.38462,
    "mrr_at_3": 0.44615,
    "mrr_at_5": 0.46308,
    "mrr_at_10": 0.48655,
    "mrr_at_20": 0.49473,
    "mrr_at_100": 0.49789,
    "mrr_at_200": 0.49789,
    "mrr_at_300": 0.49789,
    "mrr_at_500": 0.49789,
    "mrr_at_1000": 0.49789,
    "rc_at_1": {
        "relevant": 0.38462,
        "distractor": 0.61538
    },
    "rc_at_3": {
        "relevant": 0.78462,
        "distractor": 2.2
    },
    "rc_at_5": {
        "relevant": 1.15385,
        "distractor": 3.83077
    },
    "rc_at_10": {
        "relevant": 1.84615,
        "distractor": 8.10769
    },
    "rc_at_20": {
        "relevant": 2.90769,
        "distractor": 16.83077
    },
    "rc_at_100": {
        "relevant": 8.12308,
        "distractor": 80.86154
    },
    "rc_at_200": {
        "relevant": 9.4,
        "distractor": 93.55385
    },
    "rc_at_300": {
        "relevant": 9.64615,
        "distractor": 95.83077
    },
    "rc_at_500": {
        "relevant": 9.78462,
        "distractor": 97.12308
    },
    "rc_at_1000": {
        "relevant": 9.89231,
        "distractor": 98.30769
    }
}