{
    "ndcg_at_1": 0.14055,
    "ndcg_at_3": 0.1774,
    "ndcg_at_5": 0.19348,
    "ndcg_at_10": 0.21583,
    "ndcg_at_20": 0.23402,
    "ndcg_at_100": 0.2711,
    "ndcg_at_200": 0.28433,
    "ndcg_at_300": 0.28924,
    "ndcg_at_500": 0.29806,
    "ndcg_at_1000": 0.30814,
    "map_at_1": 0.11148,
    "map_at_3": 0.15334,
    "map_at_5": 0.16364,
    "map_at_10": 0.17312,
    "map_at_20": 0.17819,
    "map_at_100": 0.1836,
    "map_at_200": 0.18443,
    "map_at_300": 0.18463,
    "map_at_500": 0.18487,
    "map_at_1000": 0.18505,
    "recall_at_1": 0.11148,
    "recall_at_3": 0.20349,
    "recall_at_5": 0.24634,
    "recall_at_10": 0.31509,
    "recall_at_20": 0.38108,
    "recall_at_100": 0.56346,
    "recall_at_200": 0.64578,
    "recall_at_300": 0.67967,
    "recall_at_500": 0.74743,
    "recall_at_1000": 0.83193,
    "precision_at_1": 0.14055,
    "precision_at_3": 0.08706,
    "precision_at_5": 0.06393,
    "precision_at_10": 0.04067,
    "precision_at_20": 0.02556,
    "precision_at_100": 0.00807,
    "precision_at_200": 0.00475,
    "precision_at_300": 0.00337,
    "precision_at_500": 0.00225,
    "precision_at_1000": 0.00127,
    "mrr_at_1": 0.14055,
    "mrr_at_3": 0.1874,
    "mrr_at_5": 0.19778,
    "mrr_at_10": 0.20829,
    "mrr_at_20": 0.21352,
    "mrr_at_100": 0.21817,
    "mrr_at_200": 0.21876,
    "mrr_at_300": 0.21889,
    "mrr_at_500": 0.21904,
    "mrr_at_1000": 0.21913
}