{
    "ndcg_at_1": 0.28571,
    "ndcg_at_3": 0.23234,
    "ndcg_at_5": 0.22242,
    "ndcg_at_10": 0.20862,
    "ndcg_at_20": 0.21794,
    "ndcg_at_100": 0.31246,
    "ndcg_at_200": 0.3501,
    "ndcg_at_300": 0.37566,
    "ndcg_at_500": 0.40235,
    "ndcg_at_1000": 0.43858,
    "map_at_1": 0.02133,
    "map_at_3": 0.04266,
    "map_at_5": 0.05765,
    "map_at_10": 0.08095,
    "map_at_20": 0.10149,
    "map_at_100": 0.12908,
    "map_at_200": 0.13534,
    "map_at_300": 0.13849,
    "map_at_500": 0.14099,
    "map_at_1000": 0.1438,
    "recall_at_1": 0.02133,
    "recall_at_3": 0.05484,
    "recall_at_5": 0.08538,
    "recall_at_10": 0.13984,
    "recall_at_20": 0.20525,
    "recall_at_100": 0.41233,
    "recall_at_200": 0.51257,
    "recall_at_300": 0.585,
    "recall_at_500": 0.66425,
    "recall_at_1000": 0.79105,
    "precision_at_1": 0.30612,
    "precision_at_3": 0.2381,
    "precision_at_5": 0.22449,
    "precision_at_10": 0.18571,
    "precision_at_20": 0.14184,
    "precision_at_100": 0.06429,
    "precision_at_200": 0.04204,
    "precision_at_300": 0.0332,
    "precision_at_500": 0.02339,
    "precision_at_1000": 0.01461,
    "mrr_at_1": 0.30612,
    "mrr_at_3": 0.39796,
    "mrr_at_5": 0.42347,
    "mrr_at_10": 0.43373,
    "mrr_at_20": 0.44149,
    "mrr_at_100": 0.44613,
    "mrr_at_200": 0.44613,
    "mrr_at_300": 0.44622,
    "mrr_at_500": 0.44622,
    "mrr_at_1000": 0.44622
}