{
    "ndcg_at_1": 0.30769,
    "ndcg_at_3": 0.23438,
    "ndcg_at_5": 0.22035,
    "ndcg_at_10": 0.19819,
    "ndcg_at_20": 0.24508,
    "ndcg_at_100": 0.3902,
    "ndcg_at_200": 0.43149,
    "ndcg_at_300": 0.44343,
    "ndcg_at_500": 0.45247,
    "ndcg_at_1000": 0.46187,
    "map_at_1": 0.03077,
    "map_at_3": 0.05359,
    "map_at_5": 0.06944,
    "map_at_10": 0.09851,
    "map_at_20": 0.12005,
    "map_at_100": 0.16018,
    "map_at_200": 0.16787,
    "map_at_300": 0.16914,
    "map_at_500": 0.16983,
    "map_at_1000": 0.17034,
    "recall_at_1": 0.03077,
    "recall_at_3": 0.06308,
    "recall_at_5": 0.1,
    "recall_at_10": 0.17692,
    "recall_at_20": 0.26154,
    "recall_at_100": 0.62462,
    "recall_at_200": 0.75692,
    "recall_at_300": 0.8,
    "recall_at_500": 0.83538,
    "recall_at_1000": 0.87538,
    "precision_at_1": 0.30769,
    "precision_at_3": 0.21026,
    "precision_at_5": 0.2,
    "precision_at_10": 0.17692,
    "precision_at_20": 0.13077,
    "precision_at_100": 0.06246,
    "precision_at_200": 0.03785,
    "precision_at_300": 0.02667,
    "precision_at_500": 0.01671,
    "precision_at_1000": 0.00875,
    "mrr_at_1": 0.30769,
    "mrr_at_3": 0.38205,
    "mrr_at_5": 0.41513,
    "mrr_at_10": 0.43457,
    "mrr_at_20": 0.44372,
    "mrr_at_100": 0.44818,
    "mrr_at_200": 0.4483,
    "mrr_at_300": 0.4483,
    "mrr_at_500": 0.4483,
    "mrr_at_1000": 0.4483,
    "rc_at_1": {
        "relevant": 0.30769,
        "distractor": 0.69231
    },
    "rc_at_3": {
        "relevant": 0.63077,
        "distractor": 2.30769
    },
    "rc_at_5": {
        "relevant": 0.98462,
        "distractor": 3.87692
    },
    "rc_at_10": {
        "relevant": 1.76923,
        "distractor": 7.78462
    },
    "rc_at_20": {
        "relevant": 2.61538,
        "distractor": 15.89231
    },
    "rc_at_100": {
        "relevant": 6.24615,
        "distractor": 62.55385
    },
    "rc_at_200": {
        "relevant": 7.56923,
        "distractor": 76.12308
    },
    "rc_at_300": {
        "relevant": 8.0,
        "distractor": 80.15385
    },
    "rc_at_500": {
        "relevant": 8.35385,
        "distractor": 84.15385
    },
    "rc_at_1000": {
        "relevant": 8.75385,
        "distractor": 88.47692
    }
}