{
    "ndcg_at_1": 0.30769,
    "ndcg_at_3": 0.23799,
    "ndcg_at_5": 0.22319,
    "ndcg_at_10": 0.20291,
    "ndcg_at_20": 0.25058,
    "ndcg_at_100": 0.45104,
    "ndcg_at_200": 0.49983,
    "ndcg_at_300": 0.50706,
    "ndcg_at_500": 0.50861,
    "ndcg_at_1000": 0.51332,
    "map_at_1": 0.03077,
    "map_at_3": 0.0541,
    "map_at_5": 0.0701,
    "map_at_10": 0.10014,
    "map_at_20": 0.12308,
    "map_at_100": 0.18084,
    "map_at_200": 0.19159,
    "map_at_300": 0.19243,
    "map_at_500": 0.19255,
    "map_at_1000": 0.19283,
    "recall_at_1": 0.03077,
    "recall_at_3": 0.06462,
    "recall_at_5": 0.10154,
    "recall_at_10": 0.18308,
    "recall_at_20": 0.26923,
    "recall_at_100": 0.78,
    "recall_at_200": 0.93385,
    "recall_at_300": 0.96,
    "recall_at_500": 0.96615,
    "recall_at_1000": 0.98615,
    "precision_at_1": 0.30769,
    "precision_at_3": 0.21538,
    "precision_at_5": 0.20308,
    "precision_at_10": 0.18308,
    "precision_at_20": 0.13462,
    "precision_at_100": 0.078,
    "precision_at_200": 0.04669,
    "precision_at_300": 0.032,
    "precision_at_500": 0.01932,
    "precision_at_1000": 0.00986,
    "mrr_at_1": 0.30769,
    "mrr_at_3": 0.38718,
    "mrr_at_5": 0.42026,
    "mrr_at_10": 0.44038,
    "mrr_at_20": 0.44768,
    "mrr_at_100": 0.45196,
    "mrr_at_200": 0.45196,
    "mrr_at_300": 0.45196,
    "mrr_at_500": 0.45196,
    "mrr_at_1000": 0.45196,
    "rc_at_1": {
        "relevant": 0.30769,
        "distractor": 0.69231
    },
    "rc_at_3": {
        "relevant": 0.64615,
        "distractor": 2.33846
    },
    "rc_at_5": {
        "relevant": 1.0,
        "distractor": 3.95385
    },
    "rc_at_10": {
        "relevant": 1.83077,
        "distractor": 8.07692
    },
    "rc_at_20": {
        "relevant": 2.69231,
        "distractor": 17.04615
    },
    "rc_at_100": {
        "relevant": 7.8,
        "distractor": 81.04615
    },
    "rc_at_200": {
        "relevant": 9.33846,
        "distractor": 93.30769
    },
    "rc_at_300": {
        "relevant": 9.6,
        "distractor": 95.56923
    },
    "rc_at_500": {
        "relevant": 9.66154,
        "distractor": 96.78462
    },
    "rc_at_1000": {
        "relevant": 9.86154,
        "distractor": 98.07692
    }
}