{
    "ndcg_at_1": 0.26227,
    "ndcg_at_3": 0.30272,
    "ndcg_at_5": 0.32169,
    "ndcg_at_10": 0.34541,
    "ndcg_at_20": 0.36378,
    "ndcg_at_100": 0.39494,
    "ndcg_at_200": 0.40419,
    "ndcg_at_300": 0.40917,
    "ndcg_at_500": 0.41392,
    "ndcg_at_1000": 0.42009,
    "map_at_1": 0.2269,
    "map_at_3": 0.27726,
    "map_at_5": 0.28941,
    "map_at_10": 0.30032,
    "map_at_20": 0.30582,
    "map_at_100": 0.31056,
    "map_at_200": 0.3111,
    "map_at_300": 0.3113,
    "map_at_500": 0.31144,
    "map_at_1000": 0.31155,
    "recall_at_1": 0.2269,
    "recall_at_3": 0.33297,
    "recall_at_5": 0.38245,
    "recall_at_10": 0.45312,
    "recall_at_20": 0.52366,
    "recall_at_100": 0.68111,
    "recall_at_200": 0.74152,
    "recall_at_300": 0.77714,
    "recall_at_500": 0.81411,
    "recall_at_1000": 0.86636,
    "precision_at_1": 0.26227,
    "precision_at_3": 0.13395,
    "precision_at_5": 0.09325,
    "precision_at_10": 0.0566,
    "precision_at_20": 0.03282,
    "precision_at_100": 0.00877,
    "precision_at_200": 0.00485,
    "precision_at_300": 0.00343,
    "precision_at_500": 0.00217,
    "precision_at_1000": 0.00118,
    "mrr_at_1": 0.26227,
    "mrr_at_3": 0.3093,
    "mrr_at_5": 0.32058,
    "mrr_at_10": 0.33081,
    "mrr_at_20": 0.33556,
    "mrr_at_100": 0.33948,
    "mrr_at_200": 0.33992,
    "mrr_at_300": 0.34005,
    "mrr_at_500": 0.34013,
    "mrr_at_1000": 0.3402
}