{
    "ndcg_at_1": 0.47377,
    "ndcg_at_3": 0.43907,
    "ndcg_at_5": 0.45061,
    "ndcg_at_10": 0.4796,
    "ndcg_at_20": 0.50496,
    "ndcg_at_100": 0.54467,
    "ndcg_at_200": 0.55445,
    "ndcg_at_300": 0.56037,
    "ndcg_at_500": 0.56444,
    "ndcg_at_1000": 0.56805,
    "map_at_1": 0.23756,
    "map_at_3": 0.34238,
    "map_at_5": 0.37205,
    "map_at_10": 0.39542,
    "map_at_20": 0.40622,
    "map_at_100": 0.41505,
    "map_at_200": 0.41592,
    "map_at_300": 0.41628,
    "map_at_500": 0.41646,
    "map_at_1000": 0.41657,
    "recall_at_1": 0.23756,
    "recall_at_3": 0.3906,
    "recall_at_5": 0.4623,
    "recall_at_10": 0.55581,
    "recall_at_20": 0.63402,
    "recall_at_100": 0.79378,
    "recall_at_200": 0.84623,
    "recall_at_300": 0.88131,
    "recall_at_500": 0.90751,
    "recall_at_1000": 0.93199,
    "precision_at_1": 0.47377,
    "precision_at_3": 0.29681,
    "precision_at_5": 0.21574,
    "precision_at_10": 0.13457,
    "precision_at_20": 0.07832,
    "precision_at_100": 0.02042,
    "precision_at_200": 0.01096,
    "precision_at_300": 0.00765,
    "precision_at_500": 0.00475,
    "precision_at_1000": 0.00246,
    "mrr_at_1": 0.47377,
    "mrr_at_3": 0.53601,
    "mrr_at_5": 0.54913,
    "mrr_at_10": 0.55929,
    "mrr_at_20": 0.56335,
    "mrr_at_100": 0.56601,
    "mrr_at_200": 0.56618,
    "mrr_at_300": 0.56624,
    "mrr_at_500": 0.56626,
    "mrr_at_1000": 0.56628
}