{
    "ndcg_at_1": 0.38462,
    "ndcg_at_3": 0.3193,
    "ndcg_at_5": 0.2997,
    "ndcg_at_10": 0.25371,
    "ndcg_at_20": 0.29937,
    "ndcg_at_100": 0.41124,
    "ndcg_at_200": 0.44695,
    "ndcg_at_300": 0.4598,
    "ndcg_at_500": 0.47236,
    "ndcg_at_1000": 0.48243,
    "map_at_1": 0.03846,
    "map_at_3": 0.07718,
    "map_at_5": 0.10379,
    "map_at_10": 0.1402,
    "map_at_20": 0.16272,
    "map_at_100": 0.19353,
    "map_at_200": 0.1997,
    "map_at_300": 0.20119,
    "map_at_500": 0.20224,
    "map_at_1000": 0.20268,
    "recall_at_1": 0.03846,
    "recall_at_3": 0.09077,
    "recall_at_5": 0.14,
    "recall_at_10": 0.22462,
    "recall_at_20": 0.30615,
    "recall_at_100": 0.59385,
    "recall_at_200": 0.70769,
    "recall_at_300": 0.75385,
    "recall_at_500": 0.80308,
    "recall_at_1000": 0.84615,
    "precision_at_1": 0.38462,
    "precision_at_3": 0.30256,
    "precision_at_5": 0.28,
    "precision_at_10": 0.22462,
    "precision_at_20": 0.15308,
    "precision_at_100": 0.05938,
    "precision_at_200": 0.03538,
    "precision_at_300": 0.02513,
    "precision_at_500": 0.01606,
    "precision_at_1000": 0.00846,
    "mrr_at_1": 0.38462,
    "mrr_at_3": 0.45897,
    "mrr_at_5": 0.48359,
    "mrr_at_10": 0.5045,
    "mrr_at_20": 0.51056,
    "mrr_at_100": 0.51286,
    "mrr_at_200": 0.51298,
    "mrr_at_300": 0.51298,
    "mrr_at_500": 0.51298,
    "mrr_at_1000": 0.51298,
    "rc_at_1": {
        "relevant": 0.38462,
        "distractor": 0.58462
    },
    "rc_at_3": {
        "relevant": 0.90769,
        "distractor": 2.03077
    },
    "rc_at_5": {
        "relevant": 1.4,
        "distractor": 3.46154
    },
    "rc_at_10": {
        "relevant": 2.24615,
        "distractor": 7.27692
    },
    "rc_at_20": {
        "relevant": 3.06154,
        "distractor": 15.18462
    },
    "rc_at_100": {
        "relevant": 5.93846,
        "distractor": 58.04615
    },
    "rc_at_200": {
        "relevant": 7.07692,
        "distractor": 70.96923
    },
    "rc_at_300": {
        "relevant": 7.53846,
        "distractor": 75.29231
    },
    "rc_at_500": {
        "relevant": 8.03077,
        "distractor": 81.24615
    },
    "rc_at_1000": {
        "relevant": 8.46154,
        "distractor": 86.29231
    }
}