{
    "ndcg_at_1": 0.36068,
    "ndcg_at_3": 0.31947,
    "ndcg_at_5": 0.30086,
    "ndcg_at_10": 0.27973,
    "ndcg_at_20": 0.25983,
    "ndcg_at_100": 0.25502,
    "ndcg_at_200": 0.27228,
    "ndcg_at_300": 0.28592,
    "ndcg_at_500": 0.30726,
    "ndcg_at_1000": 0.34585,
    "map_at_1": 0.04381,
    "map_at_3": 0.06812,
    "map_at_5": 0.07833,
    "map_at_10": 0.09495,
    "map_at_20": 0.1063,
    "map_at_100": 0.11925,
    "map_at_200": 0.12309,
    "map_at_300": 0.12514,
    "map_at_500": 0.12747,
    "map_at_1000": 0.13088,
    "recall_at_1": 0.04381,
    "recall_at_3": 0.07564,
    "recall_at_5": 0.09493,
    "recall_at_10": 0.13245,
    "recall_at_20": 0.16804,
    "recall_at_100": 0.27145,
    "recall_at_200": 0.3373,
    "recall_at_300": 0.38143,
    "recall_at_500": 0.4591,
    "recall_at_1000": 0.58998,
    "precision_at_1": 0.37152,
    "precision_at_3": 0.29825,
    "precision_at_5": 0.26068,
    "precision_at_10": 0.21053,
    "precision_at_20": 0.15573,
    "precision_at_100": 0.06328,
    "precision_at_200": 0.04299,
    "precision_at_300": 0.03471,
    "precision_at_500": 0.02623,
    "precision_at_1000": 0.01891,
    "mrr_at_1": 0.37152,
    "mrr_at_3": 0.42879,
    "mrr_at_5": 0.44412,
    "mrr_at_10": 0.4555,
    "mrr_at_20": 0.45914,
    "mrr_at_100": 0.46219,
    "mrr_at_200": 0.46256,
    "mrr_at_300": 0.46264,
    "mrr_at_500": 0.4627,
    "mrr_at_1000": 0.46274
}