{
    "ndcg_at_1": 0.43762,
    "ndcg_at_3": 0.50988,
    "ndcg_at_5": 0.53812,
    "ndcg_at_10": 0.56674,
    "ndcg_at_20": 0.58495,
    "ndcg_at_100": 0.60932,
    "ndcg_at_200": 0.6144,
    "ndcg_at_300": 0.61611,
    "ndcg_at_500": 0.61787,
    "ndcg_at_1000": 0.61959,
    "map_at_1": 0.38374,
    "map_at_3": 0.47296,
    "map_at_5": 0.49228,
    "map_at_10": 0.50651,
    "map_at_20": 0.51273,
    "map_at_100": 0.51719,
    "map_at_200": 0.51752,
    "map_at_300": 0.5176,
    "map_at_500": 0.51765,
    "map_at_1000": 0.51769,
    "recall_at_1": 0.38374,
    "recall_at_3": 0.55871,
    "recall_at_5": 0.62775,
    "recall_at_10": 0.7113,
    "recall_at_20": 0.77802,
    "recall_at_100": 0.89458,
    "recall_at_200": 0.92771,
    "recall_at_300": 0.94003,
    "recall_at_500": 0.95385,
    "recall_at_1000": 0.96814,
    "precision_at_1": 0.43762,
    "precision_at_3": 0.22759,
    "precision_at_5": 0.15699,
    "precision_at_10": 0.0916,
    "precision_at_20": 0.0515,
    "precision_at_100": 0.01234,
    "precision_at_200": 0.00644,
    "precision_at_300": 0.00436,
    "precision_at_500": 0.00266,
    "precision_at_1000": 0.00136,
    "mrr_at_1": 0.43762,
    "mrr_at_3": 0.51442,
    "mrr_at_5": 0.53028,
    "mrr_at_10": 0.54083,
    "mrr_at_20": 0.54528,
    "mrr_at_100": 0.54773,
    "mrr_at_200": 0.54792,
    "mrr_at_300": 0.54796,
    "mrr_at_500": 0.54799,
    "mrr_at_1000": 0.54801
}