{
    "ndcg_at_1": 0.04452,
    "ndcg_at_3": 0.05207,
    "ndcg_at_5": 0.06128,
    "ndcg_at_10": 0.07133,
    "ndcg_at_20": 0.08237,
    "ndcg_at_100": 0.10641,
    "ndcg_at_200": 0.11672,
    "ndcg_at_300": 0.12365,
    "ndcg_at_500": 0.13193,
    "ndcg_at_1000": 0.14209,
    "map_at_1": 0.03322,
    "map_at_3": 0.04391,
    "map_at_5": 0.04948,
    "map_at_10": 0.05358,
    "map_at_20": 0.05648,
    "map_at_100": 0.0597,
    "map_at_200": 0.06023,
    "map_at_300": 0.06047,
    "map_at_500": 0.06067,
    "map_at_1000": 0.06083,
    "recall_at_1": 0.03322,
    "recall_at_3": 0.05915,
    "recall_at_5": 0.08222,
    "recall_at_10": 0.11251,
    "recall_at_20": 0.15266,
    "recall_at_100": 0.27356,
    "recall_at_200": 0.34211,
    "recall_at_300": 0.39199,
    "recall_at_500": 0.45692,
    "recall_at_1000": 0.54366,
    "precision_at_1": 0.04452,
    "precision_at_3": 0.02626,
    "precision_at_5": 0.02215,
    "precision_at_10": 0.01518,
    "precision_at_20": 0.01079,
    "precision_at_100": 0.00404,
    "precision_at_200": 0.00255,
    "precision_at_300": 0.00198,
    "precision_at_500": 0.00141,
    "precision_at_1000": 0.00085,
    "mrr_at_1": 0.04452,
    "mrr_at_3": 0.0567,
    "mrr_at_5": 0.06286,
    "mrr_at_10": 0.0682,
    "mrr_at_20": 0.07167,
    "mrr_at_100": 0.07518,
    "mrr_at_200": 0.07573,
    "mrr_at_300": 0.07596,
    "mrr_at_500": 0.07613,
    "mrr_at_1000": 0.07625
}