{
    "ndcg_at_1": 0.01789,
    "ndcg_at_3": 0.02129,
    "ndcg_at_5": 0.02491,
    "ndcg_at_10": 0.03019,
    "ndcg_at_20": 0.03521,
    "ndcg_at_100": 0.05018,
    "ndcg_at_200": 0.05823,
    "ndcg_at_300": 0.06266,
    "ndcg_at_500": 0.0688,
    "ndcg_at_1000": 0.07825,
    "map_at_1": 0.0126,
    "map_at_3": 0.01758,
    "map_at_5": 0.01979,
    "map_at_10": 0.02194,
    "map_at_20": 0.02325,
    "map_at_100": 0.02515,
    "map_at_200": 0.02557,
    "map_at_300": 0.02571,
    "map_at_500": 0.02586,
    "map_at_1000": 0.026,
    "recall_at_1": 0.0126,
    "recall_at_3": 0.02395,
    "recall_at_5": 0.03351,
    "recall_at_10": 0.04953,
    "recall_at_20": 0.06807,
    "recall_at_100": 0.14543,
    "recall_at_200": 0.19929,
    "recall_at_300": 0.23161,
    "recall_at_500": 0.27927,
    "recall_at_1000": 0.36014,
    "precision_at_1": 0.01789,
    "precision_at_3": 0.01124,
    "precision_at_5": 0.00902,
    "precision_at_10": 0.00671,
    "precision_at_20": 0.00477,
    "precision_at_100": 0.0021,
    "precision_at_200": 0.00143,
    "precision_at_300": 0.00112,
    "precision_at_500": 0.00084,
    "precision_at_1000": 0.00055,
    "mrr_at_1": 0.01789,
    "mrr_at_3": 0.02409,
    "mrr_at_5": 0.02651,
    "mrr_at_10": 0.02909,
    "mrr_at_20": 0.03085,
    "mrr_at_100": 0.03304,
    "mrr_at_200": 0.03347,
    "mrr_at_300": 0.03363,
    "mrr_at_500": 0.03377,
    "mrr_at_1000": 0.0339
}