{
    "ndcg_at_1": 0.04909,
    "ndcg_at_3": 0.0684,
    "ndcg_at_5": 0.0771,
    "ndcg_at_10": 0.08989,
    "ndcg_at_20": 0.10538,
    "ndcg_at_100": 0.13906,
    "ndcg_at_200": 0.15307,
    "ndcg_at_300": 0.16179,
    "ndcg_at_500": 0.17066,
    "ndcg_at_1000": 0.18265,
    "map_at_1": 0.03831,
    "map_at_3": 0.05712,
    "map_at_5": 0.06236,
    "map_at_10": 0.06784,
    "map_at_20": 0.07207,
    "map_at_100": 0.07637,
    "map_at_200": 0.07717,
    "map_at_300": 0.0775,
    "map_at_500": 0.07774,
    "map_at_1000": 0.07794,
    "recall_at_1": 0.03831,
    "recall_at_3": 0.08302,
    "recall_at_5": 0.10506,
    "recall_at_10": 0.14214,
    "recall_at_20": 0.19683,
    "recall_at_100": 0.36706,
    "recall_at_200": 0.45567,
    "recall_at_300": 0.51714,
    "recall_at_500": 0.58339,
    "recall_at_1000": 0.68374,
    "precision_at_1": 0.04909,
    "precision_at_3": 0.03529,
    "precision_at_5": 0.02714,
    "precision_at_10": 0.01915,
    "precision_at_20": 0.01396,
    "precision_at_100": 0.00558,
    "precision_at_200": 0.00356,
    "precision_at_300": 0.00273,
    "precision_at_500": 0.0019,
    "precision_at_1000": 0.00114,
    "mrr_at_1": 0.05005,
    "mrr_at_3": 0.06962,
    "mrr_at_5": 0.0765,
    "mrr_at_10": 0.08424,
    "mrr_at_20": 0.08936,
    "mrr_at_100": 0.09392,
    "mrr_at_200": 0.0945,
    "mrr_at_300": 0.09474,
    "mrr_at_500": 0.09491,
    "mrr_at_1000": 0.09505
}