{
    "ndcg_at_1": 0.48875,
    "ndcg_at_3": 0.3965,
    "ndcg_at_5": 0.36735,
    "ndcg_at_10": 0.35162,
    "ndcg_at_20": 0.3426,
    "ndcg_at_100": 0.38451,
    "ndcg_at_200": 0.41059,
    "ndcg_at_300": 0.42305,
    "ndcg_at_500": 0.43744,
    "ndcg_at_1000": 0.45699,
    "map_at_1": 0.0769,
    "map_at_3": 0.11404,
    "map_at_5": 0.13011,
    "map_at_10": 0.15595,
    "map_at_20": 0.17853,
    "map_at_100": 0.2128,
    "map_at_200": 0.21929,
    "map_at_300": 0.22154,
    "map_at_500": 0.22362,
    "map_at_1000": 0.2257,
    "recall_at_1": 0.0769,
    "recall_at_3": 0.12462,
    "recall_at_5": 0.15426,
    "recall_at_10": 0.21107,
    "recall_at_20": 0.27091,
    "recall_at_100": 0.43898,
    "recall_at_200": 0.51798,
    "recall_at_300": 0.55686,
    "recall_at_500": 0.60824,
    "recall_at_1000": 0.67838,
    "precision_at_1": 0.585,
    "precision_at_3": 0.4175,
    "precision_at_5": 0.348,
    "precision_at_10": 0.27675,
    "precision_at_20": 0.2055,
    "precision_at_100": 0.08565,
    "precision_at_200": 0.05476,
    "precision_at_300": 0.0412,
    "precision_at_500": 0.0287,
    "precision_at_1000": 0.01761,
    "mrr_at_1": 0.585,
    "mrr_at_3": 0.64792,
    "mrr_at_5": 0.65954,
    "mrr_at_10": 0.66888,
    "mrr_at_20": 0.67188,
    "mrr_at_100": 0.67324,
    "mrr_at_200": 0.67334,
    "mrr_at_300": 0.67334,
    "mrr_at_500": 0.67336,
    "mrr_at_1000": 0.67337
}