{
    "ndcg_at_1": 0.21818,
    "ndcg_at_3": 0.18608,
    "ndcg_at_5": 0.16924,
    "ndcg_at_10": 0.14796,
    "ndcg_at_20": 0.18883,
    "ndcg_at_100": 0.25523,
    "ndcg_at_200": 0.27622,
    "ndcg_at_300": 0.28525,
    "ndcg_at_500": 0.29739,
    "ndcg_at_1000": 0.31256,
    "map_at_1": 0.02182,
    "map_at_3": 0.0397,
    "map_at_5": 0.05206,
    "map_at_10": 0.06919,
    "map_at_20": 0.08827,
    "map_at_100": 0.10513,
    "map_at_200": 0.10765,
    "map_at_300": 0.10839,
    "map_at_500": 0.10918,
    "map_at_1000": 0.10972,
    "recall_at_1": 0.02182,
    "recall_at_3": 0.05273,
    "recall_at_5": 0.07818,
    "recall_at_10": 0.13273,
    "recall_at_20": 0.20545,
    "recall_at_100": 0.36909,
    "recall_at_200": 0.43636,
    "recall_at_300": 0.46909,
    "recall_at_500": 0.51636,
    "recall_at_1000": 0.58182,
    "precision_at_1": 0.21818,
    "precision_at_3": 0.17576,
    "precision_at_5": 0.15636,
    "precision_at_10": 0.13273,
    "precision_at_20": 0.10273,
    "precision_at_100": 0.03691,
    "precision_at_200": 0.02182,
    "precision_at_300": 0.01564,
    "precision_at_500": 0.01033,
    "precision_at_1000": 0.00582,
    "mrr_at_1": 0.21818,
    "mrr_at_3": 0.30606,
    "mrr_at_5": 0.3297,
    "mrr_at_10": 0.35476,
    "mrr_at_20": 0.35869,
    "mrr_at_100": 0.36219,
    "mrr_at_200": 0.36233,
    "mrr_at_300": 0.36233,
    "mrr_at_500": 0.36233,
    "mrr_at_1000": 0.36237,
    "rc_at_1": {
        "relevant": 0.21818,
        "distractor": 0.61818
    },
    "rc_at_3": {
        "relevant": 0.52727,
        "distractor": 1.56364
    },
    "rc_at_5": {
        "relevant": 0.81818,
        "distractor": 2.70909
    },
    "rc_at_10": {
        "relevant": 1.45455,
        "distractor": 4.92727
    },
    "rc_at_20": {
        "relevant": 2.2,
        "distractor": 8.52727
    },
    "rc_at_100": {
        "relevant": 3.89091,
        "distractor": 22.90909
    },
    "rc_at_200": {
        "relevant": 4.45455,
        "distractor": 29.65455
    },
    "rc_at_300": {
        "relevant": 4.74545,
        "distractor": 33.45455
    },
    "rc_at_500": {
        "relevant": 5.29091,
        "distractor": 38.32727
    },
    "rc_at_1000": {
        "relevant": 5.81818,
        "distractor": 45.21818
    }
}