{
    "ndcg_at_1": 0.18182,
    "ndcg_at_3": 0.14434,
    "ndcg_at_5": 0.13218,
    "ndcg_at_10": 0.10351,
    "ndcg_at_20": 0.12954,
    "ndcg_at_100": 0.17046,
    "ndcg_at_200": 0.18601,
    "ndcg_at_300": 0.19356,
    "ndcg_at_500": 0.20328,
    "ndcg_at_1000": 0.216,
    "map_at_1": 0.01818,
    "map_at_3": 0.03212,
    "map_at_5": 0.04076,
    "map_at_10": 0.04825,
    "map_at_20": 0.06164,
    "map_at_100": 0.07009,
    "map_at_200": 0.07144,
    "map_at_300": 0.07193,
    "map_at_500": 0.07232,
    "map_at_1000": 0.07272,
    "recall_at_1": 0.01818,
    "recall_at_3": 0.04,
    "recall_at_5": 0.06,
    "recall_at_10": 0.08545,
    "recall_at_20": 0.13091,
    "recall_at_100": 0.23091,
    "recall_at_200": 0.28182,
    "recall_at_300": 0.30909,
    "recall_at_500": 0.34727,
    "recall_at_1000": 0.40182,
    "precision_at_1": 0.18182,
    "precision_at_3": 0.13333,
    "precision_at_5": 0.12,
    "precision_at_10": 0.08545,
    "precision_at_20": 0.06545,
    "precision_at_100": 0.02309,
    "precision_at_200": 0.01409,
    "precision_at_300": 0.0103,
    "precision_at_500": 0.00695,
    "precision_at_1000": 0.00402,
    "mrr_at_1": 0.18182,
    "mrr_at_3": 0.23333,
    "mrr_at_5": 0.26424,
    "mrr_at_10": 0.27288,
    "mrr_at_20": 0.27798,
    "mrr_at_100": 0.2826,
    "mrr_at_200": 0.2826,
    "mrr_at_300": 0.28274,
    "mrr_at_500": 0.28284,
    "mrr_at_1000": 0.28292,
    "rc_at_1": {
        "relevant": 0.18182,
        "distractor": 0.30909
    },
    "rc_at_3": {
        "relevant": 0.41818,
        "distractor": 0.98182
    },
    "rc_at_5": {
        "relevant": 0.61818,
        "distractor": 1.56364
    },
    "rc_at_10": {
        "relevant": 0.96364,
        "distractor": 2.69091
    },
    "rc_at_20": {
        "relevant": 1.41818,
        "distractor": 4.25455
    },
    "rc_at_100": {
        "relevant": 2.47273,
        "distractor": 10.67273
    },
    "rc_at_200": {
        "relevant": 2.89091,
        "distractor": 14.85455
    },
    "rc_at_300": {
        "relevant": 3.12727,
        "distractor": 17.36364
    },
    "rc_at_500": {
        "relevant": 3.56364,
        "distractor": 20.74545
    },
    "rc_at_1000": {
        "relevant": 4.01818,
        "distractor": 24.8
    }
}