{
    "ndcg_at_1": 0.29091,
    "ndcg_at_3": 0.22671,
    "ndcg_at_5": 0.21004,
    "ndcg_at_10": 0.18957,
    "ndcg_at_20": 0.24396,
    "ndcg_at_100": 0.34797,
    "ndcg_at_200": 0.38027,
    "ndcg_at_300": 0.3989,
    "ndcg_at_500": 0.41378,
    "ndcg_at_1000": 0.42995,
    "map_at_1": 0.02909,
    "map_at_3": 0.0497,
    "map_at_5": 0.06515,
    "map_at_10": 0.09155,
    "map_at_20": 0.11653,
    "map_at_100": 0.14718,
    "map_at_200": 0.15197,
    "map_at_300": 0.15367,
    "map_at_500": 0.15471,
    "map_at_1000": 0.15549,
    "recall_at_1": 0.02909,
    "recall_at_3": 0.06182,
    "recall_at_5": 0.09455,
    "recall_at_10": 0.17091,
    "recall_at_20": 0.26909,
    "recall_at_100": 0.52545,
    "recall_at_200": 0.63091,
    "recall_at_300": 0.69818,
    "recall_at_500": 0.75636,
    "recall_at_1000": 0.82545,
    "precision_at_1": 0.29091,
    "precision_at_3": 0.20606,
    "precision_at_5": 0.18909,
    "precision_at_10": 0.17091,
    "precision_at_20": 0.13455,
    "precision_at_100": 0.05255,
    "precision_at_200": 0.03155,
    "precision_at_300": 0.02327,
    "precision_at_500": 0.01513,
    "precision_at_1000": 0.00825,
    "mrr_at_1": 0.27273,
    "mrr_at_3": 0.3697,
    "mrr_at_5": 0.40152,
    "mrr_at_10": 0.416,
    "mrr_at_20": 0.42117,
    "mrr_at_100": 0.42475,
    "mrr_at_200": 0.42513,
    "mrr_at_300": 0.4252,
    "mrr_at_500": 0.4252,
    "mrr_at_1000": 0.4252,
    "rc_at_1": {
        "relevant": 0.27273,
        "distractor": 0.63636
    },
    "rc_at_3": {
        "relevant": 0.65455,
        "distractor": 2.05455
    },
    "rc_at_5": {
        "relevant": 1.05455,
        "distractor": 3.36364
    },
    "rc_at_10": {
        "relevant": 1.69091,
        "distractor": 6.6
    },
    "rc_at_20": {
        "relevant": 2.74545,
        "distractor": 12.52727
    },
    "rc_at_100": {
        "relevant": 5.25455,
        "distractor": 39.07273
    },
    "rc_at_200": {
        "relevant": 6.4,
        "distractor": 50.25455
    },
    "rc_at_300": {
        "relevant": 7.0,
        "distractor": 56.34545
    },
    "rc_at_500": {
        "relevant": 7.65455,
        "distractor": 63.65455
    },
    "rc_at_1000": {
        "relevant": 8.25455,
        "distractor": 74.03636
    }
}