{
    "ndcg_at_1": 0.09091,
    "ndcg_at_3": 0.08014,
    "ndcg_at_5": 0.07809,
    "ndcg_at_10": 0.06014,
    "ndcg_at_20": 0.07233,
    "ndcg_at_100": 0.10003,
    "ndcg_at_200": 0.10654,
    "ndcg_at_300": 0.11257,
    "ndcg_at_500": 0.11766,
    "ndcg_at_1000": 0.12523,
    "map_at_1": 0.00909,
    "map_at_3": 0.01636,
    "map_at_5": 0.02236,
    "map_at_10": 0.02677,
    "map_at_20": 0.03058,
    "map_at_100": 0.03663,
    "map_at_200": 0.03709,
    "map_at_300": 0.0373,
    "map_at_500": 0.03746,
    "map_at_1000": 0.03761,
    "recall_at_1": 0.00909,
    "recall_at_3": 0.02364,
    "recall_at_5": 0.03818,
    "recall_at_10": 0.05091,
    "recall_at_20": 0.07273,
    "recall_at_100": 0.14182,
    "recall_at_200": 0.16364,
    "recall_at_300": 0.18545,
    "recall_at_500": 0.20545,
    "recall_at_1000": 0.23818,
    "precision_at_1": 0.09091,
    "precision_at_3": 0.07879,
    "precision_at_5": 0.07636,
    "precision_at_10": 0.05091,
    "precision_at_20": 0.03636,
    "precision_at_100": 0.01418,
    "precision_at_200": 0.00818,
    "precision_at_300": 0.00618,
    "precision_at_500": 0.00411,
    "precision_at_1000": 0.00238,
    "mrr_at_1": 0.10909,
    "mrr_at_3": 0.16061,
    "mrr_at_5": 0.17697,
    "mrr_at_10": 0.18184,
    "mrr_at_20": 0.18578,
    "mrr_at_100": 0.18964,
    "mrr_at_200": 0.19021,
    "mrr_at_300": 0.19049,
    "mrr_at_500": 0.19058,
    "mrr_at_1000": 0.19064,
    "rc_at_1": {
        "relevant": 0.10909,
        "distractor": 0.23636
    },
    "rc_at_3": {
        "relevant": 0.27273,
        "distractor": 0.52727
    },
    "rc_at_5": {
        "relevant": 0.41818,
        "distractor": 0.8
    },
    "rc_at_10": {
        "relevant": 0.56364,
        "distractor": 1.14545
    },
    "rc_at_20": {
        "relevant": 0.76364,
        "distractor": 1.76364
    },
    "rc_at_100": {
        "relevant": 1.41818,
        "distractor": 4.30909
    },
    "rc_at_200": {
        "relevant": 1.70909,
        "distractor": 5.87273
    },
    "rc_at_300": {
        "relevant": 1.90909,
        "distractor": 7.14545
    },
    "rc_at_500": {
        "relevant": 2.10909,
        "distractor": 9.12727
    },
    "rc_at_1000": {
        "relevant": 2.38182,
        "distractor": 11.74545
    }
}