{
    "ndcg_at_1": 0.0,
    "ndcg_at_3": 0.0,
    "ndcg_at_5": 0.0,
    "ndcg_at_10": 0.0,
    "ndcg_at_20": 0.00098,
    "ndcg_at_100": 0.00448,
    "ndcg_at_200": 0.00615,
    "ndcg_at_300": 0.00615,
    "ndcg_at_500": 0.00661,
    "ndcg_at_1000": 0.00873,
    "map_at_1": 0.0,
    "map_at_3": 0.0,
    "map_at_5": 0.0,
    "map_at_10": 0.0,
    "map_at_20": 0.00011,
    "map_at_100": 0.00035,
    "map_at_200": 0.00043,
    "map_at_300": 0.00043,
    "map_at_500": 0.00043,
    "map_at_1000": 0.00045,
    "recall_at_1": 0.0,
    "recall_at_3": 0.0,
    "recall_at_5": 0.0,
    "recall_at_10": 0.0,
    "recall_at_20": 0.00182,
    "recall_at_100": 0.01091,
    "recall_at_200": 0.01636,
    "recall_at_300": 0.01636,
    "recall_at_500": 0.01818,
    "recall_at_1000": 0.02727,
    "precision_at_1": 0.0,
    "precision_at_3": 0.0,
    "precision_at_5": 0.0,
    "precision_at_10": 0.0,
    "precision_at_20": 0.00091,
    "precision_at_100": 0.00109,
    "precision_at_200": 0.00082,
    "precision_at_300": 0.00055,
    "precision_at_500": 0.00036,
    "precision_at_1000": 0.00027,
    "mrr_at_1": 0.0,
    "mrr_at_3": 0.0,
    "mrr_at_5": 0.0,
    "mrr_at_10": 0.0,
    "mrr_at_20": 0.00114,
    "mrr_at_100": 0.00256,
    "mrr_at_200": 0.00266,
    "mrr_at_300": 0.00266,
    "mrr_at_500": 0.0027,
    "mrr_at_1000": 0.00279,
    "rc_at_1": {
        "relevant": 0.0,
        "distractor": 0.0
    },
    "rc_at_3": {
        "relevant": 0.0,
        "distractor": 0.0
    },
    "rc_at_5": {
        "relevant": 0.0,
        "distractor": 0.03636
    },
    "rc_at_10": {
        "relevant": 0.0,
        "distractor": 0.09091
    },
    "rc_at_20": {
        "relevant": 0.01818,
        "distractor": 0.18182
    },
    "rc_at_100": {
        "relevant": 0.10909,
        "distractor": 0.43636
    },
    "rc_at_200": {
        "relevant": 0.16364,
        "distractor": 0.6
    },
    "rc_at_300": {
        "relevant": 0.16364,
        "distractor": 0.76364
    },
    "rc_at_500": {
        "relevant": 0.18182,
        "distractor": 1.09091
    },
    "rc_at_1000": {
        "relevant": 0.27273,
        "distractor": 1.65455
    }
}