{
    "ndcg_at_1": 0.27,
    "ndcg_at_3": 0.33993,
    "ndcg_at_5": 0.36399,
    "ndcg_at_10": 0.39334,
    "ndcg_at_20": 0.41392,
    "ndcg_at_100": 0.44852,
    "ndcg_at_200": 0.45768,
    "ndcg_at_300": 0.46256,
    "ndcg_at_500": 0.46784,
    "ndcg_at_1000": 0.47052,
    "map_at_1": 0.25806,
    "map_at_3": 0.31649,
    "map_at_5": 0.33002,
    "map_at_10": 0.34252,
    "map_at_20": 0.34969,
    "map_at_100": 0.35452,
    "map_at_200": 0.35507,
    "map_at_300": 0.35524,
    "map_at_500": 0.35536,
    "map_at_1000": 0.3554,
    "recall_at_1": 0.25806,
    "recall_at_3": 0.39289,
    "recall_at_5": 0.45067,
    "recall_at_10": 0.53894,
    "recall_at_20": 0.61228,
    "recall_at_100": 0.79567,
    "recall_at_200": 0.85833,
    "recall_at_300": 0.89667,
    "recall_at_500": 0.94167,
    "recall_at_1000": 0.96667,
    "precision_at_1": 0.27,
    "precision_at_3": 0.14,
    "precision_at_5": 0.098,
    "precision_at_10": 0.059,
    "precision_at_20": 0.03483,
    "precision_at_100": 0.0091,
    "precision_at_200": 0.00492,
    "precision_at_300": 0.00341,
    "precision_at_500": 0.00214,
    "precision_at_1000": 0.0011,
    "mrr_at_1": 0.27,
    "mrr_at_3": 0.33,
    "mrr_at_5": 0.34433,
    "mrr_at_10": 0.35596,
    "mrr_at_20": 0.36048,
    "mrr_at_100": 0.36479,
    "mrr_at_200": 0.36525,
    "mrr_at_300": 0.3654,
    "mrr_at_500": 0.36551,
    "mrr_at_1000": 0.36555
}