{
    "ndcg_at_1": 0.43344,
    "ndcg_at_3": 0.40203,
    "ndcg_at_5": 0.38123,
    "ndcg_at_10": 0.35642,
    "ndcg_at_20": 0.33444,
    "ndcg_at_100": 0.32727,
    "ndcg_at_200": 0.34468,
    "ndcg_at_300": 0.35942,
    "ndcg_at_500": 0.38227,
    "ndcg_at_1000": 0.41711,
    "map_at_1": 0.05183,
    "map_at_3": 0.08854,
    "map_at_5": 0.10503,
    "map_at_10": 0.12799,
    "map_at_20": 0.14434,
    "map_at_100": 0.16681,
    "map_at_200": 0.17287,
    "map_at_300": 0.17586,
    "map_at_500": 0.17912,
    "map_at_1000": 0.18296,
    "recall_at_1": 0.05183,
    "recall_at_3": 0.0999,
    "recall_at_5": 0.12701,
    "recall_at_10": 0.17131,
    "recall_at_20": 0.21033,
    "recall_at_100": 0.33216,
    "recall_at_200": 0.40473,
    "recall_at_300": 0.46179,
    "recall_at_500": 0.54409,
    "recall_at_1000": 0.65694,
    "precision_at_1": 0.45511,
    "precision_at_3": 0.387,
    "precision_at_5": 0.33994,
    "precision_at_10": 0.27461,
    "precision_at_20": 0.20774,
    "precision_at_100": 0.0887,
    "precision_at_200": 0.05822,
    "precision_at_300": 0.04549,
    "precision_at_500": 0.03351,
    "precision_at_1000": 0.02221,
    "mrr_at_1": 0.45511,
    "mrr_at_3": 0.52322,
    "mrr_at_5": 0.53437,
    "mrr_at_10": 0.54111,
    "mrr_at_20": 0.54394,
    "mrr_at_100": 0.54655,
    "mrr_at_200": 0.54695,
    "mrr_at_300": 0.54703,
    "mrr_at_500": 0.54711,
    "mrr_at_1000": 0.54713
}