{
    "ndcg_at_1": 0.16364,
    "ndcg_at_3": 0.17014,
    "ndcg_at_5": 0.14817,
    "ndcg_at_10": 0.11392,
    "ndcg_at_20": 0.1336,
    "ndcg_at_100": 0.18573,
    "ndcg_at_200": 0.19757,
    "ndcg_at_300": 0.20911,
    "ndcg_at_500": 0.21849,
    "ndcg_at_1000": 0.23117,
    "map_at_1": 0.01636,
    "map_at_3": 0.03909,
    "map_at_5": 0.04664,
    "map_at_10": 0.05301,
    "map_at_20": 0.06136,
    "map_at_100": 0.07407,
    "map_at_200": 0.0752,
    "map_at_300": 0.07586,
    "map_at_500": 0.0763,
    "map_at_1000": 0.07669,
    "recall_at_1": 0.01636,
    "recall_at_3": 0.05091,
    "recall_at_5": 0.06909,
    "recall_at_10": 0.09455,
    "recall_at_20": 0.12909,
    "recall_at_100": 0.25636,
    "recall_at_200": 0.29455,
    "recall_at_300": 0.33636,
    "recall_at_500": 0.37273,
    "recall_at_1000": 0.42727,
    "precision_at_1": 0.16364,
    "precision_at_3": 0.1697,
    "precision_at_5": 0.13818,
    "precision_at_10": 0.09455,
    "precision_at_20": 0.06455,
    "precision_at_100": 0.02564,
    "precision_at_200": 0.01473,
    "precision_at_300": 0.01121,
    "precision_at_500": 0.00745,
    "precision_at_1000": 0.00427,
    "mrr_at_1": 0.21818,
    "mrr_at_3": 0.27576,
    "mrr_at_5": 0.29303,
    "mrr_at_10": 0.3078,
    "mrr_at_20": 0.31609,
    "mrr_at_100": 0.31836,
    "mrr_at_200": 0.31884,
    "mrr_at_300": 0.31884,
    "mrr_at_500": 0.31884,
    "mrr_at_1000": 0.31886,
    "rc_at_1": {
        "relevant": 0.21818,
        "distractor": 0.41818
    },
    "rc_at_3": {
        "relevant": 0.52727,
        "distractor": 1.12727
    },
    "rc_at_5": {
        "relevant": 0.72727,
        "distractor": 1.87273
    },
    "rc_at_10": {
        "relevant": 1.0,
        "distractor": 3.27273
    },
    "rc_at_20": {
        "relevant": 1.36364,
        "distractor": 5.54545
    },
    "rc_at_100": {
        "relevant": 2.63636,
        "distractor": 13.87273
    },
    "rc_at_200": {
        "relevant": 3.10909,
        "distractor": 18.69091
    },
    "rc_at_300": {
        "relevant": 3.47273,
        "distractor": 21.45455
    },
    "rc_at_500": {
        "relevant": 3.83636,
        "distractor": 25.74545
    },
    "rc_at_1000": {
        "relevant": 4.27273,
        "distractor": 30.96364
    }
}