{
    "ndcg_at_1": 0.25455,
    "ndcg_at_3": 0.24083,
    "ndcg_at_5": 0.20484,
    "ndcg_at_10": 0.16714,
    "ndcg_at_20": 0.20429,
    "ndcg_at_100": 0.27926,
    "ndcg_at_200": 0.30597,
    "ndcg_at_300": 0.3196,
    "ndcg_at_500": 0.33216,
    "ndcg_at_1000": 0.34729,
    "map_at_1": 0.02545,
    "map_at_3": 0.05606,
    "map_at_5": 0.06733,
    "map_at_10": 0.08301,
    "map_at_20": 0.10032,
    "map_at_100": 0.12076,
    "map_at_200": 0.1241,
    "map_at_300": 0.12541,
    "map_at_500": 0.12619,
    "map_at_1000": 0.12677,
    "recall_at_1": 0.02545,
    "recall_at_3": 0.06909,
    "recall_at_5": 0.09091,
    "recall_at_10": 0.14,
    "recall_at_20": 0.20727,
    "recall_at_100": 0.39091,
    "recall_at_200": 0.47818,
    "recall_at_300": 0.52727,
    "recall_at_500": 0.57636,
    "recall_at_1000": 0.64182,
    "precision_at_1": 0.25455,
    "precision_at_3": 0.2303,
    "precision_at_5": 0.18182,
    "precision_at_10": 0.14,
    "precision_at_20": 0.10364,
    "precision_at_100": 0.03909,
    "precision_at_200": 0.02391,
    "precision_at_300": 0.01758,
    "precision_at_500": 0.01153,
    "precision_at_1000": 0.00642,
    "mrr_at_1": 0.27273,
    "mrr_at_3": 0.36364,
    "mrr_at_5": 0.37182,
    "mrr_at_10": 0.38996,
    "mrr_at_20": 0.40051,
    "mrr_at_100": 0.40334,
    "mrr_at_200": 0.40356,
    "mrr_at_300": 0.40364,
    "mrr_at_500": 0.40369,
    "mrr_at_1000": 0.40369,
    "rc_at_1": {
        "relevant": 0.27273,
        "distractor": 0.6
    },
    "rc_at_3": {
        "relevant": 0.72727,
        "distractor": 1.74545
    },
    "rc_at_5": {
        "relevant": 0.94545,
        "distractor": 3.05455
    },
    "rc_at_10": {
        "relevant": 1.38182,
        "distractor": 5.85455
    },
    "rc_at_20": {
        "relevant": 2.07273,
        "distractor": 10.67273
    },
    "rc_at_100": {
        "relevant": 4.01818,
        "distractor": 28.03636
    },
    "rc_at_200": {
        "relevant": 4.96364,
        "distractor": 35.65455
    },
    "rc_at_300": {
        "relevant": 5.36364,
        "distractor": 39.83636
    },
    "rc_at_500": {
        "relevant": 5.81818,
        "distractor": 45.27273
    },
    "rc_at_1000": {
        "relevant": 6.41818,
        "distractor": 51.72727
    }
}