{
    "ndcg_at_1": 0.23077,
    "ndcg_at_3": 0.16811,
    "ndcg_at_5": 0.14934,
    "ndcg_at_10": 0.11686,
    "ndcg_at_20": 0.13164,
    "ndcg_at_100": 0.1728,
    "ndcg_at_200": 0.18856,
    "ndcg_at_300": 0.19492,
    "ndcg_at_500": 0.20707,
    "ndcg_at_1000": 0.21871,
    "map_at_1": 0.02308,
    "map_at_3": 0.03872,
    "map_at_5": 0.04795,
    "map_at_10": 0.05769,
    "map_at_20": 0.0623,
    "map_at_100": 0.07093,
    "map_at_200": 0.07224,
    "map_at_300": 0.07269,
    "map_at_500": 0.07323,
    "map_at_1000": 0.0735,
    "recall_at_1": 0.02308,
    "recall_at_3": 0.04615,
    "recall_at_5": 0.06615,
    "recall_at_10": 0.09385,
    "recall_at_20": 0.12,
    "recall_at_100": 0.22308,
    "recall_at_200": 0.27385,
    "recall_at_300": 0.29692,
    "recall_at_500": 0.34462,
    "recall_at_1000": 0.39538,
    "precision_at_1": 0.23077,
    "precision_at_3": 0.15385,
    "precision_at_5": 0.13231,
    "precision_at_10": 0.09385,
    "precision_at_20": 0.06,
    "precision_at_100": 0.02231,
    "precision_at_200": 0.01369,
    "precision_at_300": 0.0099,
    "precision_at_500": 0.00689,
    "precision_at_1000": 0.00395,
    "mrr_at_1": 0.26154,
    "mrr_at_3": 0.31282,
    "mrr_at_5": 0.31667,
    "mrr_at_10": 0.33095,
    "mrr_at_20": 0.33704,
    "mrr_at_100": 0.34161,
    "mrr_at_200": 0.34183,
    "mrr_at_300": 0.34189,
    "mrr_at_500": 0.34206,
    "mrr_at_1000": 0.34211,
    "rc_at_1": {
        "relevant": 0.26154,
        "distractor": 0.52308
    },
    "rc_at_3": {
        "relevant": 0.50769,
        "distractor": 1.55385
    },
    "rc_at_5": {
        "relevant": 0.69231,
        "distractor": 2.46154
    },
    "rc_at_10": {
        "relevant": 1.01538,
        "distractor": 4.55385
    },
    "rc_at_20": {
        "relevant": 1.24615,
        "distractor": 7.67692
    },
    "rc_at_100": {
        "relevant": 2.36923,
        "distractor": 19.73846
    },
    "rc_at_200": {
        "relevant": 2.76923,
        "distractor": 24.98462
    },
    "rc_at_300": {
        "relevant": 3.10769,
        "distractor": 28.92308
    },
    "rc_at_500": {
        "relevant": 3.49231,
        "distractor": 33.84615
    },
    "rc_at_1000": {
        "relevant": 3.95385,
        "distractor": 38.83077
    }
}