{
    "ndcg_at_1": 0.4,
    "ndcg_at_3": 0.34379,
    "ndcg_at_5": 0.28933,
    "ndcg_at_10": 0.23428,
    "ndcg_at_20": 0.29555,
    "ndcg_at_100": 0.43357,
    "ndcg_at_200": 0.46998,
    "ndcg_at_300": 0.47938,
    "ndcg_at_500": 0.49079,
    "ndcg_at_1000": 0.50048,
    "map_at_1": 0.04,
    "map_at_3": 0.08282,
    "map_at_5": 0.09997,
    "map_at_10": 0.12753,
    "map_at_20": 0.15726,
    "map_at_100": 0.19711,
    "map_at_200": 0.20355,
    "map_at_300": 0.20472,
    "map_at_500": 0.20558,
    "map_at_1000": 0.20604,
    "recall_at_1": 0.04,
    "recall_at_3": 0.09846,
    "recall_at_5": 0.12769,
    "recall_at_10": 0.19385,
    "recall_at_20": 0.30462,
    "recall_at_100": 0.65538,
    "recall_at_200": 0.77231,
    "recall_at_300": 0.80615,
    "recall_at_500": 0.85077,
    "recall_at_1000": 0.89231,
    "precision_at_1": 0.4,
    "precision_at_3": 0.32821,
    "precision_at_5": 0.25538,
    "precision_at_10": 0.19385,
    "precision_at_20": 0.15231,
    "precision_at_100": 0.06554,
    "precision_at_200": 0.03862,
    "precision_at_300": 0.02687,
    "precision_at_500": 0.01702,
    "precision_at_1000": 0.00892,
    "mrr_at_1": 0.4,
    "mrr_at_3": 0.48974,
    "mrr_at_5": 0.50359,
    "mrr_at_10": 0.51653,
    "mrr_at_20": 0.52358,
    "mrr_at_100": 0.52812,
    "mrr_at_200": 0.52812,
    "mrr_at_300": 0.52812,
    "mrr_at_500": 0.52812,
    "mrr_at_1000": 0.52812,
    "rc_at_1": {
        "relevant": 0.4,
        "distractor": 0.6
    },
    "rc_at_3": {
        "relevant": 0.98462,
        "distractor": 2.01538
    },
    "rc_at_5": {
        "relevant": 1.27692,
        "distractor": 3.66154
    },
    "rc_at_10": {
        "relevant": 1.93846,
        "distractor": 7.73846
    },
    "rc_at_20": {
        "relevant": 3.04615,
        "distractor": 15.69231
    },
    "rc_at_100": {
        "relevant": 6.55385,
        "distractor": 60.64615
    },
    "rc_at_200": {
        "relevant": 7.72308,
        "distractor": 75.13846
    },
    "rc_at_300": {
        "relevant": 8.06154,
        "distractor": 79.69231
    },
    "rc_at_500": {
        "relevant": 8.50769,
        "distractor": 84.78462
    },
    "rc_at_1000": {
        "relevant": 8.92308,
        "distractor": 88.78462
    }
}