{
    "ndcg_at_1": 0.4,
    "ndcg_at_3": 0.32574,
    "ndcg_at_5": 0.27854,
    "ndcg_at_10": 0.22121,
    "ndcg_at_20": 0.27672,
    "ndcg_at_100": 0.37622,
    "ndcg_at_200": 0.40274,
    "ndcg_at_300": 0.41434,
    "ndcg_at_500": 0.43012,
    "ndcg_at_1000": 0.44126,
    "map_at_1": 0.04,
    "map_at_3": 0.07821,
    "map_at_5": 0.09505,
    "map_at_10": 0.11889,
    "map_at_20": 0.14596,
    "map_at_100": 0.17178,
    "map_at_200": 0.17552,
    "map_at_300": 0.1767,
    "map_at_500": 0.17783,
    "map_at_1000": 0.17833,
    "recall_at_1": 0.04,
    "recall_at_3": 0.09077,
    "recall_at_5": 0.12154,
    "recall_at_10": 0.17846,
    "recall_at_20": 0.27846,
    "recall_at_100": 0.53385,
    "recall_at_200": 0.62,
    "recall_at_300": 0.66154,
    "recall_at_500": 0.72308,
    "recall_at_1000": 0.77077,
    "precision_at_1": 0.4,
    "precision_at_3": 0.30256,
    "precision_at_5": 0.24308,
    "precision_at_10": 0.17846,
    "precision_at_20": 0.13923,
    "precision_at_100": 0.05338,
    "precision_at_200": 0.031,
    "precision_at_300": 0.02205,
    "precision_at_500": 0.01446,
    "precision_at_1000": 0.00771,
    "mrr_at_1": 0.4,
    "mrr_at_3": 0.47949,
    "mrr_at_5": 0.49718,
    "mrr_at_10": 0.50775,
    "mrr_at_20": 0.5149,
    "mrr_at_100": 0.51986,
    "mrr_at_200": 0.51986,
    "mrr_at_300": 0.51986,
    "mrr_at_500": 0.51986,
    "mrr_at_1000": 0.51986,
    "rc_at_1": {
        "relevant": 0.4,
        "distractor": 0.58462
    },
    "rc_at_3": {
        "relevant": 0.90769,
        "distractor": 1.93846
    },
    "rc_at_5": {
        "relevant": 1.21538,
        "distractor": 3.43077
    },
    "rc_at_10": {
        "relevant": 1.78462,
        "distractor": 7.04615
    },
    "rc_at_20": {
        "relevant": 2.78462,
        "distractor": 13.78462
    },
    "rc_at_100": {
        "relevant": 5.33846,
        "distractor": 43.86154
    },
    "rc_at_200": {
        "relevant": 6.2,
        "distractor": 55.76923
    },
    "rc_at_300": {
        "relevant": 6.61538,
        "distractor": 61.33846
    },
    "rc_at_500": {
        "relevant": 7.23077,
        "distractor": 67.24615
    },
    "rc_at_1000": {
        "relevant": 7.70769,
        "distractor": 74.81538
    }
}