{
    "ndcg_at_1": 0.5,
    "ndcg_at_3": 0.43497,
    "ndcg_at_5": 0.40461,
    "ndcg_at_10": 0.38681,
    "ndcg_at_20": 0.37673,
    "ndcg_at_100": 0.42497,
    "ndcg_at_200": 0.45203,
    "ndcg_at_300": 0.46799,
    "ndcg_at_500": 0.48282,
    "ndcg_at_1000": 0.50124,
    "map_at_1": 0.07395,
    "map_at_3": 0.12437,
    "map_at_5": 0.14158,
    "map_at_10": 0.16884,
    "map_at_20": 0.19571,
    "map_at_100": 0.23939,
    "map_at_200": 0.24779,
    "map_at_300": 0.25129,
    "map_at_500": 0.25398,
    "map_at_1000": 0.25647,
    "recall_at_1": 0.07395,
    "recall_at_3": 0.14298,
    "recall_at_5": 0.17043,
    "recall_at_10": 0.22412,
    "recall_at_20": 0.29276,
    "recall_at_100": 0.48597,
    "recall_at_200": 0.56423,
    "recall_at_300": 0.6171,
    "recall_at_500": 0.66748,
    "recall_at_1000": 0.73395,
    "precision_at_1": 0.6075,
    "precision_at_3": 0.47417,
    "precision_at_5": 0.393,
    "precision_at_10": 0.308,
    "precision_at_20": 0.229,
    "precision_at_100": 0.099,
    "precision_at_200": 0.06351,
    "precision_at_300": 0.0485,
    "precision_at_500": 0.03389,
    "precision_at_1000": 0.02057,
    "mrr_at_1": 0.6075,
    "mrr_at_3": 0.68125,
    "mrr_at_5": 0.69338,
    "mrr_at_10": 0.7003,
    "mrr_at_20": 0.70285,
    "mrr_at_100": 0.7042,
    "mrr_at_200": 0.70431,
    "mrr_at_300": 0.70432,
    "mrr_at_500": 0.70434,
    "mrr_at_1000": 0.70435
}