{
    "ndcg_at_1": 0.12438,
    "ndcg_at_3": 0.14084,
    "ndcg_at_5": 0.16103,
    "ndcg_at_10": 0.18836,
    "ndcg_at_20": 0.20863,
    "ndcg_at_100": 0.24647,
    "ndcg_at_200": 0.26324,
    "ndcg_at_300": 0.27017,
    "ndcg_at_500": 0.27702,
    "ndcg_at_1000": 0.28567,
    "map_at_1": 0.09994,
    "map_at_3": 0.12558,
    "map_at_5": 0.13736,
    "map_at_10": 0.14876,
    "map_at_20": 0.15431,
    "map_at_100": 0.1599,
    "map_at_200": 0.16089,
    "map_at_300": 0.16116,
    "map_at_500": 0.16138,
    "map_at_1000": 0.16153,
    "recall_at_1": 0.09994,
    "recall_at_3": 0.15398,
    "recall_at_5": 0.20509,
    "recall_at_10": 0.28537,
    "recall_at_20": 0.36008,
    "recall_at_100": 0.54461,
    "recall_at_200": 0.65507,
    "recall_at_300": 0.70354,
    "recall_at_500": 0.75322,
    "recall_at_1000": 0.82345,
    "precision_at_1": 0.12438,
    "precision_at_3": 0.06675,
    "precision_at_5": 0.05274,
    "precision_at_10": 0.03744,
    "precision_at_20": 0.02413,
    "precision_at_100": 0.00784,
    "precision_at_200": 0.00473,
    "precision_at_300": 0.00344,
    "precision_at_500": 0.00227,
    "precision_at_1000": 0.00127,
    "mrr_at_1": 0.12438,
    "mrr_at_3": 0.15278,
    "mrr_at_5": 0.1654,
    "mrr_at_10": 0.17768,
    "mrr_at_20": 0.18342,
    "mrr_at_100": 0.1882,
    "mrr_at_200": 0.18893,
    "mrr_at_300": 0.18911,
    "mrr_at_500": 0.18922,
    "mrr_at_1000": 0.18931
}