{
    "ndcg_at_1": 0.30769,
    "ndcg_at_3": 0.26343,
    "ndcg_at_5": 0.23956,
    "ndcg_at_10": 0.2114,
    "ndcg_at_20": 0.26593,
    "ndcg_at_100": 0.45833,
    "ndcg_at_200": 0.50898,
    "ndcg_at_300": 0.5137,
    "ndcg_at_500": 0.51682,
    "ndcg_at_1000": 0.51938,
    "map_at_1": 0.03077,
    "map_at_3": 0.05974,
    "map_at_5": 0.07659,
    "map_at_10": 0.10582,
    "map_at_20": 0.13227,
    "map_at_100": 0.18782,
    "map_at_200": 0.19867,
    "map_at_300": 0.19923,
    "map_at_500": 0.19951,
    "map_at_1000": 0.19967,
    "recall_at_1": 0.03077,
    "recall_at_3": 0.07385,
    "recall_at_5": 0.10923,
    "recall_at_10": 0.18923,
    "recall_at_20": 0.28769,
    "recall_at_100": 0.78308,
    "recall_at_200": 0.94308,
    "recall_at_300": 0.96,
    "recall_at_500": 0.97231,
    "recall_at_1000": 0.98308,
    "precision_at_1": 0.30769,
    "precision_at_3": 0.24615,
    "precision_at_5": 0.21846,
    "precision_at_10": 0.18923,
    "precision_at_20": 0.14385,
    "precision_at_100": 0.07831,
    "precision_at_200": 0.04715,
    "precision_at_300": 0.032,
    "precision_at_500": 0.01945,
    "precision_at_1000": 0.00983,
    "mrr_at_1": 0.30769,
    "mrr_at_3": 0.41282,
    "mrr_at_5": 0.43897,
    "mrr_at_10": 0.4583,
    "mrr_at_20": 0.4634,
    "mrr_at_100": 0.46743,
    "mrr_at_200": 0.46743,
    "mrr_at_300": 0.46743,
    "mrr_at_500": 0.46743,
    "mrr_at_1000": 0.46743,
    "rc_at_1": {
        "relevant": 0.30769,
        "distractor": 0.69231
    },
    "rc_at_3": {
        "relevant": 0.73846,
        "distractor": 2.24615
    },
    "rc_at_5": {
        "relevant": 1.09231,
        "distractor": 3.86154
    },
    "rc_at_10": {
        "relevant": 1.89231,
        "distractor": 8.03077
    },
    "rc_at_20": {
        "relevant": 2.87692,
        "distractor": 16.86154
    },
    "rc_at_100": {
        "relevant": 7.83077,
        "distractor": 82.07692
    },
    "rc_at_200": {
        "relevant": 9.43077,
        "distractor": 93.73846
    },
    "rc_at_300": {
        "relevant": 9.6,
        "distractor": 95.55385
    },
    "rc_at_500": {
        "relevant": 9.72308,
        "distractor": 96.84615
    },
    "rc_at_1000": {
        "relevant": 9.83077,
        "distractor": 98.01538
    }
}