{
    "ndcg_at_1": 0.13846,
    "ndcg_at_3": 0.09308,
    "ndcg_at_5": 0.07805,
    "ndcg_at_10": 0.06145,
    "ndcg_at_20": 0.07549,
    "ndcg_at_100": 0.09731,
    "ndcg_at_200": 0.10848,
    "ndcg_at_300": 0.11361,
    "ndcg_at_500": 0.11912,
    "ndcg_at_1000": 0.12803,
    "map_at_1": 0.01385,
    "map_at_3": 0.02103,
    "map_at_5": 0.0231,
    "map_at_10": 0.02696,
    "map_at_20": 0.03164,
    "map_at_100": 0.03665,
    "map_at_200": 0.03719,
    "map_at_300": 0.03749,
    "map_at_500": 0.0377,
    "map_at_1000": 0.0379,
    "recall_at_1": 0.01385,
    "recall_at_3": 0.02462,
    "recall_at_5": 0.03231,
    "recall_at_10": 0.04769,
    "recall_at_20": 0.07231,
    "recall_at_100": 0.12769,
    "recall_at_200": 0.16462,
    "recall_at_300": 0.18308,
    "recall_at_500": 0.20462,
    "recall_at_1000": 0.24308,
    "precision_at_1": 0.13846,
    "precision_at_3": 0.08205,
    "precision_at_5": 0.06462,
    "precision_at_10": 0.04769,
    "precision_at_20": 0.03615,
    "precision_at_100": 0.01277,
    "precision_at_200": 0.00823,
    "precision_at_300": 0.0061,
    "precision_at_500": 0.00409,
    "precision_at_1000": 0.00243,
    "mrr_at_1": 0.13846,
    "mrr_at_3": 0.15385,
    "mrr_at_5": 0.16846,
    "mrr_at_10": 0.17812,
    "mrr_at_20": 0.18298,
    "mrr_at_100": 0.18437,
    "mrr_at_200": 0.18531,
    "mrr_at_300": 0.18537,
    "mrr_at_500": 0.18545,
    "mrr_at_1000": 0.18553,
    "rc_at_1": {
        "relevant": 0.13846,
        "distractor": 0.13846
    },
    "rc_at_3": {
        "relevant": 0.24615,
        "distractor": 0.43077
    },
    "rc_at_5": {
        "relevant": 0.32308,
        "distractor": 0.66154
    },
    "rc_at_10": {
        "relevant": 0.47692,
        "distractor": 1.15385
    },
    "rc_at_20": {
        "relevant": 0.72308,
        "distractor": 2.01538
    },
    "rc_at_100": {
        "relevant": 1.27692,
        "distractor": 6.4
    },
    "rc_at_200": {
        "relevant": 1.64615,
        "distractor": 9.2
    },
    "rc_at_300": {
        "relevant": 1.83077,
        "distractor": 11.0
    },
    "rc_at_500": {
        "relevant": 2.04615,
        "distractor": 13.16923
    },
    "rc_at_1000": {
        "relevant": 2.43077,
        "distractor": 16.73846
    }
}