{
    "ndcg_at_1": 0.30769,
    "ndcg_at_3": 0.26343,
    "ndcg_at_5": 0.23529,
    "ndcg_at_10": 0.2065,
    "ndcg_at_20": 0.26114,
    "ndcg_at_100": 0.38774,
    "ndcg_at_200": 0.42906,
    "ndcg_at_300": 0.44259,
    "ndcg_at_500": 0.45284,
    "ndcg_at_1000": 0.46183,
    "map_at_1": 0.03077,
    "map_at_3": 0.05974,
    "map_at_5": 0.0759,
    "map_at_10": 0.10381,
    "map_at_20": 0.12958,
    "map_at_100": 0.1643,
    "map_at_200": 0.17189,
    "map_at_300": 0.17328,
    "map_at_500": 0.17402,
    "map_at_1000": 0.17448,
    "recall_at_1": 0.03077,
    "recall_at_3": 0.07385,
    "recall_at_5": 0.10615,
    "recall_at_10": 0.18308,
    "recall_at_20": 0.28154,
    "recall_at_100": 0.60154,
    "recall_at_200": 0.73385,
    "recall_at_300": 0.78308,
    "recall_at_500": 0.82308,
    "recall_at_1000": 0.86154,
    "precision_at_1": 0.30769,
    "precision_at_3": 0.24615,
    "precision_at_5": 0.21231,
    "precision_at_10": 0.18308,
    "precision_at_20": 0.14077,
    "precision_at_100": 0.06015,
    "precision_at_200": 0.03669,
    "precision_at_300": 0.0261,
    "precision_at_500": 0.01646,
    "precision_at_1000": 0.00862,
    "mrr_at_1": 0.30769,
    "mrr_at_3": 0.41282,
    "mrr_at_5": 0.43205,
    "mrr_at_10": 0.45279,
    "mrr_at_20": 0.46023,
    "mrr_at_100": 0.46368,
    "mrr_at_200": 0.46382,
    "mrr_at_300": 0.46382,
    "mrr_at_500": 0.46382,
    "mrr_at_1000": 0.46382,
    "rc_at_1": {
        "relevant": 0.30769,
        "distractor": 0.67692
    },
    "rc_at_3": {
        "relevant": 0.73846,
        "distractor": 2.2
    },
    "rc_at_5": {
        "relevant": 1.06154,
        "distractor": 3.75385
    },
    "rc_at_10": {
        "relevant": 1.83077,
        "distractor": 7.75385
    },
    "rc_at_20": {
        "relevant": 2.81538,
        "distractor": 15.58462
    },
    "rc_at_100": {
        "relevant": 6.01538,
        "distractor": 61.2
    },
    "rc_at_200": {
        "relevant": 7.33846,
        "distractor": 74.44615
    },
    "rc_at_300": {
        "relevant": 7.83077,
        "distractor": 78.73846
    },
    "rc_at_500": {
        "relevant": 8.23077,
        "distractor": 82.50769
    },
    "rc_at_1000": {
        "relevant": 8.61538,
        "distractor": 87.07692
    }
}