{
    "ndcg_at_1": 0.24615,
    "ndcg_at_3": 0.19905,
    "ndcg_at_5": 0.16386,
    "ndcg_at_10": 0.14012,
    "ndcg_at_20": 0.17501,
    "ndcg_at_100": 0.24634,
    "ndcg_at_200": 0.26294,
    "ndcg_at_300": 0.27366,
    "ndcg_at_500": 0.28556,
    "ndcg_at_1000": 0.3011,
    "map_at_1": 0.02462,
    "map_at_3": 0.04615,
    "map_at_5": 0.05354,
    "map_at_10": 0.07012,
    "map_at_20": 0.08558,
    "map_at_100": 0.10051,
    "map_at_200": 0.10217,
    "map_at_300": 0.1031,
    "map_at_500": 0.10383,
    "map_at_1000": 0.1044,
    "recall_at_1": 0.02462,
    "recall_at_3": 0.05538,
    "recall_at_5": 0.06923,
    "recall_at_10": 0.11692,
    "recall_at_20": 0.17846,
    "recall_at_100": 0.36,
    "recall_at_200": 0.41385,
    "recall_at_300": 0.45231,
    "recall_at_500": 0.49846,
    "recall_at_1000": 0.56462,
    "precision_at_1": 0.24615,
    "precision_at_3": 0.18462,
    "precision_at_5": 0.13846,
    "precision_at_10": 0.11692,
    "precision_at_20": 0.08923,
    "precision_at_100": 0.036,
    "precision_at_200": 0.02069,
    "precision_at_300": 0.01508,
    "precision_at_500": 0.00997,
    "precision_at_1000": 0.00565,
    "mrr_at_1": 0.24615,
    "mrr_at_3": 0.30769,
    "mrr_at_5": 0.32308,
    "mrr_at_10": 0.34109,
    "mrr_at_20": 0.34783,
    "mrr_at_100": 0.35466,
    "mrr_at_200": 0.35494,
    "mrr_at_300": 0.35494,
    "mrr_at_500": 0.35498,
    "mrr_at_1000": 0.35501,
    "rc_at_1": {
        "relevant": 0.24615,
        "distractor": 0.4
    },
    "rc_at_3": {
        "relevant": 0.55385,
        "distractor": 1.38462
    },
    "rc_at_5": {
        "relevant": 0.69231,
        "distractor": 2.36923
    },
    "rc_at_10": {
        "relevant": 1.16923,
        "distractor": 4.52308
    },
    "rc_at_20": {
        "relevant": 1.78462,
        "distractor": 8.63077
    },
    "rc_at_100": {
        "relevant": 3.6,
        "distractor": 25.83077
    },
    "rc_at_200": {
        "relevant": 4.13846,
        "distractor": 34.76923
    },
    "rc_at_300": {
        "relevant": 4.52308,
        "distractor": 39.69231
    },
    "rc_at_500": {
        "relevant": 4.98462,
        "distractor": 45.27692
    },
    "rc_at_1000": {
        "relevant": 5.64615,
        "distractor": 53.07692
    }
}