{
    "ndcg_at_1": 0.00782,
    "ndcg_at_3": 0.21896,
    "ndcg_at_5": 0.28028,
    "ndcg_at_10": 0.36017,
    "ndcg_at_20": 0.40004,
    "ndcg_at_100": 0.41288,
    "ndcg_at_200": 0.41378,
    "ndcg_at_300": 0.41433,
    "ndcg_at_500": 0.41458,
    "ndcg_at_1000": 0.41458,
    "map_at_1": 0.00782,
    "map_at_3": 0.1675,
    "map_at_5": 0.20174,
    "map_at_10": 0.23475,
    "map_at_20": 0.24605,
    "map_at_100": 0.24804,
    "map_at_200": 0.24809,
    "map_at_300": 0.24811,
    "map_at_500": 0.24811,
    "map_at_1000": 0.24811,
    "recall_at_1": 0.00782,
    "recall_at_3": 0.36771,
    "recall_at_5": 0.51565,
    "recall_at_10": 0.76245,
    "recall_at_20": 0.9175,
    "recall_at_100": 0.98364,
    "recall_at_200": 0.99004,
    "recall_at_300": 0.99431,
    "recall_at_500": 0.99644,
    "recall_at_1000": 0.99644,
    "precision_at_1": 0.00782,
    "precision_at_3": 0.12257,
    "precision_at_5": 0.10313,
    "precision_at_10": 0.07624,
    "precision_at_20": 0.04587,
    "precision_at_100": 0.00984,
    "precision_at_200": 0.00495,
    "precision_at_300": 0.00331,
    "precision_at_500": 0.00199,
    "precision_at_1000": 0.001,
    "mrr_at_1": 0.00782,
    "mrr_at_3": 0.1675,
    "mrr_at_5": 0.20174,
    "mrr_at_10": 0.23475,
    "mrr_at_20": 0.24605,
    "mrr_at_100": 0.24804,
    "mrr_at_200": 0.24809,
    "mrr_at_300": 0.24811,
    "mrr_at_500": 0.24811,
    "mrr_at_1000": 0.24811
}