{
    "ndcg_at_1": 0.54,
    "ndcg_at_3": 0.52939,
    "ndcg_at_5": 0.53161,
    "ndcg_at_10": 0.50312,
    "ndcg_at_20": 0.46159,
    "ndcg_at_100": 0.31215,
    "ndcg_at_200": 0.25362,
    "ndcg_at_300": 0.2322,
    "ndcg_at_500": 0.22703,
    "ndcg_at_1000": 0.26026,
    "map_at_1": 0.0015,
    "map_at_3": 0.00385,
    "map_at_5": 0.00599,
    "map_at_10": 0.0105,
    "map_at_20": 0.01768,
    "map_at_100": 0.04231,
    "map_at_200": 0.05644,
    "map_at_300": 0.06509,
    "map_at_500": 0.07528,
    "map_at_1000": 0.0868,
    "recall_at_1": 0.0015,
    "recall_at_3": 0.0041,
    "recall_at_5": 0.00669,
    "recall_at_10": 0.01269,
    "recall_at_20": 0.02256,
    "recall_at_100": 0.068,
    "recall_at_200": 0.10433,
    "recall_at_300": 0.13221,
    "recall_at_500": 0.17255,
    "recall_at_1000": 0.23593,
    "precision_at_1": 0.6,
    "precision_at_3": 0.57333,
    "precision_at_5": 0.568,
    "precision_at_10": 0.536,
    "precision_at_20": 0.479,
    "precision_at_100": 0.3002,
    "precision_at_200": 0.234,
    "precision_at_300": 0.19933,
    "precision_at_500": 0.15972,
    "precision_at_1000": 0.1114,
    "mrr_at_1": 0.6,
    "mrr_at_3": 0.67333,
    "mrr_at_5": 0.68233,
    "mrr_at_10": 0.69921,
    "mrr_at_20": 0.70375,
    "mrr_at_100": 0.70375,
    "mrr_at_200": 0.70375,
    "mrr_at_300": 0.70375,
    "mrr_at_500": 0.70375,
    "mrr_at_1000": 0.70375
}