{
    "ndcg_at_1": 0.40878,
    "ndcg_at_3": 0.47991,
    "ndcg_at_5": 0.50807,
    "ndcg_at_10": 0.53787,
    "ndcg_at_20": 0.55724,
    "ndcg_at_100": 0.58215,
    "ndcg_at_200": 0.58806,
    "ndcg_at_300": 0.59021,
    "ndcg_at_500": 0.59234,
    "ndcg_at_1000": 0.59399,
    "map_at_1": 0.35984,
    "map_at_3": 0.44423,
    "map_at_5": 0.46284,
    "map_at_10": 0.47747,
    "map_at_20": 0.48408,
    "map_at_100": 0.48856,
    "map_at_200": 0.48894,
    "map_at_300": 0.48904,
    "map_at_500": 0.4891,
    "map_at_1000": 0.48913,
    "recall_at_1": 0.35984,
    "recall_at_3": 0.53024,
    "recall_at_5": 0.5989,
    "recall_at_10": 0.68557,
    "recall_at_20": 0.75664,
    "recall_at_100": 0.87569,
    "recall_at_200": 0.91423,
    "recall_at_300": 0.92978,
    "recall_at_500": 0.94654,
    "recall_at_1000": 0.96023,
    "precision_at_1": 0.40878,
    "precision_at_3": 0.21505,
    "precision_at_5": 0.14934,
    "precision_at_10": 0.08821,
    "precision_at_20": 0.05003,
    "precision_at_100": 0.01206,
    "precision_at_200": 0.00633,
    "precision_at_300": 0.00431,
    "precision_at_500": 0.00264,
    "precision_at_1000": 0.00134,
    "mrr_at_1": 0.40878,
    "mrr_at_3": 0.4813,
    "mrr_at_5": 0.49835,
    "mrr_at_10": 0.50871,
    "mrr_at_20": 0.51321,
    "mrr_at_100": 0.51605,
    "mrr_at_200": 0.51629,
    "mrr_at_300": 0.51635,
    "mrr_at_500": 0.51638,
    "mrr_at_1000": 0.5164
}