{
    "ndcg_at_1": 0.56,
    "ndcg_at_3": 0.58011,
    "ndcg_at_5": 0.58067,
    "ndcg_at_10": 0.55764,
    "ndcg_at_20": 0.53823,
    "ndcg_at_100": 0.40729,
    "ndcg_at_200": 0.34395,
    "ndcg_at_300": 0.31905,
    "ndcg_at_500": 0.31308,
    "ndcg_at_1000": 0.35474,
    "map_at_1": 0.00165,
    "map_at_3": 0.00449,
    "map_at_5": 0.0071,
    "map_at_10": 0.01278,
    "map_at_20": 0.02266,
    "map_at_100": 0.0679,
    "map_at_200": 0.09467,
    "map_at_300": 0.1096,
    "map_at_500": 0.12592,
    "map_at_1000": 0.14435,
    "recall_at_1": 0.00165,
    "recall_at_3": 0.00496,
    "recall_at_5": 0.00842,
    "recall_at_10": 0.01598,
    "recall_at_20": 0.0297,
    "recall_at_100": 0.10135,
    "recall_at_200": 0.15611,
    "recall_at_300": 0.19432,
    "recall_at_500": 0.24738,
    "recall_at_1000": 0.3281,
    "precision_at_1": 0.62,
    "precision_at_3": 0.64,
    "precision_at_5": 0.64,
    "precision_at_10": 0.6,
    "precision_at_20": 0.574,
    "precision_at_100": 0.4104,
    "precision_at_200": 0.3305,
    "precision_at_300": 0.28033,
    "precision_at_500": 0.21924,
    "precision_at_1000": 0.15014,
    "mrr_at_1": 0.62,
    "mrr_at_3": 0.73333,
    "mrr_at_5": 0.75333,
    "mrr_at_10": 0.76222,
    "mrr_at_20": 0.76222,
    "mrr_at_100": 0.76222,
    "mrr_at_200": 0.76222,
    "mrr_at_300": 0.76222,
    "mrr_at_500": 0.76222,
    "mrr_at_1000": 0.76222
}