{
    "ndcg_at_1": 0.46296,
    "ndcg_at_3": 0.41417,
    "ndcg_at_5": 0.422,
    "ndcg_at_10": 0.44489,
    "ndcg_at_20": 0.4728,
    "ndcg_at_100": 0.51791,
    "ndcg_at_200": 0.52983,
    "ndcg_at_300": 0.53474,
    "ndcg_at_500": 0.5404,
    "ndcg_at_1000": 0.54499,
    "map_at_1": 0.22568,
    "map_at_3": 0.32068,
    "map_at_5": 0.34595,
    "map_at_10": 0.36598,
    "map_at_20": 0.37713,
    "map_at_100": 0.38728,
    "map_at_200": 0.38837,
    "map_at_300": 0.38866,
    "map_at_500": 0.3889,
    "map_at_1000": 0.38902,
    "recall_at_1": 0.22568,
    "recall_at_3": 0.36296,
    "recall_at_5": 0.42662,
    "recall_at_10": 0.50265,
    "recall_at_20": 0.58815,
    "recall_at_100": 0.76923,
    "recall_at_200": 0.83358,
    "recall_at_300": 0.86321,
    "recall_at_500": 0.90098,
    "recall_at_1000": 0.93386,
    "precision_at_1": 0.46296,
    "precision_at_3": 0.28138,
    "precision_at_5": 0.20216,
    "precision_at_10": 0.12377,
    "precision_at_20": 0.07353,
    "precision_at_100": 0.02,
    "precision_at_200": 0.01088,
    "precision_at_300": 0.00752,
    "precision_at_500": 0.00471,
    "precision_at_1000": 0.00245,
    "mrr_at_1": 0.46296,
    "mrr_at_3": 0.51646,
    "mrr_at_5": 0.52873,
    "mrr_at_10": 0.53725,
    "mrr_at_20": 0.54291,
    "mrr_at_100": 0.54579,
    "mrr_at_200": 0.54608,
    "mrr_at_300": 0.54616,
    "mrr_at_500": 0.54622,
    "mrr_at_1000": 0.54624
}