{
    "ndcg_at_1": 0.33846,
    "ndcg_at_3": 0.31947,
    "ndcg_at_5": 0.29689,
    "ndcg_at_10": 0.24925,
    "ndcg_at_20": 0.29126,
    "ndcg_at_100": 0.40622,
    "ndcg_at_200": 0.44347,
    "ndcg_at_300": 0.45501,
    "ndcg_at_500": 0.46753,
    "ndcg_at_1000": 0.47825,
    "map_at_1": 0.03385,
    "map_at_3": 0.07923,
    "map_at_5": 0.10569,
    "map_at_10": 0.13954,
    "map_at_20": 0.16108,
    "map_at_100": 0.19316,
    "map_at_200": 0.19937,
    "map_at_300": 0.20061,
    "map_at_500": 0.20162,
    "map_at_1000": 0.20211,
    "recall_at_1": 0.03385,
    "recall_at_3": 0.09385,
    "recall_at_5": 0.14154,
    "recall_at_10": 0.22154,
    "recall_at_20": 0.29692,
    "recall_at_100": 0.58923,
    "recall_at_200": 0.70923,
    "recall_at_300": 0.75077,
    "recall_at_500": 0.8,
    "recall_at_1000": 0.84615,
    "precision_at_1": 0.33846,
    "precision_at_3": 0.31282,
    "precision_at_5": 0.28308,
    "precision_at_10": 0.22154,
    "precision_at_20": 0.14846,
    "precision_at_100": 0.05892,
    "precision_at_200": 0.03546,
    "precision_at_300": 0.02503,
    "precision_at_500": 0.016,
    "precision_at_1000": 0.00846,
    "mrr_at_1": 0.33846,
    "mrr_at_3": 0.43333,
    "mrr_at_5": 0.45872,
    "mrr_at_10": 0.47497,
    "mrr_at_20": 0.48211,
    "mrr_at_100": 0.4856,
    "mrr_at_200": 0.4856,
    "mrr_at_300": 0.4856,
    "mrr_at_500": 0.4856,
    "mrr_at_1000": 0.4856,
    "rc_at_1": {
        "relevant": 0.33846,
        "distractor": 0.64615
    },
    "rc_at_3": {
        "relevant": 0.93846,
        "distractor": 2.01538
    },
    "rc_at_5": {
        "relevant": 1.41538,
        "distractor": 3.46154
    },
    "rc_at_10": {
        "relevant": 2.21538,
        "distractor": 7.35385
    },
    "rc_at_20": {
        "relevant": 2.96923,
        "distractor": 15.32308
    },
    "rc_at_100": {
        "relevant": 5.89231,
        "distractor": 57.84615
    },
    "rc_at_200": {
        "relevant": 7.09231,
        "distractor": 70.69231
    },
    "rc_at_300": {
        "relevant": 7.50769,
        "distractor": 75.53846
    },
    "rc_at_500": {
        "relevant": 8.0,
        "distractor": 80.92308
    },
    "rc_at_1000": {
        "relevant": 8.46154,
        "distractor": 86.10769
    }
}