{
    "ndcg_at_1": 0.23636,
    "ndcg_at_3": 0.20315,
    "ndcg_at_5": 0.18396,
    "ndcg_at_10": 0.14839,
    "ndcg_at_20": 0.20864,
    "ndcg_at_100": 0.30995,
    "ndcg_at_200": 0.34022,
    "ndcg_at_300": 0.3503,
    "ndcg_at_500": 0.37088,
    "ndcg_at_1000": 0.39331,
    "map_at_1": 0.02364,
    "map_at_3": 0.04576,
    "map_at_5": 0.05739,
    "map_at_10": 0.06839,
    "map_at_20": 0.09408,
    "map_at_100": 0.1209,
    "map_at_200": 0.12493,
    "map_at_300": 0.12589,
    "map_at_500": 0.12737,
    "map_at_1000": 0.12836,
    "recall_at_1": 0.02364,
    "recall_at_3": 0.05818,
    "recall_at_5": 0.08545,
    "recall_at_10": 0.12727,
    "recall_at_20": 0.23455,
    "recall_at_100": 0.48909,
    "recall_at_200": 0.58727,
    "recall_at_300": 0.62364,
    "recall_at_500": 0.70364,
    "recall_at_1000": 0.8,
    "precision_at_1": 0.23636,
    "precision_at_3": 0.19394,
    "precision_at_5": 0.17091,
    "precision_at_10": 0.12727,
    "precision_at_20": 0.11727,
    "precision_at_100": 0.04891,
    "precision_at_200": 0.02936,
    "precision_at_300": 0.02079,
    "precision_at_500": 0.01407,
    "precision_at_1000": 0.008,
    "mrr_at_1": 0.23636,
    "mrr_at_3": 0.31212,
    "mrr_at_5": 0.32939,
    "mrr_at_10": 0.35697,
    "mrr_at_20": 0.36592,
    "mrr_at_100": 0.36905,
    "mrr_at_200": 0.36933,
    "mrr_at_300": 0.36933,
    "mrr_at_500": 0.36933,
    "mrr_at_1000": 0.36935,
    "rc_at_1": {
        "relevant": 0.23636,
        "distractor": 0.63636
    },
    "rc_at_3": {
        "relevant": 0.61818,
        "distractor": 1.94545
    },
    "rc_at_5": {
        "relevant": 0.8,
        "distractor": 3.27273
    },
    "rc_at_10": {
        "relevant": 1.34545,
        "distractor": 6.52727
    },
    "rc_at_20": {
        "relevant": 2.4,
        "distractor": 12.01818
    },
    "rc_at_100": {
        "relevant": 5.07273,
        "distractor": 35.85455
    },
    "rc_at_200": {
        "relevant": 5.98182,
        "distractor": 47.07273
    },
    "rc_at_300": {
        "relevant": 6.50909,
        "distractor": 53.27273
    },
    "rc_at_500": {
        "relevant": 7.16364,
        "distractor": 61.10909
    },
    "rc_at_1000": {
        "relevant": 8.0,
        "distractor": 70.34545
    }
}