{
    "ndcg_at_1": 0.2,
    "ndcg_at_3": 0.15602,
    "ndcg_at_5": 0.1377,
    "ndcg_at_10": 0.10812,
    "ndcg_at_20": 0.14672,
    "ndcg_at_100": 0.20481,
    "ndcg_at_200": 0.23243,
    "ndcg_at_300": 0.24359,
    "ndcg_at_500": 0.25527,
    "ndcg_at_1000": 0.2695,
    "map_at_1": 0.02,
    "map_at_3": 0.03364,
    "map_at_5": 0.04127,
    "map_at_10": 0.04708,
    "map_at_20": 0.0611,
    "map_at_100": 0.07407,
    "map_at_200": 0.07735,
    "map_at_300": 0.07842,
    "map_at_500": 0.07898,
    "map_at_1000": 0.07947,
    "recall_at_1": 0.02,
    "recall_at_3": 0.04364,
    "recall_at_5": 0.06182,
    "recall_at_10": 0.08909,
    "recall_at_20": 0.15818,
    "recall_at_100": 0.30182,
    "recall_at_200": 0.39091,
    "recall_at_300": 0.43091,
    "recall_at_500": 0.47636,
    "recall_at_1000": 0.53818,
    "precision_at_1": 0.2,
    "precision_at_3": 0.14545,
    "precision_at_5": 0.12364,
    "precision_at_10": 0.08909,
    "precision_at_20": 0.07909,
    "precision_at_100": 0.03018,
    "precision_at_200": 0.01955,
    "precision_at_300": 0.01436,
    "precision_at_500": 0.00953,
    "precision_at_1000": 0.00538,
    "mrr_at_1": 0.21818,
    "mrr_at_3": 0.26061,
    "mrr_at_5": 0.28606,
    "mrr_at_10": 0.30507,
    "mrr_at_20": 0.31574,
    "mrr_at_100": 0.32024,
    "mrr_at_200": 0.3204,
    "mrr_at_300": 0.32047,
    "mrr_at_500": 0.32052,
    "mrr_at_1000": 0.32056,
    "rc_at_1": {
        "relevant": 0.21818,
        "distractor": 0.54545
    },
    "rc_at_3": {
        "relevant": 0.45455,
        "distractor": 1.6
    },
    "rc_at_5": {
        "relevant": 0.6,
        "distractor": 2.6
    },
    "rc_at_10": {
        "relevant": 1.0,
        "distractor": 4.8
    },
    "rc_at_20": {
        "relevant": 1.76364,
        "distractor": 7.70909
    },
    "rc_at_100": {
        "relevant": 3.43636,
        "distractor": 19.85455
    },
    "rc_at_200": {
        "relevant": 4.12727,
        "distractor": 25.69091
    },
    "rc_at_300": {
        "relevant": 4.49091,
        "distractor": 29.38182
    },
    "rc_at_500": {
        "relevant": 4.90909,
        "distractor": 34.90909
    },
    "rc_at_1000": {
        "relevant": 5.38182,
        "distractor": 41.45455
    }
}