{
    "ndcg_at_1": 0.09091,
    "ndcg_at_3": 0.04805,
    "ndcg_at_5": 0.03949,
    "ndcg_at_10": 0.02947,
    "ndcg_at_20": 0.0377,
    "ndcg_at_100": 0.0535,
    "ndcg_at_200": 0.05954,
    "ndcg_at_300": 0.06406,
    "ndcg_at_500": 0.07055,
    "ndcg_at_1000": 0.07737,
    "map_at_1": 0.00909,
    "map_at_3": 0.01,
    "map_at_5": 0.01109,
    "map_at_10": 0.01211,
    "map_at_20": 0.01374,
    "map_at_100": 0.01528,
    "map_at_200": 0.01563,
    "map_at_300": 0.01586,
    "map_at_500": 0.01603,
    "map_at_1000": 0.01617,
    "recall_at_1": 0.00909,
    "recall_at_3": 0.01091,
    "recall_at_5": 0.01455,
    "recall_at_10": 0.02,
    "recall_at_20": 0.03455,
    "recall_at_100": 0.07455,
    "recall_at_200": 0.09455,
    "recall_at_300": 0.11091,
    "recall_at_500": 0.13636,
    "recall_at_1000": 0.16545,
    "precision_at_1": 0.09091,
    "precision_at_3": 0.03636,
    "precision_at_5": 0.02909,
    "precision_at_10": 0.02,
    "precision_at_20": 0.01727,
    "precision_at_100": 0.00745,
    "precision_at_200": 0.00473,
    "precision_at_300": 0.0037,
    "precision_at_500": 0.00273,
    "precision_at_1000": 0.00165,
    "mrr_at_1": 0.09091,
    "mrr_at_3": 0.10606,
    "mrr_at_5": 0.11061,
    "mrr_at_10": 0.11444,
    "mrr_at_20": 0.12248,
    "mrr_at_100": 0.12603,
    "mrr_at_200": 0.12647,
    "mrr_at_300": 0.12655,
    "mrr_at_500": 0.1267,
    "mrr_at_1000": 0.12675,
    "rc_at_1": {
        "relevant": 0.09091,
        "distractor": 0.07273
    },
    "rc_at_3": {
        "relevant": 0.14545,
        "distractor": 0.30909
    },
    "rc_at_5": {
        "relevant": 0.18182,
        "distractor": 0.56364
    },
    "rc_at_10": {
        "relevant": 0.21818,
        "distractor": 0.87273
    },
    "rc_at_20": {
        "relevant": 0.41818,
        "distractor": 1.38182
    },
    "rc_at_100": {
        "relevant": 0.78182,
        "distractor": 3.29091
    },
    "rc_at_200": {
        "relevant": 1.07273,
        "distractor": 4.69091
    },
    "rc_at_300": {
        "relevant": 1.27273,
        "distractor": 5.83636
    },
    "rc_at_500": {
        "relevant": 1.49091,
        "distractor": 7.07273
    },
    "rc_at_1000": {
        "relevant": 1.65455,
        "distractor": 9.01818
    }
}