{
    "ndcg_at_1": 0.6372,
    "ndcg_at_3": 0.70388,
    "ndcg_at_5": 0.72582,
    "ndcg_at_10": 0.74769,
    "ndcg_at_20": 0.7611,
    "ndcg_at_100": 0.77467,
    "ndcg_at_200": 0.77681,
    "ndcg_at_300": 0.77761,
    "ndcg_at_500": 0.77835,
    "ndcg_at_1000": 0.77896,
    "map_at_1": 0.55283,
    "map_at_3": 0.66013,
    "map_at_5": 0.67934,
    "map_at_10": 0.69304,
    "map_at_20": 0.69874,
    "map_at_100": 0.70217,
    "map_at_200": 0.7024,
    "map_at_300": 0.70246,
    "map_at_500": 0.7025,
    "map_at_1000": 0.70252,
    "recall_at_1": 0.55283,
    "recall_at_3": 0.74304,
    "recall_at_5": 0.8011,
    "recall_at_10": 0.8645,
    "recall_at_20": 0.91097,
    "recall_at_100": 0.96901,
    "recall_at_200": 0.98047,
    "recall_at_300": 0.98526,
    "recall_at_500": 0.99014,
    "recall_at_1000": 0.99434,
    "precision_at_1": 0.6372,
    "precision_at_3": 0.31267,
    "precision_at_5": 0.20928,
    "precision_at_10": 0.11821,
    "precision_at_20": 0.06448,
    "precision_at_100": 0.01455,
    "precision_at_200": 0.00748,
    "precision_at_300": 0.00504,
    "precision_at_500": 0.00306,
    "precision_at_1000": 0.00155,
    "mrr_at_1": 0.6371,
    "mrr_at_3": 0.7129,
    "mrr_at_5": 0.72452,
    "mrr_at_10": 0.73137,
    "mrr_at_20": 0.73384,
    "mrr_at_100": 0.73488,
    "mrr_at_200": 0.73494,
    "mrr_at_300": 0.73495,
    "mrr_at_500": 0.73496,
    "mrr_at_1000": 0.73496
}