{
    "ndcg_at_1": 0.38025,
    "ndcg_at_3": 0.42791,
    "ndcg_at_5": 0.45445,
    "ndcg_at_10": 0.48065,
    "ndcg_at_20": 0.5001,
    "ndcg_at_100": 0.52675,
    "ndcg_at_200": 0.53557,
    "ndcg_at_300": 0.53961,
    "ndcg_at_500": 0.54297,
    "ndcg_at_1000": 0.5467,
    "map_at_1": 0.30052,
    "map_at_3": 0.37788,
    "map_at_5": 0.40042,
    "map_at_10": 0.41605,
    "map_at_20": 0.42432,
    "map_at_100": 0.43059,
    "map_at_200": 0.4314,
    "map_at_300": 0.43167,
    "map_at_500": 0.43183,
    "map_at_1000": 0.43196,
    "recall_at_1": 0.30052,
    "recall_at_3": 0.44648,
    "recall_at_5": 0.51862,
    "recall_at_10": 0.59878,
    "recall_at_20": 0.66833,
    "recall_at_100": 0.79147,
    "recall_at_200": 0.84264,
    "recall_at_300": 0.86827,
    "recall_at_500": 0.88935,
    "recall_at_1000": 0.91483,
    "precision_at_1": 0.38025,
    "precision_at_3": 0.20955,
    "precision_at_5": 0.15338,
    "precision_at_10": 0.09497,
    "precision_at_20": 0.05672,
    "precision_at_100": 0.0154,
    "precision_at_200": 0.00851,
    "precision_at_300": 0.00596,
    "precision_at_500": 0.00377,
    "precision_at_1000": 0.00201,
    "mrr_at_1": 0.38025,
    "mrr_at_3": 0.45011,
    "mrr_at_5": 0.46574,
    "mrr_at_10": 0.47618,
    "mrr_at_20": 0.48047,
    "mrr_at_100": 0.48295,
    "mrr_at_200": 0.48324,
    "mrr_at_300": 0.48333,
    "mrr_at_500": 0.48337,
    "mrr_at_1000": 0.4834
}