{
    "ndcg_at_1": 0.72,
    "ndcg_at_3": 0.73022,
    "ndcg_at_5": 0.71603,
    "ndcg_at_10": 0.69206,
    "ndcg_at_20": 0.66969,
    "ndcg_at_100": 0.54377,
    "ndcg_at_200": 0.47517,
    "ndcg_at_300": 0.44584,
    "ndcg_at_500": 0.44681,
    "ndcg_at_1000": 0.50377,
    "map_at_1": 0.00208,
    "map_at_3": 0.00582,
    "map_at_5": 0.00928,
    "map_at_10": 0.01674,
    "map_at_20": 0.03036,
    "map_at_100": 0.10388,
    "map_at_200": 0.15473,
    "map_at_300": 0.18299,
    "map_at_500": 0.21692,
    "map_at_1000": 0.25217,
    "recall_at_1": 0.00208,
    "recall_at_3": 0.00616,
    "recall_at_5": 0.01018,
    "recall_at_10": 0.01917,
    "recall_at_20": 0.03643,
    "recall_at_100": 0.13939,
    "recall_at_200": 0.22574,
    "recall_at_300": 0.2837,
    "recall_at_500": 0.36767,
    "recall_at_1000": 0.48363,
    "precision_at_1": 0.78,
    "precision_at_3": 0.78,
    "precision_at_5": 0.768,
    "precision_at_10": 0.74,
    "precision_at_20": 0.714,
    "precision_at_100": 0.565,
    "precision_at_200": 0.4697,
    "precision_at_300": 0.40273,
    "precision_at_500": 0.32272,
    "precision_at_1000": 0.22032,
    "mrr_at_1": 0.78,
    "mrr_at_3": 0.86,
    "mrr_at_5": 0.87,
    "mrr_at_10": 0.87333,
    "mrr_at_20": 0.87333,
    "mrr_at_100": 0.87333,
    "mrr_at_200": 0.87333,
    "mrr_at_300": 0.87333,
    "mrr_at_500": 0.87333,
    "mrr_at_1000": 0.87333
}