{
    "ndcg_at_1": 0.27705,
    "ndcg_at_3": 0.32512,
    "ndcg_at_5": 0.34662,
    "ndcg_at_10": 0.3767,
    "ndcg_at_20": 0.40149,
    "ndcg_at_100": 0.43443,
    "ndcg_at_200": 0.44522,
    "ndcg_at_300": 0.45013,
    "ndcg_at_500": 0.4553,
    "ndcg_at_1000": 0.46065,
    "map_at_1": 0.23922,
    "map_at_3": 0.29544,
    "map_at_5": 0.30951,
    "map_at_10": 0.32362,
    "map_at_20": 0.33126,
    "map_at_100": 0.33643,
    "map_at_200": 0.33714,
    "map_at_300": 0.33736,
    "map_at_500": 0.33753,
    "map_at_1000": 0.33763,
    "recall_at_1": 0.23922,
    "recall_at_3": 0.36113,
    "recall_at_5": 0.41448,
    "recall_at_10": 0.50021,
    "recall_at_20": 0.59006,
    "recall_at_100": 0.74999,
    "recall_at_200": 0.81716,
    "recall_at_300": 0.85031,
    "recall_at_500": 0.88842,
    "recall_at_1000": 0.93278,
    "precision_at_1": 0.27705,
    "precision_at_3": 0.14739,
    "precision_at_5": 0.10504,
    "precision_at_10": 0.06623,
    "precision_at_20": 0.03988,
    "precision_at_100": 0.01067,
    "precision_at_200": 0.00595,
    "precision_at_300": 0.00418,
    "precision_at_500": 0.00266,
    "precision_at_1000": 0.00142,
    "mrr_at_1": 0.27705,
    "mrr_at_3": 0.33349,
    "mrr_at_5": 0.34771,
    "mrr_at_10": 0.35988,
    "mrr_at_20": 0.36604,
    "mrr_at_100": 0.36987,
    "mrr_at_200": 0.37031,
    "mrr_at_300": 0.3704,
    "mrr_at_500": 0.37048,
    "mrr_at_1000": 0.37053
}