{
    "ndcg_at_1": 0.07273,
    "ndcg_at_3": 0.05343,
    "ndcg_at_5": 0.04366,
    "ndcg_at_10": 0.03493,
    "ndcg_at_20": 0.04111,
    "ndcg_at_100": 0.05693,
    "ndcg_at_200": 0.06309,
    "ndcg_at_300": 0.06563,
    "ndcg_at_500": 0.07445,
    "ndcg_at_1000": 0.0833,
    "map_at_1": 0.00727,
    "map_at_3": 0.01091,
    "map_at_5": 0.013,
    "map_at_10": 0.01484,
    "map_at_20": 0.01695,
    "map_at_100": 0.01889,
    "map_at_200": 0.01939,
    "map_at_300": 0.01949,
    "map_at_500": 0.01985,
    "map_at_1000": 0.02005,
    "recall_at_1": 0.00727,
    "recall_at_3": 0.01455,
    "recall_at_5": 0.01818,
    "recall_at_10": 0.02727,
    "recall_at_20": 0.03818,
    "recall_at_100": 0.07818,
    "recall_at_200": 0.09818,
    "recall_at_300": 0.10727,
    "recall_at_500": 0.14182,
    "recall_at_1000": 0.18,
    "precision_at_1": 0.07273,
    "precision_at_3": 0.04848,
    "precision_at_5": 0.03636,
    "precision_at_10": 0.02727,
    "precision_at_20": 0.01909,
    "precision_at_100": 0.00782,
    "precision_at_200": 0.00491,
    "precision_at_300": 0.00358,
    "precision_at_500": 0.00284,
    "precision_at_1000": 0.0018,
    "mrr_at_1": 0.07273,
    "mrr_at_3": 0.09697,
    "mrr_at_5": 0.09697,
    "mrr_at_10": 0.10429,
    "mrr_at_20": 0.1078,
    "mrr_at_100": 0.11349,
    "mrr_at_200": 0.1136,
    "mrr_at_300": 0.1136,
    "mrr_at_500": 0.11376,
    "mrr_at_1000": 0.1139,
    "rc_at_1": {
        "relevant": 0.07273,
        "distractor": 0.10909
    },
    "rc_at_3": {
        "relevant": 0.14545,
        "distractor": 0.25455
    },
    "rc_at_5": {
        "relevant": 0.18182,
        "distractor": 0.43636
    },
    "rc_at_10": {
        "relevant": 0.27273,
        "distractor": 0.76364
    },
    "rc_at_20": {
        "relevant": 0.38182,
        "distractor": 1.29091
    },
    "rc_at_100": {
        "relevant": 0.78182,
        "distractor": 2.83636
    },
    "rc_at_200": {
        "relevant": 0.98182,
        "distractor": 4.25455
    },
    "rc_at_300": {
        "relevant": 1.07273,
        "distractor": 5.36364
    },
    "rc_at_500": {
        "relevant": 1.41818,
        "distractor": 6.67273
    },
    "rc_at_1000": {
        "relevant": 1.8,
        "distractor": 8.96364
    }
}