{
    "ndcg_at_1": 0.29091,
    "ndcg_at_3": 0.19553,
    "ndcg_at_5": 0.17422,
    "ndcg_at_10": 0.15996,
    "ndcg_at_20": 0.21062,
    "ndcg_at_100": 0.34071,
    "ndcg_at_200": 0.36467,
    "ndcg_at_300": 0.38126,
    "ndcg_at_500": 0.40007,
    "ndcg_at_1000": 0.41572,
    "map_at_1": 0.02909,
    "map_at_3": 0.04212,
    "map_at_5": 0.05103,
    "map_at_10": 0.07179,
    "map_at_20": 0.09215,
    "map_at_100": 0.1311,
    "map_at_200": 0.13481,
    "map_at_300": 0.13642,
    "map_at_500": 0.13775,
    "map_at_1000": 0.13848,
    "recall_at_1": 0.02909,
    "recall_at_3": 0.05091,
    "recall_at_5": 0.07455,
    "recall_at_10": 0.14182,
    "recall_at_20": 0.23273,
    "recall_at_100": 0.55091,
    "recall_at_200": 0.62909,
    "recall_at_300": 0.68909,
    "recall_at_500": 0.76182,
    "recall_at_1000": 0.82909,
    "precision_at_1": 0.29091,
    "precision_at_3": 0.1697,
    "precision_at_5": 0.14909,
    "precision_at_10": 0.14182,
    "precision_at_20": 0.11636,
    "precision_at_100": 0.05509,
    "precision_at_200": 0.03145,
    "precision_at_300": 0.02297,
    "precision_at_500": 0.01524,
    "precision_at_1000": 0.00829,
    "mrr_at_1": 0.29091,
    "mrr_at_3": 0.35455,
    "mrr_at_5": 0.38,
    "mrr_at_10": 0.40123,
    "mrr_at_20": 0.40915,
    "mrr_at_100": 0.41271,
    "mrr_at_200": 0.41271,
    "mrr_at_300": 0.41286,
    "mrr_at_500": 0.41295,
    "mrr_at_1000": 0.41295,
    "rc_at_1": {
        "relevant": 0.29091,
        "distractor": 0.61818
    },
    "rc_at_3": {
        "relevant": 0.50909,
        "distractor": 2.16364
    },
    "rc_at_5": {
        "relevant": 0.74545,
        "distractor": 3.67273
    },
    "rc_at_10": {
        "relevant": 1.41818,
        "distractor": 7.05455
    },
    "rc_at_20": {
        "relevant": 2.32727,
        "distractor": 12.90909
    },
    "rc_at_100": {
        "relevant": 5.50909,
        "distractor": 39.89091
    },
    "rc_at_200": {
        "relevant": 6.29091,
        "distractor": 51.81818
    },
    "rc_at_300": {
        "relevant": 6.92727,
        "distractor": 57.4
    },
    "rc_at_500": {
        "relevant": 7.61818,
        "distractor": 64.50909
    },
    "rc_at_1000": {
        "relevant": 8.29091,
        "distractor": 73.92727
    }
}