{
    "ndcg_at_1": 0.14545,
    "ndcg_at_3": 0.10797,
    "ndcg_at_5": 0.10059,
    "ndcg_at_10": 0.07628,
    "ndcg_at_20": 0.08914,
    "ndcg_at_100": 0.13397,
    "ndcg_at_200": 0.14365,
    "ndcg_at_300": 0.15025,
    "ndcg_at_500": 0.16482,
    "ndcg_at_1000": 0.17672,
    "map_at_1": 0.01455,
    "map_at_3": 0.02212,
    "map_at_5": 0.02821,
    "map_at_10": 0.03202,
    "map_at_20": 0.03652,
    "map_at_100": 0.04546,
    "map_at_200": 0.04624,
    "map_at_300": 0.04675,
    "map_at_500": 0.0473,
    "map_at_1000": 0.04764,
    "recall_at_1": 0.01455,
    "recall_at_3": 0.02909,
    "recall_at_5": 0.04545,
    "recall_at_10": 0.06182,
    "recall_at_20": 0.08545,
    "recall_at_100": 0.19818,
    "recall_at_200": 0.22909,
    "recall_at_300": 0.25273,
    "recall_at_500": 0.30909,
    "recall_at_1000": 0.36,
    "precision_at_1": 0.14545,
    "precision_at_3": 0.09697,
    "precision_at_5": 0.09091,
    "precision_at_10": 0.06182,
    "precision_at_20": 0.04273,
    "precision_at_100": 0.01982,
    "precision_at_200": 0.01145,
    "precision_at_300": 0.00842,
    "precision_at_500": 0.00618,
    "precision_at_1000": 0.0036,
    "mrr_at_1": 0.16364,
    "mrr_at_3": 0.20606,
    "mrr_at_5": 0.22606,
    "mrr_at_10": 0.23573,
    "mrr_at_20": 0.23738,
    "mrr_at_100": 0.24312,
    "mrr_at_200": 0.24327,
    "mrr_at_300": 0.24344,
    "mrr_at_500": 0.24375,
    "mrr_at_1000": 0.24378,
    "rc_at_1": {
        "relevant": 0.16364,
        "distractor": 0.23636
    },
    "rc_at_3": {
        "relevant": 0.29091,
        "distractor": 0.81818
    },
    "rc_at_5": {
        "relevant": 0.45455,
        "distractor": 1.30909
    },
    "rc_at_10": {
        "relevant": 0.61818,
        "distractor": 2.27273
    },
    "rc_at_20": {
        "relevant": 0.85455,
        "distractor": 3.85455
    },
    "rc_at_100": {
        "relevant": 1.98182,
        "distractor": 10.07273
    },
    "rc_at_200": {
        "relevant": 2.29091,
        "distractor": 13.05455
    },
    "rc_at_300": {
        "relevant": 2.54545,
        "distractor": 14.94545
    },
    "rc_at_500": {
        "relevant": 3.09091,
        "distractor": 17.98182
    },
    "rc_at_1000": {
        "relevant": 3.6,
        "distractor": 22.92727
    }
}