{
    "ndcg_at_1": 0.8147,
    "ndcg_at_3": 0.85821,
    "ndcg_at_5": 0.87376,
    "ndcg_at_10": 0.88576,
    "ndcg_at_20": 0.89257,
    "ndcg_at_100": 0.89765,
    "ndcg_at_200": 0.89819,
    "ndcg_at_300": 0.89834,
    "ndcg_at_500": 0.89847,
    "ndcg_at_1000": 0.8985,
    "map_at_1": 0.70677,
    "map_at_3": 0.81935,
    "map_at_5": 0.83792,
    "map_at_10": 0.84836,
    "map_at_20": 0.85265,
    "map_at_100": 0.85476,
    "map_at_200": 0.85487,
    "map_at_300": 0.85489,
    "map_at_500": 0.8549,
    "map_at_1000": 0.85491,
    "recall_at_1": 0.70677,
    "recall_at_3": 0.87811,
    "recall_at_5": 0.92196,
    "recall_at_10": 0.95691,
    "recall_at_20": 0.97836,
    "recall_at_100": 0.99623,
    "recall_at_200": 0.99848,
    "recall_at_300": 0.99906,
    "recall_at_500": 0.99971,
    "recall_at_1000": 0.99983,
    "precision_at_1": 0.8147,
    "precision_at_3": 0.37607,
    "precision_at_5": 0.2471,
    "precision_at_10": 0.13428,
    "precision_at_20": 0.07143,
    "precision_at_100": 0.01534,
    "precision_at_200": 0.00776,
    "precision_at_300": 0.0052,
    "precision_at_500": 0.00313,
    "precision_at_1000": 0.00157,
    "mrr_at_1": 0.8146,
    "mrr_at_3": 0.86867,
    "mrr_at_5": 0.87484,
    "mrr_at_10": 0.8778,
    "mrr_at_20": 0.87857,
    "mrr_at_100": 0.87877,
    "mrr_at_200": 0.87877,
    "mrr_at_300": 0.87877,
    "mrr_at_500": 0.87877,
    "mrr_at_1000": 0.87877
}