{
    "ndcg_at_1": 0.7872,
    "ndcg_at_3": 0.83105,
    "ndcg_at_5": 0.84781,
    "ndcg_at_10": 0.86213,
    "ndcg_at_20": 0.86988,
    "ndcg_at_100": 0.87666,
    "ndcg_at_200": 0.87752,
    "ndcg_at_300": 0.87784,
    "ndcg_at_500": 0.87805,
    "ndcg_at_1000": 0.87818,
    "map_at_1": 0.68256,
    "map_at_3": 0.79139,
    "map_at_5": 0.81013,
    "map_at_10": 0.82133,
    "map_at_20": 0.82577,
    "map_at_100": 0.82816,
    "map_at_200": 0.8283,
    "map_at_300": 0.82834,
    "map_at_500": 0.82835,
    "map_at_1000": 0.82836,
    "recall_at_1": 0.68256,
    "recall_at_3": 0.85224,
    "recall_at_5": 0.89911,
    "recall_at_10": 0.94102,
    "recall_at_20": 0.96613,
    "recall_at_100": 0.99194,
    "recall_at_200": 0.99588,
    "recall_at_300": 0.99753,
    "recall_at_500": 0.99865,
    "recall_at_1000": 0.99947,
    "precision_at_1": 0.7872,
    "precision_at_3": 0.36393,
    "precision_at_5": 0.23994,
    "precision_at_10": 0.13133,
    "precision_at_20": 0.06997,
    "precision_at_100": 0.01517,
    "precision_at_200": 0.00771,
    "precision_at_300": 0.00517,
    "precision_at_500": 0.00312,
    "precision_at_1000": 0.00156,
    "mrr_at_1": 0.7872,
    "mrr_at_3": 0.84325,
    "mrr_at_5": 0.8503,
    "mrr_at_10": 0.85394,
    "mrr_at_20": 0.85504,
    "mrr_at_100": 0.85541,
    "mrr_at_200": 0.85542,
    "mrr_at_300": 0.85542,
    "mrr_at_500": 0.85542,
    "mrr_at_1000": 0.85542
}