{
    "ndcg_at_1": 0.14787,
    "ndcg_at_3": 0.20784,
    "ndcg_at_5": 0.23217,
    "ndcg_at_10": 0.26204,
    "ndcg_at_20": 0.28597,
    "ndcg_at_100": 0.3267,
    "ndcg_at_200": 0.33698,
    "ndcg_at_300": 0.34201,
    "ndcg_at_500": 0.3468,
    "ndcg_at_1000": 0.35358,
    "map_at_1": 0.13863,
    "map_at_3": 0.18755,
    "map_at_5": 0.20212,
    "map_at_10": 0.2144,
    "map_at_20": 0.2213,
    "map_at_100": 0.2273,
    "map_at_200": 0.22792,
    "map_at_300": 0.22812,
    "map_at_500": 0.22828,
    "map_at_1000": 0.22841,
    "recall_at_1": 0.13863,
    "recall_at_3": 0.24723,
    "recall_at_5": 0.30558,
    "recall_at_10": 0.39621,
    "recall_at_20": 0.48518,
    "recall_at_100": 0.69399,
    "recall_at_200": 0.76201,
    "recall_at_300": 0.79846,
    "recall_at_500": 0.8347,
    "recall_at_1000": 0.89406,
    "precision_at_1": 0.14787,
    "precision_at_3": 0.09242,
    "precision_at_5": 0.06913,
    "precision_at_10": 0.04529,
    "precision_at_20": 0.02884,
    "precision_at_100": 0.00847,
    "precision_at_200": 0.00478,
    "precision_at_300": 0.00341,
    "precision_at_500": 0.0022,
    "precision_at_1000": 0.0012,
    "mrr_at_1": 0.14787,
    "mrr_at_3": 0.20364,
    "mrr_at_5": 0.21685,
    "mrr_at_10": 0.22966,
    "mrr_at_20": 0.23615,
    "mrr_at_100": 0.2416,
    "mrr_at_200": 0.24202,
    "mrr_at_300": 0.24214,
    "mrr_at_500": 0.24224,
    "mrr_at_1000": 0.24232
}