{
    "ndcg_at_1": 0.27169,
    "ndcg_at_3": 0.31631,
    "ndcg_at_5": 0.33802,
    "ndcg_at_10": 0.3643,
    "ndcg_at_20": 0.39113,
    "ndcg_at_100": 0.42361,
    "ndcg_at_200": 0.4341,
    "ndcg_at_300": 0.43914,
    "ndcg_at_500": 0.44472,
    "ndcg_at_1000": 0.45026,
    "map_at_1": 0.22544,
    "map_at_3": 0.28331,
    "map_at_5": 0.29898,
    "map_at_10": 0.31125,
    "map_at_20": 0.32009,
    "map_at_100": 0.32549,
    "map_at_200": 0.32619,
    "map_at_300": 0.3264,
    "map_at_500": 0.32657,
    "map_at_1000": 0.32669,
    "recall_at_1": 0.22544,
    "recall_at_3": 0.34414,
    "recall_at_5": 0.40165,
    "recall_at_10": 0.47932,
    "recall_at_20": 0.57286,
    "recall_at_100": 0.72589,
    "recall_at_200": 0.79054,
    "recall_at_300": 0.82523,
    "recall_at_500": 0.86762,
    "recall_at_1000": 0.90998,
    "precision_at_1": 0.27169,
    "precision_at_3": 0.14954,
    "precision_at_5": 0.10708,
    "precision_at_10": 0.06553,
    "precision_at_20": 0.04098,
    "precision_at_100": 0.01111,
    "precision_at_200": 0.00622,
    "precision_at_300": 0.00437,
    "precision_at_500": 0.00278,
    "precision_at_1000": 0.00151,
    "mrr_at_1": 0.27169,
    "mrr_at_3": 0.3301,
    "mrr_at_5": 0.3458,
    "mrr_at_10": 0.35715,
    "mrr_at_20": 0.36354,
    "mrr_at_100": 0.36714,
    "mrr_at_200": 0.36756,
    "mrr_at_300": 0.36768,
    "mrr_at_500": 0.36777,
    "mrr_at_1000": 0.36781
}