{
    "ndcg_at_1": 0.23636,
    "ndcg_at_3": 0.22875,
    "ndcg_at_5": 0.20088,
    "ndcg_at_10": 0.16756,
    "ndcg_at_20": 0.21547,
    "ndcg_at_100": 0.33129,
    "ndcg_at_200": 0.35422,
    "ndcg_at_300": 0.37079,
    "ndcg_at_500": 0.38057,
    "ndcg_at_1000": 0.39285,
    "map_at_1": 0.02364,
    "map_at_3": 0.05606,
    "map_at_5": 0.07024,
    "map_at_10": 0.08888,
    "map_at_20": 0.10672,
    "map_at_100": 0.1379,
    "map_at_200": 0.14134,
    "map_at_300": 0.14314,
    "map_at_500": 0.14393,
    "map_at_1000": 0.14445,
    "recall_at_1": 0.02364,
    "recall_at_3": 0.06909,
    "recall_at_5": 0.09455,
    "recall_at_10": 0.14727,
    "recall_at_20": 0.23455,
    "recall_at_100": 0.52364,
    "recall_at_200": 0.59818,
    "recall_at_300": 0.65818,
    "recall_at_500": 0.69636,
    "recall_at_1000": 0.74909,
    "precision_at_1": 0.23636,
    "precision_at_3": 0.2303,
    "precision_at_5": 0.18909,
    "precision_at_10": 0.14727,
    "precision_at_20": 0.11727,
    "precision_at_100": 0.05236,
    "precision_at_200": 0.02991,
    "precision_at_300": 0.02194,
    "precision_at_500": 0.01393,
    "precision_at_1000": 0.00749,
    "mrr_at_1": 0.23636,
    "mrr_at_3": 0.3,
    "mrr_at_5": 0.32182,
    "mrr_at_10": 0.33904,
    "mrr_at_20": 0.34998,
    "mrr_at_100": 0.35662,
    "mrr_at_200": 0.35662,
    "mrr_at_300": 0.35662,
    "mrr_at_500": 0.35662,
    "mrr_at_1000": 0.35665,
    "rc_at_1": {
        "relevant": 0.23636,
        "distractor": 0.6
    },
    "rc_at_3": {
        "relevant": 0.69091,
        "distractor": 1.87273
    },
    "rc_at_5": {
        "relevant": 0.94545,
        "distractor": 3.05455
    },
    "rc_at_10": {
        "relevant": 1.47273,
        "distractor": 5.87273
    },
    "rc_at_20": {
        "relevant": 2.34545,
        "distractor": 10.98182
    },
    "rc_at_100": {
        "relevant": 5.23636,
        "distractor": 33.94545
    },
    "rc_at_200": {
        "relevant": 5.98182,
        "distractor": 43.07273
    },
    "rc_at_300": {
        "relevant": 6.58182,
        "distractor": 48.67273
    },
    "rc_at_500": {
        "relevant": 6.96364,
        "distractor": 54.52727
    },
    "rc_at_1000": {
        "relevant": 7.49091,
        "distractor": 61.72727
    }
}