{
    "ndcg_at_1": 0.17619,
    "ndcg_at_3": 0.2129,
    "ndcg_at_5": 0.23574,
    "ndcg_at_10": 0.25876,
    "ndcg_at_20": 0.27924,
    "ndcg_at_100": 0.31825,
    "ndcg_at_200": 0.32977,
    "ndcg_at_300": 0.33588,
    "ndcg_at_500": 0.34223,
    "ndcg_at_1000": 0.34949,
    "map_at_1": 0.14498,
    "map_at_3": 0.18766,
    "map_at_5": 0.20207,
    "map_at_10": 0.21265,
    "map_at_20": 0.21887,
    "map_at_100": 0.2248,
    "map_at_200": 0.22552,
    "map_at_300": 0.22579,
    "map_at_500": 0.22598,
    "map_at_1000": 0.22613,
    "recall_at_1": 0.14498,
    "recall_at_3": 0.23718,
    "recall_at_5": 0.29566,
    "recall_at_10": 0.36444,
    "recall_at_20": 0.43959,
    "recall_at_100": 0.63369,
    "recall_at_200": 0.70723,
    "recall_at_300": 0.75005,
    "recall_at_500": 0.79754,
    "recall_at_1000": 0.85616,
    "precision_at_1": 0.17619,
    "precision_at_3": 0.10197,
    "precision_at_5": 0.07715,
    "precision_at_10": 0.049,
    "precision_at_20": 0.03061,
    "precision_at_100": 0.00938,
    "precision_at_200": 0.00539,
    "precision_at_300": 0.00388,
    "precision_at_500": 0.00253,
    "precision_at_1000": 0.0014,
    "mrr_at_1": 0.17481,
    "mrr_at_3": 0.22104,
    "mrr_at_5": 0.23644,
    "mrr_at_10": 0.24632,
    "mrr_at_20": 0.25164,
    "mrr_at_100": 0.25646,
    "mrr_at_200": 0.25696,
    "mrr_at_300": 0.25712,
    "mrr_at_500": 0.25723,
    "mrr_at_1000": 0.2573
}