{
    "ndcg_at_1": 0.30909,
    "ndcg_at_3": 0.24916,
    "ndcg_at_5": 0.22518,
    "ndcg_at_10": 0.1859,
    "ndcg_at_20": 0.22815,
    "ndcg_at_100": 0.33061,
    "ndcg_at_200": 0.35361,
    "ndcg_at_300": 0.36671,
    "ndcg_at_500": 0.37881,
    "ndcg_at_1000": 0.39019,
    "map_at_1": 0.03091,
    "map_at_3": 0.06061,
    "map_at_5": 0.08061,
    "map_at_10": 0.09808,
    "map_at_20": 0.11599,
    "map_at_100": 0.14384,
    "map_at_200": 0.14715,
    "map_at_300": 0.14851,
    "map_at_500": 0.14924,
    "map_at_1000": 0.14976,
    "recall_at_1": 0.03091,
    "recall_at_3": 0.06909,
    "recall_at_5": 0.10182,
    "recall_at_10": 0.15818,
    "recall_at_20": 0.23455,
    "recall_at_100": 0.49091,
    "recall_at_200": 0.56545,
    "recall_at_300": 0.61273,
    "recall_at_500": 0.66,
    "recall_at_1000": 0.70909,
    "precision_at_1": 0.30909,
    "precision_at_3": 0.2303,
    "precision_at_5": 0.20364,
    "precision_at_10": 0.15818,
    "precision_at_20": 0.11727,
    "precision_at_100": 0.04909,
    "precision_at_200": 0.02827,
    "precision_at_300": 0.02042,
    "precision_at_500": 0.0132,
    "precision_at_1000": 0.00709,
    "mrr_at_1": 0.30909,
    "mrr_at_3": 0.37576,
    "mrr_at_5": 0.39212,
    "mrr_at_10": 0.4225,
    "mrr_at_20": 0.42613,
    "mrr_at_100": 0.42876,
    "mrr_at_200": 0.42899,
    "mrr_at_300": 0.42906,
    "mrr_at_500": 0.42906,
    "mrr_at_1000": 0.42908,
    "rc_at_1": {
        "relevant": 0.30909,
        "distractor": 0.54545
    },
    "rc_at_3": {
        "relevant": 0.69091,
        "distractor": 1.69091
    },
    "rc_at_5": {
        "relevant": 1.01818,
        "distractor": 2.8
    },
    "rc_at_10": {
        "relevant": 1.58182,
        "distractor": 5.72727
    },
    "rc_at_20": {
        "relevant": 2.34545,
        "distractor": 10.67273
    },
    "rc_at_100": {
        "relevant": 4.90909,
        "distractor": 29.85455
    },
    "rc_at_200": {
        "relevant": 5.65455,
        "distractor": 39.45455
    },
    "rc_at_300": {
        "relevant": 6.12727,
        "distractor": 43.92727
    },
    "rc_at_500": {
        "relevant": 6.6,
        "distractor": 49.87273
    },
    "rc_at_1000": {
        "relevant": 7.09091,
        "distractor": 57.70909
    }
}