{
    "ndcg_at_1": 0.23636,
    "ndcg_at_3": 0.21818,
    "ndcg_at_5": 0.18766,
    "ndcg_at_10": 0.13989,
    "ndcg_at_20": 0.16357,
    "ndcg_at_100": 0.21879,
    "ndcg_at_200": 0.24626,
    "ndcg_at_300": 0.26131,
    "ndcg_at_500": 0.2758,
    "ndcg_at_1000": 0.28863,
    "map_at_1": 0.02364,
    "map_at_3": 0.05273,
    "map_at_5": 0.06773,
    "map_at_10": 0.0789,
    "map_at_20": 0.08709,
    "map_at_100": 0.09801,
    "map_at_200": 0.10092,
    "map_at_300": 0.10212,
    "map_at_500": 0.10284,
    "map_at_1000": 0.10342,
    "recall_at_1": 0.02364,
    "recall_at_3": 0.06364,
    "recall_at_5": 0.08545,
    "recall_at_10": 0.11091,
    "recall_at_20": 0.15273,
    "recall_at_100": 0.28909,
    "recall_at_200": 0.37818,
    "recall_at_300": 0.43273,
    "recall_at_500": 0.48909,
    "recall_at_1000": 0.54364,
    "precision_at_1": 0.23636,
    "precision_at_3": 0.21212,
    "precision_at_5": 0.17091,
    "precision_at_10": 0.11091,
    "precision_at_20": 0.07636,
    "precision_at_100": 0.02891,
    "precision_at_200": 0.01891,
    "precision_at_300": 0.01442,
    "precision_at_500": 0.00978,
    "precision_at_1000": 0.00544,
    "mrr_at_1": 0.23636,
    "mrr_at_3": 0.31515,
    "mrr_at_5": 0.32333,
    "mrr_at_10": 0.33091,
    "mrr_at_20": 0.34174,
    "mrr_at_100": 0.34762,
    "mrr_at_200": 0.34797,
    "mrr_at_300": 0.34797,
    "mrr_at_500": 0.34801,
    "mrr_at_1000": 0.34801,
    "rc_at_1": {
        "relevant": 0.23636,
        "distractor": 0.38182
    },
    "rc_at_3": {
        "relevant": 0.63636,
        "distractor": 1.18182
    },
    "rc_at_5": {
        "relevant": 0.85455,
        "distractor": 1.76364
    },
    "rc_at_10": {
        "relevant": 1.10909,
        "distractor": 3.29091
    },
    "rc_at_20": {
        "relevant": 1.52727,
        "distractor": 6.0
    },
    "rc_at_100": {
        "relevant": 2.89091,
        "distractor": 15.09091
    },
    "rc_at_200": {
        "relevant": 3.78182,
        "distractor": 20.83636
    },
    "rc_at_300": {
        "relevant": 4.32727,
        "distractor": 24.34545
    },
    "rc_at_500": {
        "relevant": 4.89091,
        "distractor": 29.52727
    },
    "rc_at_1000": {
        "relevant": 5.43636,
        "distractor": 36.89091
    }
}