{
    "ndcg_at_1": 0.36369,
    "ndcg_at_3": 0.41438,
    "ndcg_at_5": 0.43752,
    "ndcg_at_10": 0.46307,
    "ndcg_at_20": 0.48167,
    "ndcg_at_100": 0.51093,
    "ndcg_at_200": 0.5196,
    "ndcg_at_300": 0.52363,
    "ndcg_at_500": 0.5278,
    "ndcg_at_1000": 0.53167,
    "map_at_1": 0.288,
    "map_at_3": 0.3658,
    "map_at_5": 0.3852,
    "map_at_10": 0.40038,
    "map_at_20": 0.40793,
    "map_at_100": 0.41485,
    "map_at_200": 0.41564,
    "map_at_300": 0.41589,
    "map_at_500": 0.41608,
    "map_at_1000": 0.41619,
    "recall_at_1": 0.288,
    "recall_at_3": 0.43623,
    "recall_at_5": 0.5009,
    "recall_at_10": 0.57692,
    "recall_at_20": 0.64523,
    "recall_at_100": 0.77671,
    "recall_at_200": 0.82732,
    "recall_at_300": 0.85274,
    "recall_at_500": 0.88022,
    "recall_at_1000": 0.90737,
    "precision_at_1": 0.36369,
    "precision_at_3": 0.20446,
    "precision_at_5": 0.14713,
    "precision_at_10": 0.09166,
    "precision_at_20": 0.05424,
    "precision_at_100": 0.01509,
    "precision_at_200": 0.00835,
    "precision_at_300": 0.00586,
    "precision_at_500": 0.00371,
    "precision_at_1000": 0.00198,
    "mrr_at_1": 0.36369,
    "mrr_at_3": 0.4345,
    "mrr_at_5": 0.44874,
    "mrr_at_10": 0.45848,
    "mrr_at_20": 0.46289,
    "mrr_at_100": 0.46579,
    "mrr_at_200": 0.46611,
    "mrr_at_300": 0.4662,
    "mrr_at_500": 0.46625,
    "mrr_at_1000": 0.46628
}