{
    "ndcg_at_1": 0.23193,
    "ndcg_at_3": 0.27228,
    "ndcg_at_5": 0.29036,
    "ndcg_at_10": 0.31565,
    "ndcg_at_20": 0.33408,
    "ndcg_at_100": 0.36609,
    "ndcg_at_200": 0.37736,
    "ndcg_at_300": 0.38347,
    "ndcg_at_500": 0.38949,
    "ndcg_at_1000": 0.39653,
    "map_at_1": 0.18909,
    "map_at_3": 0.24194,
    "map_at_5": 0.25474,
    "map_at_10": 0.26637,
    "map_at_20": 0.2721,
    "map_at_100": 0.27708,
    "map_at_200": 0.27781,
    "map_at_300": 0.27807,
    "map_at_500": 0.27826,
    "map_at_1000": 0.2784,
    "recall_at_1": 0.18909,
    "recall_at_3": 0.29919,
    "recall_at_5": 0.34722,
    "recall_at_10": 0.42254,
    "recall_at_20": 0.49144,
    "recall_at_100": 0.65018,
    "recall_at_200": 0.72112,
    "recall_at_300": 0.76398,
    "recall_at_500": 0.80879,
    "recall_at_1000": 0.86703,
    "precision_at_1": 0.23193,
    "precision_at_3": 0.13019,
    "precision_at_5": 0.09332,
    "precision_at_10": 0.05826,
    "precision_at_20": 0.03443,
    "precision_at_100": 0.00968,
    "precision_at_200": 0.00554,
    "precision_at_300": 0.00397,
    "precision_at_500": 0.00258,
    "precision_at_1000": 0.00141,
    "mrr_at_1": 0.23193,
    "mrr_at_3": 0.28567,
    "mrr_at_5": 0.29667,
    "mrr_at_10": 0.30768,
    "mrr_at_20": 0.31249,
    "mrr_at_100": 0.31625,
    "mrr_at_200": 0.31673,
    "mrr_at_300": 0.31688,
    "mrr_at_500": 0.31698,
    "mrr_at_1000": 0.31705
}