{
    "ndcg_at_1": 0.25956,
    "ndcg_at_3": 0.32025,
    "ndcg_at_5": 0.34811,
    "ndcg_at_10": 0.3746,
    "ndcg_at_20": 0.39437,
    "ndcg_at_100": 0.4247,
    "ndcg_at_200": 0.43428,
    "ndcg_at_300": 0.44007,
    "ndcg_at_500": 0.44481,
    "ndcg_at_1000": 0.44983,
    "map_at_1": 0.22455,
    "map_at_3": 0.29062,
    "map_at_5": 0.30804,
    "map_at_10": 0.32013,
    "map_at_20": 0.32632,
    "map_at_100": 0.33118,
    "map_at_200": 0.33174,
    "map_at_300": 0.33198,
    "map_at_500": 0.33211,
    "map_at_1000": 0.3322,
    "recall_at_1": 0.22455,
    "recall_at_3": 0.36214,
    "recall_at_5": 0.42959,
    "recall_at_10": 0.50816,
    "recall_at_20": 0.58218,
    "recall_at_100": 0.73198,
    "recall_at_200": 0.79447,
    "recall_at_300": 0.83571,
    "recall_at_500": 0.87335,
    "recall_at_1000": 0.9163,
    "precision_at_1": 0.25956,
    "precision_at_3": 0.14587,
    "precision_at_5": 0.10596,
    "precision_at_10": 0.06389,
    "precision_at_20": 0.03746,
    "precision_at_100": 0.00981,
    "precision_at_200": 0.00538,
    "precision_at_300": 0.00382,
    "precision_at_500": 0.0024,
    "precision_at_1000": 0.00127,
    "mrr_at_1": 0.25956,
    "mrr_at_3": 0.32372,
    "mrr_at_5": 0.33943,
    "mrr_at_10": 0.35121,
    "mrr_at_20": 0.35637,
    "mrr_at_100": 0.36001,
    "mrr_at_200": 0.36044,
    "mrr_at_300": 0.36058,
    "mrr_at_500": 0.36067,
    "mrr_at_1000": 0.36072
}