{
    "ndcg_at_1": 0.37307,
    "ndcg_at_3": 0.34374,
    "ndcg_at_5": 0.3281,
    "ndcg_at_10": 0.30125,
    "ndcg_at_20": 0.28321,
    "ndcg_at_100": 0.28343,
    "ndcg_at_200": 0.30077,
    "ndcg_at_300": 0.31496,
    "ndcg_at_500": 0.33644,
    "ndcg_at_1000": 0.37476,
    "map_at_1": 0.03963,
    "map_at_3": 0.06671,
    "map_at_5": 0.07985,
    "map_at_10": 0.09752,
    "map_at_20": 0.11071,
    "map_at_100": 0.13062,
    "map_at_200": 0.13639,
    "map_at_300": 0.13917,
    "map_at_500": 0.14228,
    "map_at_1000": 0.14603,
    "recall_at_1": 0.03963,
    "recall_at_3": 0.07648,
    "recall_at_5": 0.09942,
    "recall_at_10": 0.13645,
    "recall_at_20": 0.17957,
    "recall_at_100": 0.30774,
    "recall_at_200": 0.37367,
    "recall_at_300": 0.42512,
    "recall_at_500": 0.49554,
    "recall_at_1000": 0.63464,
    "precision_at_1": 0.387,
    "precision_at_3": 0.33437,
    "precision_at_5": 0.30031,
    "precision_at_10": 0.23963,
    "precision_at_20": 0.18019,
    "precision_at_100": 0.08009,
    "precision_at_200": 0.05399,
    "precision_at_300": 0.04256,
    "precision_at_500": 0.03171,
    "precision_at_1000": 0.02134,
    "mrr_at_1": 0.387,
    "mrr_at_3": 0.45459,
    "mrr_at_5": 0.46791,
    "mrr_at_10": 0.47636,
    "mrr_at_20": 0.48091,
    "mrr_at_100": 0.48379,
    "mrr_at_200": 0.48398,
    "mrr_at_300": 0.48404,
    "mrr_at_500": 0.48417,
    "mrr_at_1000": 0.48422
}