{
    "ndcg_at_1": 0.0197,
    "ndcg_at_3": 0.02827,
    "ndcg_at_5": 0.03374,
    "ndcg_at_10": 0.04282,
    "ndcg_at_20": 0.05046,
    "ndcg_at_100": 0.06689,
    "ndcg_at_200": 0.07411,
    "ndcg_at_300": 0.07896,
    "ndcg_at_500": 0.08377,
    "ndcg_at_1000": 0.09049,
    "map_at_1": 0.01767,
    "map_at_3": 0.02516,
    "map_at_5": 0.02821,
    "map_at_10": 0.03178,
    "map_at_20": 0.03387,
    "map_at_100": 0.03592,
    "map_at_200": 0.03629,
    "map_at_300": 0.03645,
    "map_at_500": 0.03656,
    "map_at_1000": 0.03665,
    "recall_at_1": 0.01767,
    "recall_at_3": 0.03457,
    "recall_at_5": 0.04741,
    "recall_at_10": 0.0745,
    "recall_at_20": 0.10385,
    "recall_at_100": 0.19122,
    "recall_at_200": 0.24085,
    "recall_at_300": 0.27812,
    "recall_at_500": 0.31735,
    "recall_at_1000": 0.37906,
    "precision_at_1": 0.0197,
    "precision_at_3": 0.01333,
    "precision_at_5": 0.01095,
    "precision_at_10": 0.00875,
    "precision_at_20": 0.00608,
    "precision_at_100": 0.0023,
    "precision_at_200": 0.00144,
    "precision_at_300": 0.00111,
    "precision_at_500": 0.00076,
    "precision_at_1000": 0.00045,
    "mrr_at_1": 0.0197,
    "mrr_at_3": 0.02786,
    "mrr_at_5": 0.03102,
    "mrr_at_10": 0.03522,
    "mrr_at_20": 0.03733,
    "mrr_at_100": 0.0395,
    "mrr_at_200": 0.03988,
    "mrr_at_300": 0.04004,
    "mrr_at_500": 0.04015,
    "mrr_at_1000": 0.04024
}