{
    "ndcg_at_1": 0.35193,
    "ndcg_at_3": 0.41868,
    "ndcg_at_5": 0.44311,
    "ndcg_at_10": 0.47076,
    "ndcg_at_20": 0.49383,
    "ndcg_at_100": 0.53266,
    "ndcg_at_200": 0.54026,
    "ndcg_at_300": 0.54246,
    "ndcg_at_500": 0.54578,
    "ndcg_at_1000": 0.5487,
    "map_at_1": 0.28806,
    "map_at_3": 0.37048,
    "map_at_5": 0.38945,
    "map_at_10": 0.40449,
    "map_at_20": 0.41399,
    "map_at_100": 0.42144,
    "map_at_200": 0.42209,
    "map_at_300": 0.42226,
    "map_at_500": 0.42242,
    "map_at_1000": 0.42253,
    "recall_at_1": 0.28806,
    "recall_at_3": 0.45158,
    "recall_at_5": 0.51826,
    "recall_at_10": 0.60038,
    "recall_at_20": 0.68077,
    "recall_at_100": 0.86106,
    "recall_at_200": 0.90617,
    "recall_at_300": 0.91831,
    "recall_at_500": 0.93924,
    "recall_at_1000": 0.95803,
    "precision_at_1": 0.35193,
    "precision_at_3": 0.2041,
    "precision_at_5": 0.14678,
    "precision_at_10": 0.09113,
    "precision_at_20": 0.05515,
    "precision_at_100": 0.01526,
    "precision_at_200": 0.00828,
    "precision_at_300": 0.00577,
    "precision_at_500": 0.00366,
    "precision_at_1000": 0.00198,
    "mrr_at_1": 0.35193,
    "mrr_at_3": 0.43658,
    "mrr_at_5": 0.45217,
    "mrr_at_10": 0.4633,
    "mrr_at_20": 0.46796,
    "mrr_at_100": 0.47156,
    "mrr_at_200": 0.47182,
    "mrr_at_300": 0.47185,
    "mrr_at_500": 0.47189,
    "mrr_at_1000": 0.4719
}