{
    "ndcg_at_1": 0.14603,
    "ndcg_at_3": 0.18646,
    "ndcg_at_5": 0.20318,
    "ndcg_at_10": 0.22698,
    "ndcg_at_20": 0.24976,
    "ndcg_at_100": 0.28003,
    "ndcg_at_200": 0.29022,
    "ndcg_at_300": 0.29499,
    "ndcg_at_500": 0.30081,
    "ndcg_at_1000": 0.30905,
    "map_at_1": 0.1281,
    "map_at_3": 0.1673,
    "map_at_5": 0.17778,
    "map_at_10": 0.18825,
    "map_at_20": 0.1947,
    "map_at_100": 0.19865,
    "map_at_200": 0.19925,
    "map_at_300": 0.19944,
    "map_at_500": 0.19959,
    "map_at_1000": 0.19973,
    "recall_at_1": 0.1281,
    "recall_at_3": 0.21725,
    "recall_at_5": 0.25835,
    "recall_at_10": 0.32877,
    "recall_at_20": 0.41635,
    "recall_at_100": 0.57943,
    "recall_at_200": 0.64747,
    "recall_at_300": 0.68141,
    "recall_at_500": 0.7276,
    "recall_at_1000": 0.79924,
    "precision_at_1": 0.14603,
    "precision_at_3": 0.08441,
    "precision_at_5": 0.06063,
    "precision_at_10": 0.039,
    "precision_at_20": 0.02477,
    "precision_at_100": 0.00708,
    "precision_at_200": 0.00402,
    "precision_at_300": 0.00287,
    "precision_at_500": 0.00188,
    "precision_at_1000": 0.00105,
    "mrr_at_1": 0.14787,
    "mrr_at_3": 0.18946,
    "mrr_at_5": 0.20102,
    "mrr_at_10": 0.20986,
    "mrr_at_20": 0.21568,
    "mrr_at_100": 0.21933,
    "mrr_at_200": 0.21993,
    "mrr_at_300": 0.22004,
    "mrr_at_500": 0.22017,
    "mrr_at_1000": 0.22027
}