{
    "ndcg_at_1": 0.35385,
    "ndcg_at_3": 0.29669,
    "ndcg_at_5": 0.27057,
    "ndcg_at_10": 0.23494,
    "ndcg_at_20": 0.2904,
    "ndcg_at_100": 0.48506,
    "ndcg_at_200": 0.53486,
    "ndcg_at_300": 0.53741,
    "ndcg_at_500": 0.53782,
    "ndcg_at_1000": 0.53854,
    "map_at_1": 0.03538,
    "map_at_3": 0.07308,
    "map_at_5": 0.09369,
    "map_at_10": 0.1319,
    "map_at_20": 0.15603,
    "map_at_100": 0.21238,
    "map_at_200": 0.22369,
    "map_at_300": 0.22403,
    "map_at_500": 0.22408,
    "map_at_1000": 0.22413,
    "recall_at_1": 0.03538,
    "recall_at_3": 0.08462,
    "recall_at_5": 0.12462,
    "recall_at_10": 0.20769,
    "recall_at_20": 0.30923,
    "recall_at_100": 0.82154,
    "recall_at_200": 0.97692,
    "recall_at_300": 0.98615,
    "recall_at_500": 0.98769,
    "recall_at_1000": 0.99077,
    "precision_at_1": 0.35385,
    "precision_at_3": 0.28205,
    "precision_at_5": 0.24923,
    "precision_at_10": 0.20769,
    "precision_at_20": 0.15462,
    "precision_at_100": 0.08215,
    "precision_at_200": 0.04885,
    "precision_at_300": 0.03287,
    "precision_at_500": 0.01975,
    "precision_at_1000": 0.00991,
    "mrr_at_1": 0.35385,
    "mrr_at_3": 0.41282,
    "mrr_at_5": 0.44513,
    "mrr_at_10": 0.46042,
    "mrr_at_20": 0.47192,
    "mrr_at_100": 0.47471,
    "mrr_at_200": 0.47471,
    "mrr_at_300": 0.47471,
    "mrr_at_500": 0.47471,
    "mrr_at_1000": 0.47471,
    "rc_at_1": {
        "relevant": 0.35385,
        "distractor": 0.64615
    },
    "rc_at_3": {
        "relevant": 0.84615,
        "distractor": 2.15385
    },
    "rc_at_5": {
        "relevant": 1.24615,
        "distractor": 3.75385
    },
    "rc_at_10": {
        "relevant": 2.07692,
        "distractor": 7.87692
    },
    "rc_at_20": {
        "relevant": 3.09231,
        "distractor": 16.73846
    },
    "rc_at_100": {
        "relevant": 8.21538,
        "distractor": 87.2
    },
    "rc_at_200": {
        "relevant": 9.76923,
        "distractor": 97.27692
    },
    "rc_at_300": {
        "relevant": 9.86154,
        "distractor": 98.0
    },
    "rc_at_500": {
        "relevant": 9.87692,
        "distractor": 98.73846
    },
    "rc_at_1000": {
        "relevant": 9.90769,
        "distractor": 99.21538
    }
}