{
    "ndcg_at_1": 0.07338,
    "ndcg_at_3": 0.08735,
    "ndcg_at_5": 0.09691,
    "ndcg_at_10": 0.10723,
    "ndcg_at_20": 0.11944,
    "ndcg_at_100": 0.15052,
    "ndcg_at_200": 0.16193,
    "ndcg_at_300": 0.16984,
    "ndcg_at_500": 0.17931,
    "ndcg_at_1000": 0.19121,
    "map_at_1": 0.05827,
    "map_at_3": 0.07529,
    "map_at_5": 0.08098,
    "map_at_10": 0.08529,
    "map_at_20": 0.08865,
    "map_at_100": 0.09262,
    "map_at_200": 0.09329,
    "map_at_300": 0.09359,
    "map_at_500": 0.09385,
    "map_at_1000": 0.09403,
    "recall_at_1": 0.05827,
    "recall_at_3": 0.09713,
    "recall_at_5": 0.1199,
    "recall_at_10": 0.15049,
    "recall_at_20": 0.19619,
    "recall_at_100": 0.35576,
    "recall_at_200": 0.42714,
    "recall_at_300": 0.4844,
    "recall_at_500": 0.55712,
    "recall_at_1000": 0.65789,
    "precision_at_1": 0.07338,
    "precision_at_3": 0.04353,
    "precision_at_5": 0.03308,
    "precision_at_10": 0.02102,
    "precision_at_20": 0.0135,
    "precision_at_100": 0.00507,
    "precision_at_200": 0.00317,
    "precision_at_300": 0.00241,
    "precision_at_500": 0.00168,
    "precision_at_1000": 0.00101,
    "mrr_at_1": 0.07338,
    "mrr_at_3": 0.09743,
    "mrr_at_5": 0.10464,
    "mrr_at_10": 0.10997,
    "mrr_at_20": 0.11359,
    "mrr_at_100": 0.11759,
    "mrr_at_200": 0.11812,
    "mrr_at_300": 0.11833,
    "mrr_at_500": 0.11851,
    "mrr_at_1000": 0.11865
}