{
    "ndcg_at_1": 0.24615,
    "ndcg_at_3": 0.20627,
    "ndcg_at_5": 0.19513,
    "ndcg_at_10": 0.16535,
    "ndcg_at_20": 0.22768,
    "ndcg_at_100": 0.39254,
    "ndcg_at_200": 0.44061,
    "ndcg_at_300": 0.45382,
    "ndcg_at_500": 0.46554,
    "ndcg_at_1000": 0.47275,
    "map_at_1": 0.02462,
    "map_at_3": 0.04744,
    "map_at_5": 0.06528,
    "map_at_10": 0.08086,
    "map_at_20": 0.10564,
    "map_at_100": 0.1518,
    "map_at_200": 0.16079,
    "map_at_300": 0.16232,
    "map_at_500": 0.16329,
    "map_at_1000": 0.1637,
    "recall_at_1": 0.02462,
    "recall_at_3": 0.05846,
    "recall_at_5": 0.09077,
    "recall_at_10": 0.14615,
    "recall_at_20": 0.25846,
    "recall_at_100": 0.67846,
    "recall_at_200": 0.83231,
    "recall_at_300": 0.88,
    "recall_at_500": 0.92615,
    "recall_at_1000": 0.95692,
    "precision_at_1": 0.24615,
    "precision_at_3": 0.19487,
    "precision_at_5": 0.18154,
    "precision_at_10": 0.14615,
    "precision_at_20": 0.12923,
    "precision_at_100": 0.06785,
    "precision_at_200": 0.04162,
    "precision_at_300": 0.02933,
    "precision_at_500": 0.01852,
    "precision_at_1000": 0.00957,
    "mrr_at_1": 0.24615,
    "mrr_at_3": 0.32564,
    "mrr_at_5": 0.35949,
    "mrr_at_10": 0.38273,
    "mrr_at_20": 0.39264,
    "mrr_at_100": 0.39604,
    "mrr_at_200": 0.39619,
    "mrr_at_300": 0.39619,
    "mrr_at_500": 0.39619,
    "mrr_at_1000": 0.39619,
    "rc_at_1": {
        "relevant": 0.24615,
        "distractor": 0.75385
    },
    "rc_at_3": {
        "relevant": 0.6,
        "distractor": 2.35385
    },
    "rc_at_5": {
        "relevant": 0.90769,
        "distractor": 3.93846
    },
    "rc_at_10": {
        "relevant": 1.46154,
        "distractor": 8.04615
    },
    "rc_at_20": {
        "relevant": 2.53846,
        "distractor": 16.12308
    },
    "rc_at_100": {
        "relevant": 6.78462,
        "distractor": 66.27692
    },
    "rc_at_200": {
        "relevant": 8.32308,
        "distractor": 81.46154
    },
    "rc_at_300": {
        "relevant": 8.8,
        "distractor": 86.47692
    },
    "rc_at_500": {
        "relevant": 9.26154,
        "distractor": 90.55385
    },
    "rc_at_1000": {
        "relevant": 9.56923,
        "distractor": 94.84615
    }
}