{
    "ndcg_at_1": 0.13846,
    "ndcg_at_3": 0.11491,
    "ndcg_at_5": 0.10663,
    "ndcg_at_10": 0.08132,
    "ndcg_at_20": 0.092,
    "ndcg_at_100": 0.13109,
    "ndcg_at_200": 0.15118,
    "ndcg_at_300": 0.16137,
    "ndcg_at_500": 0.17351,
    "ndcg_at_1000": 0.18637,
    "map_at_1": 0.01385,
    "map_at_3": 0.02667,
    "map_at_5": 0.03659,
    "map_at_10": 0.04209,
    "map_at_20": 0.04573,
    "map_at_100": 0.05176,
    "map_at_200": 0.05311,
    "map_at_300": 0.05376,
    "map_at_500": 0.05429,
    "map_at_1000": 0.05464,
    "recall_at_1": 0.01385,
    "recall_at_3": 0.03231,
    "recall_at_5": 0.04923,
    "recall_at_10": 0.06615,
    "recall_at_20": 0.08615,
    "recall_at_100": 0.18462,
    "recall_at_200": 0.25077,
    "recall_at_300": 0.28769,
    "recall_at_500": 0.33538,
    "recall_at_1000": 0.39077,
    "precision_at_1": 0.13846,
    "precision_at_3": 0.10769,
    "precision_at_5": 0.09846,
    "precision_at_10": 0.06615,
    "precision_at_20": 0.04308,
    "precision_at_100": 0.01846,
    "precision_at_200": 0.01254,
    "precision_at_300": 0.00959,
    "precision_at_500": 0.00671,
    "precision_at_1000": 0.00391,
    "mrr_at_1": 0.13846,
    "mrr_at_3": 0.19231,
    "mrr_at_5": 0.20308,
    "mrr_at_10": 0.2135,
    "mrr_at_20": 0.21946,
    "mrr_at_100": 0.22698,
    "mrr_at_200": 0.22743,
    "mrr_at_300": 0.22755,
    "mrr_at_500": 0.22767,
    "mrr_at_1000": 0.22774,
    "rc_at_1": {
        "relevant": 0.13846,
        "distractor": 0.33846
    },
    "rc_at_3": {
        "relevant": 0.35385,
        "distractor": 0.83077
    },
    "rc_at_5": {
        "relevant": 0.50769,
        "distractor": 1.29231
    },
    "rc_at_10": {
        "relevant": 0.66154,
        "distractor": 2.23077
    },
    "rc_at_20": {
        "relevant": 0.87692,
        "distractor": 4.38462
    },
    "rc_at_100": {
        "relevant": 1.84615,
        "distractor": 11.96923
    },
    "rc_at_200": {
        "relevant": 2.50769,
        "distractor": 16.58462
    },
    "rc_at_300": {
        "relevant": 2.89231,
        "distractor": 19.67692
    },
    "rc_at_500": {
        "relevant": 3.36923,
        "distractor": 24.06154
    },
    "rc_at_1000": {
        "relevant": 3.90769,
        "distractor": 31.12308
    }
}