{
    "ndcg_at_1": 0.26154,
    "ndcg_at_3": 0.22166,
    "ndcg_at_5": 0.21364,
    "ndcg_at_10": 0.18467,
    "ndcg_at_20": 0.2266,
    "ndcg_at_100": 0.37844,
    "ndcg_at_200": 0.41265,
    "ndcg_at_300": 0.42936,
    "ndcg_at_500": 0.43884,
    "ndcg_at_1000": 0.45131,
    "map_at_1": 0.02615,
    "map_at_3": 0.05026,
    "map_at_5": 0.06779,
    "map_at_10": 0.08953,
    "map_at_20": 0.10446,
    "map_at_100": 0.14772,
    "map_at_200": 0.15332,
    "map_at_300": 0.15523,
    "map_at_500": 0.15593,
    "map_at_1000": 0.15653,
    "recall_at_1": 0.02615,
    "recall_at_3": 0.06308,
    "recall_at_5": 0.10154,
    "recall_at_10": 0.16615,
    "recall_at_20": 0.24308,
    "recall_at_100": 0.62615,
    "recall_at_200": 0.73692,
    "recall_at_300": 0.79692,
    "recall_at_500": 0.83385,
    "recall_at_1000": 0.88769,
    "precision_at_1": 0.26154,
    "precision_at_3": 0.21026,
    "precision_at_5": 0.20308,
    "precision_at_10": 0.16615,
    "precision_at_20": 0.12154,
    "precision_at_100": 0.06262,
    "precision_at_200": 0.03685,
    "precision_at_300": 0.02656,
    "precision_at_500": 0.01668,
    "precision_at_1000": 0.00888,
    "mrr_at_1": 0.26154,
    "mrr_at_3": 0.34359,
    "mrr_at_5": 0.37205,
    "mrr_at_10": 0.39112,
    "mrr_at_20": 0.40255,
    "mrr_at_100": 0.40593,
    "mrr_at_200": 0.40593,
    "mrr_at_300": 0.40593,
    "mrr_at_500": 0.40593,
    "mrr_at_1000": 0.40593,
    "rc_at_1": {
        "relevant": 0.26154,
        "distractor": 0.69231
    },
    "rc_at_3": {
        "relevant": 0.63077,
        "distractor": 2.21538
    },
    "rc_at_5": {
        "relevant": 1.01538,
        "distractor": 3.75385
    },
    "rc_at_10": {
        "relevant": 1.66154,
        "distractor": 7.70769
    },
    "rc_at_20": {
        "relevant": 2.43077,
        "distractor": 15.50769
    },
    "rc_at_100": {
        "relevant": 6.26154,
        "distractor": 57.09231
    },
    "rc_at_200": {
        "relevant": 7.36923,
        "distractor": 69.70769
    },
    "rc_at_300": {
        "relevant": 7.96923,
        "distractor": 74.47692
    },
    "rc_at_500": {
        "relevant": 8.33846,
        "distractor": 79.81538
    },
    "rc_at_1000": {
        "relevant": 8.87692,
        "distractor": 84.73846
    }
}