{
    "ndcg_at_1": 0.23077,
    "ndcg_at_3": 0.23249,
    "ndcg_at_5": 0.21674,
    "ndcg_at_10": 0.17208,
    "ndcg_at_20": 0.22098,
    "ndcg_at_100": 0.3362,
    "ndcg_at_200": 0.36288,
    "ndcg_at_300": 0.38031,
    "ndcg_at_500": 0.39178,
    "ndcg_at_1000": 0.40833,
    "map_at_1": 0.02308,
    "map_at_3": 0.05359,
    "map_at_5": 0.06921,
    "map_at_10": 0.08734,
    "map_at_20": 0.10759,
    "map_at_100": 0.13776,
    "map_at_200": 0.14164,
    "map_at_300": 0.14341,
    "map_at_500": 0.14427,
    "map_at_1000": 0.145,
    "recall_at_1": 0.02308,
    "recall_at_3": 0.07077,
    "recall_at_5": 0.10615,
    "recall_at_10": 0.15077,
    "recall_at_20": 0.24,
    "recall_at_100": 0.53231,
    "recall_at_200": 0.61846,
    "recall_at_300": 0.68154,
    "recall_at_500": 0.72615,
    "recall_at_1000": 0.79692,
    "precision_at_1": 0.23077,
    "precision_at_3": 0.2359,
    "precision_at_5": 0.21231,
    "precision_at_10": 0.15077,
    "precision_at_20": 0.12,
    "precision_at_100": 0.05323,
    "precision_at_200": 0.03092,
    "precision_at_300": 0.02272,
    "precision_at_500": 0.01452,
    "precision_at_1000": 0.00797,
    "mrr_at_1": 0.23077,
    "mrr_at_3": 0.33077,
    "mrr_at_5": 0.35538,
    "mrr_at_10": 0.36457,
    "mrr_at_20": 0.37455,
    "mrr_at_100": 0.38048,
    "mrr_at_200": 0.38057,
    "mrr_at_300": 0.38057,
    "mrr_at_500": 0.38057,
    "mrr_at_1000": 0.38057,
    "rc_at_1": {
        "relevant": 0.23077,
        "distractor": 0.67692
    },
    "rc_at_3": {
        "relevant": 0.70769,
        "distractor": 1.95385
    },
    "rc_at_5": {
        "relevant": 1.06154,
        "distractor": 3.33846
    },
    "rc_at_10": {
        "relevant": 1.50769,
        "distractor": 7.03077
    },
    "rc_at_20": {
        "relevant": 2.4,
        "distractor": 13.50769
    },
    "rc_at_100": {
        "relevant": 5.32308,
        "distractor": 44.78462
    },
    "rc_at_200": {
        "relevant": 6.18462,
        "distractor": 56.84615
    },
    "rc_at_300": {
        "relevant": 6.81538,
        "distractor": 62.47692
    },
    "rc_at_500": {
        "relevant": 7.26154,
        "distractor": 68.67692
    },
    "rc_at_1000": {
        "relevant": 7.96923,
        "distractor": 75.43077
    }
}