{
    "ndcg_at_1": 0.23077,
    "ndcg_at_3": 0.24065,
    "ndcg_at_5": 0.23365,
    "ndcg_at_10": 0.19276,
    "ndcg_at_20": 0.2511,
    "ndcg_at_100": 0.40287,
    "ndcg_at_200": 0.44997,
    "ndcg_at_300": 0.45976,
    "ndcg_at_500": 0.46612,
    "ndcg_at_1000": 0.47181,
    "map_at_1": 0.02308,
    "map_at_3": 0.05564,
    "map_at_5": 0.07549,
    "map_at_10": 0.09861,
    "map_at_20": 0.12469,
    "map_at_100": 0.16876,
    "map_at_200": 0.17732,
    "map_at_300": 0.1785,
    "map_at_500": 0.17902,
    "map_at_1000": 0.1793,
    "recall_at_1": 0.02308,
    "recall_at_3": 0.07385,
    "recall_at_5": 0.11692,
    "recall_at_10": 0.17538,
    "recall_at_20": 0.28154,
    "recall_at_100": 0.66615,
    "recall_at_200": 0.81692,
    "recall_at_300": 0.85231,
    "recall_at_500": 0.87692,
    "recall_at_1000": 0.90154,
    "precision_at_1": 0.23077,
    "precision_at_3": 0.24615,
    "precision_at_5": 0.23385,
    "precision_at_10": 0.17538,
    "precision_at_20": 0.14077,
    "precision_at_100": 0.06662,
    "precision_at_200": 0.04085,
    "precision_at_300": 0.02841,
    "precision_at_500": 0.01754,
    "precision_at_1000": 0.00902,
    "mrr_at_1": 0.23077,
    "mrr_at_3": 0.3359,
    "mrr_at_5": 0.36513,
    "mrr_at_10": 0.37604,
    "mrr_at_20": 0.38843,
    "mrr_at_100": 0.39263,
    "mrr_at_200": 0.39263,
    "mrr_at_300": 0.39263,
    "mrr_at_500": 0.39263,
    "mrr_at_1000": 0.39263,
    "rc_at_1": {
        "relevant": 0.23077,
        "distractor": 0.76923
    },
    "rc_at_3": {
        "relevant": 0.73846,
        "distractor": 2.16923
    },
    "rc_at_5": {
        "relevant": 1.16923,
        "distractor": 3.70769
    },
    "rc_at_10": {
        "relevant": 1.75385,
        "distractor": 7.89231
    },
    "rc_at_20": {
        "relevant": 2.81538,
        "distractor": 15.87692
    },
    "rc_at_100": {
        "relevant": 6.66154,
        "distractor": 63.92308
    },
    "rc_at_200": {
        "relevant": 8.16923,
        "distractor": 77.69231
    },
    "rc_at_300": {
        "relevant": 8.52308,
        "distractor": 81.53846
    },
    "rc_at_500": {
        "relevant": 8.76923,
        "distractor": 85.2
    },
    "rc_at_1000": {
        "relevant": 9.01538,
        "distractor": 89.13846
    }
}