{
    "ndcg_at_1": 0.21538,
    "ndcg_at_3": 0.20077,
    "ndcg_at_5": 0.18529,
    "ndcg_at_10": 0.15202,
    "ndcg_at_20": 0.18061,
    "ndcg_at_100": 0.24342,
    "ndcg_at_200": 0.27129,
    "ndcg_at_300": 0.28286,
    "ndcg_at_500": 0.29429,
    "ndcg_at_1000": 0.31184,
    "map_at_1": 0.02154,
    "map_at_3": 0.04538,
    "map_at_5": 0.05838,
    "map_at_10": 0.07551,
    "map_at_20": 0.08727,
    "map_at_100": 0.10088,
    "map_at_200": 0.10418,
    "map_at_300": 0.10511,
    "map_at_500": 0.10574,
    "map_at_1000": 0.10639,
    "recall_at_1": 0.02154,
    "recall_at_3": 0.06,
    "recall_at_5": 0.08923,
    "recall_at_10": 0.13385,
    "recall_at_20": 0.18615,
    "recall_at_100": 0.34769,
    "recall_at_200": 0.43846,
    "recall_at_300": 0.48,
    "recall_at_500": 0.52462,
    "recall_at_1000": 0.6,
    "precision_at_1": 0.21538,
    "precision_at_3": 0.2,
    "precision_at_5": 0.17846,
    "precision_at_10": 0.13385,
    "precision_at_20": 0.09308,
    "precision_at_100": 0.03477,
    "precision_at_200": 0.02192,
    "precision_at_300": 0.016,
    "precision_at_500": 0.01049,
    "precision_at_1000": 0.006,
    "mrr_at_1": 0.21538,
    "mrr_at_3": 0.3,
    "mrr_at_5": 0.32308,
    "mrr_at_10": 0.33168,
    "mrr_at_20": 0.33953,
    "mrr_at_100": 0.3432,
    "mrr_at_200": 0.34355,
    "mrr_at_300": 0.34374,
    "mrr_at_500": 0.34377,
    "mrr_at_1000": 0.34377,
    "rc_at_1": {
        "relevant": 0.21538,
        "distractor": 0.50769
    },
    "rc_at_3": {
        "relevant": 0.6,
        "distractor": 1.49231
    },
    "rc_at_5": {
        "relevant": 0.89231,
        "distractor": 2.52308
    },
    "rc_at_10": {
        "relevant": 1.33846,
        "distractor": 5.04615
    },
    "rc_at_20": {
        "relevant": 1.86154,
        "distractor": 9.50769
    },
    "rc_at_100": {
        "relevant": 3.47692,
        "distractor": 26.36923
    },
    "rc_at_200": {
        "relevant": 4.38462,
        "distractor": 35.16923
    },
    "rc_at_300": {
        "relevant": 4.8,
        "distractor": 39.92308
    },
    "rc_at_500": {
        "relevant": 5.24615,
        "distractor": 46.13846
    },
    "rc_at_1000": {
        "relevant": 6.0,
        "distractor": 53.56923
    }
}