{
    "ndcg_at_1": 0.10769,
    "ndcg_at_3": 0.12119,
    "ndcg_at_5": 0.12125,
    "ndcg_at_10": 0.10413,
    "ndcg_at_20": 0.14353,
    "ndcg_at_100": 0.28775,
    "ndcg_at_200": 0.34199,
    "ndcg_at_300": 0.35688,
    "ndcg_at_500": 0.37474,
    "ndcg_at_1000": 0.39159,
    "map_at_1": 0.01077,
    "map_at_3": 0.0259,
    "map_at_5": 0.03444,
    "map_at_10": 0.04585,
    "map_at_20": 0.05864,
    "map_at_100": 0.09032,
    "map_at_200": 0.0993,
    "map_at_300": 0.10098,
    "map_at_500": 0.10243,
    "map_at_1000": 0.10325,
    "recall_at_1": 0.01077,
    "recall_at_3": 0.03846,
    "recall_at_5": 0.06308,
    "recall_at_10": 0.1,
    "recall_at_20": 0.17077,
    "recall_at_100": 0.54,
    "recall_at_200": 0.71385,
    "recall_at_300": 0.76769,
    "recall_at_500": 0.83692,
    "recall_at_1000": 0.90923,
    "precision_at_1": 0.10769,
    "precision_at_3": 0.12821,
    "precision_at_5": 0.12615,
    "precision_at_10": 0.1,
    "precision_at_20": 0.08538,
    "precision_at_100": 0.054,
    "precision_at_200": 0.03569,
    "precision_at_300": 0.02559,
    "precision_at_500": 0.01674,
    "precision_at_1000": 0.00909,
    "mrr_at_1": 0.10769,
    "mrr_at_3": 0.18974,
    "mrr_at_5": 0.22051,
    "mrr_at_10": 0.24375,
    "mrr_at_20": 0.25788,
    "mrr_at_100": 0.26455,
    "mrr_at_200": 0.26466,
    "mrr_at_300": 0.26466,
    "mrr_at_500": 0.26466,
    "mrr_at_1000": 0.26466,
    "rc_at_1": {
        "relevant": 0.10769,
        "distractor": 0.8
    },
    "rc_at_3": {
        "relevant": 0.4,
        "distractor": 2.33846
    },
    "rc_at_5": {
        "relevant": 0.61538,
        "distractor": 3.93846
    },
    "rc_at_10": {
        "relevant": 1.06154,
        "distractor": 7.90769
    },
    "rc_at_20": {
        "relevant": 1.81538,
        "distractor": 15.41538
    },
    "rc_at_100": {
        "relevant": 5.70769,
        "distractor": 54.35385
    },
    "rc_at_200": {
        "relevant": 7.26154,
        "distractor": 70.15385
    },
    "rc_at_300": {
        "relevant": 7.78462,
        "distractor": 76.95385
    },
    "rc_at_500": {
        "relevant": 8.49231,
        "distractor": 83.92308
    },
    "rc_at_1000": {
        "relevant": 9.09231,
        "distractor": 91.4
    }
}