{
    "ndcg_at_1": 0.10769,
    "ndcg_at_3": 0.1058,
    "ndcg_at_5": 0.1088,
    "ndcg_at_10": 0.08977,
    "ndcg_at_20": 0.12373,
    "ndcg_at_100": 0.19004,
    "ndcg_at_200": 0.22661,
    "ndcg_at_300": 0.24533,
    "ndcg_at_500": 0.26864,
    "ndcg_at_1000": 0.28722,
    "map_at_1": 0.01077,
    "map_at_3": 0.02308,
    "map_at_5": 0.03192,
    "map_at_10": 0.0396,
    "map_at_20": 0.05017,
    "map_at_100": 0.06163,
    "map_at_200": 0.06573,
    "map_at_300": 0.0674,
    "map_at_500": 0.0688,
    "map_at_1000": 0.06959,
    "recall_at_1": 0.01077,
    "recall_at_3": 0.03231,
    "recall_at_5": 0.05538,
    "recall_at_10": 0.08308,
    "recall_at_20": 0.14462,
    "recall_at_100": 0.31538,
    "recall_at_200": 0.43385,
    "recall_at_300": 0.50154,
    "recall_at_500": 0.59231,
    "recall_at_1000": 0.67231,
    "precision_at_1": 0.10769,
    "precision_at_3": 0.10769,
    "precision_at_5": 0.11077,
    "precision_at_10": 0.08308,
    "precision_at_20": 0.07231,
    "precision_at_100": 0.03154,
    "precision_at_200": 0.02169,
    "precision_at_300": 0.01672,
    "precision_at_500": 0.01185,
    "precision_at_1000": 0.00672,
    "mrr_at_1": 0.10769,
    "mrr_at_3": 0.18718,
    "mrr_at_5": 0.20795,
    "mrr_at_10": 0.22803,
    "mrr_at_20": 0.24103,
    "mrr_at_100": 0.2469,
    "mrr_at_200": 0.24724,
    "mrr_at_300": 0.24724,
    "mrr_at_500": 0.24724,
    "mrr_at_1000": 0.24731,
    "rc_at_1": {
        "relevant": 0.10769,
        "distractor": 0.76923
    },
    "rc_at_3": {
        "relevant": 0.4,
        "distractor": 2.12308
    },
    "rc_at_5": {
        "relevant": 0.53846,
        "distractor": 3.44615
    },
    "rc_at_10": {
        "relevant": 0.96923,
        "distractor": 6.58462
    },
    "rc_at_20": {
        "relevant": 1.52308,
        "distractor": 12.12308
    },
    "rc_at_100": {
        "relevant": 3.56923,
        "distractor": 35.47692
    },
    "rc_at_200": {
        "relevant": 4.86154,
        "distractor": 45.21538
    },
    "rc_at_300": {
        "relevant": 5.50769,
        "distractor": 51.72308
    },
    "rc_at_500": {
        "relevant": 6.27692,
        "distractor": 59.75385
    },
    "rc_at_1000": {
        "relevant": 6.72308,
        "distractor": 65.83077
    }
}