{
    "ndcg_at_1": 0.30318,
    "ndcg_at_3": 0.3427,
    "ndcg_at_5": 0.36349,
    "ndcg_at_10": 0.38695,
    "ndcg_at_20": 0.40678,
    "ndcg_at_100": 0.43952,
    "ndcg_at_200": 0.44879,
    "ndcg_at_300": 0.45387,
    "ndcg_at_500": 0.45848,
    "ndcg_at_1000": 0.46383,
    "map_at_1": 0.2372,
    "map_at_3": 0.30144,
    "map_at_5": 0.31748,
    "map_at_10": 0.33057,
    "map_at_20": 0.33825,
    "map_at_100": 0.34475,
    "map_at_200": 0.34558,
    "map_at_300": 0.34586,
    "map_at_500": 0.34604,
    "map_at_1000": 0.34619,
    "recall_at_1": 0.2372,
    "recall_at_3": 0.3623,
    "recall_at_5": 0.41823,
    "recall_at_10": 0.48934,
    "recall_at_20": 0.55968,
    "recall_at_100": 0.71467,
    "recall_at_200": 0.76691,
    "recall_at_300": 0.80038,
    "recall_at_500": 0.83305,
    "recall_at_1000": 0.87331,
    "precision_at_1": 0.30318,
    "precision_at_3": 0.16858,
    "precision_at_5": 0.12217,
    "precision_at_10": 0.07694,
    "precision_at_20": 0.04742,
    "precision_at_100": 0.01349,
    "precision_at_200": 0.00761,
    "precision_at_300": 0.00538,
    "precision_at_500": 0.00343,
    "precision_at_1000": 0.00186,
    "mrr_at_1": 0.30318,
    "mrr_at_3": 0.36359,
    "mrr_at_5": 0.37674,
    "mrr_at_10": 0.38631,
    "mrr_at_20": 0.39097,
    "mrr_at_100": 0.39472,
    "mrr_at_200": 0.39501,
    "mrr_at_300": 0.39512,
    "mrr_at_500": 0.3952,
    "mrr_at_1000": 0.39525
}