{
    "ndcg_at_1": 0.18981,
    "ndcg_at_3": 0.17682,
    "ndcg_at_5": 0.1805,
    "ndcg_at_10": 0.19612,
    "ndcg_at_20": 0.21376,
    "ndcg_at_100": 0.25144,
    "ndcg_at_200": 0.26594,
    "ndcg_at_300": 0.27393,
    "ndcg_at_500": 0.28245,
    "ndcg_at_1000": 0.29215,
    "map_at_1": 0.09662,
    "map_at_3": 0.13156,
    "map_at_5": 0.14009,
    "map_at_10": 0.14884,
    "map_at_20": 0.15475,
    "map_at_100": 0.1609,
    "map_at_200": 0.16189,
    "map_at_300": 0.16224,
    "map_at_500": 0.16253,
    "map_at_1000": 0.16273,
    "recall_at_1": 0.09662,
    "recall_at_3": 0.15957,
    "recall_at_5": 0.18556,
    "recall_at_10": 0.23416,
    "recall_at_20": 0.2882,
    "recall_at_100": 0.44538,
    "recall_at_200": 0.52622,
    "recall_at_300": 0.57726,
    "recall_at_500": 0.63188,
    "recall_at_1000": 0.70287,
    "precision_at_1": 0.18981,
    "precision_at_3": 0.11626,
    "precision_at_5": 0.08519,
    "precision_at_10": 0.05463,
    "precision_at_20": 0.0348,
    "precision_at_100": 0.01127,
    "precision_at_200": 0.00666,
    "precision_at_300": 0.00484,
    "precision_at_500": 0.00321,
    "precision_at_1000": 0.0018,
    "mrr_at_1": 0.18981,
    "mrr_at_3": 0.23302,
    "mrr_at_5": 0.2429,
    "mrr_at_10": 0.25057,
    "mrr_at_20": 0.2556,
    "mrr_at_100": 0.26027,
    "mrr_at_200": 0.26076,
    "mrr_at_300": 0.26092,
    "mrr_at_500": 0.26103,
    "mrr_at_1000": 0.2611
}