{
    "ndcg_at_1": 0.26959,
    "ndcg_at_3": 0.3283,
    "ndcg_at_5": 0.35481,
    "ndcg_at_10": 0.38502,
    "ndcg_at_20": 0.40627,
    "ndcg_at_100": 0.44152,
    "ndcg_at_200": 0.451,
    "ndcg_at_300": 0.45632,
    "ndcg_at_500": 0.45992,
    "ndcg_at_1000": 0.46487,
    "map_at_1": 0.22996,
    "map_at_3": 0.2946,
    "map_at_5": 0.31309,
    "map_at_10": 0.32725,
    "map_at_20": 0.33375,
    "map_at_100": 0.33947,
    "map_at_200": 0.34007,
    "map_at_300": 0.34031,
    "map_at_500": 0.34042,
    "map_at_1000": 0.34051,
    "recall_at_1": 0.22996,
    "recall_at_3": 0.37075,
    "recall_at_5": 0.43602,
    "recall_at_10": 0.5245,
    "recall_at_20": 0.60092,
    "recall_at_100": 0.77104,
    "recall_at_200": 0.83004,
    "recall_at_300": 0.86597,
    "recall_at_500": 0.89209,
    "recall_at_1000": 0.93213,
    "precision_at_1": 0.26959,
    "precision_at_3": 0.15205,
    "precision_at_5": 0.11119,
    "precision_at_10": 0.06856,
    "precision_at_20": 0.04016,
    "precision_at_100": 0.01087,
    "precision_at_200": 0.00597,
    "precision_at_300": 0.00422,
    "precision_at_500": 0.00264,
    "precision_at_1000": 0.0014,
    "mrr_at_1": 0.26959,
    "mrr_at_3": 0.33473,
    "mrr_at_5": 0.35138,
    "mrr_at_10": 0.3629,
    "mrr_at_20": 0.36839,
    "mrr_at_100": 0.3726,
    "mrr_at_200": 0.37295,
    "mrr_at_300": 0.37309,
    "mrr_at_500": 0.37315,
    "mrr_at_1000": 0.37319
}