{
    "ndcg_at_1": 0.30769,
    "ndcg_at_3": 0.25965,
    "ndcg_at_5": 0.2366,
    "ndcg_at_10": 0.19972,
    "ndcg_at_20": 0.24317,
    "ndcg_at_100": 0.45117,
    "ndcg_at_200": 0.49241,
    "ndcg_at_300": 0.50053,
    "ndcg_at_500": 0.50614,
    "ndcg_at_1000": 0.50899,
    "map_at_1": 0.03077,
    "map_at_3": 0.06,
    "map_at_5": 0.07969,
    "map_at_10": 0.10302,
    "map_at_20": 0.12046,
    "map_at_100": 0.18106,
    "map_at_200": 0.1898,
    "map_at_300": 0.19089,
    "map_at_500": 0.19144,
    "map_at_1000": 0.19156,
    "recall_at_1": 0.03077,
    "recall_at_3": 0.07385,
    "recall_at_5": 0.10923,
    "recall_at_10": 0.17385,
    "recall_at_20": 0.25385,
    "recall_at_100": 0.78615,
    "recall_at_200": 0.91692,
    "recall_at_300": 0.94615,
    "recall_at_500": 0.96769,
    "recall_at_1000": 0.98,
    "precision_at_1": 0.30769,
    "precision_at_3": 0.24615,
    "precision_at_5": 0.21846,
    "precision_at_10": 0.17385,
    "precision_at_20": 0.12692,
    "precision_at_100": 0.07862,
    "precision_at_200": 0.04585,
    "precision_at_300": 0.03154,
    "precision_at_500": 0.01935,
    "precision_at_1000": 0.0098,
    "mrr_at_1": 0.30769,
    "mrr_at_3": 0.39487,
    "mrr_at_5": 0.41487,
    "mrr_at_10": 0.44167,
    "mrr_at_20": 0.44596,
    "mrr_at_100": 0.44989,
    "mrr_at_200": 0.44989,
    "mrr_at_300": 0.44989,
    "mrr_at_500": 0.44989,
    "mrr_at_1000": 0.44989,
    "rc_at_1": {
        "relevant": 0.30769,
        "distractor": 0.69231
    },
    "rc_at_3": {
        "relevant": 0.73846,
        "distractor": 2.24615
    },
    "rc_at_5": {
        "relevant": 1.09231,
        "distractor": 3.89231
    },
    "rc_at_10": {
        "relevant": 1.73846,
        "distractor": 8.18462
    },
    "rc_at_20": {
        "relevant": 2.53846,
        "distractor": 17.18462
    },
    "rc_at_100": {
        "relevant": 7.86154,
        "distractor": 78.47692
    },
    "rc_at_200": {
        "relevant": 9.16923,
        "distractor": 90.61538
    },
    "rc_at_300": {
        "relevant": 9.46154,
        "distractor": 93.63077
    },
    "rc_at_500": {
        "relevant": 9.67692,
        "distractor": 95.90769
    },
    "rc_at_1000": {
        "relevant": 9.8,
        "distractor": 97.73846
    }
}