{
    "ndcg_at_1": 0.33109,
    "ndcg_at_3": 0.3745,
    "ndcg_at_5": 0.39348,
    "ndcg_at_10": 0.41689,
    "ndcg_at_20": 0.43258,
    "ndcg_at_100": 0.46453,
    "ndcg_at_200": 0.47315,
    "ndcg_at_300": 0.47827,
    "ndcg_at_500": 0.48333,
    "ndcg_at_1000": 0.48939,
    "map_at_1": 0.26767,
    "map_at_3": 0.33623,
    "map_at_5": 0.35053,
    "map_at_10": 0.36221,
    "map_at_20": 0.36749,
    "map_at_100": 0.37288,
    "map_at_200": 0.37348,
    "map_at_300": 0.37371,
    "map_at_500": 0.37387,
    "map_at_1000": 0.37401,
    "recall_at_1": 0.26767,
    "recall_at_3": 0.40394,
    "recall_at_5": 0.45475,
    "recall_at_10": 0.52751,
    "recall_at_20": 0.58288,
    "recall_at_100": 0.73062,
    "recall_at_200": 0.78268,
    "recall_at_300": 0.8179,
    "recall_at_500": 0.85458,
    "recall_at_1000": 0.90128,
    "precision_at_1": 0.33109,
    "precision_at_3": 0.17677,
    "precision_at_5": 0.12358,
    "precision_at_10": 0.07372,
    "precision_at_20": 0.04192,
    "precision_at_100": 0.01145,
    "precision_at_200": 0.00632,
    "precision_at_300": 0.00447,
    "precision_at_500": 0.00286,
    "precision_at_1000": 0.00156,
    "mrr_at_1": 0.33109,
    "mrr_at_3": 0.39493,
    "mrr_at_5": 0.40735,
    "mrr_at_10": 0.41714,
    "mrr_at_20": 0.42065,
    "mrr_at_100": 0.42426,
    "mrr_at_200": 0.42458,
    "mrr_at_300": 0.4247,
    "mrr_at_500": 0.42478,
    "mrr_at_1000": 0.42483
}