{
    "ndcg_at_1": 0.23288,
    "ndcg_at_3": 0.28366,
    "ndcg_at_5": 0.30283,
    "ndcg_at_10": 0.32984,
    "ndcg_at_20": 0.35702,
    "ndcg_at_100": 0.39254,
    "ndcg_at_200": 0.40246,
    "ndcg_at_300": 0.4077,
    "ndcg_at_500": 0.41246,
    "ndcg_at_1000": 0.41725,
    "map_at_1": 0.18325,
    "map_at_3": 0.24712,
    "map_at_5": 0.2608,
    "map_at_10": 0.27426,
    "map_at_20": 0.28274,
    "map_at_100": 0.28826,
    "map_at_200": 0.28894,
    "map_at_300": 0.28919,
    "map_at_500": 0.28933,
    "map_at_1000": 0.28943,
    "recall_at_1": 0.18325,
    "recall_at_3": 0.31999,
    "recall_at_5": 0.37123,
    "recall_at_10": 0.45019,
    "recall_at_20": 0.54766,
    "recall_at_100": 0.71953,
    "recall_at_200": 0.77953,
    "recall_at_300": 0.81363,
    "recall_at_500": 0.84968,
    "recall_at_1000": 0.88841,
    "precision_at_1": 0.23288,
    "precision_at_3": 0.14117,
    "precision_at_5": 0.10046,
    "precision_at_10": 0.06324,
    "precision_at_20": 0.03973,
    "precision_at_100": 0.01107,
    "precision_at_200": 0.00619,
    "precision_at_300": 0.00442,
    "precision_at_500": 0.00279,
    "precision_at_1000": 0.00149,
    "mrr_at_1": 0.23288,
    "mrr_at_3": 0.29852,
    "mrr_at_5": 0.31062,
    "mrr_at_10": 0.32166,
    "mrr_at_20": 0.32794,
    "mrr_at_100": 0.33226,
    "mrr_at_200": 0.33264,
    "mrr_at_300": 0.33274,
    "mrr_at_500": 0.33283,
    "mrr_at_1000": 0.33287
}