{
    "ndcg_at_1": 0.09807,
    "ndcg_at_3": 0.12899,
    "ndcg_at_5": 0.14232,
    "ndcg_at_10": 0.16328,
    "ndcg_at_20": 0.18055,
    "ndcg_at_100": 0.21621,
    "ndcg_at_200": 0.22801,
    "ndcg_at_300": 0.23462,
    "ndcg_at_500": 0.24361,
    "ndcg_at_1000": 0.25352,
    "map_at_1": 0.08026,
    "map_at_3": 0.11121,
    "map_at_5": 0.11963,
    "map_at_10": 0.12842,
    "map_at_20": 0.13341,
    "map_at_100": 0.13848,
    "map_at_200": 0.13918,
    "map_at_300": 0.13946,
    "map_at_500": 0.13971,
    "map_at_1000": 0.13989,
    "recall_at_1": 0.08026,
    "recall_at_3": 0.14997,
    "recall_at_5": 0.18389,
    "recall_at_10": 0.2464,
    "recall_at_20": 0.3108,
    "recall_at_100": 0.49029,
    "recall_at_200": 0.56572,
    "recall_at_300": 0.61147,
    "recall_at_500": 0.68088,
    "recall_at_1000": 0.76371,
    "precision_at_1": 0.09807,
    "precision_at_3": 0.06263,
    "precision_at_5": 0.04735,
    "precision_at_10": 0.03262,
    "precision_at_20": 0.02111,
    "precision_at_100": 0.00723,
    "precision_at_200": 0.0043,
    "precision_at_300": 0.00317,
    "precision_at_500": 0.00215,
    "precision_at_1000": 0.00124,
    "mrr_at_1": 0.09807,
    "mrr_at_3": 0.13363,
    "mrr_at_5": 0.14265,
    "mrr_at_10": 0.15254,
    "mrr_at_20": 0.15752,
    "mrr_at_100": 0.16198,
    "mrr_at_200": 0.16251,
    "mrr_at_300": 0.16269,
    "mrr_at_500": 0.16286,
    "mrr_at_1000": 0.16297
}