{
    "ndcg_at_1": 0.28172,
    "ndcg_at_3": 0.32367,
    "ndcg_at_5": 0.34774,
    "ndcg_at_10": 0.37643,
    "ndcg_at_20": 0.39623,
    "ndcg_at_100": 0.42845,
    "ndcg_at_200": 0.43934,
    "ndcg_at_300": 0.44301,
    "ndcg_at_500": 0.44784,
    "ndcg_at_1000": 0.45202,
    "map_at_1": 0.24632,
    "map_at_3": 0.29756,
    "map_at_5": 0.31269,
    "map_at_10": 0.32541,
    "map_at_20": 0.33129,
    "map_at_100": 0.33662,
    "map_at_200": 0.33727,
    "map_at_300": 0.33742,
    "map_at_500": 0.33757,
    "map_at_1000": 0.33765,
    "recall_at_1": 0.24632,
    "recall_at_3": 0.35223,
    "recall_at_5": 0.41254,
    "recall_at_10": 0.49567,
    "recall_at_20": 0.56724,
    "recall_at_100": 0.72128,
    "recall_at_200": 0.79247,
    "recall_at_300": 0.81731,
    "recall_at_500": 0.8537,
    "recall_at_1000": 0.88645,
    "precision_at_1": 0.28172,
    "precision_at_3": 0.14272,
    "precision_at_5": 0.1028,
    "precision_at_10": 0.06353,
    "precision_at_20": 0.03708,
    "precision_at_100": 0.01012,
    "precision_at_200": 0.0056,
    "precision_at_300": 0.0039,
    "precision_at_500": 0.00248,
    "precision_at_1000": 0.00131,
    "mrr_at_1": 0.28172,
    "mrr_at_3": 0.33582,
    "mrr_at_5": 0.35098,
    "mrr_at_10": 0.36246,
    "mrr_at_20": 0.3678,
    "mrr_at_100": 0.3713,
    "mrr_at_200": 0.37178,
    "mrr_at_300": 0.37188,
    "mrr_at_500": 0.37195,
    "mrr_at_1000": 0.37199
}