{
    "ndcg_at_1": 0.19279,
    "ndcg_at_3": 0.23697,
    "ndcg_at_5": 0.25531,
    "ndcg_at_10": 0.28234,
    "ndcg_at_20": 0.30427,
    "ndcg_at_100": 0.34658,
    "ndcg_at_200": 0.3565,
    "ndcg_at_300": 0.36161,
    "ndcg_at_500": 0.36713,
    "ndcg_at_1000": 0.3744,
    "map_at_1": 0.15661,
    "map_at_3": 0.20846,
    "map_at_5": 0.22061,
    "map_at_10": 0.23215,
    "map_at_20": 0.23899,
    "map_at_100": 0.24571,
    "map_at_200": 0.24633,
    "map_at_300": 0.24658,
    "map_at_500": 0.24673,
    "map_at_1000": 0.24687,
    "recall_at_1": 0.15661,
    "recall_at_3": 0.26841,
    "recall_at_5": 0.31334,
    "recall_at_10": 0.39416,
    "recall_at_20": 0.47123,
    "recall_at_100": 0.67607,
    "recall_at_200": 0.73903,
    "recall_at_300": 0.77228,
    "recall_at_500": 0.81488,
    "recall_at_1000": 0.87443,
    "precision_at_1": 0.19279,
    "precision_at_3": 0.11401,
    "precision_at_5": 0.08234,
    "precision_at_10": 0.05261,
    "precision_at_20": 0.03265,
    "precision_at_100": 0.0098,
    "precision_at_200": 0.00545,
    "precision_at_300": 0.00388,
    "precision_at_500": 0.00247,
    "precision_at_1000": 0.00135,
    "mrr_at_1": 0.19279,
    "mrr_at_3": 0.25207,
    "mrr_at_5": 0.26364,
    "mrr_at_10": 0.27642,
    "mrr_at_20": 0.28213,
    "mrr_at_100": 0.28694,
    "mrr_at_200": 0.28732,
    "mrr_at_300": 0.28742,
    "mrr_at_500": 0.28753,
    "mrr_at_1000": 0.2876
}