{
    "ndcg_at_1": 0.27273,
    "ndcg_at_3": 0.22133,
    "ndcg_at_5": 0.18836,
    "ndcg_at_10": 0.15049,
    "ndcg_at_20": 0.17157,
    "ndcg_at_100": 0.22854,
    "ndcg_at_200": 0.25262,
    "ndcg_at_300": 0.26885,
    "ndcg_at_500": 0.28277,
    "ndcg_at_1000": 0.29596,
    "map_at_1": 0.02727,
    "map_at_3": 0.05424,
    "map_at_5": 0.06952,
    "map_at_10": 0.08308,
    "map_at_20": 0.09049,
    "map_at_100": 0.10136,
    "map_at_200": 0.10402,
    "map_at_300": 0.10525,
    "map_at_500": 0.10598,
    "map_at_1000": 0.10653,
    "recall_at_1": 0.02727,
    "recall_at_3": 0.06182,
    "recall_at_5": 0.08182,
    "recall_at_10": 0.12182,
    "recall_at_20": 0.16,
    "recall_at_100": 0.30545,
    "recall_at_200": 0.38364,
    "recall_at_300": 0.44182,
    "recall_at_500": 0.49636,
    "recall_at_1000": 0.55273,
    "precision_at_1": 0.27273,
    "precision_at_3": 0.20606,
    "precision_at_5": 0.16364,
    "precision_at_10": 0.12182,
    "precision_at_20": 0.08,
    "precision_at_100": 0.03055,
    "precision_at_200": 0.01918,
    "precision_at_300": 0.01473,
    "precision_at_500": 0.00993,
    "precision_at_1000": 0.00553,
    "mrr_at_1": 0.27273,
    "mrr_at_3": 0.32424,
    "mrr_at_5": 0.33333,
    "mrr_at_10": 0.35032,
    "mrr_at_20": 0.35904,
    "mrr_at_100": 0.36278,
    "mrr_at_200": 0.36302,
    "mrr_at_300": 0.36302,
    "mrr_at_500": 0.36307,
    "mrr_at_1000": 0.36307,
    "rc_at_1": {
        "relevant": 0.27273,
        "distractor": 0.4
    },
    "rc_at_3": {
        "relevant": 0.61818,
        "distractor": 1.09091
    },
    "rc_at_5": {
        "relevant": 0.81818,
        "distractor": 1.69091
    },
    "rc_at_10": {
        "relevant": 1.21818,
        "distractor": 3.34545
    },
    "rc_at_20": {
        "relevant": 1.6,
        "distractor": 6.03636
    },
    "rc_at_100": {
        "relevant": 3.05455,
        "distractor": 15.65455
    },
    "rc_at_200": {
        "relevant": 3.83636,
        "distractor": 21.58182
    },
    "rc_at_300": {
        "relevant": 4.41818,
        "distractor": 25.32727
    },
    "rc_at_500": {
        "relevant": 4.96364,
        "distractor": 30.8
    },
    "rc_at_1000": {
        "relevant": 5.52727,
        "distractor": 38.30909
    }
}