{
    "ndcg_at_1": 0.34545,
    "ndcg_at_3": 0.27903,
    "ndcg_at_5": 0.25261,
    "ndcg_at_10": 0.21189,
    "ndcg_at_20": 0.26946,
    "ndcg_at_100": 0.41659,
    "ndcg_at_200": 0.43584,
    "ndcg_at_300": 0.44796,
    "ndcg_at_500": 0.46425,
    "ndcg_at_1000": 0.47201,
    "map_at_1": 0.03455,
    "map_at_3": 0.07061,
    "map_at_5": 0.09297,
    "map_at_10": 0.11331,
    "map_at_20": 0.14034,
    "map_at_100": 0.18698,
    "map_at_200": 0.1906,
    "map_at_300": 0.19199,
    "map_at_500": 0.19328,
    "map_at_1000": 0.19367,
    "recall_at_1": 0.03455,
    "recall_at_3": 0.07818,
    "recall_at_5": 0.11455,
    "recall_at_10": 0.18182,
    "recall_at_20": 0.28727,
    "recall_at_100": 0.64909,
    "recall_at_200": 0.71091,
    "recall_at_300": 0.75455,
    "recall_at_500": 0.81818,
    "recall_at_1000": 0.85091,
    "precision_at_1": 0.34545,
    "precision_at_3": 0.26061,
    "precision_at_5": 0.22909,
    "precision_at_10": 0.18182,
    "precision_at_20": 0.14364,
    "precision_at_100": 0.06491,
    "precision_at_200": 0.03555,
    "precision_at_300": 0.02515,
    "precision_at_500": 0.01636,
    "precision_at_1000": 0.00851,
    "mrr_at_1": 0.34545,
    "mrr_at_3": 0.39697,
    "mrr_at_5": 0.42606,
    "mrr_at_10": 0.4565,
    "mrr_at_20": 0.45897,
    "mrr_at_100": 0.46293,
    "mrr_at_200": 0.46293,
    "mrr_at_300": 0.46293,
    "mrr_at_500": 0.46293,
    "mrr_at_1000": 0.46293,
    "rc_at_1": {
        "relevant": 0.34545,
        "distractor": 0.65455
    },
    "rc_at_3": {
        "relevant": 0.78182,
        "distractor": 2.03636
    },
    "rc_at_5": {
        "relevant": 1.14545,
        "distractor": 3.49091
    },
    "rc_at_10": {
        "relevant": 1.81818,
        "distractor": 7.29091
    },
    "rc_at_20": {
        "relevant": 2.87273,
        "distractor": 14.49091
    },
    "rc_at_100": {
        "relevant": 6.49091,
        "distractor": 48.52727
    },
    "rc_at_200": {
        "relevant": 7.10909,
        "distractor": 60.45455
    },
    "rc_at_300": {
        "relevant": 7.54545,
        "distractor": 65.50909
    },
    "rc_at_500": {
        "relevant": 8.18182,
        "distractor": 70.49091
    },
    "rc_at_1000": {
        "relevant": 8.50909,
        "distractor": 76.52727
    }
}