{
    "ndcg_at_1": 0.58,
    "ndcg_at_3": 0.61961,
    "ndcg_at_5": 0.6142,
    "ndcg_at_10": 0.59266,
    "ndcg_at_20": 0.56151,
    "ndcg_at_100": 0.42436,
    "ndcg_at_200": 0.35848,
    "ndcg_at_300": 0.32834,
    "ndcg_at_500": 0.32036,
    "ndcg_at_1000": 0.36298,
    "map_at_1": 0.0017,
    "map_at_3": 0.00449,
    "map_at_5": 0.00716,
    "map_at_10": 0.01293,
    "map_at_20": 0.02277,
    "map_at_100": 0.06866,
    "map_at_200": 0.09768,
    "map_at_300": 0.11312,
    "map_at_500": 0.13106,
    "map_at_1000": 0.15072,
    "recall_at_1": 0.0017,
    "recall_at_3": 0.00496,
    "recall_at_5": 0.00839,
    "recall_at_10": 0.01567,
    "recall_at_20": 0.02911,
    "recall_at_100": 0.10008,
    "recall_at_200": 0.15784,
    "recall_at_300": 0.19534,
    "recall_at_500": 0.24897,
    "recall_at_1000": 0.33319,
    "precision_at_1": 0.64,
    "precision_at_3": 0.68,
    "precision_at_5": 0.668,
    "precision_at_10": 0.63,
    "precision_at_20": 0.594,
    "precision_at_100": 0.4292,
    "precision_at_200": 0.3458,
    "precision_at_300": 0.2902,
    "precision_at_500": 0.22752,
    "precision_at_1000": 0.15608,
    "mrr_at_1": 0.64,
    "mrr_at_3": 0.77333,
    "mrr_at_5": 0.78833,
    "mrr_at_10": 0.79056,
    "mrr_at_20": 0.79056,
    "mrr_at_100": 0.79056,
    "mrr_at_200": 0.79056,
    "mrr_at_300": 0.79056,
    "mrr_at_500": 0.79056,
    "mrr_at_1000": 0.79056
}