{
    "ndcg_at_1": 0.41818,
    "ndcg_at_3": 0.28085,
    "ndcg_at_5": 0.24651,
    "ndcg_at_10": 0.20994,
    "ndcg_at_20": 0.26298,
    "ndcg_at_100": 0.35239,
    "ndcg_at_200": 0.37492,
    "ndcg_at_300": 0.38553,
    "ndcg_at_500": 0.39581,
    "ndcg_at_1000": 0.4116,
    "map_at_1": 0.04182,
    "map_at_3": 0.06545,
    "map_at_5": 0.08209,
    "map_at_10": 0.10438,
    "map_at_20": 0.13252,
    "map_at_100": 0.15697,
    "map_at_200": 0.16043,
    "map_at_300": 0.16149,
    "map_at_500": 0.16211,
    "map_at_1000": 0.16281,
    "recall_at_1": 0.04182,
    "recall_at_3": 0.07455,
    "recall_at_5": 0.10545,
    "recall_at_10": 0.17636,
    "recall_at_20": 0.27273,
    "recall_at_100": 0.49636,
    "recall_at_200": 0.56909,
    "recall_at_300": 0.60727,
    "recall_at_500": 0.64727,
    "recall_at_1000": 0.71455,
    "precision_at_1": 0.41818,
    "precision_at_3": 0.24848,
    "precision_at_5": 0.21091,
    "precision_at_10": 0.17636,
    "precision_at_20": 0.13636,
    "precision_at_100": 0.04964,
    "precision_at_200": 0.02845,
    "precision_at_300": 0.02024,
    "precision_at_500": 0.01295,
    "precision_at_1000": 0.00715,
    "mrr_at_1": 0.41818,
    "mrr_at_3": 0.45455,
    "mrr_at_5": 0.48273,
    "mrr_at_10": 0.50487,
    "mrr_at_20": 0.50905,
    "mrr_at_100": 0.51007,
    "mrr_at_200": 0.51007,
    "mrr_at_300": 0.51021,
    "mrr_at_500": 0.51021,
    "mrr_at_1000": 0.51024,
    "rc_at_1": {
        "relevant": 0.41818,
        "distractor": 0.52727
    },
    "rc_at_3": {
        "relevant": 0.74545,
        "distractor": 2.01818
    },
    "rc_at_5": {
        "relevant": 1.10909,
        "distractor": 3.41818
    },
    "rc_at_10": {
        "relevant": 1.81818,
        "distractor": 6.74545
    },
    "rc_at_20": {
        "relevant": 2.8,
        "distractor": 12.32727
    },
    "rc_at_100": {
        "relevant": 5.03636,
        "distractor": 34.54545
    },
    "rc_at_200": {
        "relevant": 5.72727,
        "distractor": 43.69091
    },
    "rc_at_300": {
        "relevant": 6.16364,
        "distractor": 48.54545
    },
    "rc_at_500": {
        "relevant": 6.56364,
        "distractor": 53.38182
    },
    "rc_at_1000": {
        "relevant": 7.14545,
        "distractor": 59.98182
    }
}