{
    "ndcg_at_1": 0.41818,
    "ndcg_at_3": 0.28197,
    "ndcg_at_5": 0.25767,
    "ndcg_at_10": 0.2235,
    "ndcg_at_20": 0.2862,
    "ndcg_at_100": 0.41758,
    "ndcg_at_200": 0.44973,
    "ndcg_at_300": 0.4628,
    "ndcg_at_500": 0.47586,
    "ndcg_at_1000": 0.48978,
    "map_at_1": 0.04182,
    "map_at_3": 0.06576,
    "map_at_5": 0.08567,
    "map_at_10": 0.11131,
    "map_at_20": 0.14325,
    "map_at_100": 0.18457,
    "map_at_200": 0.18974,
    "map_at_300": 0.19106,
    "map_at_500": 0.19199,
    "map_at_1000": 0.19266,
    "recall_at_1": 0.04182,
    "recall_at_3": 0.07455,
    "recall_at_5": 0.11273,
    "recall_at_10": 0.19273,
    "recall_at_20": 0.30727,
    "recall_at_100": 0.63455,
    "recall_at_200": 0.73818,
    "recall_at_300": 0.78545,
    "recall_at_500": 0.83636,
    "recall_at_1000": 0.89636,
    "precision_at_1": 0.41818,
    "precision_at_3": 0.24848,
    "precision_at_5": 0.22545,
    "precision_at_10": 0.19273,
    "precision_at_20": 0.15364,
    "precision_at_100": 0.06345,
    "precision_at_200": 0.03691,
    "precision_at_300": 0.02618,
    "precision_at_500": 0.01673,
    "precision_at_1000": 0.00896,
    "mrr_at_1": 0.41818,
    "mrr_at_3": 0.45758,
    "mrr_at_5": 0.48758,
    "mrr_at_10": 0.51484,
    "mrr_at_20": 0.51731,
    "mrr_at_100": 0.51872,
    "mrr_at_200": 0.51901,
    "mrr_at_300": 0.51901,
    "mrr_at_500": 0.51901,
    "mrr_at_1000": 0.51901,
    "rc_at_1": {
        "relevant": 0.41818,
        "distractor": 0.56364
    },
    "rc_at_3": {
        "relevant": 0.74545,
        "distractor": 2.2
    },
    "rc_at_5": {
        "relevant": 1.14545,
        "distractor": 3.72727
    },
    "rc_at_10": {
        "relevant": 1.94545,
        "distractor": 7.56364
    },
    "rc_at_20": {
        "relevant": 3.14545,
        "distractor": 14.90909
    },
    "rc_at_100": {
        "relevant": 6.38182,
        "distractor": 51.32727
    },
    "rc_at_200": {
        "relevant": 7.38182,
        "distractor": 63.50909
    },
    "rc_at_300": {
        "relevant": 7.83636,
        "distractor": 68.87273
    },
    "rc_at_500": {
        "relevant": 8.4,
        "distractor": 74.81818
    },
    "rc_at_1000": {
        "relevant": 8.96364,
        "distractor": 81.89091
    }
}