{
    "ndcg_at_1": 0.38462,
    "ndcg_at_3": 0.3193,
    "ndcg_at_5": 0.3042,
    "ndcg_at_10": 0.25069,
    "ndcg_at_20": 0.29911,
    "ndcg_at_100": 0.48278,
    "ndcg_at_200": 0.53606,
    "ndcg_at_300": 0.54079,
    "ndcg_at_500": 0.5432,
    "ndcg_at_1000": 0.54536,
    "map_at_1": 0.03846,
    "map_at_3": 0.07744,
    "map_at_5": 0.10744,
    "map_at_10": 0.14244,
    "map_at_20": 0.16408,
    "map_at_100": 0.21882,
    "map_at_200": 0.22969,
    "map_at_300": 0.23031,
    "map_at_500": 0.23055,
    "map_at_1000": 0.23068,
    "recall_at_1": 0.03846,
    "recall_at_3": 0.09077,
    "recall_at_5": 0.14308,
    "recall_at_10": 0.21846,
    "recall_at_20": 0.30615,
    "recall_at_100": 0.78308,
    "recall_at_200": 0.95231,
    "recall_at_300": 0.96923,
    "recall_at_500": 0.97846,
    "recall_at_1000": 0.98769,
    "precision_at_1": 0.38462,
    "precision_at_3": 0.30256,
    "precision_at_5": 0.28615,
    "precision_at_10": 0.21846,
    "precision_at_20": 0.15308,
    "precision_at_100": 0.07831,
    "precision_at_200": 0.04762,
    "precision_at_300": 0.03231,
    "precision_at_500": 0.01957,
    "precision_at_1000": 0.00988,
    "mrr_at_1": 0.38462,
    "mrr_at_3": 0.46154,
    "mrr_at_5": 0.48615,
    "mrr_at_10": 0.50166,
    "mrr_at_20": 0.50913,
    "mrr_at_100": 0.5111,
    "mrr_at_200": 0.5111,
    "mrr_at_300": 0.5111,
    "mrr_at_500": 0.5111,
    "mrr_at_1000": 0.5111,
    "rc_at_1": {
        "relevant": 0.38462,
        "distractor": 0.61538
    },
    "rc_at_3": {
        "relevant": 0.90769,
        "distractor": 2.09231
    },
    "rc_at_5": {
        "relevant": 1.43077,
        "distractor": 3.55385
    },
    "rc_at_10": {
        "relevant": 2.18462,
        "distractor": 7.75385
    },
    "rc_at_20": {
        "relevant": 3.06154,
        "distractor": 16.8
    },
    "rc_at_100": {
        "relevant": 7.83077,
        "distractor": 83.13846
    },
    "rc_at_200": {
        "relevant": 9.52308,
        "distractor": 94.44615
    },
    "rc_at_300": {
        "relevant": 9.69231,
        "distractor": 96.15385
    },
    "rc_at_500": {
        "relevant": 9.78462,
        "distractor": 97.09231
    },
    "rc_at_1000": {
        "relevant": 9.87692,
        "distractor": 98.03077
    }
}