{
    "ndcg_at_1": 0.16045,
    "ndcg_at_3": 0.19218,
    "ndcg_at_5": 0.21616,
    "ndcg_at_10": 0.24224,
    "ndcg_at_20": 0.26654,
    "ndcg_at_100": 0.30426,
    "ndcg_at_200": 0.31564,
    "ndcg_at_300": 0.32005,
    "ndcg_at_500": 0.328,
    "ndcg_at_1000": 0.33541,
    "map_at_1": 0.12516,
    "map_at_3": 0.16782,
    "map_at_5": 0.18212,
    "map_at_10": 0.19357,
    "map_at_20": 0.20087,
    "map_at_100": 0.20658,
    "map_at_200": 0.20729,
    "map_at_300": 0.20748,
    "map_at_500": 0.20771,
    "map_at_1000": 0.20785,
    "recall_at_1": 0.12516,
    "recall_at_3": 0.21909,
    "recall_at_5": 0.27909,
    "recall_at_10": 0.35641,
    "recall_at_20": 0.44419,
    "recall_at_100": 0.62603,
    "recall_at_200": 0.69591,
    "recall_at_300": 0.72546,
    "recall_at_500": 0.78658,
    "recall_at_1000": 0.84759,
    "precision_at_1": 0.16045,
    "precision_at_3": 0.09204,
    "precision_at_5": 0.07065,
    "precision_at_10": 0.04639,
    "precision_at_20": 0.02985,
    "precision_at_100": 0.00899,
    "precision_at_200": 0.00517,
    "precision_at_300": 0.00364,
    "precision_at_500": 0.00239,
    "precision_at_1000": 0.00131,
    "mrr_at_1": 0.16294,
    "mrr_at_3": 0.20833,
    "mrr_at_5": 0.22407,
    "mrr_at_10": 0.23583,
    "mrr_at_20": 0.24169,
    "mrr_at_100": 0.24653,
    "mrr_at_200": 0.24701,
    "mrr_at_300": 0.24711,
    "mrr_at_500": 0.24723,
    "mrr_at_1000": 0.24731
}