{
    "ndcg_at_1": 0.09057,
    "ndcg_at_3": 0.11678,
    "ndcg_at_5": 0.13153,
    "ndcg_at_10": 0.14675,
    "ndcg_at_20": 0.16548,
    "ndcg_at_100": 0.20008,
    "ndcg_at_200": 0.21186,
    "ndcg_at_300": 0.21657,
    "ndcg_at_500": 0.22284,
    "ndcg_at_1000": 0.2296,
    "map_at_1": 0.08238,
    "map_at_3": 0.10605,
    "map_at_5": 0.11432,
    "map_at_10": 0.12048,
    "map_at_20": 0.12581,
    "map_at_100": 0.13057,
    "map_at_200": 0.13121,
    "map_at_300": 0.13138,
    "map_at_500": 0.13154,
    "map_at_1000": 0.13165,
    "recall_at_1": 0.08238,
    "recall_at_3": 0.13722,
    "recall_at_5": 0.17363,
    "recall_at_10": 0.21848,
    "recall_at_20": 0.28795,
    "recall_at_100": 0.46866,
    "recall_at_200": 0.54854,
    "recall_at_300": 0.58329,
    "recall_at_500": 0.63297,
    "recall_at_1000": 0.69185,
    "precision_at_1": 0.09057,
    "precision_at_3": 0.05052,
    "precision_at_5": 0.03845,
    "precision_at_10": 0.02514,
    "precision_at_20": 0.0171,
    "precision_at_100": 0.00575,
    "precision_at_200": 0.00342,
    "precision_at_300": 0.00245,
    "precision_at_500": 0.00163,
    "precision_at_1000": 0.00091,
    "mrr_at_1": 0.09057,
    "mrr_at_3": 0.11614,
    "mrr_at_5": 0.12483,
    "mrr_at_10": 0.13159,
    "mrr_at_20": 0.137,
    "mrr_at_100": 0.14146,
    "mrr_at_200": 0.14207,
    "mrr_at_300": 0.1422,
    "mrr_at_500": 0.14234,
    "mrr_at_1000": 0.14241
}