{
    "ndcg_at_1": 0.0,
    "ndcg_at_3": 0.0,
    "ndcg_at_5": 0.0,
    "ndcg_at_10": 0.0,
    "ndcg_at_20": 0.00108,
    "ndcg_at_100": 0.0047,
    "ndcg_at_200": 0.00525,
    "ndcg_at_300": 0.00675,
    "ndcg_at_500": 0.00771,
    "ndcg_at_1000": 0.01065,
    "map_at_1": 0.0,
    "map_at_3": 0.0,
    "map_at_5": 0.0,
    "map_at_10": 0.0,
    "map_at_20": 0.00015,
    "map_at_100": 0.00037,
    "map_at_200": 0.00038,
    "map_at_300": 0.00042,
    "map_at_500": 0.00044,
    "map_at_1000": 0.00046,
    "recall_at_1": 0.0,
    "recall_at_3": 0.0,
    "recall_at_5": 0.0,
    "recall_at_10": 0.0,
    "recall_at_20": 0.00182,
    "recall_at_100": 0.01091,
    "recall_at_200": 0.01273,
    "recall_at_300": 0.01818,
    "recall_at_500": 0.02182,
    "recall_at_1000": 0.03455,
    "precision_at_1": 0.0,
    "precision_at_3": 0.0,
    "precision_at_5": 0.0,
    "precision_at_10": 0.0,
    "precision_at_20": 0.00091,
    "precision_at_100": 0.00109,
    "precision_at_200": 0.00064,
    "precision_at_300": 0.00061,
    "precision_at_500": 0.00044,
    "precision_at_1000": 0.00035,
    "mrr_at_1": 0.0,
    "mrr_at_3": 0.0,
    "mrr_at_5": 0.00455,
    "mrr_at_10": 0.00455,
    "mrr_at_20": 0.00545,
    "mrr_at_100": 0.00698,
    "mrr_at_200": 0.00724,
    "mrr_at_300": 0.00741,
    "mrr_at_500": 0.00756,
    "mrr_at_1000": 0.00756,
    "rc_at_1": {
        "relevant": 0.0,
        "distractor": 0.03636
    },
    "rc_at_3": {
        "relevant": 0.0,
        "distractor": 0.05455
    },
    "rc_at_5": {
        "relevant": 0.01818,
        "distractor": 0.09091
    },
    "rc_at_10": {
        "relevant": 0.01818,
        "distractor": 0.16364
    },
    "rc_at_20": {
        "relevant": 0.03636,
        "distractor": 0.23636
    },
    "rc_at_100": {
        "relevant": 0.16364,
        "distractor": 0.8
    },
    "rc_at_200": {
        "relevant": 0.23636,
        "distractor": 1.16364
    },
    "rc_at_300": {
        "relevant": 0.27273,
        "distractor": 1.63636
    },
    "rc_at_500": {
        "relevant": 0.34545,
        "distractor": 2.03636
    },
    "rc_at_1000": {
        "relevant": 0.34545,
        "distractor": 2.98182
    }
}