{
    "ndcg_at_1": 0.0,
    "ndcg_at_3": 0.0,
    "ndcg_at_5": 0.01035,
    "ndcg_at_10": 0.00914,
    "ndcg_at_20": 0.00914,
    "ndcg_at_100": 0.01973,
    "ndcg_at_200": 0.02351,
    "ndcg_at_300": 0.02957,
    "ndcg_at_500": 0.03792,
    "ndcg_at_1000": 0.06142,
    "map_at_1": 0.0,
    "map_at_3": 0.0,
    "map_at_5": 0.00173,
    "map_at_10": 0.00214,
    "map_at_20": 0.00214,
    "map_at_100": 0.00293,
    "map_at_200": 0.00303,
    "map_at_300": 0.00318,
    "map_at_500": 0.00335,
    "map_at_1000": 0.00377,
    "recall_at_1": 0.0,
    "recall_at_3": 0.0,
    "recall_at_5": 0.00727,
    "recall_at_10": 0.01091,
    "recall_at_20": 0.01091,
    "recall_at_100": 0.03818,
    "recall_at_200": 0.05091,
    "recall_at_300": 0.07273,
    "recall_at_500": 0.10545,
    "recall_at_1000": 0.20727,
    "precision_at_1": 0.0,
    "precision_at_3": 0.0,
    "precision_at_5": 0.01455,
    "precision_at_10": 0.01091,
    "precision_at_20": 0.00545,
    "precision_at_100": 0.00382,
    "precision_at_200": 0.00255,
    "precision_at_300": 0.00242,
    "precision_at_500": 0.00211,
    "precision_at_1000": 0.00207,
    "mrr_at_1": 0.0,
    "mrr_at_3": 0.01818,
    "mrr_at_5": 0.01818,
    "mrr_at_10": 0.02808,
    "mrr_at_20": 0.02948,
    "mrr_at_100": 0.0344,
    "mrr_at_200": 0.03476,
    "mrr_at_300": 0.03527,
    "mrr_at_500": 0.03549,
    "mrr_at_1000": 0.03566,
    "rc_at_1": {
        "relevant": 0.0,
        "distractor": 0.07273
    },
    "rc_at_3": {
        "relevant": 0.03636,
        "distractor": 0.16364
    },
    "rc_at_5": {
        "relevant": 0.03636,
        "distractor": 0.29091
    },
    "rc_at_10": {
        "relevant": 0.10909,
        "distractor": 0.45455
    },
    "rc_at_20": {
        "relevant": 0.16364,
        "distractor": 0.90909
    },
    "rc_at_100": {
        "relevant": 0.52727,
        "distractor": 3.23636
    },
    "rc_at_200": {
        "relevant": 0.70909,
        "distractor": 5.52727
    },
    "rc_at_300": {
        "relevant": 0.96364,
        "distractor": 7.2
    },
    "rc_at_500": {
        "relevant": 1.36364,
        "distractor": 11.14545
    },
    "rc_at_1000": {
        "relevant": 2.07273,
        "distractor": 17.96364
    }
}