{
    "ndcg_at_1": 0.30955,
    "ndcg_at_3": 0.35848,
    "ndcg_at_5": 0.3789,
    "ndcg_at_10": 0.40122,
    "ndcg_at_20": 0.42065,
    "ndcg_at_100": 0.45155,
    "ndcg_at_200": 0.46,
    "ndcg_at_300": 0.46433,
    "ndcg_at_500": 0.46848,
    "ndcg_at_1000": 0.47376,
    "map_at_1": 0.24476,
    "map_at_3": 0.31512,
    "map_at_5": 0.33168,
    "map_at_10": 0.34435,
    "map_at_20": 0.35169,
    "map_at_100": 0.35801,
    "map_at_200": 0.3588,
    "map_at_300": 0.35902,
    "map_at_500": 0.35919,
    "map_at_1000": 0.35933,
    "recall_at_1": 0.24476,
    "recall_at_3": 0.38097,
    "recall_at_5": 0.4375,
    "recall_at_10": 0.50584,
    "recall_at_20": 0.57661,
    "recall_at_100": 0.72263,
    "recall_at_200": 0.77017,
    "recall_at_300": 0.79922,
    "recall_at_500": 0.82737,
    "recall_at_1000": 0.86602,
    "precision_at_1": 0.30955,
    "precision_at_3": 0.17728,
    "precision_at_5": 0.12803,
    "precision_at_10": 0.07892,
    "precision_at_20": 0.04806,
    "precision_at_100": 0.01361,
    "precision_at_200": 0.00762,
    "precision_at_300": 0.00533,
    "precision_at_500": 0.00339,
    "precision_at_1000": 0.00183,
    "mrr_at_1": 0.30955,
    "mrr_at_3": 0.37654,
    "mrr_at_5": 0.38972,
    "mrr_at_10": 0.39859,
    "mrr_at_20": 0.40311,
    "mrr_at_100": 0.40656,
    "mrr_at_200": 0.40685,
    "mrr_at_300": 0.40697,
    "mrr_at_500": 0.40703,
    "mrr_at_1000": 0.40707
}