{
    "ndcg_at_1": 0.32727,
    "ndcg_at_3": 0.27791,
    "ndcg_at_5": 0.25712,
    "ndcg_at_10": 0.21841,
    "ndcg_at_20": 0.27482,
    "ndcg_at_100": 0.4013,
    "ndcg_at_200": 0.42988,
    "ndcg_at_300": 0.44049,
    "ndcg_at_500": 0.45115,
    "ndcg_at_1000": 0.45971,
    "map_at_1": 0.03273,
    "map_at_3": 0.07,
    "map_at_5": 0.09373,
    "map_at_10": 0.12053,
    "map_at_20": 0.14301,
    "map_at_100": 0.18348,
    "map_at_200": 0.18813,
    "map_at_300": 0.18927,
    "map_at_500": 0.19018,
    "map_at_1000": 0.19065,
    "recall_at_1": 0.03273,
    "recall_at_3": 0.08,
    "recall_at_5": 0.12,
    "recall_at_10": 0.19273,
    "recall_at_20": 0.29636,
    "recall_at_100": 0.61091,
    "recall_at_200": 0.70364,
    "recall_at_300": 0.74182,
    "recall_at_500": 0.78364,
    "recall_at_1000": 0.82,
    "precision_at_1": 0.32727,
    "precision_at_3": 0.26667,
    "precision_at_5": 0.24,
    "precision_at_10": 0.19273,
    "precision_at_20": 0.14818,
    "precision_at_100": 0.06109,
    "precision_at_200": 0.03518,
    "precision_at_300": 0.02473,
    "precision_at_500": 0.01567,
    "precision_at_1000": 0.0082,
    "mrr_at_1": 0.32727,
    "mrr_at_3": 0.38485,
    "mrr_at_5": 0.41394,
    "mrr_at_10": 0.44285,
    "mrr_at_20": 0.44718,
    "mrr_at_100": 0.44932,
    "mrr_at_200": 0.44932,
    "mrr_at_300": 0.44941,
    "mrr_at_500": 0.44941,
    "mrr_at_1000": 0.44941,
    "rc_at_1": {
        "relevant": 0.32727,
        "distractor": 0.61818
    },
    "rc_at_3": {
        "relevant": 0.8,
        "distractor": 2.0
    },
    "rc_at_5": {
        "relevant": 1.2,
        "distractor": 3.38182
    },
    "rc_at_10": {
        "relevant": 1.92727,
        "distractor": 7.0
    },
    "rc_at_20": {
        "relevant": 2.96364,
        "distractor": 13.6
    },
    "rc_at_100": {
        "relevant": 6.10909,
        "distractor": 44.45455
    },
    "rc_at_200": {
        "relevant": 7.03636,
        "distractor": 55.50909
    },
    "rc_at_300": {
        "relevant": 7.41818,
        "distractor": 60.2
    },
    "rc_at_500": {
        "relevant": 7.83636,
        "distractor": 65.36364
    },
    "rc_at_1000": {
        "relevant": 8.2,
        "distractor": 72.63636
    }
}