{
    "ndcg_at_1": 0.23636,
    "ndcg_at_3": 0.1935,
    "ndcg_at_5": 0.17329,
    "ndcg_at_10": 0.13928,
    "ndcg_at_20": 0.15306,
    "ndcg_at_100": 0.20658,
    "ndcg_at_200": 0.22466,
    "ndcg_at_300": 0.23925,
    "ndcg_at_500": 0.25216,
    "ndcg_at_1000": 0.26573,
    "map_at_1": 0.02364,
    "map_at_3": 0.04818,
    "map_at_5": 0.06409,
    "map_at_10": 0.07796,
    "map_at_20": 0.0827,
    "map_at_100": 0.09279,
    "map_at_200": 0.0943,
    "map_at_300": 0.09521,
    "map_at_500": 0.0959,
    "map_at_1000": 0.0964,
    "recall_at_1": 0.02364,
    "recall_at_3": 0.05455,
    "recall_at_5": 0.07818,
    "recall_at_10": 0.11636,
    "recall_at_20": 0.14182,
    "recall_at_100": 0.27818,
    "recall_at_200": 0.33636,
    "recall_at_300": 0.38909,
    "recall_at_500": 0.44,
    "recall_at_1000": 0.49818,
    "precision_at_1": 0.23636,
    "precision_at_3": 0.18182,
    "precision_at_5": 0.15636,
    "precision_at_10": 0.11636,
    "precision_at_20": 0.07091,
    "precision_at_100": 0.02782,
    "precision_at_200": 0.01682,
    "precision_at_300": 0.01297,
    "precision_at_500": 0.0088,
    "precision_at_1000": 0.00498,
    "mrr_at_1": 0.23636,
    "mrr_at_3": 0.27576,
    "mrr_at_5": 0.29394,
    "mrr_at_10": 0.31257,
    "mrr_at_20": 0.3162,
    "mrr_at_100": 0.32194,
    "mrr_at_200": 0.32224,
    "mrr_at_300": 0.32239,
    "mrr_at_500": 0.32239,
    "mrr_at_1000": 0.32239,
    "rc_at_1": {
        "relevant": 0.23636,
        "distractor": 0.36364
    },
    "rc_at_3": {
        "relevant": 0.54545,
        "distractor": 0.98182
    },
    "rc_at_5": {
        "relevant": 0.78182,
        "distractor": 1.50909
    },
    "rc_at_10": {
        "relevant": 1.16364,
        "distractor": 2.89091
    },
    "rc_at_20": {
        "relevant": 1.41818,
        "distractor": 5.18182
    },
    "rc_at_100": {
        "relevant": 2.78182,
        "distractor": 13.34545
    },
    "rc_at_200": {
        "relevant": 3.36364,
        "distractor": 17.98182
    },
    "rc_at_300": {
        "relevant": 3.89091,
        "distractor": 20.63636
    },
    "rc_at_500": {
        "relevant": 4.4,
        "distractor": 25.01818
    },
    "rc_at_1000": {
        "relevant": 4.98182,
        "distractor": 31.69091
    }
}