{
    "ndcg_at_1": 0.12883,
    "ndcg_at_3": 0.15462,
    "ndcg_at_5": 0.16527,
    "ndcg_at_10": 0.17562,
    "ndcg_at_20": 0.18966,
    "ndcg_at_100": 0.2137,
    "ndcg_at_200": 0.22258,
    "ndcg_at_300": 0.22785,
    "ndcg_at_500": 0.23383,
    "ndcg_at_1000": 0.24316,
    "map_at_1": 0.11458,
    "map_at_3": 0.14173,
    "map_at_5": 0.14837,
    "map_at_10": 0.15282,
    "map_at_20": 0.15702,
    "map_at_100": 0.16024,
    "map_at_200": 0.1607,
    "map_at_300": 0.16087,
    "map_at_500": 0.16102,
    "map_at_1000": 0.16116,
    "recall_at_1": 0.11458,
    "recall_at_3": 0.17128,
    "recall_at_5": 0.19898,
    "recall_at_10": 0.23169,
    "recall_at_20": 0.28333,
    "recall_at_100": 0.40707,
    "recall_at_200": 0.46697,
    "recall_at_300": 0.50704,
    "recall_at_500": 0.55363,
    "recall_at_1000": 0.63585,
    "precision_at_1": 0.12883,
    "precision_at_3": 0.06748,
    "precision_at_5": 0.04724,
    "precision_at_10": 0.02776,
    "precision_at_20": 0.0171,
    "precision_at_100": 0.00508,
    "precision_at_200": 0.00294,
    "precision_at_300": 0.00213,
    "precision_at_500": 0.00142,
    "precision_at_1000": 0.00083,
    "mrr_at_1": 0.12883,
    "mrr_at_3": 0.1567,
    "mrr_at_5": 0.16383,
    "mrr_at_10": 0.16851,
    "mrr_at_20": 0.17255,
    "mrr_at_100": 0.17579,
    "mrr_at_200": 0.17629,
    "mrr_at_300": 0.17646,
    "mrr_at_500": 0.17659,
    "mrr_at_1000": 0.1767
}