{
    "ndcg_at_1": 0.7437,
    "ndcg_at_3": 0.78602,
    "ndcg_at_5": 0.80286,
    "ndcg_at_10": 0.81988,
    "ndcg_at_20": 0.82924,
    "ndcg_at_100": 0.8388,
    "ndcg_at_200": 0.84049,
    "ndcg_at_300": 0.84107,
    "ndcg_at_500": 0.84153,
    "ndcg_at_1000": 0.84198,
    "map_at_1": 0.64572,
    "map_at_3": 0.74658,
    "map_at_5": 0.76411,
    "map_at_10": 0.77577,
    "map_at_20": 0.78042,
    "map_at_100": 0.78316,
    "map_at_200": 0.78338,
    "map_at_300": 0.78342,
    "map_at_500": 0.78345,
    "map_at_1000": 0.78347,
    "recall_at_1": 0.64572,
    "recall_at_3": 0.808,
    "recall_at_5": 0.855,
    "recall_at_10": 0.90515,
    "recall_at_20": 0.93684,
    "recall_at_100": 0.97624,
    "recall_at_200": 0.98494,
    "recall_at_300": 0.98837,
    "recall_at_500": 0.99102,
    "recall_at_1000": 0.99399,
    "precision_at_1": 0.7437,
    "precision_at_3": 0.3429,
    "precision_at_5": 0.2259,
    "precision_at_10": 0.12484,
    "precision_at_20": 0.06691,
    "precision_at_100": 0.01472,
    "precision_at_200": 0.00754,
    "precision_at_300": 0.00507,
    "precision_at_500": 0.00307,
    "precision_at_1000": 0.00155,
    "mrr_at_1": 0.7438,
    "mrr_at_3": 0.8008,
    "mrr_at_5": 0.80859,
    "mrr_at_10": 0.81372,
    "mrr_at_20": 0.81518,
    "mrr_at_100": 0.81586,
    "mrr_at_200": 0.81589,
    "mrr_at_300": 0.8159,
    "mrr_at_500": 0.8159,
    "mrr_at_1000": 0.81591
}