{
    "ndcg_at_1": 0.32308,
    "ndcg_at_3": 0.25492,
    "ndcg_at_5": 0.24529,
    "ndcg_at_10": 0.20254,
    "ndcg_at_20": 0.26492,
    "ndcg_at_100": 0.41971,
    "ndcg_at_200": 0.45867,
    "ndcg_at_300": 0.4706,
    "ndcg_at_500": 0.47961,
    "ndcg_at_1000": 0.48641,
    "map_at_1": 0.03231,
    "map_at_3": 0.05615,
    "map_at_5": 0.07908,
    "map_at_10": 0.10405,
    "map_at_20": 0.13264,
    "map_at_100": 0.17527,
    "map_at_200": 0.1825,
    "map_at_300": 0.18391,
    "map_at_500": 0.18458,
    "map_at_1000": 0.18492,
    "recall_at_1": 0.03231,
    "recall_at_3": 0.07231,
    "recall_at_5": 0.11692,
    "recall_at_10": 0.17846,
    "recall_at_20": 0.29077,
    "recall_at_100": 0.68923,
    "recall_at_200": 0.81385,
    "recall_at_300": 0.85692,
    "recall_at_500": 0.89231,
    "recall_at_1000": 0.92154,
    "precision_at_1": 0.32308,
    "precision_at_3": 0.24103,
    "precision_at_5": 0.23385,
    "precision_at_10": 0.17846,
    "precision_at_20": 0.14538,
    "precision_at_100": 0.06892,
    "precision_at_200": 0.04069,
    "precision_at_300": 0.02856,
    "precision_at_500": 0.01785,
    "precision_at_1000": 0.00922,
    "mrr_at_1": 0.32308,
    "mrr_at_3": 0.41282,
    "mrr_at_5": 0.42897,
    "mrr_at_10": 0.44576,
    "mrr_at_20": 0.45349,
    "mrr_at_100": 0.45795,
    "mrr_at_200": 0.45795,
    "mrr_at_300": 0.45795,
    "mrr_at_500": 0.45795,
    "mrr_at_1000": 0.45795,
    "rc_at_1": {
        "relevant": 0.32308,
        "distractor": 0.67692
    },
    "rc_at_3": {
        "relevant": 0.72308,
        "distractor": 2.24615
    },
    "rc_at_5": {
        "relevant": 1.16923,
        "distractor": 3.72308
    },
    "rc_at_10": {
        "relevant": 1.78462,
        "distractor": 7.95385
    },
    "rc_at_20": {
        "relevant": 2.90769,
        "distractor": 16.43077
    },
    "rc_at_100": {
        "relevant": 6.89231,
        "distractor": 68.86154
    },
    "rc_at_200": {
        "relevant": 8.15385,
        "distractor": 81.4
    },
    "rc_at_300": {
        "relevant": 8.56923,
        "distractor": 85.38462
    },
    "rc_at_500": {
        "relevant": 8.92308,
        "distractor": 88.56923
    },
    "rc_at_1000": {
        "relevant": 9.21538,
        "distractor": 91.73846
    }
}