{
    "ndcg_at_1": 0.32727,
    "ndcg_at_3": 0.27364,
    "ndcg_at_5": 0.24157,
    "ndcg_at_10": 0.19682,
    "ndcg_at_20": 0.23432,
    "ndcg_at_100": 0.32596,
    "ndcg_at_200": 0.34833,
    "ndcg_at_300": 0.36106,
    "ndcg_at_500": 0.37373,
    "ndcg_at_1000": 0.38382,
    "map_at_1": 0.03273,
    "map_at_3": 0.06788,
    "map_at_5": 0.08524,
    "map_at_10": 0.10547,
    "map_at_20": 0.12143,
    "map_at_100": 0.14668,
    "map_at_200": 0.14951,
    "map_at_300": 0.15082,
    "map_at_500": 0.15165,
    "map_at_1000": 0.15206,
    "recall_at_1": 0.03273,
    "recall_at_3": 0.07818,
    "recall_at_5": 0.10909,
    "recall_at_10": 0.16545,
    "recall_at_20": 0.23273,
    "recall_at_100": 0.46182,
    "recall_at_200": 0.53455,
    "recall_at_300": 0.58,
    "recall_at_500": 0.62909,
    "recall_at_1000": 0.67273,
    "precision_at_1": 0.32727,
    "precision_at_3": 0.26061,
    "precision_at_5": 0.21818,
    "precision_at_10": 0.16545,
    "precision_at_20": 0.11636,
    "precision_at_100": 0.04618,
    "precision_at_200": 0.02673,
    "precision_at_300": 0.01933,
    "precision_at_500": 0.01258,
    "precision_at_1000": 0.00673,
    "mrr_at_1": 0.32727,
    "mrr_at_3": 0.38788,
    "mrr_at_5": 0.40879,
    "mrr_at_10": 0.43279,
    "mrr_at_20": 0.43812,
    "mrr_at_100": 0.4405,
    "mrr_at_200": 0.44068,
    "mrr_at_300": 0.44068,
    "mrr_at_500": 0.44068,
    "mrr_at_1000": 0.4407,
    "rc_at_1": {
        "relevant": 0.32727,
        "distractor": 0.56364
    },
    "rc_at_3": {
        "relevant": 0.78182,
        "distractor": 1.65455
    },
    "rc_at_5": {
        "relevant": 1.09091,
        "distractor": 2.85455
    },
    "rc_at_10": {
        "relevant": 1.65455,
        "distractor": 5.50909
    },
    "rc_at_20": {
        "relevant": 2.32727,
        "distractor": 10.34545
    },
    "rc_at_100": {
        "relevant": 4.61818,
        "distractor": 28.50909
    },
    "rc_at_200": {
        "relevant": 5.34545,
        "distractor": 37.72727
    },
    "rc_at_300": {
        "relevant": 5.8,
        "distractor": 42.4
    },
    "rc_at_500": {
        "relevant": 6.29091,
        "distractor": 47.96364
    },
    "rc_at_1000": {
        "relevant": 6.72727,
        "distractor": 55.03636
    }
}