{
    "ndcg_at_1": 0.32727,
    "ndcg_at_3": 0.29294,
    "ndcg_at_5": 0.26852,
    "ndcg_at_10": 0.22194,
    "ndcg_at_20": 0.28218,
    "ndcg_at_100": 0.45299,
    "ndcg_at_200": 0.4939,
    "ndcg_at_300": 0.50247,
    "ndcg_at_500": 0.50804,
    "ndcg_at_1000": 0.51396,
    "map_at_1": 0.03273,
    "map_at_3": 0.07273,
    "map_at_5": 0.09473,
    "map_at_10": 0.11799,
    "map_at_20": 0.14599,
    "map_at_100": 0.20378,
    "map_at_200": 0.21169,
    "map_at_300": 0.21263,
    "map_at_500": 0.21303,
    "map_at_1000": 0.21329,
    "recall_at_1": 0.03273,
    "recall_at_3": 0.08545,
    "recall_at_5": 0.12545,
    "recall_at_10": 0.19273,
    "recall_at_20": 0.30182,
    "recall_at_100": 0.72364,
    "recall_at_200": 0.85455,
    "recall_at_300": 0.88545,
    "recall_at_500": 0.90727,
    "recall_at_1000": 0.93273,
    "precision_at_1": 0.32727,
    "precision_at_3": 0.28485,
    "precision_at_5": 0.25091,
    "precision_at_10": 0.19273,
    "precision_at_20": 0.15091,
    "precision_at_100": 0.07236,
    "precision_at_200": 0.04273,
    "precision_at_300": 0.02952,
    "precision_at_500": 0.01815,
    "precision_at_1000": 0.00933,
    "mrr_at_1": 0.32727,
    "mrr_at_3": 0.40606,
    "mrr_at_5": 0.44061,
    "mrr_at_10": 0.46228,
    "mrr_at_20": 0.46884,
    "mrr_at_100": 0.4713,
    "mrr_at_200": 0.4713,
    "mrr_at_300": 0.47137,
    "mrr_at_500": 0.47137,
    "mrr_at_1000": 0.47137,
    "rc_at_1": {
        "relevant": 0.32727,
        "distractor": 0.65455
    },
    "rc_at_3": {
        "relevant": 0.85455,
        "distractor": 2.10909
    },
    "rc_at_5": {
        "relevant": 1.25455,
        "distractor": 3.63636
    },
    "rc_at_10": {
        "relevant": 1.92727,
        "distractor": 7.69091
    },
    "rc_at_20": {
        "relevant": 3.01818,
        "distractor": 16.05455
    },
    "rc_at_100": {
        "relevant": 7.23636,
        "distractor": 62.76364
    },
    "rc_at_200": {
        "relevant": 8.54545,
        "distractor": 74.83636
    },
    "rc_at_300": {
        "relevant": 8.85455,
        "distractor": 79.2
    },
    "rc_at_500": {
        "relevant": 9.07273,
        "distractor": 83.50909
    },
    "rc_at_1000": {
        "relevant": 9.32727,
        "distractor": 88.25455
    }
}