{
    "ndcg_at_1": 0.37768,
    "ndcg_at_3": 0.44862,
    "ndcg_at_5": 0.47035,
    "ndcg_at_10": 0.49786,
    "ndcg_at_20": 0.51701,
    "ndcg_at_100": 0.54906,
    "ndcg_at_200": 0.55788,
    "ndcg_at_300": 0.56145,
    "ndcg_at_500": 0.56489,
    "ndcg_at_1000": 0.56807,
    "map_at_1": 0.31326,
    "map_at_3": 0.39796,
    "map_at_5": 0.41742,
    "map_at_10": 0.43263,
    "map_at_20": 0.44026,
    "map_at_100": 0.44677,
    "map_at_200": 0.44743,
    "map_at_300": 0.44764,
    "map_at_500": 0.44783,
    "map_at_1000": 0.44794,
    "recall_at_1": 0.31326,
    "recall_at_3": 0.48057,
    "recall_at_5": 0.54075,
    "recall_at_10": 0.62438,
    "recall_at_20": 0.69287,
    "recall_at_100": 0.83835,
    "recall_at_200": 0.8933,
    "recall_at_300": 0.91613,
    "recall_at_500": 0.93784,
    "recall_at_1000": 0.95888,
    "precision_at_1": 0.37768,
    "precision_at_3": 0.21888,
    "precision_at_5": 0.1568,
    "precision_at_10": 0.09571,
    "precision_at_20": 0.05587,
    "precision_at_100": 0.01505,
    "precision_at_200": 0.0083,
    "precision_at_300": 0.00584,
    "precision_at_500": 0.00371,
    "precision_at_1000": 0.00198,
    "mrr_at_1": 0.37768,
    "mrr_at_3": 0.46519,
    "mrr_at_5": 0.47828,
    "mrr_at_10": 0.48906,
    "mrr_at_20": 0.49308,
    "mrr_at_100": 0.49603,
    "mrr_at_200": 0.49633,
    "mrr_at_300": 0.4964,
    "mrr_at_500": 0.49644,
    "mrr_at_1000": 0.49645
}