{
    "ndcg_at_1": 0.33205,
    "ndcg_at_3": 0.38103,
    "ndcg_at_5": 0.40812,
    "ndcg_at_10": 0.43603,
    "ndcg_at_20": 0.45803,
    "ndcg_at_100": 0.4917,
    "ndcg_at_200": 0.49892,
    "ndcg_at_300": 0.50352,
    "ndcg_at_500": 0.50682,
    "ndcg_at_1000": 0.51107,
    "map_at_1": 0.27402,
    "map_at_3": 0.34205,
    "map_at_5": 0.36085,
    "map_at_10": 0.37553,
    "map_at_20": 0.38263,
    "map_at_100": 0.38846,
    "map_at_200": 0.38904,
    "map_at_300": 0.38926,
    "map_at_500": 0.38939,
    "map_at_1000": 0.38949,
    "recall_at_1": 0.27402,
    "recall_at_3": 0.41228,
    "recall_at_5": 0.48039,
    "recall_at_10": 0.56449,
    "recall_at_20": 0.64242,
    "recall_at_100": 0.80031,
    "recall_at_200": 0.8418,
    "recall_at_300": 0.87293,
    "recall_at_500": 0.89514,
    "recall_at_1000": 0.92743,
    "precision_at_1": 0.33205,
    "precision_at_3": 0.18126,
    "precision_at_5": 0.13244,
    "precision_at_10": 0.08094,
    "precision_at_20": 0.04731,
    "precision_at_100": 0.01265,
    "precision_at_200": 0.00687,
    "precision_at_300": 0.0048,
    "precision_at_500": 0.00302,
    "precision_at_1000": 0.00161,
    "mrr_at_1": 0.33205,
    "mrr_at_3": 0.40151,
    "mrr_at_5": 0.41744,
    "mrr_at_10": 0.42782,
    "mrr_at_20": 0.43339,
    "mrr_at_100": 0.43671,
    "mrr_at_200": 0.43696,
    "mrr_at_300": 0.43706,
    "mrr_at_500": 0.43711,
    "mrr_at_1000": 0.43714
}