{
    "ndcg_at_1": 0.16045,
    "ndcg_at_3": 0.19796,
    "ndcg_at_5": 0.2198,
    "ndcg_at_10": 0.24218,
    "ndcg_at_20": 0.26455,
    "ndcg_at_100": 0.3026,
    "ndcg_at_200": 0.31403,
    "ndcg_at_300": 0.32175,
    "ndcg_at_500": 0.32792,
    "ndcg_at_1000": 0.33506,
    "map_at_1": 0.1284,
    "map_at_3": 0.17412,
    "map_at_5": 0.18721,
    "map_at_10": 0.19692,
    "map_at_20": 0.20335,
    "map_at_100": 0.20905,
    "map_at_200": 0.20974,
    "map_at_300": 0.21006,
    "map_at_500": 0.21024,
    "map_at_1000": 0.21037,
    "recall_at_1": 0.1284,
    "recall_at_3": 0.22672,
    "recall_at_5": 0.28073,
    "recall_at_10": 0.34444,
    "recall_at_20": 0.42648,
    "recall_at_100": 0.61244,
    "recall_at_200": 0.68531,
    "recall_at_300": 0.73888,
    "recall_at_500": 0.78425,
    "recall_at_1000": 0.84282,
    "precision_at_1": 0.16045,
    "precision_at_3": 0.09453,
    "precision_at_5": 0.07114,
    "precision_at_10": 0.0459,
    "precision_at_20": 0.02873,
    "precision_at_100": 0.00874,
    "precision_at_200": 0.00499,
    "precision_at_300": 0.00365,
    "precision_at_500": 0.00237,
    "precision_at_1000": 0.0013,
    "mrr_at_1": 0.16045,
    "mrr_at_3": 0.20999,
    "mrr_at_5": 0.22206,
    "mrr_at_10": 0.23432,
    "mrr_at_20": 0.24042,
    "mrr_at_100": 0.24501,
    "mrr_at_200": 0.2455,
    "mrr_at_300": 0.24567,
    "mrr_at_500": 0.24579,
    "mrr_at_1000": 0.24586
}