{
    "ndcg_at_1": 0.05263,
    "ndcg_at_3": 0.14288,
    "ndcg_at_5": 0.1867,
    "ndcg_at_10": 0.2499,
    "ndcg_at_20": 0.29493,
    "ndcg_at_100": 0.33365,
    "ndcg_at_200": 0.34013,
    "ndcg_at_300": 0.34238,
    "ndcg_at_500": 0.34386,
    "ndcg_at_1000": 0.345,
    "map_at_1": 0.05263,
    "map_at_3": 0.12008,
    "map_at_5": 0.14416,
    "map_at_10": 0.17008,
    "map_at_20": 0.18257,
    "map_at_100": 0.18834,
    "map_at_200": 0.18867,
    "map_at_300": 0.18874,
    "map_at_500": 0.18878,
    "map_at_1000": 0.18879,
    "recall_at_1": 0.05263,
    "recall_at_3": 0.2091,
    "recall_at_5": 0.3165,
    "recall_at_10": 0.5128,
    "recall_at_20": 0.6899,
    "recall_at_100": 0.8926,
    "recall_at_200": 0.93883,
    "recall_at_300": 0.95661,
    "recall_at_500": 0.96942,
    "recall_at_1000": 0.98009,
    "precision_at_1": 0.05263,
    "precision_at_3": 0.0697,
    "precision_at_5": 0.0633,
    "precision_at_10": 0.05128,
    "precision_at_20": 0.0345,
    "precision_at_100": 0.00893,
    "precision_at_200": 0.00469,
    "precision_at_300": 0.00319,
    "precision_at_500": 0.00194,
    "precision_at_1000": 0.00098,
    "mrr_at_1": 0.05263,
    "mrr_at_3": 0.12032,
    "mrr_at_5": 0.14422,
    "mrr_at_10": 0.17018,
    "mrr_at_20": 0.18268,
    "mrr_at_100": 0.18845,
    "mrr_at_200": 0.18878,
    "mrr_at_300": 0.18886,
    "mrr_at_500": 0.18889,
    "mrr_at_1000": 0.18891
}