{
    "ndcg_at_1": 0.37179,
    "ndcg_at_3": 0.42326,
    "ndcg_at_5": 0.45247,
    "ndcg_at_10": 0.48071,
    "ndcg_at_20": 0.49877,
    "ndcg_at_100": 0.52396,
    "ndcg_at_200": 0.53081,
    "ndcg_at_300": 0.5339,
    "ndcg_at_500": 0.53707,
    "ndcg_at_1000": 0.54095,
    "map_at_1": 0.32194,
    "map_at_3": 0.39221,
    "map_at_5": 0.41176,
    "map_at_10": 0.42581,
    "map_at_20": 0.43173,
    "map_at_100": 0.43601,
    "map_at_200": 0.43645,
    "map_at_300": 0.43657,
    "map_at_500": 0.43666,
    "map_at_1000": 0.43674,
    "recall_at_1": 0.32194,
    "recall_at_3": 0.45934,
    "recall_at_5": 0.52989,
    "recall_at_10": 0.61149,
    "recall_at_20": 0.67926,
    "recall_at_100": 0.80178,
    "recall_at_200": 0.84574,
    "recall_at_300": 0.86788,
    "recall_at_500": 0.89245,
    "recall_at_1000": 0.92533,
    "precision_at_1": 0.37179,
    "precision_at_3": 0.18788,
    "precision_at_5": 0.13279,
    "precision_at_10": 0.07887,
    "precision_at_20": 0.04451,
    "precision_at_100": 0.01091,
    "precision_at_200": 0.0058,
    "precision_at_300": 0.00399,
    "precision_at_500": 0.00247,
    "precision_at_1000": 0.00129,
    "mrr_at_1": 0.37179,
    "mrr_at_3": 0.43406,
    "mrr_at_5": 0.44946,
    "mrr_at_10": 0.45999,
    "mrr_at_20": 0.46443,
    "mrr_at_100": 0.46737,
    "mrr_at_200": 0.46767,
    "mrr_at_300": 0.46775,
    "mrr_at_500": 0.46781,
    "mrr_at_1000": 0.46784
}