{
    "ndcg_at_1": 0.36364,
    "ndcg_at_3": 0.28329,
    "ndcg_at_5": 0.26551,
    "ndcg_at_10": 0.21503,
    "ndcg_at_20": 0.27109,
    "ndcg_at_100": 0.35865,
    "ndcg_at_200": 0.38548,
    "ndcg_at_300": 0.39357,
    "ndcg_at_500": 0.40663,
    "ndcg_at_1000": 0.42268,
    "map_at_1": 0.03636,
    "map_at_3": 0.06697,
    "map_at_5": 0.08897,
    "map_at_10": 0.11177,
    "map_at_20": 0.1388,
    "map_at_100": 0.16534,
    "map_at_200": 0.16902,
    "map_at_300": 0.16978,
    "map_at_500": 0.17069,
    "map_at_1000": 0.17141,
    "recall_at_1": 0.03636,
    "recall_at_3": 0.07818,
    "recall_at_5": 0.12182,
    "recall_at_10": 0.18182,
    "recall_at_20": 0.28364,
    "recall_at_100": 0.5,
    "recall_at_200": 0.58727,
    "recall_at_300": 0.61636,
    "recall_at_500": 0.66727,
    "recall_at_1000": 0.73636,
    "precision_at_1": 0.36364,
    "precision_at_3": 0.26061,
    "precision_at_5": 0.24364,
    "precision_at_10": 0.18182,
    "precision_at_20": 0.14182,
    "precision_at_100": 0.05,
    "precision_at_200": 0.02936,
    "precision_at_300": 0.02055,
    "precision_at_500": 0.01335,
    "precision_at_1000": 0.00736,
    "mrr_at_1": 0.36364,
    "mrr_at_3": 0.43333,
    "mrr_at_5": 0.47152,
    "mrr_at_10": 0.48699,
    "mrr_at_20": 0.49004,
    "mrr_at_100": 0.49316,
    "mrr_at_200": 0.49325,
    "mrr_at_300": 0.49325,
    "mrr_at_500": 0.49325,
    "mrr_at_1000": 0.49325,
    "rc_at_1": {
        "relevant": 0.36364,
        "distractor": 0.6
    },
    "rc_at_3": {
        "relevant": 0.78182,
        "distractor": 1.92727
    },
    "rc_at_5": {
        "relevant": 1.21818,
        "distractor": 3.2
    },
    "rc_at_10": {
        "relevant": 1.81818,
        "distractor": 6.58182
    },
    "rc_at_20": {
        "relevant": 2.83636,
        "distractor": 12.27273
    },
    "rc_at_100": {
        "relevant": 5.0,
        "distractor": 34.43636
    },
    "rc_at_200": {
        "relevant": 5.87273,
        "distractor": 43.16364
    },
    "rc_at_300": {
        "relevant": 6.16364,
        "distractor": 47.10909
    },
    "rc_at_500": {
        "relevant": 6.67273,
        "distractor": 52.09091
    },
    "rc_at_1000": {
        "relevant": 7.36364,
        "distractor": 58.85455
    }
}