{
    "ndcg_at_1": 0.29091,
    "ndcg_at_3": 0.24154,
    "ndcg_at_5": 0.20216,
    "ndcg_at_10": 0.16016,
    "ndcg_at_20": 0.18197,
    "ndcg_at_100": 0.23479,
    "ndcg_at_200": 0.25379,
    "ndcg_at_300": 0.25984,
    "ndcg_at_500": 0.2705,
    "ndcg_at_1000": 0.28815,
    "map_at_1": 0.02909,
    "map_at_3": 0.05364,
    "map_at_5": 0.06509,
    "map_at_10": 0.08186,
    "map_at_20": 0.09043,
    "map_at_100": 0.10267,
    "map_at_200": 0.10476,
    "map_at_300": 0.10528,
    "map_at_500": 0.10589,
    "map_at_1000": 0.10638,
    "recall_at_1": 0.02909,
    "recall_at_3": 0.06909,
    "recall_at_5": 0.08909,
    "recall_at_10": 0.13091,
    "recall_at_20": 0.17091,
    "recall_at_100": 0.30364,
    "recall_at_200": 0.36545,
    "recall_at_300": 0.38727,
    "recall_at_500": 0.42909,
    "recall_at_1000": 0.50545,
    "precision_at_1": 0.29091,
    "precision_at_3": 0.2303,
    "precision_at_5": 0.17818,
    "precision_at_10": 0.13091,
    "precision_at_20": 0.08545,
    "precision_at_100": 0.03036,
    "precision_at_200": 0.01827,
    "precision_at_300": 0.01291,
    "precision_at_500": 0.00858,
    "precision_at_1000": 0.00505,
    "mrr_at_1": 0.29091,
    "mrr_at_3": 0.38485,
    "mrr_at_5": 0.39212,
    "mrr_at_10": 0.3997,
    "mrr_at_20": 0.40522,
    "mrr_at_100": 0.40934,
    "mrr_at_200": 0.40945,
    "mrr_at_300": 0.40945,
    "mrr_at_500": 0.40951,
    "mrr_at_1000": 0.40958,
    "rc_at_1": {
        "relevant": 0.29091,
        "distractor": 0.41818
    },
    "rc_at_3": {
        "relevant": 0.69091,
        "distractor": 1.25455
    },
    "rc_at_5": {
        "relevant": 0.89091,
        "distractor": 1.98182
    },
    "rc_at_10": {
        "relevant": 1.30909,
        "distractor": 3.54545
    },
    "rc_at_20": {
        "relevant": 1.70909,
        "distractor": 6.0
    },
    "rc_at_100": {
        "relevant": 3.03636,
        "distractor": 16.41818
    },
    "rc_at_200": {
        "relevant": 3.65455,
        "distractor": 21.67273
    },
    "rc_at_300": {
        "relevant": 3.87273,
        "distractor": 25.32727
    },
    "rc_at_500": {
        "relevant": 4.29091,
        "distractor": 29.12727
    },
    "rc_at_1000": {
        "relevant": 5.05455,
        "distractor": 35.32727
    }
}