{
    "ndcg_at_1": 0.05125,
    "ndcg_at_3": 0.03287,
    "ndcg_at_5": 0.03,
    "ndcg_at_10": 0.02941,
    "ndcg_at_20": 0.02812,
    "ndcg_at_100": 0.03407,
    "ndcg_at_200": 0.03933,
    "ndcg_at_300": 0.04272,
    "ndcg_at_500": 0.04767,
    "ndcg_at_1000": 0.05512,
    "map_at_1": 0.00475,
    "map_at_3": 0.00573,
    "map_at_5": 0.00599,
    "map_at_10": 0.0068,
    "map_at_20": 0.00735,
    "map_at_100": 0.0084,
    "map_at_200": 0.00875,
    "map_at_300": 0.00888,
    "map_at_500": 0.00904,
    "map_at_1000": 0.00923,
    "recall_at_1": 0.00475,
    "recall_at_3": 0.00676,
    "recall_at_5": 0.00773,
    "recall_at_10": 0.01278,
    "recall_at_20": 0.01837,
    "recall_at_100": 0.04191,
    "recall_at_200": 0.05696,
    "recall_at_300": 0.07121,
    "recall_at_500": 0.08919,
    "recall_at_1000": 0.11974,
    "precision_at_1": 0.0625,
    "precision_at_3": 0.0325,
    "precision_at_5": 0.028,
    "precision_at_10": 0.024,
    "precision_at_20": 0.01812,
    "precision_at_100": 0.0088,
    "precision_at_200": 0.00652,
    "precision_at_300": 0.00524,
    "precision_at_500": 0.00412,
    "precision_at_1000": 0.00291,
    "mrr_at_1": 0.0525,
    "mrr_at_3": 0.07583,
    "mrr_at_5": 0.07996,
    "mrr_at_10": 0.08488,
    "mrr_at_20": 0.08974,
    "mrr_at_100": 0.09373,
    "mrr_at_200": 0.09429,
    "mrr_at_300": 0.09451,
    "mrr_at_500": 0.09467,
    "mrr_at_1000": 0.09478
}