{
    "ndcg_at_1": 0.1269,
    "ndcg_at_3": 0.15672,
    "ndcg_at_5": 0.17122,
    "ndcg_at_10": 0.18974,
    "ndcg_at_20": 0.20591,
    "ndcg_at_100": 0.23666,
    "ndcg_at_200": 0.24804,
    "ndcg_at_300": 0.25371,
    "ndcg_at_500": 0.26027,
    "ndcg_at_1000": 0.26846,
    "map_at_1": 0.10928,
    "map_at_3": 0.14057,
    "map_at_5": 0.14933,
    "map_at_10": 0.15739,
    "map_at_20": 0.16207,
    "map_at_100": 0.16638,
    "map_at_200": 0.16703,
    "map_at_300": 0.16724,
    "map_at_500": 0.16741,
    "map_at_1000": 0.16755,
    "recall_at_1": 0.10928,
    "recall_at_3": 0.17774,
    "recall_at_5": 0.21353,
    "recall_at_10": 0.26901,
    "recall_at_20": 0.33007,
    "recall_at_100": 0.4859,
    "recall_at_200": 0.56006,
    "recall_at_300": 0.60088,
    "recall_at_500": 0.65294,
    "recall_at_1000": 0.72256,
    "precision_at_1": 0.1269,
    "precision_at_3": 0.07157,
    "precision_at_5": 0.05268,
    "precision_at_10": 0.03401,
    "precision_at_20": 0.02115,
    "precision_at_100": 0.00656,
    "precision_at_200": 0.00385,
    "precision_at_300": 0.00279,
    "precision_at_500": 0.00183,
    "precision_at_1000": 0.00103,
    "mrr_at_1": 0.1284,
    "mrr_at_3": 0.1618,
    "mrr_at_5": 0.17093,
    "mrr_at_10": 0.17905,
    "mrr_at_20": 0.18363,
    "mrr_at_100": 0.1877,
    "mrr_at_200": 0.18827,
    "mrr_at_300": 0.18844,
    "mrr_at_500": 0.18857,
    "mrr_at_1000": 0.18866
}