{
    "ndcg_at_1": 0.43827,
    "ndcg_at_3": 0.40493,
    "ndcg_at_5": 0.41409,
    "ndcg_at_10": 0.43942,
    "ndcg_at_20": 0.46796,
    "ndcg_at_100": 0.50812,
    "ndcg_at_200": 0.51942,
    "ndcg_at_300": 0.52423,
    "ndcg_at_500": 0.53066,
    "ndcg_at_1000": 0.53623,
    "map_at_1": 0.22426,
    "map_at_3": 0.31767,
    "map_at_5": 0.34174,
    "map_at_10": 0.36119,
    "map_at_20": 0.3728,
    "map_at_100": 0.38188,
    "map_at_200": 0.38287,
    "map_at_300": 0.38313,
    "map_at_500": 0.3834,
    "map_at_1000": 0.38355,
    "recall_at_1": 0.22426,
    "recall_at_3": 0.36377,
    "recall_at_5": 0.4239,
    "recall_at_10": 0.50536,
    "recall_at_20": 0.59039,
    "recall_at_100": 0.7505,
    "recall_at_200": 0.81057,
    "recall_at_300": 0.83965,
    "recall_at_500": 0.8825,
    "recall_at_1000": 0.92202,
    "precision_at_1": 0.43827,
    "precision_at_3": 0.268,
    "precision_at_5": 0.19475,
    "precision_at_10": 0.12052,
    "precision_at_20": 0.07292,
    "precision_at_100": 0.01932,
    "precision_at_200": 0.01053,
    "precision_at_300": 0.00728,
    "precision_at_500": 0.0046,
    "precision_at_1000": 0.00241,
    "mrr_at_1": 0.43827,
    "mrr_at_3": 0.49691,
    "mrr_at_5": 0.51011,
    "mrr_at_10": 0.52081,
    "mrr_at_20": 0.52599,
    "mrr_at_100": 0.52851,
    "mrr_at_200": 0.52879,
    "mrr_at_300": 0.52886,
    "mrr_at_500": 0.52892,
    "mrr_at_1000": 0.52895
}