{
    "ndcg_at_1": 0.34545,
    "ndcg_at_3": 0.28756,
    "ndcg_at_5": 0.2487,
    "ndcg_at_10": 0.2115,
    "ndcg_at_20": 0.26584,
    "ndcg_at_100": 0.37222,
    "ndcg_at_200": 0.39685,
    "ndcg_at_300": 0.41037,
    "ndcg_at_500": 0.41504,
    "ndcg_at_1000": 0.42725,
    "map_at_1": 0.03455,
    "map_at_3": 0.07212,
    "map_at_5": 0.09067,
    "map_at_10": 0.11818,
    "map_at_20": 0.14171,
    "map_at_100": 0.1742,
    "map_at_200": 0.17795,
    "map_at_300": 0.1793,
    "map_at_500": 0.17961,
    "map_at_1000": 0.18015,
    "recall_at_1": 0.03455,
    "recall_at_3": 0.08182,
    "recall_at_5": 0.11091,
    "recall_at_10": 0.18182,
    "recall_at_20": 0.28,
    "recall_at_100": 0.54364,
    "recall_at_200": 0.62364,
    "recall_at_300": 0.67273,
    "recall_at_500": 0.69091,
    "recall_at_1000": 0.74364,
    "precision_at_1": 0.34545,
    "precision_at_3": 0.27273,
    "precision_at_5": 0.22182,
    "precision_at_10": 0.18182,
    "precision_at_20": 0.14,
    "precision_at_100": 0.05436,
    "precision_at_200": 0.03118,
    "precision_at_300": 0.02242,
    "precision_at_500": 0.01382,
    "precision_at_1000": 0.00744,
    "mrr_at_1": 0.34545,
    "mrr_at_3": 0.40606,
    "mrr_at_5": 0.42697,
    "mrr_at_10": 0.44532,
    "mrr_at_20": 0.45592,
    "mrr_at_100": 0.4579,
    "mrr_at_200": 0.45816,
    "mrr_at_300": 0.45816,
    "mrr_at_500": 0.45816,
    "mrr_at_1000": 0.45816,
    "rc_at_1": {
        "relevant": 0.34545,
        "distractor": 0.58182
    },
    "rc_at_3": {
        "relevant": 0.81818,
        "distractor": 1.90909
    },
    "rc_at_5": {
        "relevant": 1.10909,
        "distractor": 3.36364
    },
    "rc_at_10": {
        "relevant": 1.81818,
        "distractor": 6.63636
    },
    "rc_at_20": {
        "relevant": 2.8,
        "distractor": 12.58182
    },
    "rc_at_100": {
        "relevant": 5.43636,
        "distractor": 37.01818
    },
    "rc_at_200": {
        "relevant": 6.23636,
        "distractor": 46.63636
    },
    "rc_at_300": {
        "relevant": 6.72727,
        "distractor": 51.23636
    },
    "rc_at_500": {
        "relevant": 6.90909,
        "distractor": 56.43636
    },
    "rc_at_1000": {
        "relevant": 7.43636,
        "distractor": 62.83636
    }
}