{
    "ndcg_at_1": 0.34545,
    "ndcg_at_3": 0.28867,
    "ndcg_at_5": 0.26382,
    "ndcg_at_10": 0.21851,
    "ndcg_at_20": 0.285,
    "ndcg_at_100": 0.43186,
    "ndcg_at_200": 0.45773,
    "ndcg_at_300": 0.46631,
    "ndcg_at_500": 0.4733,
    "ndcg_at_1000": 0.48332,
    "map_at_1": 0.03455,
    "map_at_3": 0.07242,
    "map_at_5": 0.0957,
    "map_at_10": 0.12317,
    "map_at_20": 0.1523,
    "map_at_100": 0.20074,
    "map_at_200": 0.20529,
    "map_at_300": 0.20623,
    "map_at_500": 0.20676,
    "map_at_1000": 0.20717,
    "recall_at_1": 0.03455,
    "recall_at_3": 0.08182,
    "recall_at_5": 0.12182,
    "recall_at_10": 0.18909,
    "recall_at_20": 0.30909,
    "recall_at_100": 0.67273,
    "recall_at_200": 0.75636,
    "recall_at_300": 0.78727,
    "recall_at_500": 0.81455,
    "recall_at_1000": 0.85818,
    "precision_at_1": 0.34545,
    "precision_at_3": 0.27273,
    "precision_at_5": 0.24364,
    "precision_at_10": 0.18909,
    "precision_at_20": 0.15455,
    "precision_at_100": 0.06727,
    "precision_at_200": 0.03782,
    "precision_at_300": 0.02624,
    "precision_at_500": 0.01629,
    "precision_at_1000": 0.00858,
    "mrr_at_1": 0.34545,
    "mrr_at_3": 0.40909,
    "mrr_at_5": 0.43364,
    "mrr_at_10": 0.45272,
    "mrr_at_20": 0.46515,
    "mrr_at_100": 0.46621,
    "mrr_at_200": 0.46621,
    "mrr_at_300": 0.46628,
    "mrr_at_500": 0.46628,
    "mrr_at_1000": 0.46628,
    "rc_at_1": {
        "relevant": 0.34545,
        "distractor": 0.65455
    },
    "rc_at_3": {
        "relevant": 0.81818,
        "distractor": 2.09091
    },
    "rc_at_5": {
        "relevant": 1.21818,
        "distractor": 3.61818
    },
    "rc_at_10": {
        "relevant": 1.89091,
        "distractor": 7.52727
    },
    "rc_at_20": {
        "relevant": 3.09091,
        "distractor": 15.41818
    },
    "rc_at_100": {
        "relevant": 6.72727,
        "distractor": 53.65455
    },
    "rc_at_200": {
        "relevant": 7.56364,
        "distractor": 65.14545
    },
    "rc_at_300": {
        "relevant": 7.87273,
        "distractor": 69.98182
    },
    "rc_at_500": {
        "relevant": 8.14545,
        "distractor": 75.05455
    },
    "rc_at_1000": {
        "relevant": 8.58182,
        "distractor": 81.4
    }
}