{
    "ndcg_at_1": 0.29198,
    "ndcg_at_3": 0.3377,
    "ndcg_at_5": 0.36366,
    "ndcg_at_10": 0.39363,
    "ndcg_at_20": 0.41756,
    "ndcg_at_100": 0.45032,
    "ndcg_at_200": 0.4598,
    "ndcg_at_300": 0.46452,
    "ndcg_at_500": 0.47069,
    "ndcg_at_1000": 0.47508,
    "map_at_1": 0.25021,
    "map_at_3": 0.30673,
    "map_at_5": 0.32402,
    "map_at_10": 0.33798,
    "map_at_20": 0.34543,
    "map_at_100": 0.35072,
    "map_at_200": 0.35136,
    "map_at_300": 0.35156,
    "map_at_500": 0.35175,
    "map_at_1000": 0.35184,
    "recall_at_1": 0.25021,
    "recall_at_3": 0.37157,
    "recall_at_5": 0.43487,
    "recall_at_10": 0.52351,
    "recall_at_20": 0.60985,
    "recall_at_100": 0.76725,
    "recall_at_200": 0.82488,
    "recall_at_300": 0.85764,
    "recall_at_500": 0.90397,
    "recall_at_1000": 0.9391,
    "precision_at_1": 0.29198,
    "precision_at_3": 0.15174,
    "precision_at_5": 0.11119,
    "precision_at_10": 0.06884,
    "precision_at_20": 0.04128,
    "precision_at_100": 0.01093,
    "precision_at_200": 0.00604,
    "precision_at_300": 0.00422,
    "precision_at_500": 0.00271,
    "precision_at_1000": 0.00143,
    "mrr_at_1": 0.29198,
    "mrr_at_3": 0.35044,
    "mrr_at_5": 0.36639,
    "mrr_at_10": 0.37788,
    "mrr_at_20": 0.38355,
    "mrr_at_100": 0.3874,
    "mrr_at_200": 0.38776,
    "mrr_at_300": 0.38788,
    "mrr_at_500": 0.38797,
    "mrr_at_1000": 0.38801
}