{
    "ndcg_at_1": 0.49667,
    "ndcg_at_3": 0.54487,
    "ndcg_at_5": 0.57161,
    "ndcg_at_10": 0.59357,
    "ndcg_at_20": 0.61389,
    "ndcg_at_100": 0.63578,
    "ndcg_at_200": 0.63936,
    "ndcg_at_300": 0.64105,
    "ndcg_at_500": 0.64439,
    "ndcg_at_1000": 0.64688,
    "map_at_1": 0.47111,
    "map_at_3": 0.52383,
    "map_at_5": 0.54078,
    "map_at_10": 0.5517,
    "map_at_20": 0.55798,
    "map_at_100": 0.56122,
    "map_at_200": 0.56143,
    "map_at_300": 0.56149,
    "map_at_500": 0.56157,
    "map_at_1000": 0.5616,
    "recall_at_1": 0.47111,
    "recall_at_3": 0.57994,
    "recall_at_5": 0.64517,
    "recall_at_10": 0.70739,
    "recall_at_20": 0.78333,
    "recall_at_100": 0.89867,
    "recall_at_200": 0.92333,
    "recall_at_300": 0.93667,
    "recall_at_500": 0.965,
    "recall_at_1000": 0.98833,
    "precision_at_1": 0.49667,
    "precision_at_3": 0.21,
    "precision_at_5": 0.14267,
    "precision_at_10": 0.07967,
    "precision_at_20": 0.04433,
    "precision_at_100": 0.0102,
    "precision_at_200": 0.00525,
    "precision_at_300": 0.00354,
    "precision_at_500": 0.00219,
    "precision_at_1000": 0.00112,
    "mrr_at_1": 0.49667,
    "mrr_at_3": 0.54444,
    "mrr_at_5": 0.55878,
    "mrr_at_10": 0.56651,
    "mrr_at_20": 0.5717,
    "mrr_at_100": 0.57436,
    "mrr_at_200": 0.57453,
    "mrr_at_300": 0.57459,
    "mrr_at_500": 0.57465,
    "mrr_at_1000": 0.57469
}