{
    "ndcg_at_1": 0.15342,
    "ndcg_at_3": 0.20067,
    "ndcg_at_5": 0.22134,
    "ndcg_at_10": 0.25249,
    "ndcg_at_20": 0.27441,
    "ndcg_at_100": 0.30037,
    "ndcg_at_200": 0.30701,
    "ndcg_at_300": 0.31331,
    "ndcg_at_500": 0.32058,
    "ndcg_at_1000": 0.32833,
    "map_at_1": 0.14177,
    "map_at_3": 0.18332,
    "map_at_5": 0.19524,
    "map_at_10": 0.20893,
    "map_at_20": 0.21546,
    "map_at_100": 0.21923,
    "map_at_200": 0.2196,
    "map_at_300": 0.21982,
    "map_at_500": 0.22002,
    "map_at_1000": 0.22017,
    "recall_at_1": 0.14177,
    "recall_at_3": 0.23355,
    "recall_at_5": 0.28321,
    "recall_at_10": 0.37233,
    "recall_at_20": 0.45564,
    "recall_at_100": 0.58784,
    "recall_at_200": 0.63207,
    "recall_at_300": 0.67836,
    "recall_at_500": 0.73524,
    "recall_at_1000": 0.80287,
    "precision_at_1": 0.15342,
    "precision_at_3": 0.08688,
    "precision_at_5": 0.06433,
    "precision_at_10": 0.04362,
    "precision_at_20": 0.02689,
    "precision_at_100": 0.00721,
    "precision_at_200": 0.00395,
    "precision_at_300": 0.00286,
    "precision_at_500": 0.00192,
    "precision_at_1000": 0.00108,
    "mrr_at_1": 0.15342,
    "mrr_at_3": 0.19871,
    "mrr_at_5": 0.21063,
    "mrr_at_10": 0.22427,
    "mrr_at_20": 0.22964,
    "mrr_at_100": 0.23317,
    "mrr_at_200": 0.23346,
    "mrr_at_300": 0.23366,
    "mrr_at_500": 0.2338,
    "mrr_at_1000": 0.23389
}