{
    "ndcg_at_1": 0.18961,
    "ndcg_at_3": 0.22763,
    "ndcg_at_5": 0.24747,
    "ndcg_at_10": 0.27189,
    "ndcg_at_20": 0.29685,
    "ndcg_at_100": 0.33834,
    "ndcg_at_200": 0.35061,
    "ndcg_at_300": 0.35665,
    "ndcg_at_500": 0.36249,
    "ndcg_at_1000": 0.36979,
    "map_at_1": 0.15459,
    "map_at_3": 0.20075,
    "map_at_5": 0.21359,
    "map_at_10": 0.22515,
    "map_at_20": 0.23263,
    "map_at_100": 0.23928,
    "map_at_200": 0.24009,
    "map_at_300": 0.24034,
    "map_at_500": 0.24053,
    "map_at_1000": 0.24068,
    "recall_at_1": 0.15459,
    "recall_at_3": 0.25095,
    "recall_at_5": 0.30185,
    "recall_at_10": 0.37462,
    "recall_at_20": 0.46171,
    "recall_at_100": 0.66121,
    "recall_at_200": 0.73829,
    "recall_at_300": 0.78038,
    "recall_at_500": 0.82309,
    "recall_at_1000": 0.88101,
    "precision_at_1": 0.18961,
    "precision_at_3": 0.11068,
    "precision_at_5": 0.082,
    "precision_at_10": 0.05284,
    "precision_at_20": 0.03417,
    "precision_at_100": 0.01039,
    "precision_at_200": 0.0059,
    "precision_at_300": 0.00421,
    "precision_at_500": 0.00272,
    "precision_at_1000": 0.00149,
    "mrr_at_1": 0.18961,
    "mrr_at_3": 0.24046,
    "mrr_at_5": 0.25388,
    "mrr_at_10": 0.26453,
    "mrr_at_20": 0.27162,
    "mrr_at_100": 0.27644,
    "mrr_at_200": 0.27691,
    "mrr_at_300": 0.27707,
    "mrr_at_500": 0.27716,
    "mrr_at_1000": 0.27722
}