{
    "ndcg_at_1": 0.34694,
    "ndcg_at_3": 0.29886,
    "ndcg_at_5": 0.27311,
    "ndcg_at_10": 0.24507,
    "ndcg_at_20": 0.25117,
    "ndcg_at_100": 0.35558,
    "ndcg_at_200": 0.391,
    "ndcg_at_300": 0.41391,
    "ndcg_at_500": 0.43675,
    "ndcg_at_1000": 0.46286,
    "map_at_1": 0.02651,
    "map_at_3": 0.05395,
    "map_at_5": 0.07013,
    "map_at_10": 0.09294,
    "map_at_20": 0.11498,
    "map_at_100": 0.14445,
    "map_at_200": 0.15098,
    "map_at_300": 0.15411,
    "map_at_500": 0.15654,
    "map_at_1000": 0.1585,
    "recall_at_1": 0.02651,
    "recall_at_3": 0.06601,
    "recall_at_5": 0.09283,
    "recall_at_10": 0.14633,
    "recall_at_20": 0.22102,
    "recall_at_100": 0.45271,
    "recall_at_200": 0.54767,
    "recall_at_300": 0.61439,
    "recall_at_500": 0.6898,
    "recall_at_1000": 0.77962,
    "precision_at_1": 0.36735,
    "precision_at_3": 0.29932,
    "precision_at_5": 0.25714,
    "precision_at_10": 0.20612,
    "precision_at_20": 0.15918,
    "precision_at_100": 0.07347,
    "precision_at_200": 0.04633,
    "precision_at_300": 0.03558,
    "precision_at_500": 0.02478,
    "precision_at_1000": 0.01445,
    "mrr_at_1": 0.36735,
    "mrr_at_3": 0.45578,
    "mrr_at_5": 0.47619,
    "mrr_at_10": 0.48996,
    "mrr_at_20": 0.49812,
    "mrr_at_100": 0.50041,
    "mrr_at_200": 0.50041,
    "mrr_at_300": 0.50041,
    "mrr_at_500": 0.50041,
    "mrr_at_1000": 0.50041
}