{
    "ndcg_at_1": 0.29091,
    "ndcg_at_3": 0.23951,
    "ndcg_at_5": 0.22698,
    "ndcg_at_10": 0.18395,
    "ndcg_at_20": 0.22494,
    "ndcg_at_100": 0.32998,
    "ndcg_at_200": 0.34614,
    "ndcg_at_300": 0.35971,
    "ndcg_at_500": 0.36946,
    "ndcg_at_1000": 0.38395,
    "map_at_1": 0.02909,
    "map_at_3": 0.05848,
    "map_at_5": 0.0813,
    "map_at_10": 0.0993,
    "map_at_20": 0.11494,
    "map_at_100": 0.14241,
    "map_at_200": 0.14482,
    "map_at_300": 0.1461,
    "map_at_500": 0.14668,
    "map_at_1000": 0.14732,
    "recall_at_1": 0.02909,
    "recall_at_3": 0.06727,
    "recall_at_5": 0.10545,
    "recall_at_10": 0.15818,
    "recall_at_20": 0.23273,
    "recall_at_100": 0.49818,
    "recall_at_200": 0.55091,
    "recall_at_300": 0.6,
    "recall_at_500": 0.63818,
    "recall_at_1000": 0.7,
    "precision_at_1": 0.29091,
    "precision_at_3": 0.22424,
    "precision_at_5": 0.21091,
    "precision_at_10": 0.15818,
    "precision_at_20": 0.11636,
    "precision_at_100": 0.04982,
    "precision_at_200": 0.02755,
    "precision_at_300": 0.02,
    "precision_at_500": 0.01276,
    "precision_at_1000": 0.007,
    "mrr_at_1": 0.29091,
    "mrr_at_3": 0.35455,
    "mrr_at_5": 0.38182,
    "mrr_at_10": 0.4046,
    "mrr_at_20": 0.41121,
    "mrr_at_100": 0.41403,
    "mrr_at_200": 0.41418,
    "mrr_at_300": 0.41432,
    "mrr_at_500": 0.41432,
    "mrr_at_1000": 0.41435,
    "rc_at_1": {
        "relevant": 0.29091,
        "distractor": 0.54545
    },
    "rc_at_3": {
        "relevant": 0.67273,
        "distractor": 1.70909
    },
    "rc_at_5": {
        "relevant": 1.05455,
        "distractor": 2.83636
    },
    "rc_at_10": {
        "relevant": 1.58182,
        "distractor": 5.58182
    },
    "rc_at_20": {
        "relevant": 2.32727,
        "distractor": 10.67273
    },
    "rc_at_100": {
        "relevant": 4.98182,
        "distractor": 29.0
    },
    "rc_at_200": {
        "relevant": 5.50909,
        "distractor": 38.56364
    },
    "rc_at_300": {
        "relevant": 6.0,
        "distractor": 43.41818
    },
    "rc_at_500": {
        "relevant": 6.38182,
        "distractor": 48.98182
    },
    "rc_at_1000": {
        "relevant": 7.0,
        "distractor": 56.52727
    }
}