{
    "ndcg_at_1": 0.34545,
    "ndcg_at_3": 0.27791,
    "ndcg_at_5": 0.2595,
    "ndcg_at_10": 0.21681,
    "ndcg_at_20": 0.28493,
    "ndcg_at_100": 0.45044,
    "ndcg_at_200": 0.48517,
    "ndcg_at_300": 0.49128,
    "ndcg_at_500": 0.49835,
    "ndcg_at_1000": 0.50677,
    "map_at_1": 0.03455,
    "map_at_3": 0.07,
    "map_at_5": 0.09536,
    "map_at_10": 0.11838,
    "map_at_20": 0.14737,
    "map_at_100": 0.20362,
    "map_at_200": 0.21045,
    "map_at_300": 0.21125,
    "map_at_500": 0.21191,
    "map_at_1000": 0.21226,
    "recall_at_1": 0.03455,
    "recall_at_3": 0.07818,
    "recall_at_5": 0.12,
    "recall_at_10": 0.18909,
    "recall_at_20": 0.31455,
    "recall_at_100": 0.72364,
    "recall_at_200": 0.83455,
    "recall_at_300": 0.85636,
    "recall_at_500": 0.88364,
    "recall_at_1000": 0.92,
    "precision_at_1": 0.34545,
    "precision_at_3": 0.26061,
    "precision_at_5": 0.24,
    "precision_at_10": 0.18909,
    "precision_at_20": 0.15727,
    "precision_at_100": 0.07236,
    "precision_at_200": 0.04173,
    "precision_at_300": 0.02855,
    "precision_at_500": 0.01767,
    "precision_at_1000": 0.0092,
    "mrr_at_1": 0.34545,
    "mrr_at_3": 0.39697,
    "mrr_at_5": 0.42697,
    "mrr_at_10": 0.45415,
    "mrr_at_20": 0.46078,
    "mrr_at_100": 0.46373,
    "mrr_at_200": 0.46373,
    "mrr_at_300": 0.46373,
    "mrr_at_500": 0.46373,
    "mrr_at_1000": 0.46375,
    "rc_at_1": {
        "relevant": 0.34545,
        "distractor": 0.65455
    },
    "rc_at_3": {
        "relevant": 0.78182,
        "distractor": 2.16364
    },
    "rc_at_5": {
        "relevant": 1.2,
        "distractor": 3.70909
    },
    "rc_at_10": {
        "relevant": 1.89091,
        "distractor": 7.8
    },
    "rc_at_20": {
        "relevant": 3.14545,
        "distractor": 16.01818
    },
    "rc_at_100": {
        "relevant": 7.23636,
        "distractor": 61.90909
    },
    "rc_at_200": {
        "relevant": 8.34545,
        "distractor": 74.38182
    },
    "rc_at_300": {
        "relevant": 8.56364,
        "distractor": 79.09091
    },
    "rc_at_500": {
        "relevant": 8.83636,
        "distractor": 83.29091
    },
    "rc_at_1000": {
        "relevant": 9.2,
        "distractor": 88.10909
    }
}