{
    "ndcg_at_1": 0.22366,
    "ndcg_at_3": 0.29449,
    "ndcg_at_5": 0.31614,
    "ndcg_at_10": 0.34095,
    "ndcg_at_20": 0.35963,
    "ndcg_at_100": 0.39044,
    "ndcg_at_200": 0.40197,
    "ndcg_at_300": 0.40696,
    "ndcg_at_500": 0.41132,
    "ndcg_at_1000": 0.41817,
    "map_at_1": 0.20139,
    "map_at_3": 0.26757,
    "map_at_5": 0.2807,
    "map_at_10": 0.29174,
    "map_at_20": 0.29691,
    "map_at_100": 0.30138,
    "map_at_200": 0.30202,
    "map_at_300": 0.30224,
    "map_at_500": 0.30238,
    "map_at_1000": 0.30251,
    "recall_at_1": 0.20139,
    "recall_at_3": 0.34513,
    "recall_at_5": 0.39757,
    "recall_at_10": 0.47042,
    "recall_at_20": 0.54223,
    "recall_at_100": 0.69988,
    "recall_at_200": 0.77757,
    "recall_at_300": 0.81243,
    "recall_at_500": 0.84549,
    "recall_at_1000": 0.90507,
    "precision_at_1": 0.22366,
    "precision_at_3": 0.12877,
    "precision_at_5": 0.09057,
    "precision_at_10": 0.05471,
    "precision_at_20": 0.03161,
    "precision_at_100": 0.00861,
    "precision_at_200": 0.00487,
    "precision_at_300": 0.00349,
    "precision_at_500": 0.00223,
    "precision_at_1000": 0.00122,
    "mrr_at_1": 0.22366,
    "mrr_at_3": 0.29267,
    "mrr_at_5": 0.30468,
    "mrr_at_10": 0.31416,
    "mrr_at_20": 0.31919,
    "mrr_at_100": 0.32293,
    "mrr_at_200": 0.32345,
    "mrr_at_300": 0.32358,
    "mrr_at_500": 0.32364,
    "mrr_at_1000": 0.32372
}