{
    "ndcg_at_1": 0.153,
    "ndcg_at_3": 0.12307,
    "ndcg_at_5": 0.10621,
    "ndcg_at_10": 0.12783,
    "ndcg_at_20": 0.14916,
    "ndcg_at_100": 0.19511,
    "ndcg_at_200": 0.21216,
    "ndcg_at_300": 0.2225,
    "ndcg_at_500": 0.23349,
    "ndcg_at_1000": 0.2503,
    "map_at_1": 0.03113,
    "map_at_3": 0.05276,
    "map_at_5": 0.06103,
    "map_at_10": 0.07028,
    "map_at_20": 0.07741,
    "map_at_100": 0.0854,
    "map_at_200": 0.0867,
    "map_at_300": 0.08726,
    "map_at_500": 0.08768,
    "map_at_1000": 0.0881,
    "recall_at_1": 0.03113,
    "recall_at_3": 0.06948,
    "recall_at_5": 0.09358,
    "recall_at_10": 0.13375,
    "recall_at_20": 0.18353,
    "recall_at_100": 0.3332,
    "recall_at_200": 0.40557,
    "recall_at_300": 0.45438,
    "recall_at_500": 0.5105,
    "recall_at_1000": 0.60465,
    "precision_at_1": 0.153,
    "precision_at_3": 0.11467,
    "precision_at_5": 0.0926,
    "precision_at_10": 0.0659,
    "precision_at_20": 0.0452,
    "precision_at_100": 0.01643,
    "precision_at_200": 0.01,
    "precision_at_300": 0.00746,
    "precision_at_500": 0.00503,
    "precision_at_1000": 0.00298,
    "mrr_at_1": 0.153,
    "mrr_at_3": 0.20967,
    "mrr_at_5": 0.22542,
    "mrr_at_10": 0.23661,
    "mrr_at_20": 0.24269,
    "mrr_at_100": 0.24827,
    "mrr_at_200": 0.24891,
    "mrr_at_300": 0.2491,
    "mrr_at_500": 0.24921,
    "mrr_at_1000": 0.24928
}