{
    "ndcg_at_1": 0.46458,
    "ndcg_at_3": 0.53244,
    "ndcg_at_5": 0.55937,
    "ndcg_at_10": 0.58714,
    "ndcg_at_20": 0.60525,
    "ndcg_at_100": 0.62746,
    "ndcg_at_200": 0.63179,
    "ndcg_at_300": 0.63439,
    "ndcg_at_500": 0.63608,
    "ndcg_at_1000": 0.63807,
    "map_at_1": 0.40401,
    "map_at_3": 0.49584,
    "map_at_5": 0.51461,
    "map_at_10": 0.52898,
    "map_at_20": 0.53532,
    "map_at_100": 0.53928,
    "map_at_200": 0.5396,
    "map_at_300": 0.53971,
    "map_at_500": 0.53977,
    "map_at_1000": 0.53981,
    "recall_at_1": 0.40401,
    "recall_at_3": 0.57933,
    "recall_at_5": 0.64491,
    "recall_at_10": 0.72557,
    "recall_at_20": 0.79244,
    "recall_at_100": 0.89805,
    "recall_at_200": 0.92518,
    "recall_at_300": 0.94413,
    "recall_at_500": 0.95688,
    "recall_at_1000": 0.97329,
    "precision_at_1": 0.46458,
    "precision_at_3": 0.23657,
    "precision_at_5": 0.16226,
    "precision_at_10": 0.09411,
    "precision_at_20": 0.05254,
    "precision_at_100": 0.01236,
    "precision_at_200": 0.00642,
    "precision_at_300": 0.00438,
    "precision_at_500": 0.00268,
    "precision_at_1000": 0.00137,
    "mrr_at_1": 0.46458,
    "mrr_at_3": 0.5372,
    "mrr_at_5": 0.55196,
    "mrr_at_10": 0.56208,
    "mrr_at_20": 0.56654,
    "mrr_at_100": 0.569,
    "mrr_at_200": 0.56917,
    "mrr_at_300": 0.56924,
    "mrr_at_500": 0.56926,
    "mrr_at_1000": 0.56928
}