{
    "ndcg_at_1": 0.38182,
    "ndcg_at_3": 0.29609,
    "ndcg_at_5": 0.26468,
    "ndcg_at_10": 0.2281,
    "ndcg_at_20": 0.2888,
    "ndcg_at_100": 0.45108,
    "ndcg_at_200": 0.48329,
    "ndcg_at_300": 0.49035,
    "ndcg_at_500": 0.49825,
    "ndcg_at_1000": 0.50755,
    "map_at_1": 0.03818,
    "map_at_3": 0.07455,
    "map_at_5": 0.09636,
    "map_at_10": 0.12467,
    "map_at_20": 0.15185,
    "map_at_100": 0.20566,
    "map_at_200": 0.21174,
    "map_at_300": 0.21247,
    "map_at_500": 0.21309,
    "map_at_1000": 0.21349,
    "recall_at_1": 0.03818,
    "recall_at_3": 0.08182,
    "recall_at_5": 0.11818,
    "recall_at_10": 0.19818,
    "recall_at_20": 0.30909,
    "recall_at_100": 0.71455,
    "recall_at_200": 0.81818,
    "recall_at_300": 0.84364,
    "recall_at_500": 0.87455,
    "recall_at_1000": 0.91455,
    "precision_at_1": 0.38182,
    "precision_at_3": 0.27273,
    "precision_at_5": 0.23636,
    "precision_at_10": 0.19818,
    "precision_at_20": 0.15455,
    "precision_at_100": 0.07145,
    "precision_at_200": 0.04091,
    "precision_at_300": 0.02812,
    "precision_at_500": 0.01749,
    "precision_at_1000": 0.00915,
    "mrr_at_1": 0.38182,
    "mrr_at_3": 0.4303,
    "mrr_at_5": 0.45212,
    "mrr_at_10": 0.47628,
    "mrr_at_20": 0.48634,
    "mrr_at_100": 0.48773,
    "mrr_at_200": 0.48773,
    "mrr_at_300": 0.48773,
    "mrr_at_500": 0.48773,
    "mrr_at_1000": 0.48775,
    "rc_at_1": {
        "relevant": 0.38182,
        "distractor": 0.61818
    },
    "rc_at_3": {
        "relevant": 0.81818,
        "distractor": 2.12727
    },
    "rc_at_5": {
        "relevant": 1.18182,
        "distractor": 3.69091
    },
    "rc_at_10": {
        "relevant": 1.98182,
        "distractor": 7.67273
    },
    "rc_at_20": {
        "relevant": 3.09091,
        "distractor": 15.83636
    },
    "rc_at_100": {
        "relevant": 7.14545,
        "distractor": 61.25455
    },
    "rc_at_200": {
        "relevant": 8.18182,
        "distractor": 72.43636
    },
    "rc_at_300": {
        "relevant": 8.43636,
        "distractor": 76.8
    },
    "rc_at_500": {
        "relevant": 8.74545,
        "distractor": 81.09091
    },
    "rc_at_1000": {
        "relevant": 9.14545,
        "distractor": 85.56364
    }
}