{
    "ndcg_at_1": 0.29091,
    "ndcg_at_3": 0.23636,
    "ndcg_at_5": 0.19365,
    "ndcg_at_10": 0.14508,
    "ndcg_at_20": 0.16371,
    "ndcg_at_100": 0.21002,
    "ndcg_at_200": 0.22803,
    "ndcg_at_300": 0.2366,
    "ndcg_at_500": 0.252,
    "ndcg_at_1000": 0.27027,
    "map_at_1": 0.02909,
    "map_at_3": 0.05848,
    "map_at_5": 0.06994,
    "map_at_10": 0.08175,
    "map_at_20": 0.08927,
    "map_at_100": 0.09742,
    "map_at_200": 0.09917,
    "map_at_300": 0.09986,
    "map_at_500": 0.10054,
    "map_at_1000": 0.10121,
    "recall_at_1": 0.02909,
    "recall_at_3": 0.06545,
    "recall_at_5": 0.08182,
    "recall_at_10": 0.10909,
    "recall_at_20": 0.14182,
    "recall_at_100": 0.26,
    "recall_at_200": 0.31818,
    "recall_at_300": 0.34909,
    "recall_at_500": 0.40909,
    "recall_at_1000": 0.48727,
    "precision_at_1": 0.29091,
    "precision_at_3": 0.21818,
    "precision_at_5": 0.16364,
    "precision_at_10": 0.10909,
    "precision_at_20": 0.07091,
    "precision_at_100": 0.026,
    "precision_at_200": 0.01591,
    "precision_at_300": 0.01164,
    "precision_at_500": 0.00818,
    "precision_at_1000": 0.00487,
    "mrr_at_1": 0.29091,
    "mrr_at_3": 0.34848,
    "mrr_at_5": 0.35576,
    "mrr_at_10": 0.36355,
    "mrr_at_20": 0.3676,
    "mrr_at_100": 0.37381,
    "mrr_at_200": 0.37391,
    "mrr_at_300": 0.37406,
    "mrr_at_500": 0.37417,
    "mrr_at_1000": 0.37423,
    "rc_at_1": {
        "relevant": 0.29091,
        "distractor": 0.25455
    },
    "rc_at_3": {
        "relevant": 0.65455,
        "distractor": 0.83636
    },
    "rc_at_5": {
        "relevant": 0.81818,
        "distractor": 1.41818
    },
    "rc_at_10": {
        "relevant": 1.09091,
        "distractor": 2.63636
    },
    "rc_at_20": {
        "relevant": 1.41818,
        "distractor": 4.85455
    },
    "rc_at_100": {
        "relevant": 2.6,
        "distractor": 12.21818
    },
    "rc_at_200": {
        "relevant": 3.18182,
        "distractor": 17.27273
    },
    "rc_at_300": {
        "relevant": 3.49091,
        "distractor": 20.23636
    },
    "rc_at_500": {
        "relevant": 4.09091,
        "distractor": 24.30909
    },
    "rc_at_1000": {
        "relevant": 4.87273,
        "distractor": 31.41818
    }
}