{
    "ndcg_at_1": 0.12196,
    "ndcg_at_3": 0.16867,
    "ndcg_at_5": 0.18834,
    "ndcg_at_10": 0.20975,
    "ndcg_at_20": 0.22732,
    "ndcg_at_100": 0.25615,
    "ndcg_at_200": 0.2655,
    "ndcg_at_300": 0.271,
    "ndcg_at_500": 0.27628,
    "ndcg_at_1000": 0.28248,
    "map_at_1": 0.10834,
    "map_at_3": 0.15157,
    "map_at_5": 0.16257,
    "map_at_10": 0.17149,
    "map_at_20": 0.17652,
    "map_at_100": 0.18058,
    "map_at_200": 0.18108,
    "map_at_300": 0.18128,
    "map_at_500": 0.18141,
    "map_at_1000": 0.1815,
    "recall_at_1": 0.10834,
    "recall_at_3": 0.20379,
    "recall_at_5": 0.24957,
    "recall_at_10": 0.31269,
    "recall_at_20": 0.37898,
    "recall_at_100": 0.52834,
    "recall_at_200": 0.59193,
    "recall_at_300": 0.63343,
    "recall_at_500": 0.67659,
    "recall_at_1000": 0.73218,
    "precision_at_1": 0.12196,
    "precision_at_3": 0.07783,
    "precision_at_5": 0.05776,
    "precision_at_10": 0.0367,
    "precision_at_20": 0.02245,
    "precision_at_100": 0.00634,
    "precision_at_200": 0.00356,
    "precision_at_300": 0.00255,
    "precision_at_500": 0.00163,
    "precision_at_1000": 0.00089,
    "mrr_at_1": 0.12196,
    "mrr_at_3": 0.16628,
    "mrr_at_5": 0.17759,
    "mrr_at_10": 0.18673,
    "mrr_at_20": 0.19138,
    "mrr_at_100": 0.19517,
    "mrr_at_200": 0.19562,
    "mrr_at_300": 0.19578,
    "mrr_at_500": 0.19589,
    "mrr_at_1000": 0.19596
}