{
    "ndcg_at_1": 0.8232,
    "ndcg_at_3": 0.86359,
    "ndcg_at_5": 0.87906,
    "ndcg_at_10": 0.89145,
    "ndcg_at_20": 0.89742,
    "ndcg_at_100": 0.90238,
    "ndcg_at_200": 0.90286,
    "ndcg_at_300": 0.90297,
    "ndcg_at_500": 0.90304,
    "ndcg_at_1000": 0.90308,
    "map_at_1": 0.71374,
    "map_at_3": 0.82513,
    "map_at_5": 0.84368,
    "map_at_10": 0.85461,
    "map_at_20": 0.85869,
    "map_at_100": 0.86081,
    "map_at_200": 0.86092,
    "map_at_300": 0.86094,
    "map_at_500": 0.86095,
    "map_at_1000": 0.86095,
    "recall_at_1": 0.71374,
    "recall_at_3": 0.88125,
    "recall_at_5": 0.92521,
    "recall_at_10": 0.96104,
    "recall_at_20": 0.97993,
    "recall_at_100": 0.99717,
    "recall_at_200": 0.99906,
    "recall_at_300": 0.99944,
    "recall_at_500": 0.99976,
    "recall_at_1000": 0.99994,
    "precision_at_1": 0.8232,
    "precision_at_3": 0.37833,
    "precision_at_5": 0.24858,
    "precision_at_10": 0.1355,
    "precision_at_20": 0.07171,
    "precision_at_100": 0.01539,
    "precision_at_200": 0.00778,
    "precision_at_300": 0.0052,
    "precision_at_500": 0.00313,
    "precision_at_1000": 0.00157,
    "mrr_at_1": 0.8232,
    "mrr_at_3": 0.87462,
    "mrr_at_5": 0.88098,
    "mrr_at_10": 0.8837,
    "mrr_at_20": 0.88431,
    "mrr_at_100": 0.88451,
    "mrr_at_200": 0.88452,
    "mrr_at_300": 0.88452,
    "mrr_at_500": 0.88452,
    "mrr_at_1000": 0.88452
}