{
    "ndcg_at_1": 0.19,
    "ndcg_at_3": 0.15628,
    "ndcg_at_5": 0.13812,
    "ndcg_at_10": 0.16824,
    "ndcg_at_20": 0.1938,
    "ndcg_at_100": 0.24123,
    "ndcg_at_200": 0.25748,
    "ndcg_at_300": 0.266,
    "ndcg_at_500": 0.27755,
    "ndcg_at_1000": 0.29046,
    "map_at_1": 0.0384,
    "map_at_3": 0.06903,
    "map_at_5": 0.08395,
    "map_at_10": 0.09779,
    "map_at_20": 0.10655,
    "map_at_100": 0.11556,
    "map_at_200": 0.11692,
    "map_at_300": 0.11739,
    "map_at_500": 0.11785,
    "map_at_1000": 0.11819,
    "recall_at_1": 0.0384,
    "recall_at_3": 0.0882,
    "recall_at_5": 0.12367,
    "recall_at_10": 0.17902,
    "recall_at_20": 0.23913,
    "recall_at_100": 0.39362,
    "recall_at_200": 0.4626,
    "recall_at_300": 0.5026,
    "recall_at_500": 0.5618,
    "recall_at_1000": 0.63437,
    "precision_at_1": 0.19,
    "precision_at_3": 0.14533,
    "precision_at_5": 0.122,
    "precision_at_10": 0.0882,
    "precision_at_20": 0.05885,
    "precision_at_100": 0.01938,
    "precision_at_200": 0.01139,
    "precision_at_300": 0.00826,
    "precision_at_500": 0.00553,
    "precision_at_1000": 0.00312,
    "mrr_at_1": 0.19,
    "mrr_at_3": 0.25783,
    "mrr_at_5": 0.27368,
    "mrr_at_10": 0.28994,
    "mrr_at_20": 0.29634,
    "mrr_at_100": 0.30103,
    "mrr_at_200": 0.30143,
    "mrr_at_300": 0.30154,
    "mrr_at_500": 0.30162,
    "mrr_at_1000": 0.30167
}