{
    "ndcg_at_1": 0.8081,
    "ndcg_at_3": 0.85278,
    "ndcg_at_5": 0.86822,
    "ndcg_at_10": 0.88119,
    "ndcg_at_20": 0.88801,
    "ndcg_at_100": 0.89332,
    "ndcg_at_200": 0.89391,
    "ndcg_at_300": 0.89407,
    "ndcg_at_500": 0.89421,
    "ndcg_at_1000": 0.89426,
    "map_at_1": 0.70119,
    "map_at_3": 0.81311,
    "map_at_5": 0.83145,
    "map_at_10": 0.84248,
    "map_at_20": 0.84677,
    "map_at_100": 0.84896,
    "map_at_200": 0.84907,
    "map_at_300": 0.84909,
    "map_at_500": 0.84911,
    "map_at_1000": 0.84911,
    "recall_at_1": 0.70119,
    "recall_at_3": 0.87348,
    "recall_at_5": 0.91733,
    "recall_at_10": 0.95498,
    "recall_at_20": 0.97684,
    "recall_at_100": 0.99572,
    "recall_at_200": 0.99812,
    "recall_at_300": 0.99891,
    "recall_at_500": 0.99956,
    "recall_at_1000": 0.99986,
    "precision_at_1": 0.8081,
    "precision_at_3": 0.37413,
    "precision_at_5": 0.2459,
    "precision_at_10": 0.13421,
    "precision_at_20": 0.07128,
    "precision_at_100": 0.01533,
    "precision_at_200": 0.00776,
    "precision_at_300": 0.00519,
    "precision_at_500": 0.00313,
    "precision_at_1000": 0.00157,
    "mrr_at_1": 0.8083,
    "mrr_at_3": 0.86397,
    "mrr_at_5": 0.87011,
    "mrr_at_10": 0.87317,
    "mrr_at_20": 0.87396,
    "mrr_at_100": 0.8742,
    "mrr_at_200": 0.8742,
    "mrr_at_300": 0.8742,
    "mrr_at_500": 0.8742,
    "mrr_at_1000": 0.8742
}