{
    "ndcg_at_1": 0.12595,
    "ndcg_at_3": 0.14677,
    "ndcg_at_5": 0.15856,
    "ndcg_at_10": 0.17729,
    "ndcg_at_20": 0.19329,
    "ndcg_at_100": 0.22272,
    "ndcg_at_200": 0.23482,
    "ndcg_at_300": 0.24079,
    "ndcg_at_500": 0.24917,
    "ndcg_at_1000": 0.25778,
    "map_at_1": 0.09948,
    "map_at_3": 0.12844,
    "map_at_5": 0.13639,
    "map_at_10": 0.14454,
    "map_at_20": 0.14909,
    "map_at_100": 0.15332,
    "map_at_200": 0.15403,
    "map_at_300": 0.15426,
    "map_at_500": 0.15448,
    "map_at_1000": 0.15463,
    "recall_at_1": 0.09948,
    "recall_at_3": 0.16082,
    "recall_at_5": 0.19289,
    "recall_at_10": 0.24819,
    "recall_at_20": 0.3081,
    "recall_at_100": 0.45567,
    "recall_at_200": 0.53427,
    "recall_at_300": 0.57653,
    "recall_at_500": 0.64125,
    "recall_at_1000": 0.71389,
    "precision_at_1": 0.12595,
    "precision_at_3": 0.07054,
    "precision_at_5": 0.05107,
    "precision_at_10": 0.03376,
    "precision_at_20": 0.02121,
    "precision_at_100": 0.00659,
    "precision_at_200": 0.00395,
    "precision_at_300": 0.0029,
    "precision_at_500": 0.00197,
    "precision_at_1000": 0.00112,
    "mrr_at_1": 0.12457,
    "mrr_at_3": 0.15543,
    "mrr_at_5": 0.16448,
    "mrr_at_10": 0.17279,
    "mrr_at_20": 0.1775,
    "mrr_at_100": 0.18141,
    "mrr_at_200": 0.18198,
    "mrr_at_300": 0.18216,
    "mrr_at_500": 0.18231,
    "mrr_at_1000": 0.18241
}