{
    "ndcg_at_1": 0.18484,
    "ndcg_at_3": 0.23974,
    "ndcg_at_5": 0.26486,
    "ndcg_at_10": 0.29206,
    "ndcg_at_20": 0.31712,
    "ndcg_at_100": 0.35643,
    "ndcg_at_200": 0.36592,
    "ndcg_at_300": 0.37155,
    "ndcg_at_500": 0.37664,
    "ndcg_at_1000": 0.38192,
    "map_at_1": 0.17104,
    "map_at_3": 0.21911,
    "map_at_5": 0.23415,
    "map_at_10": 0.24548,
    "map_at_20": 0.25274,
    "map_at_100": 0.25866,
    "map_at_200": 0.2592,
    "map_at_300": 0.25943,
    "map_at_500": 0.25959,
    "map_at_1000": 0.25971,
    "recall_at_1": 0.17104,
    "recall_at_3": 0.28047,
    "recall_at_5": 0.34128,
    "recall_at_10": 0.41962,
    "recall_at_20": 0.51414,
    "recall_at_100": 0.71307,
    "recall_at_200": 0.77667,
    "recall_at_300": 0.81657,
    "recall_at_500": 0.85586,
    "recall_at_1000": 0.90053,
    "precision_at_1": 0.18484,
    "precision_at_3": 0.10413,
    "precision_at_5": 0.07652,
    "precision_at_10": 0.04898,
    "precision_at_20": 0.03041,
    "precision_at_100": 0.00874,
    "precision_at_200": 0.00485,
    "precision_at_300": 0.00349,
    "precision_at_500": 0.00225,
    "precision_at_1000": 0.00122,
    "mrr_at_1": 0.18484,
    "mrr_at_3": 0.23629,
    "mrr_at_5": 0.24978,
    "mrr_at_10": 0.26188,
    "mrr_at_20": 0.26884,
    "mrr_at_100": 0.27423,
    "mrr_at_200": 0.27469,
    "mrr_at_300": 0.27482,
    "mrr_at_500": 0.27491,
    "mrr_at_1000": 0.27498
}