{
    "ndcg_at_1": 0.33975,
    "ndcg_at_3": 0.39592,
    "ndcg_at_5": 0.42703,
    "ndcg_at_10": 0.45434,
    "ndcg_at_20": 0.47592,
    "ndcg_at_100": 0.5075,
    "ndcg_at_200": 0.5156,
    "ndcg_at_300": 0.51868,
    "ndcg_at_500": 0.52272,
    "ndcg_at_1000": 0.52644,
    "map_at_1": 0.27867,
    "map_at_3": 0.35432,
    "map_at_5": 0.37618,
    "map_at_10": 0.39069,
    "map_at_20": 0.39801,
    "map_at_100": 0.40358,
    "map_at_200": 0.40424,
    "map_at_300": 0.4044,
    "map_at_500": 0.40455,
    "map_at_1000": 0.40464,
    "recall_at_1": 0.27867,
    "recall_at_3": 0.42934,
    "recall_at_5": 0.50807,
    "recall_at_10": 0.59055,
    "recall_at_20": 0.6656,
    "recall_at_100": 0.81297,
    "recall_at_200": 0.86035,
    "recall_at_300": 0.88035,
    "recall_at_500": 0.90848,
    "recall_at_1000": 0.93661,
    "precision_at_1": 0.33975,
    "precision_at_3": 0.19185,
    "precision_at_5": 0.14033,
    "precision_at_10": 0.0846,
    "precision_at_20": 0.04957,
    "precision_at_100": 0.01299,
    "precision_at_200": 0.00707,
    "precision_at_300": 0.00489,
    "precision_at_500": 0.00309,
    "precision_at_1000": 0.00163,
    "mrr_at_1": 0.33975,
    "mrr_at_3": 0.41434,
    "mrr_at_5": 0.43268,
    "mrr_at_10": 0.44332,
    "mrr_at_20": 0.44812,
    "mrr_at_100": 0.45136,
    "mrr_at_200": 0.45161,
    "mrr_at_300": 0.45168,
    "mrr_at_500": 0.45174,
    "mrr_at_1000": 0.45176
}