{
    "ndcg_at_1": 0.26493,
    "ndcg_at_3": 0.30468,
    "ndcg_at_5": 0.32614,
    "ndcg_at_10": 0.35087,
    "ndcg_at_20": 0.37248,
    "ndcg_at_100": 0.40492,
    "ndcg_at_200": 0.41577,
    "ndcg_at_300": 0.4204,
    "ndcg_at_500": 0.42557,
    "ndcg_at_1000": 0.43069,
    "map_at_1": 0.23178,
    "map_at_3": 0.27967,
    "map_at_5": 0.29342,
    "map_at_10": 0.3045,
    "map_at_20": 0.31073,
    "map_at_100": 0.31576,
    "map_at_200": 0.31646,
    "map_at_300": 0.31665,
    "map_at_500": 0.3168,
    "map_at_1000": 0.31691,
    "recall_at_1": 0.23178,
    "recall_at_3": 0.33125,
    "recall_at_5": 0.38532,
    "recall_at_10": 0.45752,
    "recall_at_20": 0.53519,
    "recall_at_100": 0.69337,
    "recall_at_200": 0.76214,
    "recall_at_300": 0.79407,
    "recall_at_500": 0.83314,
    "recall_at_1000": 0.87355,
    "precision_at_1": 0.26493,
    "precision_at_3": 0.13433,
    "precision_at_5": 0.0959,
    "precision_at_10": 0.05812,
    "precision_at_20": 0.03503,
    "precision_at_100": 0.00961,
    "precision_at_200": 0.0054,
    "precision_at_300": 0.00379,
    "precision_at_500": 0.00242,
    "precision_at_1000": 0.00129,
    "mrr_at_1": 0.26493,
    "mrr_at_3": 0.31716,
    "mrr_at_5": 0.33078,
    "mrr_at_10": 0.34057,
    "mrr_at_20": 0.34663,
    "mrr_at_100": 0.35037,
    "mrr_at_200": 0.35079,
    "mrr_at_300": 0.35091,
    "mrr_at_500": 0.35101,
    "mrr_at_1000": 0.35105
}