{
    "ndcg_at_1": 0.3847,
    "ndcg_at_3": 0.49063,
    "ndcg_at_5": 0.53265,
    "ndcg_at_10": 0.57071,
    "ndcg_at_20": 0.59195,
    "ndcg_at_100": 0.61115,
    "ndcg_at_200": 0.61352,
    "ndcg_at_300": 0.61459,
    "ndcg_at_500": 0.61551,
    "ndcg_at_1000": 0.61636,
    "map_at_1": 0.34173,
    "map_at_3": 0.45202,
    "map_at_5": 0.47736,
    "map_at_10": 0.49497,
    "map_at_20": 0.5016,
    "map_at_100": 0.50485,
    "map_at_200": 0.505,
    "map_at_300": 0.50504,
    "map_at_500": 0.50506,
    "map_at_1000": 0.50508,
    "recall_at_1": 0.34173,
    "recall_at_3": 0.57027,
    "recall_at_5": 0.66763,
    "recall_at_10": 0.77713,
    "recall_at_20": 0.85576,
    "recall_at_100": 0.9502,
    "recall_at_200": 0.96574,
    "recall_at_300": 0.97376,
    "recall_at_500": 0.98139,
    "recall_at_1000": 0.98921,
    "precision_at_1": 0.3847,
    "precision_at_3": 0.22229,
    "precision_at_5": 0.15753,
    "precision_at_10": 0.09293,
    "precision_at_20": 0.05149,
    "precision_at_100": 0.01154,
    "precision_at_200": 0.00587,
    "precision_at_300": 0.00395,
    "precision_at_500": 0.00239,
    "precision_at_1000": 0.0012,
    "mrr_at_1": 0.3847,
    "mrr_at_3": 0.48407,
    "mrr_at_5": 0.50503,
    "mrr_at_10": 0.519,
    "mrr_at_20": 0.52394,
    "mrr_at_100": 0.52629,
    "mrr_at_200": 0.52638,
    "mrr_at_300": 0.52641,
    "mrr_at_500": 0.52643,
    "mrr_at_1000": 0.52644
}