{
    "ndcg_at_1": 0.23636,
    "ndcg_at_3": 0.19462,
    "ndcg_at_5": 0.16906,
    "ndcg_at_10": 0.14031,
    "ndcg_at_20": 0.17575,
    "ndcg_at_100": 0.24284,
    "ndcg_at_200": 0.26091,
    "ndcg_at_300": 0.272,
    "ndcg_at_500": 0.28833,
    "ndcg_at_1000": 0.29807,
    "map_at_1": 0.02364,
    "map_at_3": 0.04091,
    "map_at_5": 0.04864,
    "map_at_10": 0.06324,
    "map_at_20": 0.07596,
    "map_at_100": 0.09151,
    "map_at_200": 0.09361,
    "map_at_300": 0.09448,
    "map_at_500": 0.09548,
    "map_at_1000": 0.09586,
    "recall_at_1": 0.02364,
    "recall_at_3": 0.05455,
    "recall_at_5": 0.07455,
    "recall_at_10": 0.11818,
    "recall_at_20": 0.18364,
    "recall_at_100": 0.35091,
    "recall_at_200": 0.40909,
    "recall_at_300": 0.44909,
    "recall_at_500": 0.51273,
    "recall_at_1000": 0.55455,
    "precision_at_1": 0.23636,
    "precision_at_3": 0.18182,
    "precision_at_5": 0.14909,
    "precision_at_10": 0.11818,
    "precision_at_20": 0.09182,
    "precision_at_100": 0.03509,
    "precision_at_200": 0.02045,
    "precision_at_300": 0.01497,
    "precision_at_500": 0.01025,
    "precision_at_1000": 0.00555,
    "mrr_at_1": 0.23636,
    "mrr_at_3": 0.3303,
    "mrr_at_5": 0.35212,
    "mrr_at_10": 0.36343,
    "mrr_at_20": 0.37367,
    "mrr_at_100": 0.37746,
    "mrr_at_200": 0.37746,
    "mrr_at_300": 0.37746,
    "mrr_at_500": 0.37746,
    "mrr_at_1000": 0.37749,
    "rc_at_1": {
        "relevant": 0.23636,
        "distractor": 0.41818
    },
    "rc_at_3": {
        "relevant": 0.54545,
        "distractor": 1.34545
    },
    "rc_at_5": {
        "relevant": 0.74545,
        "distractor": 2.41818
    },
    "rc_at_10": {
        "relevant": 1.18182,
        "distractor": 4.43636
    },
    "rc_at_20": {
        "relevant": 1.83636,
        "distractor": 7.70909
    },
    "rc_at_100": {
        "relevant": 3.50909,
        "distractor": 20.01818
    },
    "rc_at_200": {
        "relevant": 4.09091,
        "distractor": 26.07273
    },
    "rc_at_300": {
        "relevant": 4.49091,
        "distractor": 29.81818
    },
    "rc_at_500": {
        "relevant": 5.12727,
        "distractor": 34.81818
    },
    "rc_at_1000": {
        "relevant": 5.54545,
        "distractor": 42.34545
    }
}