{
    "ndcg_at_1": 0.07273,
    "ndcg_at_3": 0.04693,
    "ndcg_at_5": 0.0363,
    "ndcg_at_10": 0.02883,
    "ndcg_at_20": 0.03863,
    "ndcg_at_100": 0.05337,
    "ndcg_at_200": 0.05995,
    "ndcg_at_300": 0.06247,
    "ndcg_at_500": 0.06713,
    "ndcg_at_1000": 0.07434,
    "map_at_1": 0.00727,
    "map_at_3": 0.0097,
    "map_at_5": 0.01042,
    "map_at_10": 0.01174,
    "map_at_20": 0.01338,
    "map_at_100": 0.01548,
    "map_at_200": 0.0159,
    "map_at_300": 0.016,
    "map_at_500": 0.01611,
    "map_at_1000": 0.01624,
    "recall_at_1": 0.00727,
    "recall_at_3": 0.01273,
    "recall_at_5": 0.01455,
    "recall_at_10": 0.02182,
    "recall_at_20": 0.04,
    "recall_at_100": 0.07636,
    "recall_at_200": 0.09818,
    "recall_at_300": 0.10727,
    "recall_at_500": 0.12545,
    "recall_at_1000": 0.15636,
    "precision_at_1": 0.07273,
    "precision_at_3": 0.04242,
    "precision_at_5": 0.02909,
    "precision_at_10": 0.02182,
    "precision_at_20": 0.02,
    "precision_at_100": 0.00764,
    "precision_at_200": 0.00491,
    "precision_at_300": 0.00358,
    "precision_at_500": 0.00251,
    "precision_at_1000": 0.00156,
    "mrr_at_1": 0.07273,
    "mrr_at_3": 0.08485,
    "mrr_at_5": 0.08485,
    "mrr_at_10": 0.09197,
    "mrr_at_20": 0.10055,
    "mrr_at_100": 0.10403,
    "mrr_at_200": 0.10431,
    "mrr_at_300": 0.10445,
    "mrr_at_500": 0.10459,
    "mrr_at_1000": 0.10469,
    "rc_at_1": {
        "relevant": 0.07273,
        "distractor": 0.07273
    },
    "rc_at_3": {
        "relevant": 0.12727,
        "distractor": 0.29091
    },
    "rc_at_5": {
        "relevant": 0.14545,
        "distractor": 0.4
    },
    "rc_at_10": {
        "relevant": 0.21818,
        "distractor": 0.6
    },
    "rc_at_20": {
        "relevant": 0.4,
        "distractor": 0.98182
    },
    "rc_at_100": {
        "relevant": 0.76364,
        "distractor": 2.34545
    },
    "rc_at_200": {
        "relevant": 0.98182,
        "distractor": 3.21818
    },
    "rc_at_300": {
        "relevant": 1.07273,
        "distractor": 4.16364
    },
    "rc_at_500": {
        "relevant": 1.25455,
        "distractor": 5.38182
    },
    "rc_at_1000": {
        "relevant": 1.56364,
        "distractor": 7.43636
    }
}