{
    "ndcg_at_1": 0.45455,
    "ndcg_at_3": 0.3549,
    "ndcg_at_5": 0.30534,
    "ndcg_at_10": 0.24226,
    "ndcg_at_20": 0.32486,
    "ndcg_at_100": 0.48499,
    "ndcg_at_200": 0.50549,
    "ndcg_at_300": 0.51816,
    "ndcg_at_500": 0.52789,
    "ndcg_at_1000": 0.53639,
    "map_at_1": 0.04545,
    "map_at_3": 0.08606,
    "map_at_5": 0.10506,
    "map_at_10": 0.12738,
    "map_at_20": 0.1646,
    "map_at_100": 0.22009,
    "map_at_200": 0.22431,
    "map_at_300": 0.22588,
    "map_at_500": 0.22668,
    "map_at_1000": 0.2271,
    "recall_at_1": 0.04545,
    "recall_at_3": 0.09818,
    "recall_at_5": 0.13273,
    "recall_at_10": 0.19455,
    "recall_at_20": 0.34364,
    "recall_at_100": 0.74182,
    "recall_at_200": 0.80727,
    "recall_at_300": 0.85273,
    "recall_at_500": 0.89091,
    "recall_at_1000": 0.92727,
    "precision_at_1": 0.45455,
    "precision_at_3": 0.32727,
    "precision_at_5": 0.26545,
    "precision_at_10": 0.19455,
    "precision_at_20": 0.17182,
    "precision_at_100": 0.07418,
    "precision_at_200": 0.04036,
    "precision_at_300": 0.02842,
    "precision_at_500": 0.01782,
    "precision_at_1000": 0.00927,
    "mrr_at_1": 0.45455,
    "mrr_at_3": 0.53939,
    "mrr_at_5": 0.5603,
    "mrr_at_10": 0.57631,
    "mrr_at_20": 0.58172,
    "mrr_at_100": 0.58222,
    "mrr_at_200": 0.58234,
    "mrr_at_300": 0.58234,
    "mrr_at_500": 0.58234,
    "mrr_at_1000": 0.58234,
    "rc_at_1": {
        "relevant": 0.45455,
        "distractor": 0.54545
    },
    "rc_at_3": {
        "relevant": 1.0,
        "distractor": 1.98182
    },
    "rc_at_5": {
        "relevant": 1.32727,
        "distractor": 3.61818
    },
    "rc_at_10": {
        "relevant": 1.94545,
        "distractor": 7.83636
    },
    "rc_at_20": {
        "relevant": 3.43636,
        "distractor": 15.85455
    },
    "rc_at_100": {
        "relevant": 7.41818,
        "distractor": 60.78182
    },
    "rc_at_200": {
        "relevant": 8.07273,
        "distractor": 72.90909
    },
    "rc_at_300": {
        "relevant": 8.52727,
        "distractor": 77.0
    },
    "rc_at_500": {
        "relevant": 8.90909,
        "distractor": 82.18182
    },
    "rc_at_1000": {
        "relevant": 9.27273,
        "distractor": 87.63636
    }
}