{
    "ndcg_at_1": 0.45455,
    "ndcg_at_3": 0.35378,
    "ndcg_at_5": 0.3016,
    "ndcg_at_10": 0.23599,
    "ndcg_at_20": 0.30663,
    "ndcg_at_100": 0.42421,
    "ndcg_at_200": 0.44728,
    "ndcg_at_300": 0.45733,
    "ndcg_at_500": 0.46898,
    "ndcg_at_1000": 0.47658,
    "map_at_1": 0.04545,
    "map_at_3": 0.08545,
    "map_at_5": 0.10309,
    "map_at_10": 0.12471,
    "map_at_20": 0.15573,
    "map_at_100": 0.19538,
    "map_at_200": 0.19895,
    "map_at_300": 0.20005,
    "map_at_500": 0.20097,
    "map_at_1000": 0.2013,
    "recall_at_1": 0.04545,
    "recall_at_3": 0.09818,
    "recall_at_5": 0.13091,
    "recall_at_10": 0.18727,
    "recall_at_20": 0.31455,
    "recall_at_100": 0.60364,
    "recall_at_200": 0.67818,
    "recall_at_300": 0.71455,
    "recall_at_500": 0.76,
    "recall_at_1000": 0.79273,
    "precision_at_1": 0.45455,
    "precision_at_3": 0.32727,
    "precision_at_5": 0.26182,
    "precision_at_10": 0.18727,
    "precision_at_20": 0.15727,
    "precision_at_100": 0.06036,
    "precision_at_200": 0.03391,
    "precision_at_300": 0.02382,
    "precision_at_500": 0.0152,
    "precision_at_1000": 0.00793,
    "mrr_at_1": 0.45455,
    "mrr_at_3": 0.53333,
    "mrr_at_5": 0.55879,
    "mrr_at_10": 0.56995,
    "mrr_at_20": 0.57577,
    "mrr_at_100": 0.57742,
    "mrr_at_200": 0.57742,
    "mrr_at_300": 0.57742,
    "mrr_at_500": 0.57742,
    "mrr_at_1000": 0.57747,
    "rc_at_1": {
        "relevant": 0.45455,
        "distractor": 0.52727
    },
    "rc_at_3": {
        "relevant": 0.98182,
        "distractor": 1.90909
    },
    "rc_at_5": {
        "relevant": 1.30909,
        "distractor": 3.43636
    },
    "rc_at_10": {
        "relevant": 1.87273,
        "distractor": 7.30909
    },
    "rc_at_20": {
        "relevant": 3.14545,
        "distractor": 13.96364
    },
    "rc_at_100": {
        "relevant": 6.03636,
        "distractor": 44.70909
    },
    "rc_at_200": {
        "relevant": 6.78182,
        "distractor": 54.12727
    },
    "rc_at_300": {
        "relevant": 7.14545,
        "distractor": 58.76364
    },
    "rc_at_500": {
        "relevant": 7.6,
        "distractor": 63.34545
    },
    "rc_at_1000": {
        "relevant": 7.92727,
        "distractor": 69.61818
    }
}