{
    "ndcg_at_1": 0.34545,
    "ndcg_at_3": 0.24784,
    "ndcg_at_5": 0.20726,
    "ndcg_at_10": 0.15808,
    "ndcg_at_20": 0.18066,
    "ndcg_at_100": 0.22657,
    "ndcg_at_200": 0.24673,
    "ndcg_at_300": 0.25692,
    "ndcg_at_500": 0.2653,
    "ndcg_at_1000": 0.2777,
    "map_at_1": 0.03455,
    "map_at_3": 0.05939,
    "map_at_5": 0.06876,
    "map_at_10": 0.08299,
    "map_at_20": 0.09259,
    "map_at_100": 0.10191,
    "map_at_200": 0.10409,
    "map_at_300": 0.10488,
    "map_at_500": 0.1053,
    "map_at_1000": 0.10572,
    "recall_at_1": 0.03455,
    "recall_at_3": 0.06727,
    "recall_at_5": 0.08727,
    "recall_at_10": 0.12,
    "recall_at_20": 0.16,
    "recall_at_100": 0.27818,
    "recall_at_200": 0.34364,
    "recall_at_300": 0.38,
    "recall_at_500": 0.41273,
    "recall_at_1000": 0.46545,
    "precision_at_1": 0.34545,
    "precision_at_3": 0.22424,
    "precision_at_5": 0.17455,
    "precision_at_10": 0.12,
    "precision_at_20": 0.08,
    "precision_at_100": 0.02782,
    "precision_at_200": 0.01718,
    "precision_at_300": 0.01267,
    "precision_at_500": 0.00825,
    "precision_at_1000": 0.00465,
    "mrr_at_1": 0.34545,
    "mrr_at_3": 0.38788,
    "mrr_at_5": 0.40424,
    "mrr_at_10": 0.41396,
    "mrr_at_20": 0.4209,
    "mrr_at_100": 0.42496,
    "mrr_at_200": 0.42496,
    "mrr_at_300": 0.42503,
    "mrr_at_500": 0.42508,
    "mrr_at_1000": 0.42514,
    "rc_at_1": {
        "relevant": 0.34545,
        "distractor": 0.23636
    },
    "rc_at_3": {
        "relevant": 0.67273,
        "distractor": 0.78182
    },
    "rc_at_5": {
        "relevant": 0.87273,
        "distractor": 1.30909
    },
    "rc_at_10": {
        "relevant": 1.2,
        "distractor": 2.43636
    },
    "rc_at_20": {
        "relevant": 1.6,
        "distractor": 4.36364
    },
    "rc_at_100": {
        "relevant": 2.78182,
        "distractor": 11.14545
    },
    "rc_at_200": {
        "relevant": 3.43636,
        "distractor": 15.70909
    },
    "rc_at_300": {
        "relevant": 3.8,
        "distractor": 18.61818
    },
    "rc_at_500": {
        "relevant": 4.12727,
        "distractor": 22.83636
    },
    "rc_at_1000": {
        "relevant": 4.65455,
        "distractor": 28.78182
    }
}