{
    "ndcg_at_1": 0.08209,
    "ndcg_at_3": 0.0906,
    "ndcg_at_5": 0.1016,
    "ndcg_at_10": 0.11183,
    "ndcg_at_20": 0.12949,
    "ndcg_at_100": 0.15698,
    "ndcg_at_200": 0.16896,
    "ndcg_at_300": 0.17579,
    "ndcg_at_500": 0.18548,
    "ndcg_at_1000": 0.19584,
    "map_at_1": 0.06551,
    "map_at_3": 0.08034,
    "map_at_5": 0.08662,
    "map_at_10": 0.09089,
    "map_at_20": 0.09566,
    "map_at_100": 0.09939,
    "map_at_200": 0.10006,
    "map_at_300": 0.1003,
    "map_at_500": 0.10056,
    "map_at_1000": 0.10072,
    "recall_at_1": 0.06551,
    "recall_at_3": 0.09828,
    "recall_at_5": 0.12532,
    "recall_at_10": 0.15646,
    "recall_at_20": 0.22031,
    "recall_at_100": 0.3582,
    "recall_at_200": 0.43624,
    "recall_at_300": 0.4851,
    "recall_at_500": 0.55947,
    "recall_at_1000": 0.6473,
    "precision_at_1": 0.08209,
    "precision_at_3": 0.04353,
    "precision_at_5": 0.03333,
    "precision_at_10": 0.02065,
    "precision_at_20": 0.01499,
    "precision_at_100": 0.00511,
    "precision_at_200": 0.00316,
    "precision_at_300": 0.00236,
    "precision_at_500": 0.00166,
    "precision_at_1000": 0.00098,
    "mrr_at_1": 0.08209,
    "mrr_at_3": 0.10054,
    "mrr_at_5": 0.10806,
    "mrr_at_10": 0.11279,
    "mrr_at_20": 0.11839,
    "mrr_at_100": 0.12204,
    "mrr_at_200": 0.12261,
    "mrr_at_300": 0.12282,
    "mrr_at_500": 0.123,
    "mrr_at_1000": 0.12313
}