{
    "ndcg_at_1": 0.206,
    "ndcg_at_3": 0.18058,
    "ndcg_at_5": 0.16122,
    "ndcg_at_10": 0.19317,
    "ndcg_at_20": 0.22075,
    "ndcg_at_100": 0.2707,
    "ndcg_at_200": 0.28879,
    "ndcg_at_300": 0.29976,
    "ndcg_at_500": 0.31165,
    "ndcg_at_1000": 0.32728,
    "map_at_1": 0.04188,
    "map_at_3": 0.07954,
    "map_at_5": 0.09715,
    "map_at_10": 0.11244,
    "map_at_20": 0.12333,
    "map_at_100": 0.13306,
    "map_at_200": 0.13467,
    "map_at_300": 0.13529,
    "map_at_500": 0.13579,
    "map_at_1000": 0.13622,
    "recall_at_1": 0.04188,
    "recall_at_3": 0.10497,
    "recall_at_5": 0.14775,
    "recall_at_10": 0.20615,
    "recall_at_20": 0.27082,
    "recall_at_100": 0.43337,
    "recall_at_200": 0.50998,
    "recall_at_300": 0.56172,
    "recall_at_500": 0.6225,
    "recall_at_1000": 0.71022,
    "precision_at_1": 0.206,
    "precision_at_3": 0.17233,
    "precision_at_5": 0.1454,
    "precision_at_10": 0.1017,
    "precision_at_20": 0.06665,
    "precision_at_100": 0.02134,
    "precision_at_200": 0.01256,
    "precision_at_300": 0.00922,
    "precision_at_500": 0.00613,
    "precision_at_1000": 0.0035,
    "mrr_at_1": 0.206,
    "mrr_at_3": 0.29267,
    "mrr_at_5": 0.31237,
    "mrr_at_10": 0.32841,
    "mrr_at_20": 0.33358,
    "mrr_at_100": 0.338,
    "mrr_at_200": 0.3384,
    "mrr_at_300": 0.33853,
    "mrr_at_500": 0.33859,
    "mrr_at_1000": 0.33863
}