{
    "ndcg_at_1": 0.03485,
    "ndcg_at_3": 0.13533,
    "ndcg_at_5": 0.1846,
    "ndcg_at_10": 0.25559,
    "ndcg_at_20": 0.31055,
    "ndcg_at_100": 0.34483,
    "ndcg_at_200": 0.34843,
    "ndcg_at_300": 0.34978,
    "ndcg_at_500": 0.35095,
    "ndcg_at_1000": 0.35164,
    "map_at_1": 0.03485,
    "map_at_3": 0.11036,
    "map_at_5": 0.13757,
    "map_at_10": 0.16681,
    "map_at_20": 0.18224,
    "map_at_100": 0.18738,
    "map_at_200": 0.18757,
    "map_at_300": 0.18761,
    "map_at_500": 0.18764,
    "map_at_1000": 0.18765,
    "recall_at_1": 0.03485,
    "recall_at_3": 0.20768,
    "recall_at_5": 0.32788,
    "recall_at_10": 0.54765,
    "recall_at_20": 0.76245,
    "recall_at_100": 0.94168,
    "recall_at_200": 0.96728,
    "recall_at_300": 0.97795,
    "recall_at_500": 0.98791,
    "recall_at_1000": 0.99431,
    "precision_at_1": 0.03485,
    "precision_at_3": 0.06923,
    "precision_at_5": 0.06558,
    "precision_at_10": 0.05477,
    "precision_at_20": 0.03812,
    "precision_at_100": 0.00942,
    "precision_at_200": 0.00484,
    "precision_at_300": 0.00326,
    "precision_at_500": 0.00198,
    "precision_at_1000": 0.00099,
    "mrr_at_1": 0.03485,
    "mrr_at_3": 0.11036,
    "mrr_at_5": 0.13771,
    "mrr_at_10": 0.16683,
    "mrr_at_20": 0.18226,
    "mrr_at_100": 0.18741,
    "mrr_at_200": 0.18759,
    "mrr_at_300": 0.18764,
    "mrr_at_500": 0.18766,
    "mrr_at_1000": 0.18767
}