{
    "ndcg_at_1": 0.13153,
    "ndcg_at_3": 0.15696,
    "ndcg_at_5": 0.16718,
    "ndcg_at_10": 0.18145,
    "ndcg_at_20": 0.19473,
    "ndcg_at_100": 0.22571,
    "ndcg_at_200": 0.23651,
    "ndcg_at_300": 0.2428,
    "ndcg_at_500": 0.25169,
    "ndcg_at_1000": 0.26117,
    "map_at_1": 0.11744,
    "map_at_3": 0.1435,
    "map_at_5": 0.14954,
    "map_at_10": 0.15537,
    "map_at_20": 0.15912,
    "map_at_100": 0.16349,
    "map_at_200": 0.16409,
    "map_at_300": 0.16431,
    "map_at_500": 0.16455,
    "map_at_1000": 0.1647,
    "recall_at_1": 0.11744,
    "recall_at_3": 0.17558,
    "recall_at_5": 0.20163,
    "recall_at_10": 0.24357,
    "recall_at_20": 0.29134,
    "recall_at_100": 0.44725,
    "recall_at_200": 0.5171,
    "recall_at_300": 0.56313,
    "recall_at_500": 0.63051,
    "recall_at_1000": 0.71178,
    "precision_at_1": 0.13153,
    "precision_at_3": 0.06748,
    "precision_at_5": 0.04701,
    "precision_at_10": 0.02938,
    "precision_at_20": 0.01828,
    "precision_at_100": 0.0059,
    "precision_at_200": 0.00349,
    "precision_at_300": 0.00255,
    "precision_at_500": 0.00176,
    "precision_at_1000": 0.00101,
    "mrr_at_1": 0.13153,
    "mrr_at_3": 0.16123,
    "mrr_at_5": 0.16813,
    "mrr_at_10": 0.17471,
    "mrr_at_20": 0.17877,
    "mrr_at_100": 0.18292,
    "mrr_at_200": 0.18347,
    "mrr_at_300": 0.18368,
    "mrr_at_500": 0.18384,
    "mrr_at_1000": 0.18395
}