{
    "ndcg_at_1": 0.30909,
    "ndcg_at_3": 0.22539,
    "ndcg_at_5": 0.19819,
    "ndcg_at_10": 0.16577,
    "ndcg_at_20": 0.19858,
    "ndcg_at_100": 0.27864,
    "ndcg_at_200": 0.30356,
    "ndcg_at_300": 0.31013,
    "ndcg_at_500": 0.32593,
    "ndcg_at_1000": 0.33566,
    "map_at_1": 0.03091,
    "map_at_3": 0.05545,
    "map_at_5": 0.06818,
    "map_at_10": 0.09034,
    "map_at_20": 0.10128,
    "map_at_100": 0.1198,
    "map_at_200": 0.12304,
    "map_at_300": 0.12363,
    "map_at_500": 0.12458,
    "map_at_1000": 0.12497,
    "recall_at_1": 0.03091,
    "recall_at_3": 0.06182,
    "recall_at_5": 0.08727,
    "recall_at_10": 0.14,
    "recall_at_20": 0.2,
    "recall_at_100": 0.40182,
    "recall_at_200": 0.48182,
    "recall_at_300": 0.50545,
    "recall_at_500": 0.56727,
    "recall_at_1000": 0.60909,
    "precision_at_1": 0.30909,
    "precision_at_3": 0.20606,
    "precision_at_5": 0.17455,
    "precision_at_10": 0.14,
    "precision_at_20": 0.1,
    "precision_at_100": 0.04018,
    "precision_at_200": 0.02409,
    "precision_at_300": 0.01685,
    "precision_at_500": 0.01135,
    "precision_at_1000": 0.00609,
    "mrr_at_1": 0.30909,
    "mrr_at_3": 0.33636,
    "mrr_at_5": 0.36091,
    "mrr_at_10": 0.37467,
    "mrr_at_20": 0.3846,
    "mrr_at_100": 0.38912,
    "mrr_at_200": 0.38928,
    "mrr_at_300": 0.38928,
    "mrr_at_500": 0.38939,
    "mrr_at_1000": 0.38942,
    "rc_at_1": {
        "relevant": 0.30909,
        "distractor": 0.4
    },
    "rc_at_3": {
        "relevant": 0.61818,
        "distractor": 1.41818
    },
    "rc_at_5": {
        "relevant": 0.87273,
        "distractor": 2.30909
    },
    "rc_at_10": {
        "relevant": 1.4,
        "distractor": 4.58182
    },
    "rc_at_20": {
        "relevant": 2.0,
        "distractor": 8.38182
    },
    "rc_at_100": {
        "relevant": 4.01818,
        "distractor": 22.67273
    },
    "rc_at_200": {
        "relevant": 4.81818,
        "distractor": 29.87273
    },
    "rc_at_300": {
        "relevant": 5.05455,
        "distractor": 34.21818
    },
    "rc_at_500": {
        "relevant": 5.67273,
        "distractor": 40.05455
    },
    "rc_at_1000": {
        "relevant": 6.09091,
        "distractor": 47.01818
    }
}