{
    "ndcg_at_1": 0.23928,
    "ndcg_at_3": 0.31363,
    "ndcg_at_5": 0.34931,
    "ndcg_at_10": 0.38406,
    "ndcg_at_20": 0.40748,
    "ndcg_at_100": 0.43645,
    "ndcg_at_200": 0.44401,
    "ndcg_at_300": 0.44688,
    "ndcg_at_500": 0.45028,
    "ndcg_at_1000": 0.45319,
    "map_at_1": 0.21195,
    "map_at_3": 0.28575,
    "map_at_5": 0.30658,
    "map_at_10": 0.32182,
    "map_at_20": 0.32873,
    "map_at_100": 0.33317,
    "map_at_200": 0.3336,
    "map_at_300": 0.33371,
    "map_at_500": 0.3338,
    "map_at_1000": 0.33384,
    "recall_at_1": 0.21195,
    "recall_at_3": 0.3688,
    "recall_at_5": 0.45198,
    "recall_at_10": 0.55335,
    "recall_at_20": 0.64171,
    "recall_at_100": 0.78894,
    "recall_at_200": 0.83968,
    "recall_at_300": 0.86102,
    "recall_at_500": 0.88862,
    "recall_at_1000": 0.91454,
    "precision_at_1": 0.23928,
    "precision_at_3": 0.14311,
    "precision_at_5": 0.10579,
    "precision_at_10": 0.06567,
    "precision_at_20": 0.03821,
    "precision_at_100": 0.00953,
    "precision_at_200": 0.00509,
    "precision_at_300": 0.00349,
    "precision_at_500": 0.00216,
    "precision_at_1000": 0.00111,
    "mrr_at_1": 0.23957,
    "mrr_at_3": 0.31151,
    "mrr_at_5": 0.33053,
    "mrr_at_10": 0.34441,
    "mrr_at_20": 0.35027,
    "mrr_at_100": 0.35378,
    "mrr_at_200": 0.35413,
    "mrr_at_300": 0.35421,
    "mrr_at_500": 0.35427,
    "mrr_at_1000": 0.35431
}