{
    "ndcg_at_1": 0.21463,
    "ndcg_at_3": 0.26216,
    "ndcg_at_5": 0.28871,
    "ndcg_at_10": 0.3158,
    "ndcg_at_20": 0.33808,
    "ndcg_at_100": 0.37618,
    "ndcg_at_200": 0.38606,
    "ndcg_at_300": 0.39044,
    "ndcg_at_500": 0.39746,
    "ndcg_at_1000": 0.40369,
    "map_at_1": 0.17845,
    "map_at_3": 0.23199,
    "map_at_5": 0.24836,
    "map_at_10": 0.26115,
    "map_at_20": 0.26825,
    "map_at_100": 0.27439,
    "map_at_200": 0.27505,
    "map_at_300": 0.27526,
    "map_at_500": 0.27548,
    "map_at_1000": 0.2756,
    "recall_at_1": 0.17845,
    "recall_at_3": 0.2916,
    "recall_at_5": 0.35427,
    "recall_at_10": 0.43493,
    "recall_at_20": 0.51362,
    "recall_at_100": 0.69596,
    "recall_at_200": 0.75711,
    "recall_at_300": 0.78524,
    "recall_at_500": 0.83737,
    "recall_at_1000": 0.88611,
    "precision_at_1": 0.21463,
    "precision_at_3": 0.12512,
    "precision_at_5": 0.09605,
    "precision_at_10": 0.06121,
    "precision_at_20": 0.03734,
    "precision_at_100": 0.01071,
    "precision_at_200": 0.00596,
    "precision_at_300": 0.00423,
    "precision_at_500": 0.00275,
    "precision_at_1000": 0.00149,
    "mrr_at_1": 0.21463,
    "mrr_at_3": 0.27655,
    "mrr_at_5": 0.29392,
    "mrr_at_10": 0.30566,
    "mrr_at_20": 0.31119,
    "mrr_at_100": 0.31557,
    "mrr_at_200": 0.31593,
    "mrr_at_300": 0.31603,
    "mrr_at_500": 0.31615,
    "mrr_at_1000": 0.31619
}