{
    "ndcg_at_1": 0.34478,
    "ndcg_at_3": 0.40639,
    "ndcg_at_5": 0.43116,
    "ndcg_at_10": 0.45986,
    "ndcg_at_20": 0.48191,
    "ndcg_at_100": 0.51104,
    "ndcg_at_200": 0.52154,
    "ndcg_at_300": 0.52476,
    "ndcg_at_500": 0.52943,
    "ndcg_at_1000": 0.53383,
    "map_at_1": 0.28438,
    "map_at_3": 0.35828,
    "map_at_5": 0.3791,
    "map_at_10": 0.39495,
    "map_at_20": 0.4032,
    "map_at_100": 0.40927,
    "map_at_200": 0.41009,
    "map_at_300": 0.4103,
    "map_at_500": 0.41049,
    "map_at_1000": 0.41062,
    "recall_at_1": 0.28438,
    "recall_at_3": 0.42977,
    "recall_at_5": 0.49818,
    "recall_at_10": 0.58482,
    "recall_at_20": 0.66541,
    "recall_at_100": 0.79733,
    "recall_at_200": 0.86121,
    "recall_at_300": 0.8821,
    "recall_at_500": 0.91343,
    "recall_at_1000": 0.94537,
    "precision_at_1": 0.34478,
    "precision_at_3": 0.19886,
    "precision_at_5": 0.14564,
    "precision_at_10": 0.09027,
    "precision_at_20": 0.05393,
    "precision_at_100": 0.01426,
    "precision_at_200": 0.00795,
    "precision_at_300": 0.00556,
    "precision_at_500": 0.00356,
    "precision_at_1000": 0.00192,
    "mrr_at_1": 0.34478,
    "mrr_at_3": 0.42394,
    "mrr_at_5": 0.44018,
    "mrr_at_10": 0.45177,
    "mrr_at_20": 0.45675,
    "mrr_at_100": 0.45963,
    "mrr_at_200": 0.46002,
    "mrr_at_300": 0.46009,
    "mrr_at_500": 0.46015,
    "mrr_at_1000": 0.46018
}