{
    "ndcg_at_1": 0.1756,
    "ndcg_at_3": 0.23115,
    "ndcg_at_5": 0.2575,
    "ndcg_at_10": 0.2816,
    "ndcg_at_20": 0.30486,
    "ndcg_at_100": 0.34442,
    "ndcg_at_200": 0.35552,
    "ndcg_at_300": 0.36039,
    "ndcg_at_500": 0.36584,
    "ndcg_at_1000": 0.37087,
    "map_at_1": 0.16365,
    "map_at_3": 0.21134,
    "map_at_5": 0.2262,
    "map_at_10": 0.23666,
    "map_at_20": 0.24348,
    "map_at_100": 0.24939,
    "map_at_200": 0.25002,
    "map_at_300": 0.25024,
    "map_at_500": 0.2504,
    "map_at_1000": 0.2505,
    "recall_at_1": 0.16365,
    "recall_at_3": 0.27246,
    "recall_at_5": 0.3353,
    "recall_at_10": 0.40354,
    "recall_at_20": 0.4908,
    "recall_at_100": 0.69372,
    "recall_at_200": 0.7672,
    "recall_at_300": 0.80145,
    "recall_at_500": 0.84511,
    "recall_at_1000": 0.88862,
    "precision_at_1": 0.1756,
    "precision_at_3": 0.0992,
    "precision_at_5": 0.07542,
    "precision_at_10": 0.04732,
    "precision_at_20": 0.02939,
    "precision_at_100": 0.00847,
    "precision_at_200": 0.00482,
    "precision_at_300": 0.00344,
    "precision_at_500": 0.00221,
    "precision_at_1000": 0.00118,
    "mrr_at_1": 0.1756,
    "mrr_at_3": 0.22582,
    "mrr_at_5": 0.24134,
    "mrr_at_10": 0.25201,
    "mrr_at_20": 0.25816,
    "mrr_at_100": 0.26344,
    "mrr_at_200": 0.26399,
    "mrr_at_300": 0.2641,
    "mrr_at_500": 0.2642,
    "mrr_at_1000": 0.26426
}