{
    "ndcg_at_1": 0.0,
    "ndcg_at_3": 0.00816,
    "ndcg_at_5": 0.0104,
    "ndcg_at_10": 0.01979,
    "ndcg_at_20": 0.02915,
    "ndcg_at_100": 0.05577,
    "ndcg_at_200": 0.07326,
    "ndcg_at_300": 0.08522,
    "ndcg_at_500": 0.10832,
    "ndcg_at_1000": 0.13275,
    "map_at_1": 0.0,
    "map_at_3": 0.00128,
    "map_at_5": 0.00205,
    "map_at_10": 0.00621,
    "map_at_20": 0.00756,
    "map_at_100": 0.0112,
    "map_at_200": 0.0123,
    "map_at_300": 0.01298,
    "map_at_500": 0.01399,
    "map_at_1000": 0.01465,
    "recall_at_1": 0.0,
    "recall_at_3": 0.00308,
    "recall_at_5": 0.00615,
    "recall_at_10": 0.02462,
    "recall_at_20": 0.04154,
    "recall_at_100": 0.11077,
    "recall_at_200": 0.16769,
    "recall_at_300": 0.21077,
    "recall_at_500": 0.30154,
    "recall_at_1000": 0.40615,
    "precision_at_1": 0.0,
    "precision_at_3": 0.01026,
    "precision_at_5": 0.01231,
    "precision_at_10": 0.02462,
    "precision_at_20": 0.02077,
    "precision_at_100": 0.01108,
    "precision_at_200": 0.00838,
    "precision_at_300": 0.00703,
    "precision_at_500": 0.00603,
    "precision_at_1000": 0.00406,
    "mrr_at_1": 0.01538,
    "mrr_at_3": 0.06667,
    "mrr_at_5": 0.07282,
    "mrr_at_10": 0.07538,
    "mrr_at_20": 0.08373,
    "mrr_at_100": 0.08803,
    "mrr_at_200": 0.08869,
    "mrr_at_300": 0.08894,
    "mrr_at_500": 0.08917,
    "mrr_at_1000": 0.0893,
    "rc_at_1": {
        "relevant": 0.01538,
        "distractor": 0.13846
    },
    "rc_at_3": {
        "relevant": 0.12308,
        "distractor": 0.52308
    },
    "rc_at_5": {
        "relevant": 0.15385,
        "distractor": 0.83077
    },
    "rc_at_10": {
        "relevant": 0.26154,
        "distractor": 1.35385
    },
    "rc_at_20": {
        "relevant": 0.44615,
        "distractor": 2.75385
    },
    "rc_at_100": {
        "relevant": 1.13846,
        "distractor": 8.83077
    },
    "rc_at_200": {
        "relevant": 1.76923,
        "distractor": 12.84615
    },
    "rc_at_300": {
        "relevant": 2.30769,
        "distractor": 16.33846
    },
    "rc_at_500": {
        "relevant": 3.13846,
        "distractor": 24.13846
    },
    "rc_at_1000": {
        "relevant": 4.06154,
        "distractor": 35.23077
    }
}