{
    "ndcg_at_1": 0.3839,
    "ndcg_at_3": 0.34747,
    "ndcg_at_5": 0.32637,
    "ndcg_at_10": 0.30576,
    "ndcg_at_20": 0.28799,
    "ndcg_at_100": 0.28452,
    "ndcg_at_200": 0.30302,
    "ndcg_at_300": 0.31634,
    "ndcg_at_500": 0.33682,
    "ndcg_at_1000": 0.37357,
    "map_at_1": 0.03763,
    "map_at_3": 0.06885,
    "map_at_5": 0.08029,
    "map_at_10": 0.09949,
    "map_at_20": 0.11369,
    "map_at_100": 0.1333,
    "map_at_200": 0.13864,
    "map_at_300": 0.14121,
    "map_at_500": 0.14397,
    "map_at_1000": 0.14763,
    "recall_at_1": 0.03763,
    "recall_at_3": 0.07992,
    "recall_at_5": 0.09711,
    "recall_at_10": 0.13705,
    "recall_at_20": 0.18154,
    "recall_at_100": 0.30269,
    "recall_at_200": 0.38367,
    "recall_at_300": 0.43486,
    "recall_at_500": 0.50983,
    "recall_at_1000": 0.63101,
    "precision_at_1": 0.40248,
    "precision_at_3": 0.33849,
    "precision_at_5": 0.29536,
    "precision_at_10": 0.24365,
    "precision_at_20": 0.18545,
    "precision_at_100": 0.07975,
    "precision_at_200": 0.05317,
    "precision_at_300": 0.04168,
    "precision_at_500": 0.03048,
    "precision_at_1000": 0.02085,
    "mrr_at_1": 0.40248,
    "mrr_at_3": 0.46801,
    "mrr_at_5": 0.47312,
    "mrr_at_10": 0.48351,
    "mrr_at_20": 0.48752,
    "mrr_at_100": 0.49057,
    "mrr_at_200": 0.49101,
    "mrr_at_300": 0.4911,
    "mrr_at_500": 0.49115,
    "mrr_at_1000": 0.4912
}