{
    "ndcg_at_1": 0.4,
    "ndcg_at_3": 0.28959,
    "ndcg_at_5": 0.26686,
    "ndcg_at_10": 0.21705,
    "ndcg_at_20": 0.26012,
    "ndcg_at_100": 0.33392,
    "ndcg_at_200": 0.35523,
    "ndcg_at_300": 0.36335,
    "ndcg_at_500": 0.37222,
    "ndcg_at_1000": 0.3883,
    "map_at_1": 0.04,
    "map_at_3": 0.06697,
    "map_at_5": 0.08924,
    "map_at_10": 0.10949,
    "map_at_20": 0.13169,
    "map_at_100": 0.15244,
    "map_at_200": 0.1552,
    "map_at_300": 0.15595,
    "map_at_500": 0.15659,
    "map_at_1000": 0.15719,
    "recall_at_1": 0.04,
    "recall_at_3": 0.07818,
    "recall_at_5": 0.12,
    "recall_at_10": 0.18182,
    "recall_at_20": 0.26,
    "recall_at_100": 0.44364,
    "recall_at_200": 0.51273,
    "recall_at_300": 0.54182,
    "recall_at_500": 0.57636,
    "recall_at_1000": 0.64545,
    "precision_at_1": 0.4,
    "precision_at_3": 0.26061,
    "precision_at_5": 0.24,
    "precision_at_10": 0.18182,
    "precision_at_20": 0.13,
    "precision_at_100": 0.04436,
    "precision_at_200": 0.02564,
    "precision_at_300": 0.01806,
    "precision_at_500": 0.01153,
    "precision_at_1000": 0.00645,
    "mrr_at_1": 0.4,
    "mrr_at_3": 0.46667,
    "mrr_at_5": 0.49121,
    "mrr_at_10": 0.51358,
    "mrr_at_20": 0.51498,
    "mrr_at_100": 0.51702,
    "mrr_at_200": 0.51725,
    "mrr_at_300": 0.51725,
    "mrr_at_500": 0.51725,
    "mrr_at_1000": 0.51725,
    "rc_at_1": {
        "relevant": 0.4,
        "distractor": 0.56364
    },
    "rc_at_3": {
        "relevant": 0.81818,
        "distractor": 1.67273
    },
    "rc_at_5": {
        "relevant": 1.16364,
        "distractor": 2.67273
    },
    "rc_at_10": {
        "relevant": 1.83636,
        "distractor": 5.10909
    },
    "rc_at_20": {
        "relevant": 2.6,
        "distractor": 9.72727
    },
    "rc_at_100": {
        "relevant": 4.45455,
        "distractor": 25.63636
    },
    "rc_at_200": {
        "relevant": 5.16364,
        "distractor": 33.34545
    },
    "rc_at_300": {
        "relevant": 5.45455,
        "distractor": 37.96364
    },
    "rc_at_500": {
        "relevant": 5.81818,
        "distractor": 42.87273
    },
    "rc_at_1000": {
        "relevant": 6.45455,
        "distractor": 48.92727
    }
}