{
    "ndcg_at_1": 0.88,
    "ndcg_at_3": 0.82693,
    "ndcg_at_5": 0.81159,
    "ndcg_at_10": 0.76578,
    "ndcg_at_20": 0.71668,
    "ndcg_at_100": 0.57518,
    "ndcg_at_200": 0.49656,
    "ndcg_at_300": 0.46533,
    "ndcg_at_500": 0.46359,
    "ndcg_at_1000": 0.5242,
    "map_at_1": 0.00257,
    "map_at_3": 0.00654,
    "map_at_5": 0.01067,
    "map_at_10": 0.01873,
    "map_at_20": 0.03256,
    "map_at_100": 0.10879,
    "map_at_200": 0.15995,
    "map_at_300": 0.18924,
    "map_at_500": 0.22504,
    "map_at_1000": 0.26353,
    "recall_at_1": 0.00257,
    "recall_at_3": 0.00674,
    "recall_at_5": 0.0114,
    "recall_at_10": 0.02071,
    "recall_at_20": 0.03716,
    "recall_at_100": 0.14268,
    "recall_at_200": 0.22948,
    "recall_at_300": 0.28876,
    "recall_at_500": 0.37458,
    "recall_at_1000": 0.49822,
    "precision_at_1": 0.94,
    "precision_at_3": 0.86667,
    "precision_at_5": 0.86,
    "precision_at_10": 0.794,
    "precision_at_20": 0.738,
    "precision_at_100": 0.5866,
    "precision_at_200": 0.4844,
    "precision_at_300": 0.41753,
    "precision_at_500": 0.33484,
    "precision_at_1000": 0.23046,
    "mrr_at_1": 0.94,
    "mrr_at_3": 0.95,
    "mrr_at_5": 0.96,
    "mrr_at_10": 0.96,
    "mrr_at_20": 0.96,
    "mrr_at_100": 0.96,
    "mrr_at_200": 0.96,
    "mrr_at_300": 0.96,
    "mrr_at_500": 0.96,
    "mrr_at_1000": 0.96
}