{
    "ndcg_at_1": 0.0064,
    "ndcg_at_3": 0.13458,
    "ndcg_at_5": 0.1803,
    "ndcg_at_10": 0.22758,
    "ndcg_at_20": 0.25857,
    "ndcg_at_100": 0.30012,
    "ndcg_at_200": 0.30845,
    "ndcg_at_300": 0.31205,
    "ndcg_at_500": 0.31463,
    "ndcg_at_1000": 0.31786,
    "map_at_1": 0.0064,
    "map_at_3": 0.1023,
    "map_at_5": 0.12751,
    "map_at_10": 0.14709,
    "map_at_20": 0.15563,
    "map_at_100": 0.16144,
    "map_at_200": 0.16188,
    "map_at_300": 0.162,
    "map_at_500": 0.16206,
    "map_at_1000": 0.16211,
    "recall_at_1": 0.0064,
    "recall_at_3": 0.22831,
    "recall_at_5": 0.33997,
    "recall_at_10": 0.48578,
    "recall_at_20": 0.60811,
    "recall_at_100": 0.83073,
    "recall_at_200": 0.88976,
    "recall_at_300": 0.91821,
    "recall_at_500": 0.94026,
    "recall_at_1000": 0.97084,
    "precision_at_1": 0.0064,
    "precision_at_3": 0.0761,
    "precision_at_5": 0.06799,
    "precision_at_10": 0.04858,
    "precision_at_20": 0.03041,
    "precision_at_100": 0.00831,
    "precision_at_200": 0.00445,
    "precision_at_300": 0.00306,
    "precision_at_500": 0.00188,
    "precision_at_1000": 0.00097,
    "mrr_at_1": 0.0064,
    "mrr_at_3": 0.10728,
    "mrr_at_5": 0.13189,
    "mrr_at_10": 0.15146,
    "mrr_at_20": 0.16076,
    "mrr_at_100": 0.16648,
    "mrr_at_200": 0.16693,
    "mrr_at_300": 0.167,
    "mrr_at_500": 0.16708,
    "mrr_at_1000": 0.16711
}