{
    "ndcg_at_1": 0.43808,
    "ndcg_at_3": 0.40352,
    "ndcg_at_5": 0.38972,
    "ndcg_at_10": 0.36121,
    "ndcg_at_20": 0.33737,
    "ndcg_at_100": 0.33043,
    "ndcg_at_200": 0.35121,
    "ndcg_at_300": 0.3649,
    "ndcg_at_500": 0.38691,
    "ndcg_at_1000": 0.42172,
    "map_at_1": 0.04561,
    "map_at_3": 0.08596,
    "map_at_5": 0.1048,
    "map_at_10": 0.12722,
    "map_at_20": 0.14421,
    "map_at_100": 0.16754,
    "map_at_200": 0.17427,
    "map_at_300": 0.17726,
    "map_at_500": 0.18055,
    "map_at_1000": 0.18447,
    "recall_at_1": 0.04561,
    "recall_at_3": 0.10082,
    "recall_at_5": 0.13252,
    "recall_at_10": 0.17329,
    "recall_at_20": 0.21363,
    "recall_at_100": 0.33915,
    "recall_at_200": 0.43089,
    "recall_at_300": 0.47817,
    "recall_at_500": 0.55359,
    "recall_at_1000": 0.66603,
    "precision_at_1": 0.45511,
    "precision_at_3": 0.38906,
    "precision_at_5": 0.3517,
    "precision_at_10": 0.28297,
    "precision_at_20": 0.21192,
    "precision_at_100": 0.09056,
    "precision_at_200": 0.05986,
    "precision_at_300": 0.04658,
    "precision_at_500": 0.03407,
    "precision_at_1000": 0.02252,
    "mrr_at_1": 0.45511,
    "mrr_at_3": 0.53044,
    "mrr_at_5": 0.54112,
    "mrr_at_10": 0.54598,
    "mrr_at_20": 0.54963,
    "mrr_at_100": 0.55206,
    "mrr_at_200": 0.55249,
    "mrr_at_300": 0.55254,
    "mrr_at_500": 0.55258,
    "mrr_at_1000": 0.55261
}