{
    "ndcg_at_1": 0.18644,
    "ndcg_at_3": 0.24944,
    "ndcg_at_5": 0.27696,
    "ndcg_at_10": 0.3012,
    "ndcg_at_20": 0.32369,
    "ndcg_at_100": 0.35908,
    "ndcg_at_200": 0.36847,
    "ndcg_at_300": 0.37202,
    "ndcg_at_500": 0.37819,
    "ndcg_at_1000": 0.38383,
    "map_at_1": 0.1728,
    "map_at_3": 0.22816,
    "map_at_5": 0.24377,
    "map_at_10": 0.25415,
    "map_at_20": 0.26062,
    "map_at_100": 0.26565,
    "map_at_200": 0.26618,
    "map_at_300": 0.26632,
    "map_at_500": 0.26648,
    "map_at_1000": 0.26657,
    "recall_at_1": 0.1728,
    "recall_at_3": 0.29415,
    "recall_at_5": 0.35882,
    "recall_at_10": 0.43142,
    "recall_at_20": 0.51615,
    "recall_at_100": 0.69899,
    "recall_at_200": 0.76269,
    "recall_at_300": 0.78867,
    "recall_at_500": 0.83886,
    "recall_at_1000": 0.88843,
    "precision_at_1": 0.18644,
    "precision_at_3": 0.10923,
    "precision_at_5": 0.08158,
    "precision_at_10": 0.0496,
    "precision_at_20": 0.03011,
    "precision_at_100": 0.00832,
    "precision_at_200": 0.00456,
    "precision_at_300": 0.00317,
    "precision_at_500": 0.00203,
    "precision_at_1000": 0.00108,
    "mrr_at_1": 0.18644,
    "mrr_at_3": 0.24614,
    "mrr_at_5": 0.26021,
    "mrr_at_10": 0.27046,
    "mrr_at_20": 0.2768,
    "mrr_at_100": 0.28111,
    "mrr_at_200": 0.28154,
    "mrr_at_300": 0.28164,
    "mrr_at_500": 0.28175,
    "mrr_at_1000": 0.28182
}