{
    "ndcg_at_1": 0.07209,
    "ndcg_at_3": 0.09751,
    "ndcg_at_5": 0.11433,
    "ndcg_at_10": 0.12962,
    "ndcg_at_20": 0.14322,
    "ndcg_at_100": 0.17771,
    "ndcg_at_200": 0.18871,
    "ndcg_at_300": 0.19413,
    "ndcg_at_500": 0.20123,
    "ndcg_at_1000": 0.20984,
    "map_at_1": 0.0634,
    "map_at_3": 0.08583,
    "map_at_5": 0.09558,
    "map_at_10": 0.10219,
    "map_at_20": 0.10579,
    "map_at_100": 0.11027,
    "map_at_200": 0.11084,
    "map_at_300": 0.11104,
    "map_at_500": 0.11121,
    "map_at_1000": 0.11135,
    "recall_at_1": 0.0634,
    "recall_at_3": 0.11494,
    "recall_at_5": 0.15782,
    "recall_at_10": 0.20557,
    "recall_at_20": 0.25714,
    "recall_at_100": 0.44367,
    "recall_at_200": 0.51989,
    "recall_at_300": 0.55975,
    "recall_at_500": 0.61645,
    "recall_at_1000": 0.69118,
    "precision_at_1": 0.07209,
    "precision_at_3": 0.04498,
    "precision_at_5": 0.03623,
    "precision_at_10": 0.02384,
    "precision_at_20": 0.01553,
    "precision_at_100": 0.00549,
    "precision_at_200": 0.00322,
    "precision_at_300": 0.00234,
    "precision_at_500": 0.00157,
    "precision_at_1000": 0.00091,
    "mrr_at_1": 0.07209,
    "mrr_at_3": 0.09766,
    "mrr_at_5": 0.10598,
    "mrr_at_10": 0.11229,
    "mrr_at_20": 0.1164,
    "mrr_at_100": 0.12094,
    "mrr_at_200": 0.1215,
    "mrr_at_300": 0.12168,
    "mrr_at_500": 0.12183,
    "mrr_at_1000": 0.12193
}