{
    "ndcg_at_1": 0.29592,
    "ndcg_at_3": 0.23815,
    "ndcg_at_5": 0.22101,
    "ndcg_at_10": 0.21267,
    "ndcg_at_20": 0.23425,
    "ndcg_at_100": 0.31955,
    "ndcg_at_200": 0.36114,
    "ndcg_at_300": 0.38443,
    "ndcg_at_500": 0.4143,
    "ndcg_at_1000": 0.44771,
    "map_at_1": 0.02675,
    "map_at_3": 0.04613,
    "map_at_5": 0.05997,
    "map_at_10": 0.08773,
    "map_at_20": 0.11261,
    "map_at_100": 0.13718,
    "map_at_200": 0.14465,
    "map_at_300": 0.14748,
    "map_at_500": 0.15029,
    "map_at_1000": 0.15281,
    "recall_at_1": 0.02675,
    "recall_at_3": 0.05435,
    "recall_at_5": 0.08092,
    "recall_at_10": 0.14153,
    "recall_at_20": 0.22257,
    "recall_at_100": 0.40929,
    "recall_at_200": 0.52038,
    "recall_at_300": 0.59071,
    "recall_at_500": 0.67863,
    "recall_at_1000": 0.79107,
    "precision_at_1": 0.32653,
    "precision_at_3": 0.2381,
    "precision_at_5": 0.21633,
    "precision_at_10": 0.18367,
    "precision_at_20": 0.15306,
    "precision_at_100": 0.06347,
    "precision_at_200": 0.04224,
    "precision_at_300": 0.03293,
    "precision_at_500": 0.02376,
    "precision_at_1000": 0.01457,
    "mrr_at_1": 0.32653,
    "mrr_at_3": 0.41497,
    "mrr_at_5": 0.43435,
    "mrr_at_10": 0.44739,
    "mrr_at_20": 0.4556,
    "mrr_at_100": 0.45963,
    "mrr_at_200": 0.45963,
    "mrr_at_300": 0.45963,
    "mrr_at_500": 0.45968,
    "mrr_at_1000": 0.45968
}