{
    "ndcg_at_1": 0.32534,
    "ndcg_at_3": 0.36659,
    "ndcg_at_5": 0.39009,
    "ndcg_at_10": 0.42131,
    "ndcg_at_20": 0.44527,
    "ndcg_at_100": 0.47931,
    "ndcg_at_200": 0.48859,
    "ndcg_at_300": 0.49236,
    "ndcg_at_500": 0.49701,
    "ndcg_at_1000": 0.50088,
    "map_at_1": 0.26671,
    "map_at_3": 0.33074,
    "map_at_5": 0.34825,
    "map_at_10": 0.36355,
    "map_at_20": 0.37148,
    "map_at_100": 0.37737,
    "map_at_200": 0.37801,
    "map_at_300": 0.3782,
    "map_at_500": 0.37837,
    "map_at_1000": 0.37846,
    "recall_at_1": 0.26671,
    "recall_at_3": 0.39176,
    "recall_at_5": 0.45292,
    "recall_at_10": 0.54207,
    "recall_at_20": 0.62706,
    "recall_at_100": 0.78991,
    "recall_at_200": 0.84531,
    "recall_at_300": 0.86928,
    "recall_at_500": 0.90178,
    "recall_at_1000": 0.93231,
    "precision_at_1": 0.32534,
    "precision_at_3": 0.17047,
    "precision_at_5": 0.12237,
    "precision_at_10": 0.07728,
    "precision_at_20": 0.04606,
    "precision_at_100": 0.01223,
    "precision_at_200": 0.00677,
    "precision_at_300": 0.00473,
    "precision_at_500": 0.003,
    "precision_at_1000": 0.00158,
    "mrr_at_1": 0.32534,
    "mrr_at_3": 0.3887,
    "mrr_at_5": 0.40314,
    "mrr_at_10": 0.41503,
    "mrr_at_20": 0.42081,
    "mrr_at_100": 0.42454,
    "mrr_at_200": 0.42493,
    "mrr_at_300": 0.425,
    "mrr_at_500": 0.42507,
    "mrr_at_1000": 0.4251
}