{
    "ndcg_at_1": 0.222,
    "ndcg_at_3": 0.1862,
    "ndcg_at_5": 0.16579,
    "ndcg_at_10": 0.20001,
    "ndcg_at_20": 0.22724,
    "ndcg_at_100": 0.27918,
    "ndcg_at_200": 0.29663,
    "ndcg_at_300": 0.30649,
    "ndcg_at_500": 0.31843,
    "ndcg_at_1000": 0.33314,
    "map_at_1": 0.04503,
    "map_at_3": 0.08274,
    "map_at_5": 0.10181,
    "map_at_10": 0.11874,
    "map_at_20": 0.12877,
    "map_at_100": 0.13935,
    "map_at_200": 0.14081,
    "map_at_300": 0.14139,
    "map_at_500": 0.14191,
    "map_at_1000": 0.14233,
    "recall_at_1": 0.04503,
    "recall_at_3": 0.10677,
    "recall_at_5": 0.14992,
    "recall_at_10": 0.21262,
    "recall_at_20": 0.27687,
    "recall_at_100": 0.44542,
    "recall_at_200": 0.52,
    "recall_at_300": 0.56645,
    "recall_at_500": 0.6274,
    "recall_at_1000": 0.70973,
    "precision_at_1": 0.222,
    "precision_at_3": 0.17533,
    "precision_at_5": 0.1478,
    "precision_at_10": 0.1049,
    "precision_at_20": 0.0682,
    "precision_at_100": 0.02195,
    "precision_at_200": 0.0128,
    "precision_at_300": 0.0093,
    "precision_at_500": 0.00618,
    "precision_at_1000": 0.00349,
    "mrr_at_1": 0.222,
    "mrr_at_3": 0.30217,
    "mrr_at_5": 0.31997,
    "mrr_at_10": 0.33529,
    "mrr_at_20": 0.34151,
    "mrr_at_100": 0.34591,
    "mrr_at_200": 0.34633,
    "mrr_at_300": 0.3464,
    "mrr_at_500": 0.34647,
    "mrr_at_1000": 0.3465
}