{
    "ndcg_at_1": 0.122,
    "ndcg_at_3": 0.09848,
    "ndcg_at_5": 0.08535,
    "ndcg_at_10": 0.10105,
    "ndcg_at_20": 0.11824,
    "ndcg_at_100": 0.15449,
    "ndcg_at_200": 0.16794,
    "ndcg_at_300": 0.17717,
    "ndcg_at_500": 0.18907,
    "ndcg_at_1000": 0.20415,
    "map_at_1": 0.02493,
    "map_at_3": 0.04338,
    "map_at_5": 0.0498,
    "map_at_10": 0.05591,
    "map_at_20": 0.06108,
    "map_at_100": 0.06688,
    "map_at_200": 0.06789,
    "map_at_300": 0.06833,
    "map_at_500": 0.06874,
    "map_at_1000": 0.06909,
    "recall_at_1": 0.02493,
    "recall_at_3": 0.05643,
    "recall_at_5": 0.07578,
    "recall_at_10": 0.10468,
    "recall_at_20": 0.14527,
    "recall_at_100": 0.26302,
    "recall_at_200": 0.31995,
    "recall_at_300": 0.3634,
    "recall_at_500": 0.42418,
    "recall_at_1000": 0.50883,
    "precision_at_1": 0.122,
    "precision_at_3": 0.09233,
    "precision_at_5": 0.0746,
    "precision_at_10": 0.0516,
    "precision_at_20": 0.03575,
    "precision_at_100": 0.01295,
    "precision_at_200": 0.00788,
    "precision_at_300": 0.00597,
    "precision_at_500": 0.00418,
    "precision_at_1000": 0.00251,
    "mrr_at_1": 0.122,
    "mrr_at_3": 0.16417,
    "mrr_at_5": 0.17757,
    "mrr_at_10": 0.18857,
    "mrr_at_20": 0.19426,
    "mrr_at_100": 0.19943,
    "mrr_at_200": 0.19994,
    "mrr_at_300": 0.20016,
    "mrr_at_500": 0.20032,
    "mrr_at_1000": 0.20041
}