{
    "ndcg_at_1": 0.0,
    "ndcg_at_3": 0.0,
    "ndcg_at_5": 0.00266,
    "ndcg_at_10": 0.00172,
    "ndcg_at_20": 0.00478,
    "ndcg_at_100": 0.00827,
    "ndcg_at_200": 0.01322,
    "ndcg_at_300": 0.01621,
    "ndcg_at_500": 0.01944,
    "ndcg_at_1000": 0.02416,
    "map_at_1": 0.0,
    "map_at_3": 0.0,
    "map_at_5": 0.00045,
    "map_at_10": 0.00045,
    "map_at_20": 0.00084,
    "map_at_100": 0.00106,
    "map_at_200": 0.00124,
    "map_at_300": 0.00131,
    "map_at_500": 0.00136,
    "map_at_1000": 0.00142,
    "recall_at_1": 0.0,
    "recall_at_3": 0.0,
    "recall_at_5": 0.00182,
    "recall_at_10": 0.00182,
    "recall_at_20": 0.00727,
    "recall_at_100": 0.01636,
    "recall_at_200": 0.03273,
    "recall_at_300": 0.04364,
    "recall_at_500": 0.05636,
    "recall_at_1000": 0.07636,
    "precision_at_1": 0.0,
    "precision_at_3": 0.0,
    "precision_at_5": 0.00364,
    "precision_at_10": 0.00182,
    "precision_at_20": 0.00364,
    "precision_at_100": 0.00164,
    "precision_at_200": 0.00164,
    "precision_at_300": 0.00145,
    "precision_at_500": 0.00113,
    "precision_at_1000": 0.00076,
    "mrr_at_1": 0.01818,
    "mrr_at_3": 0.02424,
    "mrr_at_5": 0.02424,
    "mrr_at_10": 0.02606,
    "mrr_at_20": 0.0282,
    "mrr_at_100": 0.03065,
    "mrr_at_200": 0.03162,
    "mrr_at_300": 0.03186,
    "mrr_at_500": 0.03191,
    "mrr_at_1000": 0.03201,
    "rc_at_1": {
        "relevant": 0.01818,
        "distractor": 0.05455
    },
    "rc_at_3": {
        "relevant": 0.03636,
        "distractor": 0.18182
    },
    "rc_at_5": {
        "relevant": 0.03636,
        "distractor": 0.29091
    },
    "rc_at_10": {
        "relevant": 0.05455,
        "distractor": 0.4
    },
    "rc_at_20": {
        "relevant": 0.09091,
        "distractor": 0.50909
    },
    "rc_at_100": {
        "relevant": 0.25455,
        "distractor": 1.34545
    },
    "rc_at_200": {
        "relevant": 0.45455,
        "distractor": 2.21818
    },
    "rc_at_300": {
        "relevant": 0.54545,
        "distractor": 2.67273
    },
    "rc_at_500": {
        "relevant": 0.65455,
        "distractor": 3.72727
    },
    "rc_at_1000": {
        "relevant": 0.76364,
        "distractor": 4.63636
    }
}