{
    "ndcg_at_1": 0.01351,
    "ndcg_at_3": 0.20259,
    "ndcg_at_5": 0.27182,
    "ndcg_at_10": 0.34436,
    "ndcg_at_20": 0.3849,
    "ndcg_at_100": 0.40299,
    "ndcg_at_200": 0.40387,
    "ndcg_at_300": 0.40396,
    "ndcg_at_500": 0.40446,
    "ndcg_at_1000": 0.40484,
    "map_at_1": 0.01351,
    "map_at_3": 0.15588,
    "map_at_5": 0.19418,
    "map_at_10": 0.22404,
    "map_at_20": 0.23549,
    "map_at_100": 0.23835,
    "map_at_200": 0.23839,
    "map_at_300": 0.23839,
    "map_at_500": 0.2384,
    "map_at_1000": 0.23841,
    "recall_at_1": 0.01351,
    "recall_at_3": 0.33784,
    "recall_at_5": 0.5064,
    "recall_at_10": 0.73115,
    "recall_at_20": 0.88905,
    "recall_at_100": 0.98151,
    "recall_at_200": 0.98791,
    "recall_at_300": 0.98862,
    "recall_at_500": 0.99289,
    "recall_at_1000": 0.99644,
    "precision_at_1": 0.01351,
    "precision_at_3": 0.11261,
    "precision_at_5": 0.10128,
    "precision_at_10": 0.07312,
    "precision_at_20": 0.04445,
    "precision_at_100": 0.00982,
    "precision_at_200": 0.00494,
    "precision_at_300": 0.0033,
    "precision_at_500": 0.00199,
    "precision_at_1000": 0.001,
    "mrr_at_1": 0.01351,
    "mrr_at_3": 0.15588,
    "mrr_at_5": 0.19418,
    "mrr_at_10": 0.22404,
    "mrr_at_20": 0.23549,
    "mrr_at_100": 0.23835,
    "mrr_at_200": 0.23839,
    "mrr_at_300": 0.23839,
    "mrr_at_500": 0.2384,
    "mrr_at_1000": 0.23841
}