{
    "ndcg_at_1": 0.12727,
    "ndcg_at_3": 0.11447,
    "ndcg_at_5": 0.09282,
    "ndcg_at_10": 0.06777,
    "ndcg_at_20": 0.08111,
    "ndcg_at_100": 0.12162,
    "ndcg_at_200": 0.13516,
    "ndcg_at_300": 0.14121,
    "ndcg_at_500": 0.15055,
    "ndcg_at_1000": 0.16487,
    "map_at_1": 0.01273,
    "map_at_3": 0.02424,
    "map_at_5": 0.02633,
    "map_at_10": 0.02876,
    "map_at_20": 0.03277,
    "map_at_100": 0.03954,
    "map_at_200": 0.04063,
    "map_at_300": 0.04099,
    "map_at_500": 0.04146,
    "map_at_1000": 0.04189,
    "recall_at_1": 0.01273,
    "recall_at_3": 0.03273,
    "recall_at_5": 0.04,
    "recall_at_10": 0.05091,
    "recall_at_20": 0.07455,
    "recall_at_100": 0.17636,
    "recall_at_200": 0.22,
    "recall_at_300": 0.24182,
    "recall_at_500": 0.27818,
    "recall_at_1000": 0.34,
    "precision_at_1": 0.12727,
    "precision_at_3": 0.10909,
    "precision_at_5": 0.08,
    "precision_at_10": 0.05091,
    "precision_at_20": 0.03727,
    "precision_at_100": 0.01764,
    "precision_at_200": 0.011,
    "precision_at_300": 0.00806,
    "precision_at_500": 0.00556,
    "precision_at_1000": 0.0034,
    "mrr_at_1": 0.12727,
    "mrr_at_3": 0.19394,
    "mrr_at_5": 0.20576,
    "mrr_at_10": 0.2103,
    "mrr_at_20": 0.21356,
    "mrr_at_100": 0.22025,
    "mrr_at_200": 0.22097,
    "mrr_at_300": 0.22103,
    "mrr_at_500": 0.22103,
    "mrr_at_1000": 0.22115,
    "rc_at_1": {
        "relevant": 0.12727,
        "distractor": 0.21818
    },
    "rc_at_3": {
        "relevant": 0.32727,
        "distractor": 0.6
    },
    "rc_at_5": {
        "relevant": 0.4,
        "distractor": 0.92727
    },
    "rc_at_10": {
        "relevant": 0.50909,
        "distractor": 1.58182
    },
    "rc_at_20": {
        "relevant": 0.74545,
        "distractor": 2.56364
    },
    "rc_at_100": {
        "relevant": 1.76364,
        "distractor": 6.96364
    },
    "rc_at_200": {
        "relevant": 2.2,
        "distractor": 9.58182
    },
    "rc_at_300": {
        "relevant": 2.41818,
        "distractor": 11.69091
    },
    "rc_at_500": {
        "relevant": 2.78182,
        "distractor": 14.58182
    },
    "rc_at_1000": {
        "relevant": 3.4,
        "distractor": 18.41818
    }
}