{
    "ndcg_at_1": 0.29091,
    "ndcg_at_3": 0.24601,
    "ndcg_at_5": 0.20778,
    "ndcg_at_10": 0.1825,
    "ndcg_at_20": 0.23625,
    "ndcg_at_100": 0.33576,
    "ndcg_at_200": 0.35892,
    "ndcg_at_300": 0.37045,
    "ndcg_at_500": 0.38721,
    "ndcg_at_1000": 0.40465,
    "map_at_1": 0.02909,
    "map_at_3": 0.05515,
    "map_at_5": 0.06542,
    "map_at_10": 0.08663,
    "map_at_20": 0.11093,
    "map_at_100": 0.14036,
    "map_at_200": 0.14339,
    "map_at_300": 0.14454,
    "map_at_500": 0.14568,
    "map_at_1000": 0.14646,
    "recall_at_1": 0.02909,
    "recall_at_3": 0.06909,
    "recall_at_5": 0.09091,
    "recall_at_10": 0.15818,
    "recall_at_20": 0.25455,
    "recall_at_100": 0.50182,
    "recall_at_200": 0.57636,
    "recall_at_300": 0.61818,
    "recall_at_500": 0.68364,
    "recall_at_1000": 0.75818,
    "precision_at_1": 0.29091,
    "precision_at_3": 0.2303,
    "precision_at_5": 0.18182,
    "precision_at_10": 0.15818,
    "precision_at_20": 0.12727,
    "precision_at_100": 0.05018,
    "precision_at_200": 0.02882,
    "precision_at_300": 0.02061,
    "precision_at_500": 0.01367,
    "precision_at_1000": 0.00758,
    "mrr_at_1": 0.29091,
    "mrr_at_3": 0.4,
    "mrr_at_5": 0.41545,
    "mrr_at_10": 0.43726,
    "mrr_at_20": 0.4434,
    "mrr_at_100": 0.44642,
    "mrr_at_200": 0.44655,
    "mrr_at_300": 0.44655,
    "mrr_at_500": 0.4466,
    "mrr_at_1000": 0.44663,
    "rc_at_1": {
        "relevant": 0.29091,
        "distractor": 0.61818
    },
    "rc_at_3": {
        "relevant": 0.69091,
        "distractor": 1.76364
    },
    "rc_at_5": {
        "relevant": 0.90909,
        "distractor": 2.98182
    },
    "rc_at_10": {
        "relevant": 1.58182,
        "distractor": 5.61818
    },
    "rc_at_20": {
        "relevant": 2.54545,
        "distractor": 10.81818
    },
    "rc_at_100": {
        "relevant": 5.01818,
        "distractor": 33.72727
    },
    "rc_at_200": {
        "relevant": 5.76364,
        "distractor": 45.16364
    },
    "rc_at_300": {
        "relevant": 6.18182,
        "distractor": 51.05455
    },
    "rc_at_500": {
        "relevant": 6.83636,
        "distractor": 58.05455
    },
    "rc_at_1000": {
        "relevant": 7.58182,
        "distractor": 68.54545
    }
}