{
    "ndcg_at_1": 0.25455,
    "ndcg_at_3": 0.2063,
    "ndcg_at_5": 0.16395,
    "ndcg_at_10": 0.13253,
    "ndcg_at_20": 0.16451,
    "ndcg_at_100": 0.23102,
    "ndcg_at_200": 0.25282,
    "ndcg_at_300": 0.26489,
    "ndcg_at_500": 0.27511,
    "ndcg_at_1000": 0.28822,
    "map_at_1": 0.02545,
    "map_at_3": 0.04545,
    "map_at_5": 0.05027,
    "map_at_10": 0.06111,
    "map_at_20": 0.07256,
    "map_at_100": 0.08866,
    "map_at_200": 0.09118,
    "map_at_300": 0.0921,
    "map_at_500": 0.09261,
    "map_at_1000": 0.09304,
    "recall_at_1": 0.02545,
    "recall_at_3": 0.05818,
    "recall_at_5": 0.06909,
    "recall_at_10": 0.10727,
    "recall_at_20": 0.16545,
    "recall_at_100": 0.33091,
    "recall_at_200": 0.40182,
    "recall_at_300": 0.44545,
    "recall_at_500": 0.48545,
    "recall_at_1000": 0.54182,
    "precision_at_1": 0.25455,
    "precision_at_3": 0.19394,
    "precision_at_5": 0.13818,
    "precision_at_10": 0.10727,
    "precision_at_20": 0.08273,
    "precision_at_100": 0.03309,
    "precision_at_200": 0.02009,
    "precision_at_300": 0.01485,
    "precision_at_500": 0.00971,
    "precision_at_1000": 0.00542,
    "mrr_at_1": 0.25455,
    "mrr_at_3": 0.33939,
    "mrr_at_5": 0.34758,
    "mrr_at_10": 0.35901,
    "mrr_at_20": 0.36688,
    "mrr_at_100": 0.37066,
    "mrr_at_200": 0.37098,
    "mrr_at_300": 0.37114,
    "mrr_at_500": 0.3712,
    "mrr_at_1000": 0.37123,
    "rc_at_1": {
        "relevant": 0.25455,
        "distractor": 0.41818
    },
    "rc_at_3": {
        "relevant": 0.58182,
        "distractor": 1.25455
    },
    "rc_at_5": {
        "relevant": 0.69091,
        "distractor": 2.03636
    },
    "rc_at_10": {
        "relevant": 1.07273,
        "distractor": 3.54545
    },
    "rc_at_20": {
        "relevant": 1.65455,
        "distractor": 6.05455
    },
    "rc_at_100": {
        "relevant": 3.30909,
        "distractor": 17.16364
    },
    "rc_at_200": {
        "relevant": 4.01818,
        "distractor": 22.72727
    },
    "rc_at_300": {
        "relevant": 4.45455,
        "distractor": 26.65455
    },
    "rc_at_500": {
        "relevant": 4.85455,
        "distractor": 32.38182
    },
    "rc_at_1000": {
        "relevant": 5.41818,
        "distractor": 39.34545
    }
}