{
    "ndcg_at_1": 0.29567,
    "ndcg_at_3": 0.25859,
    "ndcg_at_5": 0.24117,
    "ndcg_at_10": 0.21451,
    "ndcg_at_20": 0.19775,
    "ndcg_at_100": 0.20148,
    "ndcg_at_200": 0.22107,
    "ndcg_at_300": 0.23563,
    "ndcg_at_500": 0.25819,
    "ndcg_at_1000": 0.29813,
    "map_at_1": 0.03546,
    "map_at_3": 0.05224,
    "map_at_5": 0.06118,
    "map_at_10": 0.0692,
    "map_at_20": 0.07566,
    "map_at_100": 0.08643,
    "map_at_200": 0.08982,
    "map_at_300": 0.09159,
    "map_at_500": 0.09389,
    "map_at_1000": 0.09713,
    "recall_at_1": 0.03546,
    "recall_at_3": 0.06035,
    "recall_at_5": 0.07986,
    "recall_at_10": 0.09508,
    "recall_at_20": 0.12167,
    "recall_at_100": 0.22174,
    "recall_at_200": 0.29425,
    "recall_at_300": 0.34316,
    "recall_at_500": 0.41924,
    "recall_at_1000": 0.55386,
    "precision_at_1": 0.3096,
    "precision_at_3": 0.24665,
    "precision_at_5": 0.20867,
    "precision_at_10": 0.15759,
    "precision_at_20": 0.11548,
    "precision_at_100": 0.05158,
    "precision_at_200": 0.03676,
    "precision_at_300": 0.0303,
    "precision_at_500": 0.02406,
    "precision_at_1000": 0.01789,
    "mrr_at_1": 0.3096,
    "mrr_at_3": 0.36687,
    "mrr_at_5": 0.37848,
    "mrr_at_10": 0.3872,
    "mrr_at_20": 0.39132,
    "mrr_at_100": 0.39543,
    "mrr_at_200": 0.39586,
    "mrr_at_300": 0.39602,
    "mrr_at_500": 0.3961,
    "mrr_at_1000": 0.39615
}