{
    "ndcg_at_1": 0.13678,
    "ndcg_at_3": 0.1755,
    "ndcg_at_5": 0.19527,
    "ndcg_at_10": 0.22032,
    "ndcg_at_20": 0.2398,
    "ndcg_at_100": 0.27003,
    "ndcg_at_200": 0.27806,
    "ndcg_at_300": 0.28499,
    "ndcg_at_500": 0.29247,
    "ndcg_at_1000": 0.29873,
    "map_at_1": 0.12961,
    "map_at_3": 0.16079,
    "map_at_5": 0.17218,
    "map_at_10": 0.18255,
    "map_at_20": 0.1884,
    "map_at_100": 0.19283,
    "map_at_200": 0.19328,
    "map_at_300": 0.19355,
    "map_at_500": 0.19374,
    "map_at_1000": 0.19386,
    "recall_at_1": 0.12961,
    "recall_at_3": 0.20243,
    "recall_at_5": 0.25203,
    "recall_at_10": 0.32421,
    "recall_at_20": 0.39661,
    "recall_at_100": 0.55206,
    "recall_at_200": 0.60459,
    "recall_at_300": 0.65545,
    "recall_at_500": 0.71614,
    "recall_at_1000": 0.7705,
    "precision_at_1": 0.13678,
    "precision_at_3": 0.07579,
    "precision_at_5": 0.05619,
    "precision_at_10": 0.03789,
    "precision_at_20": 0.02366,
    "precision_at_100": 0.00677,
    "precision_at_200": 0.0038,
    "precision_at_300": 0.0028,
    "precision_at_500": 0.00185,
    "precision_at_1000": 0.00102,
    "mrr_at_1": 0.13678,
    "mrr_at_3": 0.17375,
    "mrr_at_5": 0.18494,
    "mrr_at_10": 0.19611,
    "mrr_at_20": 0.20095,
    "mrr_at_100": 0.2051,
    "mrr_at_200": 0.20552,
    "mrr_at_300": 0.2057,
    "mrr_at_500": 0.20586,
    "mrr_at_1000": 0.20592
}