{
    "ndcg_at_1": 0.20887,
    "ndcg_at_3": 0.24818,
    "ndcg_at_5": 0.27309,
    "ndcg_at_10": 0.30172,
    "ndcg_at_20": 0.32668,
    "ndcg_at_100": 0.36829,
    "ndcg_at_200": 0.38061,
    "ndcg_at_300": 0.3853,
    "ndcg_at_500": 0.39156,
    "ndcg_at_1000": 0.39762,
    "map_at_1": 0.16,
    "map_at_3": 0.21329,
    "map_at_5": 0.23104,
    "map_at_10": 0.24498,
    "map_at_20": 0.25355,
    "map_at_100": 0.26018,
    "map_at_200": 0.26105,
    "map_at_300": 0.2613,
    "map_at_500": 0.26154,
    "map_at_1000": 0.2617,
    "recall_at_1": 0.16,
    "recall_at_3": 0.26821,
    "recall_at_5": 0.33547,
    "recall_at_10": 0.42272,
    "recall_at_20": 0.51439,
    "recall_at_100": 0.71326,
    "recall_at_200": 0.78688,
    "recall_at_300": 0.81714,
    "recall_at_500": 0.85961,
    "recall_at_1000": 0.90382,
    "precision_at_1": 0.20887,
    "precision_at_3": 0.12399,
    "precision_at_5": 0.09471,
    "precision_at_10": 0.06237,
    "precision_at_20": 0.03948,
    "precision_at_100": 0.01202,
    "precision_at_200": 0.0069,
    "precision_at_300": 0.00495,
    "precision_at_500": 0.00325,
    "precision_at_1000": 0.00179,
    "mrr_at_1": 0.20744,
    "mrr_at_3": 0.268,
    "mrr_at_5": 0.28331,
    "mrr_at_10": 0.29546,
    "mrr_at_20": 0.30223,
    "mrr_at_100": 0.30698,
    "mrr_at_200": 0.30746,
    "mrr_at_300": 0.30758,
    "mrr_at_500": 0.30766,
    "mrr_at_1000": 0.3077
}