{
    "ndcg_at_1": 0.21922,
    "ndcg_at_3": 0.25891,
    "ndcg_at_5": 0.28679,
    "ndcg_at_10": 0.31725,
    "ndcg_at_20": 0.33983,
    "ndcg_at_100": 0.37689,
    "ndcg_at_200": 0.38792,
    "ndcg_at_300": 0.39192,
    "ndcg_at_500": 0.39758,
    "ndcg_at_1000": 0.40374,
    "map_at_1": 0.18735,
    "map_at_3": 0.23373,
    "map_at_5": 0.25064,
    "map_at_10": 0.26466,
    "map_at_20": 0.27155,
    "map_at_100": 0.27724,
    "map_at_200": 0.27797,
    "map_at_300": 0.27814,
    "map_at_500": 0.27831,
    "map_at_1000": 0.27842,
    "recall_at_1": 0.18735,
    "recall_at_3": 0.28916,
    "recall_at_5": 0.35753,
    "recall_at_10": 0.44666,
    "recall_at_20": 0.52792,
    "recall_at_100": 0.70683,
    "recall_at_200": 0.77683,
    "recall_at_300": 0.80408,
    "recall_at_500": 0.84628,
    "recall_at_1000": 0.89739,
    "precision_at_1": 0.21922,
    "precision_at_3": 0.11723,
    "precision_at_5": 0.08955,
    "precision_at_10": 0.05765,
    "precision_at_20": 0.03517,
    "precision_at_100": 0.01006,
    "precision_at_200": 0.00563,
    "precision_at_300": 0.00394,
    "precision_at_500": 0.00252,
    "precision_at_1000": 0.00135,
    "mrr_at_1": 0.21922,
    "mrr_at_3": 0.26788,
    "mrr_at_5": 0.2856,
    "mrr_at_10": 0.29755,
    "mrr_at_20": 0.30331,
    "mrr_at_100": 0.30801,
    "mrr_at_200": 0.30843,
    "mrr_at_300": 0.30853,
    "mrr_at_500": 0.30863,
    "mrr_at_1000": 0.30869
}