{
    "ndcg_at_1": 0.0953,
    "ndcg_at_3": 0.12422,
    "ndcg_at_5": 0.13593,
    "ndcg_at_10": 0.15415,
    "ndcg_at_20": 0.16702,
    "ndcg_at_100": 0.19796,
    "ndcg_at_200": 0.20952,
    "ndcg_at_300": 0.21513,
    "ndcg_at_500": 0.22184,
    "ndcg_at_1000": 0.23057,
    "map_at_1": 0.08238,
    "map_at_3": 0.11114,
    "map_at_5": 0.11802,
    "map_at_10": 0.12575,
    "map_at_20": 0.12938,
    "map_at_100": 0.13365,
    "map_at_200": 0.1343,
    "map_at_300": 0.1345,
    "map_at_500": 0.13467,
    "map_at_1000": 0.13481,
    "recall_at_1": 0.08238,
    "recall_at_3": 0.14489,
    "recall_at_5": 0.17295,
    "recall_at_10": 0.22752,
    "recall_at_20": 0.27636,
    "recall_at_100": 0.43475,
    "recall_at_200": 0.51124,
    "recall_at_300": 0.55235,
    "recall_at_500": 0.60571,
    "recall_at_1000": 0.6808,
    "precision_at_1": 0.0953,
    "precision_at_3": 0.05726,
    "precision_at_5": 0.04176,
    "precision_at_10": 0.02777,
    "precision_at_20": 0.01702,
    "precision_at_100": 0.00557,
    "precision_at_200": 0.00334,
    "precision_at_300": 0.00243,
    "precision_at_500": 0.00161,
    "precision_at_1000": 0.00092,
    "mrr_at_1": 0.0953,
    "mrr_at_3": 0.12612,
    "mrr_at_5": 0.13277,
    "mrr_at_10": 0.14085,
    "mrr_at_20": 0.14452,
    "mrr_at_100": 0.14863,
    "mrr_at_200": 0.1492,
    "mrr_at_300": 0.14937,
    "mrr_at_500": 0.14951,
    "mrr_at_1000": 0.14961
}