{
    "ndcg_at_1": 0.01538,
    "ndcg_at_3": 0.01177,
    "ndcg_at_5": 0.00851,
    "ndcg_at_10": 0.00654,
    "ndcg_at_20": 0.00654,
    "ndcg_at_100": 0.00835,
    "ndcg_at_200": 0.0126,
    "ndcg_at_300": 0.01303,
    "ndcg_at_500": 0.01735,
    "ndcg_at_1000": 0.01949,
    "map_at_1": 0.00154,
    "map_at_3": 0.00308,
    "map_at_5": 0.00308,
    "map_at_10": 0.00359,
    "map_at_20": 0.00359,
    "map_at_100": 0.00375,
    "map_at_200": 0.00392,
    "map_at_300": 0.00396,
    "map_at_500": 0.00404,
    "map_at_1000": 0.00407,
    "recall_at_1": 0.00154,
    "recall_at_3": 0.00308,
    "recall_at_5": 0.00308,
    "recall_at_10": 0.00462,
    "recall_at_20": 0.00462,
    "recall_at_100": 0.00923,
    "recall_at_200": 0.02308,
    "recall_at_300": 0.02462,
    "recall_at_500": 0.04154,
    "recall_at_1000": 0.05077,
    "precision_at_1": 0.01538,
    "precision_at_3": 0.01026,
    "precision_at_5": 0.00615,
    "precision_at_10": 0.00462,
    "precision_at_20": 0.00231,
    "precision_at_100": 0.00092,
    "precision_at_200": 0.00115,
    "precision_at_300": 0.00082,
    "precision_at_500": 0.00083,
    "precision_at_1000": 0.00051,
    "mrr_at_1": 0.03077,
    "mrr_at_3": 0.03077,
    "mrr_at_5": 0.03385,
    "mrr_at_10": 0.03385,
    "mrr_at_20": 0.03462,
    "mrr_at_100": 0.03536,
    "mrr_at_200": 0.03585,
    "mrr_at_300": 0.03622,
    "mrr_at_500": 0.03622,
    "mrr_at_1000": 0.03625,
    "rc_at_1": {
        "relevant": 0.03077,
        "distractor": 0.12308
    },
    "rc_at_3": {
        "relevant": 0.03077,
        "distractor": 0.24615
    },
    "rc_at_5": {
        "relevant": 0.04615,
        "distractor": 0.27692
    },
    "rc_at_10": {
        "relevant": 0.07692,
        "distractor": 0.4
    },
    "rc_at_20": {
        "relevant": 0.09231,
        "distractor": 0.52308
    },
    "rc_at_100": {
        "relevant": 0.16923,
        "distractor": 1.32308
    },
    "rc_at_200": {
        "relevant": 0.26154,
        "distractor": 2.09231
    },
    "rc_at_300": {
        "relevant": 0.43077,
        "distractor": 2.30769
    },
    "rc_at_500": {
        "relevant": 0.44615,
        "distractor": 2.8
    },
    "rc_at_1000": {
        "relevant": 0.50769,
        "distractor": 3.56923
    }
}