{
    "ndcg_at_1": 0.0,
    "ndcg_at_3": 0.0,
    "ndcg_at_5": 0.0,
    "ndcg_at_10": 0.0,
    "ndcg_at_20": 0.0017,
    "ndcg_at_100": 0.00231,
    "ndcg_at_200": 0.00231,
    "ndcg_at_300": 0.00272,
    "ndcg_at_500": 0.0031,
    "ndcg_at_1000": 0.00382,
    "map_at_1": 0.0,
    "map_at_3": 0.0,
    "map_at_5": 0.0,
    "map_at_10": 0.0,
    "map_at_20": 0.00029,
    "map_at_100": 0.00039,
    "map_at_200": 0.00039,
    "map_at_300": 0.0004,
    "map_at_500": 0.00041,
    "map_at_1000": 0.00042,
    "recall_at_1": 0.0,
    "recall_at_3": 0.0,
    "recall_at_5": 0.0,
    "recall_at_10": 0.0,
    "recall_at_20": 0.00308,
    "recall_at_100": 0.00462,
    "recall_at_200": 0.00462,
    "recall_at_300": 0.00615,
    "recall_at_500": 0.00769,
    "recall_at_1000": 0.01077,
    "precision_at_1": 0.0,
    "precision_at_3": 0.0,
    "precision_at_5": 0.0,
    "precision_at_10": 0.0,
    "precision_at_20": 0.00154,
    "precision_at_100": 0.00046,
    "precision_at_200": 0.00023,
    "precision_at_300": 0.00021,
    "precision_at_500": 0.00015,
    "precision_at_1000": 0.00011,
    "mrr_at_1": 0.0,
    "mrr_at_3": 0.0,
    "mrr_at_5": 0.00308,
    "mrr_at_10": 0.00308,
    "mrr_at_20": 0.00308,
    "mrr_at_100": 0.00369,
    "mrr_at_200": 0.00369,
    "mrr_at_300": 0.00369,
    "mrr_at_500": 0.00373,
    "mrr_at_1000": 0.00373,
    "rc_at_1": {
        "relevant": 0.0,
        "distractor": 0.06154
    },
    "rc_at_3": {
        "relevant": 0.0,
        "distractor": 0.10769
    },
    "rc_at_5": {
        "relevant": 0.01538,
        "distractor": 0.12308
    },
    "rc_at_10": {
        "relevant": 0.01538,
        "distractor": 0.15385
    },
    "rc_at_20": {
        "relevant": 0.01538,
        "distractor": 0.23077
    },
    "rc_at_100": {
        "relevant": 0.06154,
        "distractor": 0.46154
    },
    "rc_at_200": {
        "relevant": 0.07692,
        "distractor": 0.66154
    },
    "rc_at_300": {
        "relevant": 0.07692,
        "distractor": 0.8
    },
    "rc_at_500": {
        "relevant": 0.10769,
        "distractor": 0.92308
    },
    "rc_at_1000": {
        "relevant": 0.10769,
        "distractor": 1.2
    }
}