{
    "ndcg_at_1": 0.13846,
    "ndcg_at_3": 0.12402,
    "ndcg_at_5": 0.09592,
    "ndcg_at_10": 0.07114,
    "ndcg_at_20": 0.08588,
    "ndcg_at_100": 0.10882,
    "ndcg_at_200": 0.12012,
    "ndcg_at_300": 0.12701,
    "ndcg_at_500": 0.13444,
    "ndcg_at_1000": 0.14908,
    "map_at_1": 0.01385,
    "map_at_3": 0.02641,
    "map_at_5": 0.02803,
    "map_at_10": 0.03128,
    "map_at_20": 0.0361,
    "map_at_100": 0.04023,
    "map_at_200": 0.04104,
    "map_at_300": 0.04149,
    "map_at_500": 0.04168,
    "map_at_1000": 0.04207,
    "recall_at_1": 0.01385,
    "recall_at_3": 0.03538,
    "recall_at_5": 0.04,
    "recall_at_10": 0.05231,
    "recall_at_20": 0.07846,
    "recall_at_100": 0.13538,
    "recall_at_200": 0.17231,
    "recall_at_300": 0.19692,
    "recall_at_500": 0.22615,
    "recall_at_1000": 0.28923,
    "precision_at_1": 0.13846,
    "precision_at_3": 0.11795,
    "precision_at_5": 0.08,
    "precision_at_10": 0.05231,
    "precision_at_20": 0.03923,
    "precision_at_100": 0.01354,
    "precision_at_200": 0.00862,
    "precision_at_300": 0.00656,
    "precision_at_500": 0.00452,
    "precision_at_1000": 0.00289,
    "mrr_at_1": 0.15385,
    "mrr_at_3": 0.21282,
    "mrr_at_5": 0.22436,
    "mrr_at_10": 0.23173,
    "mrr_at_20": 0.23501,
    "mrr_at_100": 0.23882,
    "mrr_at_200": 0.23901,
    "mrr_at_300": 0.23919,
    "mrr_at_500": 0.23939,
    "mrr_at_1000": 0.23942,
    "rc_at_1": {
        "relevant": 0.15385,
        "distractor": 0.38462
    },
    "rc_at_3": {
        "relevant": 0.33846,
        "distractor": 0.86154
    },
    "rc_at_5": {
        "relevant": 0.43077,
        "distractor": 1.46154
    },
    "rc_at_10": {
        "relevant": 0.61538,
        "distractor": 2.35385
    },
    "rc_at_20": {
        "relevant": 0.83077,
        "distractor": 3.90769
    },
    "rc_at_100": {
        "relevant": 1.44615,
        "distractor": 9.63077
    },
    "rc_at_200": {
        "relevant": 1.87692,
        "distractor": 13.09231
    },
    "rc_at_300": {
        "relevant": 2.07692,
        "distractor": 15.30769
    },
    "rc_at_500": {
        "relevant": 2.50769,
        "distractor": 18.63077
    },
    "rc_at_1000": {
        "relevant": 2.89231,
        "distractor": 22.41538
    }
}