{
    "ndcg_at_1": 0.14667,
    "ndcg_at_3": 0.17124,
    "ndcg_at_5": 0.18177,
    "ndcg_at_10": 0.19989,
    "ndcg_at_20": 0.21797,
    "ndcg_at_100": 0.25702,
    "ndcg_at_200": 0.26707,
    "ndcg_at_300": 0.27321,
    "ndcg_at_500": 0.28222,
    "ndcg_at_1000": 0.29494,
    "map_at_1": 0.13333,
    "map_at_3": 0.1592,
    "map_at_5": 0.16537,
    "map_at_10": 0.17288,
    "map_at_20": 0.17812,
    "map_at_100": 0.18368,
    "map_at_200": 0.18425,
    "map_at_300": 0.18447,
    "map_at_500": 0.18467,
    "map_at_1000": 0.18486,
    "recall_at_1": 0.13333,
    "recall_at_3": 0.18983,
    "recall_at_5": 0.21817,
    "recall_at_10": 0.272,
    "recall_at_20": 0.34117,
    "recall_at_100": 0.54722,
    "recall_at_200": 0.61589,
    "recall_at_300": 0.66322,
    "recall_at_500": 0.73989,
    "recall_at_1000": 0.85767,
    "precision_at_1": 0.14667,
    "precision_at_3": 0.07222,
    "precision_at_5": 0.05,
    "precision_at_10": 0.03167,
    "precision_at_20": 0.01967,
    "precision_at_100": 0.00637,
    "precision_at_200": 0.0036,
    "precision_at_300": 0.00258,
    "precision_at_500": 0.00171,
    "precision_at_1000": 0.00098,
    "mrr_at_1": 0.14667,
    "mrr_at_3": 0.17278,
    "mrr_at_5": 0.17894,
    "mrr_at_10": 0.18685,
    "mrr_at_20": 0.19167,
    "mrr_at_100": 0.19657,
    "mrr_at_200": 0.19705,
    "mrr_at_300": 0.19725,
    "mrr_at_500": 0.19745,
    "mrr_at_1000": 0.19761
}