{
    "ndcg_at_1": 0.7466,
    "ndcg_at_3": 0.80207,
    "ndcg_at_5": 0.82078,
    "ndcg_at_10": 0.83752,
    "ndcg_at_20": 0.84641,
    "ndcg_at_100": 0.85434,
    "ndcg_at_200": 0.85526,
    "ndcg_at_300": 0.85564,
    "ndcg_at_500": 0.8559,
    "ndcg_at_1000": 0.85607,
    "map_at_1": 0.64949,
    "map_at_3": 0.76065,
    "map_at_5": 0.78009,
    "map_at_10": 0.79237,
    "map_at_20": 0.7972,
    "map_at_100": 0.79975,
    "map_at_200": 0.7999,
    "map_at_300": 0.79993,
    "map_at_500": 0.79995,
    "map_at_1000": 0.79996,
    "recall_at_1": 0.64949,
    "recall_at_3": 0.82965,
    "recall_at_5": 0.88113,
    "recall_at_10": 0.93019,
    "recall_at_20": 0.95945,
    "recall_at_100": 0.99025,
    "recall_at_200": 0.9945,
    "recall_at_300": 0.99659,
    "recall_at_500": 0.99817,
    "recall_at_1000": 0.99918,
    "precision_at_1": 0.7466,
    "precision_at_3": 0.3533,
    "precision_at_5": 0.23432,
    "precision_at_10": 0.12939,
    "precision_at_20": 0.0693,
    "precision_at_100": 0.01512,
    "precision_at_200": 0.00769,
    "precision_at_300": 0.00516,
    "precision_at_500": 0.00312,
    "precision_at_1000": 0.00156,
    "mrr_at_1": 0.7473,
    "mrr_at_3": 0.81135,
    "mrr_at_5": 0.81984,
    "mrr_at_10": 0.82436,
    "mrr_at_20": 0.82568,
    "mrr_at_100": 0.82621,
    "mrr_at_200": 0.82622,
    "mrr_at_300": 0.82623,
    "mrr_at_500": 0.82623,
    "mrr_at_1000": 0.82623
}