{
    "ndcg_at_1": 0.23176,
    "ndcg_at_3": 0.25902,
    "ndcg_at_5": 0.27508,
    "ndcg_at_10": 0.29598,
    "ndcg_at_20": 0.31257,
    "ndcg_at_100": 0.34599,
    "ndcg_at_200": 0.35698,
    "ndcg_at_300": 0.36232,
    "ndcg_at_500": 0.36902,
    "ndcg_at_1000": 0.37707,
    "map_at_1": 0.18869,
    "map_at_3": 0.22968,
    "map_at_5": 0.24095,
    "map_at_10": 0.2511,
    "map_at_20": 0.25615,
    "map_at_100": 0.2614,
    "map_at_200": 0.2621,
    "map_at_300": 0.26232,
    "map_at_500": 0.26253,
    "map_at_1000": 0.2627,
    "recall_at_1": 0.18869,
    "recall_at_3": 0.27659,
    "recall_at_5": 0.31903,
    "recall_at_10": 0.38319,
    "recall_at_20": 0.44614,
    "recall_at_100": 0.60907,
    "recall_at_200": 0.67868,
    "recall_at_300": 0.7161,
    "recall_at_500": 0.7647,
    "recall_at_1000": 0.82686,
    "precision_at_1": 0.23176,
    "precision_at_3": 0.12113,
    "precision_at_5": 0.08841,
    "precision_at_10": 0.05579,
    "precision_at_20": 0.03362,
    "precision_at_100": 0.01004,
    "precision_at_200": 0.00573,
    "precision_at_300": 0.0041,
    "precision_at_500": 0.00271,
    "precision_at_1000": 0.00153,
    "mrr_at_1": 0.23176,
    "mrr_at_3": 0.27587,
    "mrr_at_5": 0.2881,
    "mrr_at_10": 0.29771,
    "mrr_at_20": 0.30226,
    "mrr_at_100": 0.30593,
    "mrr_at_200": 0.30639,
    "mrr_at_300": 0.30652,
    "mrr_at_500": 0.30663,
    "mrr_at_1000": 0.30672
}