{
    "ndcg_at_1": 0.4,
    "ndcg_at_3": 0.30486,
    "ndcg_at_5": 0.26367,
    "ndcg_at_10": 0.21567,
    "ndcg_at_20": 0.26195,
    "ndcg_at_100": 0.35886,
    "ndcg_at_200": 0.38653,
    "ndcg_at_300": 0.39986,
    "ndcg_at_500": 0.40967,
    "ndcg_at_1000": 0.4229,
    "map_at_1": 0.04,
    "map_at_3": 0.07513,
    "map_at_5": 0.09151,
    "map_at_10": 0.11515,
    "map_at_20": 0.13622,
    "map_at_100": 0.1633,
    "map_at_200": 0.16725,
    "map_at_300": 0.16863,
    "map_at_500": 0.1693,
    "map_at_1000": 0.16985,
    "recall_at_1": 0.04,
    "recall_at_3": 0.08308,
    "recall_at_5": 0.11385,
    "recall_at_10": 0.17692,
    "recall_at_20": 0.26,
    "recall_at_100": 0.50308,
    "recall_at_200": 0.59231,
    "recall_at_300": 0.64,
    "recall_at_500": 0.67846,
    "recall_at_1000": 0.73538,
    "precision_at_1": 0.4,
    "precision_at_3": 0.27692,
    "precision_at_5": 0.22769,
    "precision_at_10": 0.17692,
    "precision_at_20": 0.13,
    "precision_at_100": 0.05031,
    "precision_at_200": 0.02962,
    "precision_at_300": 0.02133,
    "precision_at_500": 0.01357,
    "precision_at_1000": 0.00735,
    "mrr_at_1": 0.41538,
    "mrr_at_3": 0.45641,
    "mrr_at_5": 0.48179,
    "mrr_at_10": 0.50145,
    "mrr_at_20": 0.50897,
    "mrr_at_100": 0.51123,
    "mrr_at_200": 0.51134,
    "mrr_at_300": 0.51134,
    "mrr_at_500": 0.51134,
    "mrr_at_1000": 0.51137,
    "rc_at_1": {
        "relevant": 0.41538,
        "distractor": 0.56923
    },
    "rc_at_3": {
        "relevant": 0.83077,
        "distractor": 2.01538
    },
    "rc_at_5": {
        "relevant": 1.16923,
        "distractor": 3.49231
    },
    "rc_at_10": {
        "relevant": 1.8,
        "distractor": 6.83077
    },
    "rc_at_20": {
        "relevant": 2.6,
        "distractor": 12.96923
    },
    "rc_at_100": {
        "relevant": 5.06154,
        "distractor": 39.32308
    },
    "rc_at_200": {
        "relevant": 5.96923,
        "distractor": 51.35385
    },
    "rc_at_300": {
        "relevant": 6.41538,
        "distractor": 57.83077
    },
    "rc_at_500": {
        "relevant": 6.81538,
        "distractor": 64.13846
    },
    "rc_at_1000": {
        "relevant": 7.35385,
        "distractor": 72.32308
    }
}