{
    "ndcg_at_1": 0.8206,
    "ndcg_at_3": 0.86336,
    "ndcg_at_5": 0.8781,
    "ndcg_at_10": 0.89047,
    "ndcg_at_20": 0.89676,
    "ndcg_at_100": 0.90155,
    "ndcg_at_200": 0.90204,
    "ndcg_at_300": 0.90217,
    "ndcg_at_500": 0.90224,
    "ndcg_at_1000": 0.90227,
    "map_at_1": 0.71149,
    "map_at_3": 0.82434,
    "map_at_5": 0.84266,
    "map_at_10": 0.85342,
    "map_at_20": 0.85759,
    "map_at_100": 0.85972,
    "map_at_200": 0.85982,
    "map_at_300": 0.85984,
    "map_at_500": 0.85985,
    "map_at_1000": 0.85985,
    "recall_at_1": 0.71149,
    "recall_at_3": 0.88272,
    "recall_at_5": 0.92482,
    "recall_at_10": 0.96084,
    "recall_at_20": 0.98063,
    "recall_at_100": 0.99701,
    "recall_at_200": 0.99892,
    "recall_at_300": 0.99943,
    "recall_at_500": 0.99973,
    "recall_at_1000": 0.9999,
    "precision_at_1": 0.8206,
    "precision_at_3": 0.37843,
    "precision_at_5": 0.24816,
    "precision_at_10": 0.13515,
    "precision_at_20": 0.07172,
    "precision_at_100": 0.01538,
    "precision_at_200": 0.00777,
    "precision_at_300": 0.00521,
    "precision_at_500": 0.00313,
    "precision_at_1000": 0.00157,
    "mrr_at_1": 0.8205,
    "mrr_at_3": 0.8737,
    "mrr_at_5": 0.87953,
    "mrr_at_10": 0.88241,
    "mrr_at_20": 0.8831,
    "mrr_at_100": 0.88328,
    "mrr_at_200": 0.88328,
    "mrr_at_300": 0.88328,
    "mrr_at_500": 0.88328,
    "mrr_at_1000": 0.88328
}