{
    "ndcg_at_1": 0.29231,
    "ndcg_at_3": 0.28414,
    "ndcg_at_5": 0.25182,
    "ndcg_at_10": 0.20136,
    "ndcg_at_20": 0.23516,
    "ndcg_at_100": 0.29315,
    "ndcg_at_200": 0.31151,
    "ndcg_at_300": 0.323,
    "ndcg_at_500": 0.33682,
    "ndcg_at_1000": 0.34891,
    "map_at_1": 0.02923,
    "map_at_3": 0.06641,
    "map_at_5": 0.08456,
    "map_at_10": 0.10649,
    "map_at_20": 0.12211,
    "map_at_100": 0.13653,
    "map_at_200": 0.13854,
    "map_at_300": 0.13939,
    "map_at_500": 0.14029,
    "map_at_1000": 0.14076,
    "recall_at_1": 0.02923,
    "recall_at_3": 0.08462,
    "recall_at_5": 0.11846,
    "recall_at_10": 0.17231,
    "recall_at_20": 0.23385,
    "recall_at_100": 0.38,
    "recall_at_200": 0.44,
    "recall_at_300": 0.48154,
    "recall_at_500": 0.53538,
    "recall_at_1000": 0.58769,
    "precision_at_1": 0.29231,
    "precision_at_3": 0.28205,
    "precision_at_5": 0.23692,
    "precision_at_10": 0.17231,
    "precision_at_20": 0.11692,
    "precision_at_100": 0.038,
    "precision_at_200": 0.022,
    "precision_at_300": 0.01605,
    "precision_at_500": 0.01071,
    "precision_at_1000": 0.00588,
    "mrr_at_1": 0.29231,
    "mrr_at_3": 0.40256,
    "mrr_at_5": 0.4241,
    "mrr_at_10": 0.43745,
    "mrr_at_20": 0.43848,
    "mrr_at_100": 0.44182,
    "mrr_at_200": 0.44192,
    "mrr_at_300": 0.4421,
    "mrr_at_500": 0.4421,
    "mrr_at_1000": 0.44213,
    "rc_at_1": {
        "relevant": 0.29231,
        "distractor": 0.52308
    },
    "rc_at_3": {
        "relevant": 0.84615,
        "distractor": 1.47692
    },
    "rc_at_5": {
        "relevant": 1.18462,
        "distractor": 2.43077
    },
    "rc_at_10": {
        "relevant": 1.72308,
        "distractor": 5.01538
    },
    "rc_at_20": {
        "relevant": 2.33846,
        "distractor": 9.83077
    },
    "rc_at_100": {
        "relevant": 3.8,
        "distractor": 28.56923
    },
    "rc_at_200": {
        "relevant": 4.4,
        "distractor": 37.33846
    },
    "rc_at_300": {
        "relevant": 4.81538,
        "distractor": 42.18462
    },
    "rc_at_500": {
        "relevant": 5.35385,
        "distractor": 48.04615
    },
    "rc_at_1000": {
        "relevant": 5.87692,
        "distractor": 55.58462
    }
}