{
    "ndcg_at_1": 0.30909,
    "ndcg_at_3": 0.26938,
    "ndcg_at_5": 0.24006,
    "ndcg_at_10": 0.19925,
    "ndcg_at_20": 0.24992,
    "ndcg_at_100": 0.37425,
    "ndcg_at_200": 0.40663,
    "ndcg_at_300": 0.41575,
    "ndcg_at_500": 0.42731,
    "ndcg_at_1000": 0.44091,
    "map_at_1": 0.03091,
    "map_at_3": 0.06727,
    "map_at_5": 0.08791,
    "map_at_10": 0.10782,
    "map_at_20": 0.12897,
    "map_at_100": 0.16804,
    "map_at_200": 0.17321,
    "map_at_300": 0.17421,
    "map_at_500": 0.17496,
    "map_at_1000": 0.1757,
    "recall_at_1": 0.03091,
    "recall_at_3": 0.07818,
    "recall_at_5": 0.11091,
    "recall_at_10": 0.17273,
    "recall_at_20": 0.26545,
    "recall_at_100": 0.56909,
    "recall_at_200": 0.67273,
    "recall_at_300": 0.70545,
    "recall_at_500": 0.75091,
    "recall_at_1000": 0.80909,
    "precision_at_1": 0.30909,
    "precision_at_3": 0.26061,
    "precision_at_5": 0.22182,
    "precision_at_10": 0.17273,
    "precision_at_20": 0.13273,
    "precision_at_100": 0.05691,
    "precision_at_200": 0.03364,
    "precision_at_300": 0.02352,
    "precision_at_500": 0.01502,
    "precision_at_1000": 0.00809,
    "mrr_at_1": 0.30909,
    "mrr_at_3": 0.37576,
    "mrr_at_5": 0.4003,
    "mrr_at_10": 0.42338,
    "mrr_at_20": 0.42832,
    "mrr_at_100": 0.43158,
    "mrr_at_200": 0.43185,
    "mrr_at_300": 0.43185,
    "mrr_at_500": 0.43185,
    "mrr_at_1000": 0.43185,
    "rc_at_1": {
        "relevant": 0.30909,
        "distractor": 0.61818
    },
    "rc_at_3": {
        "relevant": 0.78182,
        "distractor": 1.92727
    },
    "rc_at_5": {
        "relevant": 1.10909,
        "distractor": 3.43636
    },
    "rc_at_10": {
        "relevant": 1.72727,
        "distractor": 6.87273
    },
    "rc_at_20": {
        "relevant": 2.65455,
        "distractor": 13.09091
    },
    "rc_at_100": {
        "relevant": 5.69091,
        "distractor": 42.32727
    },
    "rc_at_200": {
        "relevant": 6.72727,
        "distractor": 52.89091
    },
    "rc_at_300": {
        "relevant": 7.05455,
        "distractor": 58.56364
    },
    "rc_at_500": {
        "relevant": 7.50909,
        "distractor": 63.72727
    },
    "rc_at_1000": {
        "relevant": 8.09091,
        "distractor": 69.90909
    }
}