{
    "ndcg_at_1": 0.10909,
    "ndcg_at_3": 0.08014,
    "ndcg_at_5": 0.08047,
    "ndcg_at_10": 0.06126,
    "ndcg_at_20": 0.08765,
    "ndcg_at_100": 0.13133,
    "ndcg_at_200": 0.15016,
    "ndcg_at_300": 0.16475,
    "ndcg_at_500": 0.18564,
    "ndcg_at_1000": 0.22109,
    "map_at_1": 0.01091,
    "map_at_3": 0.01636,
    "map_at_5": 0.02118,
    "map_at_10": 0.02463,
    "map_at_20": 0.03188,
    "map_at_100": 0.03949,
    "map_at_200": 0.04122,
    "map_at_300": 0.04203,
    "map_at_500": 0.04297,
    "map_at_1000": 0.04417,
    "recall_at_1": 0.01091,
    "recall_at_3": 0.02182,
    "recall_at_5": 0.03818,
    "recall_at_10": 0.05091,
    "recall_at_20": 0.09818,
    "recall_at_100": 0.20727,
    "recall_at_200": 0.26909,
    "recall_at_300": 0.32182,
    "recall_at_500": 0.40364,
    "recall_at_1000": 0.55636,
    "precision_at_1": 0.10909,
    "precision_at_3": 0.07273,
    "precision_at_5": 0.07636,
    "precision_at_10": 0.05091,
    "precision_at_20": 0.04909,
    "precision_at_100": 0.02073,
    "precision_at_200": 0.01345,
    "precision_at_300": 0.01073,
    "precision_at_500": 0.00807,
    "precision_at_1000": 0.00556,
    "mrr_at_1": 0.10909,
    "mrr_at_3": 0.14848,
    "mrr_at_5": 0.16121,
    "mrr_at_10": 0.17586,
    "mrr_at_20": 0.18279,
    "mrr_at_100": 0.19057,
    "mrr_at_200": 0.19071,
    "mrr_at_300": 0.19101,
    "mrr_at_500": 0.19107,
    "mrr_at_1000": 0.19121,
    "rc_at_1": {
        "relevant": 0.10909,
        "distractor": 0.41818
    },
    "rc_at_3": {
        "relevant": 0.23636,
        "distractor": 1.21818
    },
    "rc_at_5": {
        "relevant": 0.32727,
        "distractor": 1.92727
    },
    "rc_at_10": {
        "relevant": 0.56364,
        "distractor": 3.41818
    },
    "rc_at_20": {
        "relevant": 1.0,
        "distractor": 5.65455
    },
    "rc_at_100": {
        "relevant": 2.10909,
        "distractor": 15.50909
    },
    "rc_at_200": {
        "relevant": 2.69091,
        "distractor": 22.45455
    },
    "rc_at_300": {
        "relevant": 3.34545,
        "distractor": 26.8
    },
    "rc_at_500": {
        "relevant": 4.16364,
        "distractor": 34.03636
    },
    "rc_at_1000": {
        "relevant": 5.56364,
        "distractor": 46.47273
    }
}