{
    "ndcg_at_1": 0.01818,
    "ndcg_at_3": 0.00853,
    "ndcg_at_5": 0.01121,
    "ndcg_at_10": 0.00854,
    "ndcg_at_20": 0.00854,
    "ndcg_at_100": 0.012,
    "ndcg_at_200": 0.01306,
    "ndcg_at_300": 0.01306,
    "ndcg_at_500": 0.01354,
    "ndcg_at_1000": 0.01817,
    "map_at_1": 0.00182,
    "map_at_3": 0.00182,
    "map_at_5": 0.00264,
    "map_at_10": 0.00309,
    "map_at_20": 0.00309,
    "map_at_100": 0.00327,
    "map_at_200": 0.0033,
    "map_at_300": 0.0033,
    "map_at_500": 0.00331,
    "map_at_1000": 0.00336,
    "recall_at_1": 0.00182,
    "recall_at_3": 0.00182,
    "recall_at_5": 0.00545,
    "recall_at_10": 0.00727,
    "recall_at_20": 0.00727,
    "recall_at_100": 0.01636,
    "recall_at_200": 0.02,
    "recall_at_300": 0.02,
    "recall_at_500": 0.02182,
    "recall_at_1000": 0.04182,
    "precision_at_1": 0.01818,
    "precision_at_3": 0.00606,
    "precision_at_5": 0.01091,
    "precision_at_10": 0.00727,
    "precision_at_20": 0.00364,
    "precision_at_100": 0.00164,
    "precision_at_200": 0.001,
    "precision_at_300": 0.00067,
    "precision_at_500": 0.00044,
    "precision_at_1000": 0.00042,
    "mrr_at_1": 0.01818,
    "mrr_at_3": 0.01818,
    "mrr_at_5": 0.02727,
    "mrr_at_10": 0.02955,
    "mrr_at_20": 0.03061,
    "mrr_at_100": 0.03207,
    "mrr_at_200": 0.03207,
    "mrr_at_300": 0.03207,
    "mrr_at_500": 0.0322,
    "mrr_at_1000": 0.03227,
    "rc_at_1": {
        "relevant": 0.01818,
        "distractor": 0.05455
    },
    "rc_at_3": {
        "relevant": 0.01818,
        "distractor": 0.09091
    },
    "rc_at_5": {
        "relevant": 0.05455,
        "distractor": 0.10909
    },
    "rc_at_10": {
        "relevant": 0.09091,
        "distractor": 0.16364
    },
    "rc_at_20": {
        "relevant": 0.10909,
        "distractor": 0.29091
    },
    "rc_at_100": {
        "relevant": 0.18182,
        "distractor": 0.72727
    },
    "rc_at_200": {
        "relevant": 0.2,
        "distractor": 0.96364
    },
    "rc_at_300": {
        "relevant": 0.21818,
        "distractor": 1.2
    },
    "rc_at_500": {
        "relevant": 0.29091,
        "distractor": 1.61818
    },
    "rc_at_1000": {
        "relevant": 0.41818,
        "distractor": 1.96364
    }
}