{
    "ndcg_at_1": 0.07273,
    "ndcg_at_3": 0.05455,
    "ndcg_at_5": 0.04181,
    "ndcg_at_10": 0.03598,
    "ndcg_at_20": 0.04507,
    "ndcg_at_100": 0.06229,
    "ndcg_at_200": 0.07359,
    "ndcg_at_300": 0.08164,
    "ndcg_at_500": 0.08906,
    "ndcg_at_1000": 0.09748,
    "map_at_1": 0.00727,
    "map_at_3": 0.01152,
    "map_at_5": 0.01188,
    "map_at_10": 0.01397,
    "map_at_20": 0.0159,
    "map_at_100": 0.01871,
    "map_at_200": 0.01942,
    "map_at_300": 0.01981,
    "map_at_500": 0.02,
    "map_at_1000": 0.02018,
    "recall_at_1": 0.00727,
    "recall_at_3": 0.01455,
    "recall_at_5": 0.01636,
    "recall_at_10": 0.02909,
    "recall_at_20": 0.04545,
    "recall_at_100": 0.08727,
    "recall_at_200": 0.12364,
    "recall_at_300": 0.15273,
    "recall_at_500": 0.18182,
    "recall_at_1000": 0.21818,
    "precision_at_1": 0.07273,
    "precision_at_3": 0.04848,
    "precision_at_5": 0.03273,
    "precision_at_10": 0.02909,
    "precision_at_20": 0.02273,
    "precision_at_100": 0.00873,
    "precision_at_200": 0.00618,
    "precision_at_300": 0.00509,
    "precision_at_500": 0.00364,
    "precision_at_1000": 0.00218,
    "mrr_at_1": 0.09091,
    "mrr_at_3": 0.11818,
    "mrr_at_5": 0.11818,
    "mrr_at_10": 0.13152,
    "mrr_at_20": 0.13457,
    "mrr_at_100": 0.13807,
    "mrr_at_200": 0.13855,
    "mrr_at_300": 0.139,
    "mrr_at_500": 0.13909,
    "mrr_at_1000": 0.13918,
    "rc_at_1": {
        "relevant": 0.09091,
        "distractor": 0.36364
    },
    "rc_at_3": {
        "relevant": 0.18182,
        "distractor": 0.74545
    },
    "rc_at_5": {
        "relevant": 0.2,
        "distractor": 0.98182
    },
    "rc_at_10": {
        "relevant": 0.32727,
        "distractor": 1.6
    },
    "rc_at_20": {
        "relevant": 0.47273,
        "distractor": 2.54545
    },
    "rc_at_100": {
        "relevant": 1.03636,
        "distractor": 6.14545
    },
    "rc_at_200": {
        "relevant": 1.30909,
        "distractor": 8.47273
    },
    "rc_at_300": {
        "relevant": 1.56364,
        "distractor": 9.81818
    },
    "rc_at_500": {
        "relevant": 1.87273,
        "distractor": 12.32727
    },
    "rc_at_1000": {
        "relevant": 2.18182,
        "distractor": 16.61818
    }
}