{
    "ndcg_at_1": 0.40123,
    "ndcg_at_3": 0.36989,
    "ndcg_at_5": 0.37768,
    "ndcg_at_10": 0.40313,
    "ndcg_at_20": 0.42703,
    "ndcg_at_100": 0.46782,
    "ndcg_at_200": 0.47966,
    "ndcg_at_300": 0.48613,
    "ndcg_at_500": 0.49201,
    "ndcg_at_1000": 0.49835,
    "map_at_1": 0.20204,
    "map_at_3": 0.28795,
    "map_at_5": 0.30868,
    "map_at_10": 0.32897,
    "map_at_20": 0.3382,
    "map_at_100": 0.34621,
    "map_at_200": 0.34723,
    "map_at_300": 0.34759,
    "map_at_500": 0.34783,
    "map_at_1000": 0.34799,
    "recall_at_1": 0.20204,
    "recall_at_3": 0.33175,
    "recall_at_5": 0.3844,
    "recall_at_10": 0.46409,
    "recall_at_20": 0.53824,
    "recall_at_100": 0.70589,
    "recall_at_200": 0.76943,
    "recall_at_300": 0.8084,
    "recall_at_500": 0.84523,
    "recall_at_1000": 0.89074,
    "precision_at_1": 0.40123,
    "precision_at_3": 0.24588,
    "precision_at_5": 0.17932,
    "precision_at_10": 0.11281,
    "precision_at_20": 0.06659,
    "precision_at_100": 0.01809,
    "precision_at_200": 0.00992,
    "precision_at_300": 0.00699,
    "precision_at_500": 0.00442,
    "precision_at_1000": 0.00234,
    "mrr_at_1": 0.40123,
    "mrr_at_3": 0.45962,
    "mrr_at_5": 0.47173,
    "mrr_at_10": 0.48059,
    "mrr_at_20": 0.48583,
    "mrr_at_100": 0.48924,
    "mrr_at_200": 0.48953,
    "mrr_at_300": 0.48963,
    "mrr_at_500": 0.48969,
    "mrr_at_1000": 0.48972
}