{
    "ndcg_at_1": 0.33846,
    "ndcg_at_3": 0.30314,
    "ndcg_at_5": 0.28555,
    "ndcg_at_10": 0.24214,
    "ndcg_at_20": 0.29563,
    "ndcg_at_100": 0.47306,
    "ndcg_at_200": 0.52517,
    "ndcg_at_300": 0.53076,
    "ndcg_at_500": 0.53434,
    "ndcg_at_1000": 0.53649,
    "map_at_1": 0.03385,
    "map_at_3": 0.0741,
    "map_at_5": 0.10049,
    "map_at_10": 0.13721,
    "map_at_20": 0.16222,
    "map_at_100": 0.21373,
    "map_at_200": 0.22462,
    "map_at_300": 0.22535,
    "map_at_500": 0.22568,
    "map_at_1000": 0.2258,
    "recall_at_1": 0.03385,
    "recall_at_3": 0.08769,
    "recall_at_5": 0.13538,
    "recall_at_10": 0.21538,
    "recall_at_20": 0.31231,
    "recall_at_100": 0.77538,
    "recall_at_200": 0.94,
    "recall_at_300": 0.96,
    "recall_at_500": 0.97385,
    "recall_at_1000": 0.98308,
    "precision_at_1": 0.33846,
    "precision_at_3": 0.29231,
    "precision_at_5": 0.27077,
    "precision_at_10": 0.21538,
    "precision_at_20": 0.15615,
    "precision_at_100": 0.07754,
    "precision_at_200": 0.047,
    "precision_at_300": 0.032,
    "precision_at_500": 0.01948,
    "precision_at_1000": 0.00983,
    "mrr_at_1": 0.33846,
    "mrr_at_3": 0.41795,
    "mrr_at_5": 0.44641,
    "mrr_at_10": 0.46162,
    "mrr_at_20": 0.47083,
    "mrr_at_100": 0.47426,
    "mrr_at_200": 0.47426,
    "mrr_at_300": 0.47426,
    "mrr_at_500": 0.47426,
    "mrr_at_1000": 0.47426,
    "rc_at_1": {
        "relevant": 0.33846,
        "distractor": 0.66154
    },
    "rc_at_3": {
        "relevant": 0.87692,
        "distractor": 2.12308
    },
    "rc_at_5": {
        "relevant": 1.35385,
        "distractor": 3.61538
    },
    "rc_at_10": {
        "relevant": 2.15385,
        "distractor": 7.73846
    },
    "rc_at_20": {
        "relevant": 3.12308,
        "distractor": 16.66154
    },
    "rc_at_100": {
        "relevant": 7.75385,
        "distractor": 83.09231
    },
    "rc_at_200": {
        "relevant": 9.4,
        "distractor": 94.78462
    },
    "rc_at_300": {
        "relevant": 9.6,
        "distractor": 96.06154
    },
    "rc_at_500": {
        "relevant": 9.73846,
        "distractor": 96.96923
    },
    "rc_at_1000": {
        "relevant": 9.83077,
        "distractor": 97.98462
    }
}