{
    "ndcg_at_1": 0.26935,
    "ndcg_at_3": 0.22942,
    "ndcg_at_5": 0.21341,
    "ndcg_at_10": 0.19566,
    "ndcg_at_20": 0.17901,
    "ndcg_at_100": 0.18605,
    "ndcg_at_200": 0.20365,
    "ndcg_at_300": 0.21739,
    "ndcg_at_500": 0.2426,
    "ndcg_at_1000": 0.28558,
    "map_at_1": 0.02628,
    "map_at_3": 0.04281,
    "map_at_5": 0.04993,
    "map_at_10": 0.06082,
    "map_at_20": 0.06626,
    "map_at_100": 0.07602,
    "map_at_200": 0.07921,
    "map_at_300": 0.08098,
    "map_at_500": 0.08337,
    "map_at_1000": 0.0867,
    "recall_at_1": 0.02628,
    "recall_at_3": 0.0508,
    "recall_at_5": 0.06556,
    "recall_at_10": 0.09729,
    "recall_at_20": 0.11932,
    "recall_at_100": 0.20837,
    "recall_at_200": 0.26594,
    "recall_at_300": 0.30989,
    "recall_at_500": 0.39619,
    "recall_at_1000": 0.54523,
    "precision_at_1": 0.28173,
    "precision_at_3": 0.21053,
    "precision_at_5": 0.18514,
    "precision_at_10": 0.14675,
    "precision_at_20": 0.10387,
    "precision_at_100": 0.04833,
    "precision_at_200": 0.03517,
    "precision_at_300": 0.02927,
    "precision_at_500": 0.02379,
    "precision_at_1000": 0.01796,
    "mrr_at_1": 0.28173,
    "mrr_at_3": 0.33746,
    "mrr_at_5": 0.35186,
    "mrr_at_10": 0.35901,
    "mrr_at_20": 0.36539,
    "mrr_at_100": 0.36971,
    "mrr_at_200": 0.37008,
    "mrr_at_300": 0.37021,
    "mrr_at_500": 0.37034,
    "mrr_at_1000": 0.37039
}