{
    "ndcg_at_1": 0.0199,
    "ndcg_at_3": 0.0272,
    "ndcg_at_5": 0.0302,
    "ndcg_at_10": 0.0392,
    "ndcg_at_20": 0.04827,
    "ndcg_at_100": 0.07038,
    "ndcg_at_200": 0.08205,
    "ndcg_at_300": 0.08787,
    "ndcg_at_500": 0.09869,
    "ndcg_at_1000": 0.11155,
    "map_at_1": 0.01399,
    "map_at_3": 0.02168,
    "map_at_5": 0.02352,
    "map_at_10": 0.0271,
    "map_at_20": 0.02957,
    "map_at_100": 0.03247,
    "map_at_200": 0.03308,
    "map_at_300": 0.03328,
    "map_at_500": 0.03354,
    "map_at_1000": 0.03373,
    "recall_at_1": 0.01399,
    "recall_at_3": 0.03201,
    "recall_at_5": 0.04008,
    "recall_at_10": 0.06697,
    "recall_at_20": 0.09988,
    "recall_at_100": 0.21352,
    "recall_at_200": 0.29111,
    "recall_at_300": 0.33188,
    "recall_at_500": 0.41786,
    "recall_at_1000": 0.52845,
    "precision_at_1": 0.0199,
    "precision_at_3": 0.01493,
    "precision_at_5": 0.01144,
    "precision_at_10": 0.00958,
    "precision_at_20": 0.00703,
    "precision_at_100": 0.00299,
    "precision_at_200": 0.00205,
    "precision_at_300": 0.0016,
    "precision_at_500": 0.00121,
    "precision_at_1000": 0.00078,
    "mrr_at_1": 0.0199,
    "mrr_at_3": 0.03047,
    "mrr_at_5": 0.03327,
    "mrr_at_10": 0.03804,
    "mrr_at_20": 0.04108,
    "mrr_at_100": 0.04394,
    "mrr_at_200": 0.04456,
    "mrr_at_300": 0.04477,
    "mrr_at_500": 0.04499,
    "mrr_at_1000": 0.04514
}