{
    "ndcg_at_1": 0.38462,
    "ndcg_at_3": 0.30486,
    "ndcg_at_5": 0.27803,
    "ndcg_at_10": 0.23661,
    "ndcg_at_20": 0.28732,
    "ndcg_at_100": 0.39801,
    "ndcg_at_200": 0.43294,
    "ndcg_at_300": 0.44568,
    "ndcg_at_500": 0.45555,
    "ndcg_at_1000": 0.46922,
    "map_at_1": 0.03846,
    "map_at_3": 0.07333,
    "map_at_5": 0.0951,
    "map_at_10": 0.13188,
    "map_at_20": 0.15375,
    "map_at_100": 0.18415,
    "map_at_200": 0.19007,
    "map_at_300": 0.19152,
    "map_at_500": 0.19234,
    "map_at_1000": 0.19296,
    "recall_at_1": 0.03846,
    "recall_at_3": 0.08462,
    "recall_at_5": 0.12615,
    "recall_at_10": 0.20462,
    "recall_at_20": 0.29538,
    "recall_at_100": 0.58,
    "recall_at_200": 0.69231,
    "recall_at_300": 0.73846,
    "recall_at_500": 0.77692,
    "recall_at_1000": 0.83538,
    "precision_at_1": 0.38462,
    "precision_at_3": 0.28205,
    "precision_at_5": 0.25231,
    "precision_at_10": 0.20462,
    "precision_at_20": 0.14769,
    "precision_at_100": 0.058,
    "precision_at_200": 0.03462,
    "precision_at_300": 0.02462,
    "precision_at_500": 0.01554,
    "precision_at_1000": 0.00835,
    "mrr_at_1": 0.38462,
    "mrr_at_3": 0.45641,
    "mrr_at_5": 0.47872,
    "mrr_at_10": 0.49817,
    "mrr_at_20": 0.50689,
    "mrr_at_100": 0.5091,
    "mrr_at_200": 0.50919,
    "mrr_at_300": 0.50919,
    "mrr_at_500": 0.50919,
    "mrr_at_1000": 0.50919,
    "rc_at_1": {
        "relevant": 0.38462,
        "distractor": 0.6
    },
    "rc_at_3": {
        "relevant": 0.84615,
        "distractor": 2.07692
    },
    "rc_at_5": {
        "relevant": 1.26154,
        "distractor": 3.50769
    },
    "rc_at_10": {
        "relevant": 2.04615,
        "distractor": 7.4
    },
    "rc_at_20": {
        "relevant": 2.95385,
        "distractor": 14.98462
    },
    "rc_at_100": {
        "relevant": 5.8,
        "distractor": 55.95385
    },
    "rc_at_200": {
        "relevant": 6.92308,
        "distractor": 68.43077
    },
    "rc_at_300": {
        "relevant": 7.38462,
        "distractor": 73.38462
    },
    "rc_at_500": {
        "relevant": 7.76923,
        "distractor": 79.06154
    },
    "rc_at_1000": {
        "relevant": 8.35385,
        "distractor": 84.64615
    }
}