{
    "ndcg_at_1": 0.38462,
    "ndcg_at_3": 0.3058,
    "ndcg_at_5": 0.28523,
    "ndcg_at_10": 0.2436,
    "ndcg_at_20": 0.29688,
    "ndcg_at_100": 0.47868,
    "ndcg_at_200": 0.52764,
    "ndcg_at_300": 0.53446,
    "ndcg_at_500": 0.53882,
    "ndcg_at_1000": 0.54057,
    "map_at_1": 0.03846,
    "map_at_3": 0.07385,
    "map_at_5": 0.098,
    "map_at_10": 0.13695,
    "map_at_20": 0.16029,
    "map_at_100": 0.21387,
    "map_at_200": 0.22404,
    "map_at_300": 0.22487,
    "map_at_500": 0.22528,
    "map_at_1000": 0.22537,
    "recall_at_1": 0.03846,
    "recall_at_3": 0.08462,
    "recall_at_5": 0.13077,
    "recall_at_10": 0.21231,
    "recall_at_20": 0.30769,
    "recall_at_100": 0.78154,
    "recall_at_200": 0.93692,
    "recall_at_300": 0.96154,
    "recall_at_500": 0.97846,
    "recall_at_1000": 0.98615,
    "precision_at_1": 0.38462,
    "precision_at_3": 0.28205,
    "precision_at_5": 0.26154,
    "precision_at_10": 0.21231,
    "precision_at_20": 0.15385,
    "precision_at_100": 0.07815,
    "precision_at_200": 0.04685,
    "precision_at_300": 0.03205,
    "precision_at_500": 0.01957,
    "precision_at_1000": 0.00986,
    "mrr_at_1": 0.38462,
    "mrr_at_3": 0.45641,
    "mrr_at_5": 0.47949,
    "mrr_at_10": 0.49931,
    "mrr_at_20": 0.50952,
    "mrr_at_100": 0.51161,
    "mrr_at_200": 0.51161,
    "mrr_at_300": 0.51161,
    "mrr_at_500": 0.51161,
    "mrr_at_1000": 0.51161,
    "rc_at_1": {
        "relevant": 0.38462,
        "distractor": 0.61538
    },
    "rc_at_3": {
        "relevant": 0.84615,
        "distractor": 2.15385
    },
    "rc_at_5": {
        "relevant": 1.30769,
        "distractor": 3.69231
    },
    "rc_at_10": {
        "relevant": 2.12308,
        "distractor": 7.81538
    },
    "rc_at_20": {
        "relevant": 3.07692,
        "distractor": 16.72308
    },
    "rc_at_100": {
        "relevant": 7.81538,
        "distractor": 82.63077
    },
    "rc_at_200": {
        "relevant": 9.36923,
        "distractor": 94.04615
    },
    "rc_at_300": {
        "relevant": 9.61538,
        "distractor": 95.47692
    },
    "rc_at_500": {
        "relevant": 9.78462,
        "distractor": 96.52308
    },
    "rc_at_1000": {
        "relevant": 9.86154,
        "distractor": 97.84615
    }
}