{
    "ndcg_at_1": 0.17625,
    "ndcg_at_3": 0.15309,
    "ndcg_at_5": 0.14259,
    "ndcg_at_10": 0.13286,
    "ndcg_at_20": 0.13091,
    "ndcg_at_100": 0.15333,
    "ndcg_at_200": 0.16723,
    "ndcg_at_300": 0.17581,
    "ndcg_at_500": 0.18668,
    "ndcg_at_1000": 0.2038,
    "map_at_1": 0.02335,
    "map_at_3": 0.03604,
    "map_at_5": 0.04112,
    "map_at_10": 0.04614,
    "map_at_20": 0.05143,
    "map_at_100": 0.05962,
    "map_at_200": 0.06183,
    "map_at_300": 0.06274,
    "map_at_500": 0.06369,
    "map_at_1000": 0.06473,
    "recall_at_1": 0.02335,
    "recall_at_3": 0.04513,
    "recall_at_5": 0.05905,
    "recall_at_10": 0.07436,
    "recall_at_20": 0.09974,
    "recall_at_100": 0.18401,
    "recall_at_200": 0.22155,
    "recall_at_300": 0.24898,
    "recall_at_500": 0.28392,
    "recall_at_1000": 0.34908,
    "precision_at_1": 0.235,
    "precision_at_3": 0.1725,
    "precision_at_5": 0.1415,
    "precision_at_10": 0.10675,
    "precision_at_20": 0.08075,
    "precision_at_100": 0.0369,
    "precision_at_200": 0.0249,
    "precision_at_300": 0.01969,
    "precision_at_500": 0.01436,
    "precision_at_1000": 0.00937,
    "mrr_at_1": 0.235,
    "mrr_at_3": 0.29792,
    "mrr_at_5": 0.31417,
    "mrr_at_10": 0.32414,
    "mrr_at_20": 0.32938,
    "mrr_at_100": 0.33361,
    "mrr_at_200": 0.33382,
    "mrr_at_300": 0.33398,
    "mrr_at_500": 0.33403,
    "mrr_at_1000": 0.33407
}