{
    "ndcg_at_1": 0.01493,
    "ndcg_at_3": 0.01998,
    "ndcg_at_5": 0.0248,
    "ndcg_at_10": 0.03036,
    "ndcg_at_20": 0.03616,
    "ndcg_at_100": 0.05399,
    "ndcg_at_200": 0.06736,
    "ndcg_at_300": 0.07241,
    "ndcg_at_500": 0.07908,
    "ndcg_at_1000": 0.092,
    "map_at_1": 0.01124,
    "map_at_3": 0.01653,
    "map_at_5": 0.01926,
    "map_at_10": 0.02137,
    "map_at_20": 0.0229,
    "map_at_100": 0.02506,
    "map_at_200": 0.02577,
    "map_at_300": 0.02594,
    "map_at_500": 0.0261,
    "map_at_1000": 0.02629,
    "recall_at_1": 0.01124,
    "recall_at_3": 0.02361,
    "recall_at_5": 0.03543,
    "recall_at_10": 0.0514,
    "recall_at_20": 0.07288,
    "recall_at_100": 0.16495,
    "recall_at_200": 0.25406,
    "recall_at_300": 0.29122,
    "recall_at_500": 0.34245,
    "recall_at_1000": 0.45346,
    "precision_at_1": 0.01493,
    "precision_at_3": 0.01036,
    "precision_at_5": 0.00945,
    "precision_at_10": 0.00721,
    "precision_at_20": 0.0051,
    "precision_at_100": 0.00236,
    "precision_at_200": 0.0018,
    "precision_at_300": 0.00138,
    "precision_at_500": 0.001,
    "precision_at_1000": 0.00067,
    "mrr_at_1": 0.01493,
    "mrr_at_3": 0.02135,
    "mrr_at_5": 0.02502,
    "mrr_at_10": 0.02827,
    "mrr_at_20": 0.03017,
    "mrr_at_100": 0.03274,
    "mrr_at_200": 0.03343,
    "mrr_at_300": 0.0336,
    "mrr_at_500": 0.03375,
    "mrr_at_1000": 0.03393
}