{
    "ndcg_at_1": 0.33846,
    "ndcg_at_3": 0.30314,
    "ndcg_at_5": 0.28151,
    "ndcg_at_10": 0.24293,
    "ndcg_at_20": 0.29449,
    "ndcg_at_100": 0.44015,
    "ndcg_at_200": 0.48965,
    "ndcg_at_300": 0.50157,
    "ndcg_at_500": 0.50705,
    "ndcg_at_1000": 0.51449,
    "map_at_1": 0.03385,
    "map_at_3": 0.0741,
    "map_at_5": 0.09895,
    "map_at_10": 0.13737,
    "map_at_20": 0.16112,
    "map_at_100": 0.2036,
    "map_at_200": 0.21337,
    "map_at_300": 0.21469,
    "map_at_500": 0.2151,
    "map_at_1000": 0.21545,
    "recall_at_1": 0.03385,
    "recall_at_3": 0.08769,
    "recall_at_5": 0.13231,
    "recall_at_10": 0.21692,
    "recall_at_20": 0.31077,
    "recall_at_100": 0.68462,
    "recall_at_200": 0.84308,
    "recall_at_300": 0.88615,
    "recall_at_500": 0.90769,
    "recall_at_1000": 0.94,
    "precision_at_1": 0.33846,
    "precision_at_3": 0.29231,
    "precision_at_5": 0.26462,
    "precision_at_10": 0.21692,
    "precision_at_20": 0.15538,
    "precision_at_100": 0.06846,
    "precision_at_200": 0.04215,
    "precision_at_300": 0.02954,
    "precision_at_500": 0.01815,
    "precision_at_1000": 0.0094,
    "mrr_at_1": 0.33846,
    "mrr_at_3": 0.41795,
    "mrr_at_5": 0.44641,
    "mrr_at_10": 0.46198,
    "mrr_at_20": 0.47109,
    "mrr_at_100": 0.47444,
    "mrr_at_200": 0.47444,
    "mrr_at_300": 0.47444,
    "mrr_at_500": 0.47444,
    "mrr_at_1000": 0.47444,
    "rc_at_1": {
        "relevant": 0.33846,
        "distractor": 0.66154
    },
    "rc_at_3": {
        "relevant": 0.87692,
        "distractor": 2.10769
    },
    "rc_at_5": {
        "relevant": 1.32308,
        "distractor": 3.61538
    },
    "rc_at_10": {
        "relevant": 2.16923,
        "distractor": 7.63077
    },
    "rc_at_20": {
        "relevant": 3.10769,
        "distractor": 16.23077
    },
    "rc_at_100": {
        "relevant": 6.84615,
        "distractor": 72.84615
    },
    "rc_at_200": {
        "relevant": 8.43077,
        "distractor": 86.06154
    },
    "rc_at_300": {
        "relevant": 8.86154,
        "distractor": 89.46154
    },
    "rc_at_500": {
        "relevant": 9.07692,
        "distractor": 92.12308
    },
    "rc_at_1000": {
        "relevant": 9.4,
        "distractor": 94.76923
    }
}