{
    "ndcg_at_1": 0.33846,
    "ndcg_at_3": 0.29497,
    "ndcg_at_5": 0.27111,
    "ndcg_at_10": 0.23501,
    "ndcg_at_20": 0.2817,
    "ndcg_at_100": 0.39529,
    "ndcg_at_200": 0.42677,
    "ndcg_at_300": 0.43955,
    "ndcg_at_500": 0.45175,
    "ndcg_at_1000": 0.46501,
    "map_at_1": 0.03385,
    "map_at_3": 0.07231,
    "map_at_5": 0.09462,
    "map_at_10": 0.13085,
    "map_at_20": 0.15214,
    "map_at_100": 0.18492,
    "map_at_200": 0.19001,
    "map_at_300": 0.19137,
    "map_at_500": 0.19235,
    "map_at_1000": 0.19303,
    "recall_at_1": 0.03385,
    "recall_at_3": 0.08462,
    "recall_at_5": 0.12615,
    "recall_at_10": 0.20923,
    "recall_at_20": 0.29385,
    "recall_at_100": 0.58154,
    "recall_at_200": 0.68308,
    "recall_at_300": 0.72923,
    "recall_at_500": 0.77692,
    "recall_at_1000": 0.83385,
    "precision_at_1": 0.33846,
    "precision_at_3": 0.28205,
    "precision_at_5": 0.25231,
    "precision_at_10": 0.20923,
    "precision_at_20": 0.14692,
    "precision_at_100": 0.05815,
    "precision_at_200": 0.03415,
    "precision_at_300": 0.02431,
    "precision_at_500": 0.01554,
    "precision_at_1000": 0.00834,
    "mrr_at_1": 0.33846,
    "mrr_at_3": 0.41026,
    "mrr_at_5": 0.43872,
    "mrr_at_10": 0.45664,
    "mrr_at_20": 0.46531,
    "mrr_at_100": 0.46831,
    "mrr_at_200": 0.46831,
    "mrr_at_300": 0.46837,
    "mrr_at_500": 0.46837,
    "mrr_at_1000": 0.46837,
    "rc_at_1": {
        "relevant": 0.33846,
        "distractor": 0.64615
    },
    "rc_at_3": {
        "relevant": 0.84615,
        "distractor": 2.09231
    },
    "rc_at_5": {
        "relevant": 1.26154,
        "distractor": 3.55385
    },
    "rc_at_10": {
        "relevant": 2.09231,
        "distractor": 7.33846
    },
    "rc_at_20": {
        "relevant": 2.93846,
        "distractor": 15.23077
    },
    "rc_at_100": {
        "relevant": 5.81538,
        "distractor": 57.35385
    },
    "rc_at_200": {
        "relevant": 6.83077,
        "distractor": 69.61538
    },
    "rc_at_300": {
        "relevant": 7.29231,
        "distractor": 74.72308
    },
    "rc_at_500": {
        "relevant": 7.76923,
        "distractor": 80.09231
    },
    "rc_at_1000": {
        "relevant": 8.33846,
        "distractor": 85.10769
    }
}