{
    "ndcg_at_1": 0.28825,
    "ndcg_at_3": 0.3383,
    "ndcg_at_5": 0.36272,
    "ndcg_at_10": 0.39185,
    "ndcg_at_20": 0.41707,
    "ndcg_at_100": 0.44955,
    "ndcg_at_200": 0.45941,
    "ndcg_at_300": 0.46359,
    "ndcg_at_500": 0.46933,
    "ndcg_at_1000": 0.47458,
    "map_at_1": 0.24718,
    "map_at_3": 0.30658,
    "map_at_5": 0.32283,
    "map_at_10": 0.33633,
    "map_at_20": 0.34418,
    "map_at_100": 0.34942,
    "map_at_200": 0.3501,
    "map_at_300": 0.35028,
    "map_at_500": 0.35046,
    "map_at_1000": 0.35056,
    "recall_at_1": 0.24718,
    "recall_at_3": 0.37509,
    "recall_at_5": 0.43469,
    "recall_at_10": 0.52151,
    "recall_at_20": 0.61288,
    "recall_at_100": 0.76938,
    "recall_at_200": 0.8294,
    "recall_at_300": 0.85802,
    "recall_at_500": 0.90085,
    "recall_at_1000": 0.94344,
    "precision_at_1": 0.28825,
    "precision_at_3": 0.15299,
    "precision_at_5": 0.11138,
    "precision_at_10": 0.06856,
    "precision_at_20": 0.04142,
    "precision_at_100": 0.01091,
    "precision_at_200": 0.00606,
    "precision_at_300": 0.00422,
    "precision_at_500": 0.00269,
    "precision_at_1000": 0.00143,
    "mrr_at_1": 0.28825,
    "mrr_at_3": 0.34966,
    "mrr_at_5": 0.36468,
    "mrr_at_10": 0.37579,
    "mrr_at_20": 0.3818,
    "mrr_at_100": 0.38556,
    "mrr_at_200": 0.38593,
    "mrr_at_300": 0.38603,
    "mrr_at_500": 0.38612,
    "mrr_at_1000": 0.38617
}