{
    "ndcg_at_1": 0.16104,
    "ndcg_at_3": 0.20035,
    "ndcg_at_5": 0.21539,
    "ndcg_at_10": 0.23323,
    "ndcg_at_20": 0.25087,
    "ndcg_at_100": 0.28162,
    "ndcg_at_200": 0.29372,
    "ndcg_at_300": 0.29986,
    "ndcg_at_500": 0.30602,
    "ndcg_at_1000": 0.31421,
    "map_at_1": 0.13905,
    "map_at_3": 0.181,
    "map_at_5": 0.19018,
    "map_at_10": 0.19817,
    "map_at_20": 0.20346,
    "map_at_100": 0.20795,
    "map_at_200": 0.20865,
    "map_at_300": 0.20887,
    "map_at_500": 0.20903,
    "map_at_1000": 0.20916,
    "recall_at_1": 0.13905,
    "recall_at_3": 0.23053,
    "recall_at_5": 0.26675,
    "recall_at_10": 0.31862,
    "recall_at_20": 0.38292,
    "recall_at_100": 0.53807,
    "recall_at_200": 0.61739,
    "recall_at_300": 0.66307,
    "recall_at_500": 0.71182,
    "recall_at_1000": 0.78364,
    "precision_at_1": 0.16104,
    "precision_at_3": 0.08998,
    "precision_at_5": 0.06411,
    "precision_at_10": 0.03957,
    "precision_at_20": 0.024,
    "precision_at_100": 0.00696,
    "precision_at_200": 0.00406,
    "precision_at_300": 0.00291,
    "precision_at_500": 0.0019,
    "precision_at_1000": 0.00106,
    "mrr_at_1": 0.16104,
    "mrr_at_3": 0.20373,
    "mrr_at_5": 0.21232,
    "mrr_at_10": 0.21991,
    "mrr_at_20": 0.22495,
    "mrr_at_100": 0.22905,
    "mrr_at_200": 0.22966,
    "mrr_at_300": 0.22983,
    "mrr_at_500": 0.22994,
    "mrr_at_1000": 0.23003
}