{
    "ndcg_at_1": 0.114,
    "ndcg_at_3": 0.0932,
    "ndcg_at_5": 0.08223,
    "ndcg_at_10": 0.10148,
    "ndcg_at_20": 0.11954,
    "ndcg_at_100": 0.15896,
    "ndcg_at_200": 0.17698,
    "ndcg_at_300": 0.18677,
    "ndcg_at_500": 0.19845,
    "ndcg_at_1000": 0.21426,
    "map_at_1": 0.02295,
    "map_at_3": 0.03902,
    "map_at_5": 0.04569,
    "map_at_10": 0.05302,
    "map_at_20": 0.05862,
    "map_at_100": 0.06488,
    "map_at_200": 0.06618,
    "map_at_300": 0.06669,
    "map_at_500": 0.0671,
    "map_at_1000": 0.06749,
    "recall_at_1": 0.02295,
    "recall_at_3": 0.05285,
    "recall_at_5": 0.07395,
    "recall_at_10": 0.1091,
    "recall_at_20": 0.15167,
    "recall_at_100": 0.28077,
    "recall_at_200": 0.35748,
    "recall_at_300": 0.4036,
    "recall_at_500": 0.46313,
    "recall_at_1000": 0.5519,
    "precision_at_1": 0.114,
    "precision_at_3": 0.08733,
    "precision_at_5": 0.0732,
    "precision_at_10": 0.0539,
    "precision_at_20": 0.0374,
    "precision_at_100": 0.01384,
    "precision_at_200": 0.0088,
    "precision_at_300": 0.00663,
    "precision_at_500": 0.00456,
    "precision_at_1000": 0.00272,
    "mrr_at_1": 0.114,
    "mrr_at_3": 0.161,
    "mrr_at_5": 0.17705,
    "mrr_at_10": 0.18999,
    "mrr_at_20": 0.19543,
    "mrr_at_100": 0.20063,
    "mrr_at_200": 0.20139,
    "mrr_at_300": 0.20158,
    "mrr_at_500": 0.20172,
    "mrr_at_1000": 0.20179
}