{
    "ndcg_at_1": 0.2,
    "ndcg_at_3": 0.13924,
    "ndcg_at_5": 0.1132,
    "ndcg_at_10": 0.10266,
    "ndcg_at_20": 0.12385,
    "ndcg_at_100": 0.18813,
    "ndcg_at_200": 0.21052,
    "ndcg_at_300": 0.22751,
    "ndcg_at_500": 0.24391,
    "ndcg_at_1000": 0.26578,
    "map_at_1": 0.02,
    "map_at_3": 0.03179,
    "map_at_5": 0.03495,
    "map_at_10": 0.04326,
    "map_at_20": 0.04831,
    "map_at_100": 0.06142,
    "map_at_200": 0.06387,
    "map_at_300": 0.06522,
    "map_at_500": 0.06604,
    "map_at_1000": 0.0668,
    "recall_at_1": 0.02,
    "recall_at_3": 0.03692,
    "recall_at_5": 0.04615,
    "recall_at_10": 0.08769,
    "recall_at_20": 0.12769,
    "recall_at_100": 0.29077,
    "recall_at_200": 0.36308,
    "recall_at_300": 0.42462,
    "recall_at_500": 0.48923,
    "recall_at_1000": 0.58308,
    "precision_at_1": 0.2,
    "precision_at_3": 0.12308,
    "precision_at_5": 0.09231,
    "precision_at_10": 0.08769,
    "precision_at_20": 0.06385,
    "precision_at_100": 0.02908,
    "precision_at_200": 0.01815,
    "precision_at_300": 0.01415,
    "precision_at_500": 0.00978,
    "precision_at_1000": 0.00583,
    "mrr_at_1": 0.2,
    "mrr_at_3": 0.22564,
    "mrr_at_5": 0.23487,
    "mrr_at_10": 0.26876,
    "mrr_at_20": 0.27665,
    "mrr_at_100": 0.28005,
    "mrr_at_200": 0.28056,
    "mrr_at_300": 0.28068,
    "mrr_at_500": 0.28083,
    "mrr_at_1000": 0.28083,
    "rc_at_1": {
        "relevant": 0.2,
        "distractor": 0.55385
    },
    "rc_at_3": {
        "relevant": 0.36923,
        "distractor": 1.67692
    },
    "rc_at_5": {
        "relevant": 0.44615,
        "distractor": 2.72308
    },
    "rc_at_10": {
        "relevant": 0.87692,
        "distractor": 5.18462
    },
    "rc_at_20": {
        "relevant": 1.27692,
        "distractor": 9.35385
    },
    "rc_at_100": {
        "relevant": 2.90769,
        "distractor": 26.69231
    },
    "rc_at_200": {
        "relevant": 3.63077,
        "distractor": 34.64615
    },
    "rc_at_300": {
        "relevant": 4.24615,
        "distractor": 39.63077
    },
    "rc_at_500": {
        "relevant": 4.89231,
        "distractor": 45.26154
    },
    "rc_at_1000": {
        "relevant": 5.83077,
        "distractor": 54.32308
    }
}