{
    "ndcg_at_1": 0.23077,
    "ndcg_at_3": 0.17456,
    "ndcg_at_5": 0.14749,
    "ndcg_at_10": 0.13064,
    "ndcg_at_20": 0.17175,
    "ndcg_at_100": 0.3038,
    "ndcg_at_200": 0.34925,
    "ndcg_at_300": 0.3642,
    "ndcg_at_500": 0.38037,
    "ndcg_at_1000": 0.39394,
    "map_at_1": 0.02308,
    "map_at_3": 0.03897,
    "map_at_5": 0.04459,
    "map_at_10": 0.05632,
    "map_at_20": 0.06949,
    "map_at_100": 0.10132,
    "map_at_200": 0.10836,
    "map_at_300": 0.10976,
    "map_at_500": 0.11094,
    "map_at_1000": 0.1116,
    "recall_at_1": 0.02308,
    "recall_at_3": 0.04769,
    "recall_at_5": 0.06308,
    "recall_at_10": 0.11231,
    "recall_at_20": 0.18923,
    "recall_at_100": 0.52615,
    "recall_at_200": 0.67231,
    "recall_at_300": 0.72615,
    "recall_at_500": 0.78923,
    "recall_at_1000": 0.84769,
    "precision_at_1": 0.23077,
    "precision_at_3": 0.15897,
    "precision_at_5": 0.12615,
    "precision_at_10": 0.11231,
    "precision_at_20": 0.09462,
    "precision_at_100": 0.05262,
    "precision_at_200": 0.03362,
    "precision_at_300": 0.02421,
    "precision_at_500": 0.01578,
    "precision_at_1000": 0.00848,
    "mrr_at_1": 0.23077,
    "mrr_at_3": 0.28718,
    "mrr_at_5": 0.30333,
    "mrr_at_10": 0.33353,
    "mrr_at_20": 0.34125,
    "mrr_at_100": 0.34585,
    "mrr_at_200": 0.34611,
    "mrr_at_300": 0.34611,
    "mrr_at_500": 0.34611,
    "mrr_at_1000": 0.34611,
    "rc_at_1": {
        "relevant": 0.23077,
        "distractor": 0.72308
    },
    "rc_at_3": {
        "relevant": 0.49231,
        "distractor": 2.24615
    },
    "rc_at_5": {
        "relevant": 0.63077,
        "distractor": 3.89231
    },
    "rc_at_10": {
        "relevant": 1.12308,
        "distractor": 7.66154
    },
    "rc_at_20": {
        "relevant": 1.87692,
        "distractor": 14.73846
    },
    "rc_at_100": {
        "relevant": 5.26154,
        "distractor": 50.27692
    },
    "rc_at_200": {
        "relevant": 6.72308,
        "distractor": 64.04615
    },
    "rc_at_300": {
        "relevant": 7.26154,
        "distractor": 70.50769
    },
    "rc_at_500": {
        "relevant": 7.89231,
        "distractor": 77.4
    },
    "rc_at_1000": {
        "relevant": 8.47692,
        "distractor": 85.67692
    }
}