{
    "ndcg_at_1": 0.25198,
    "ndcg_at_3": 0.31416,
    "ndcg_at_5": 0.34107,
    "ndcg_at_10": 0.37044,
    "ndcg_at_20": 0.39183,
    "ndcg_at_100": 0.42305,
    "ndcg_at_200": 0.43235,
    "ndcg_at_300": 0.43714,
    "ndcg_at_500": 0.4418,
    "ndcg_at_1000": 0.44599,
    "map_at_1": 0.23513,
    "map_at_3": 0.2914,
    "map_at_5": 0.30725,
    "map_at_10": 0.32006,
    "map_at_20": 0.326,
    "map_at_100": 0.3308,
    "map_at_200": 0.33135,
    "map_at_300": 0.33152,
    "map_at_500": 0.33165,
    "map_at_1000": 0.33172,
    "recall_at_1": 0.23513,
    "recall_at_3": 0.35863,
    "recall_at_5": 0.42341,
    "recall_at_10": 0.50952,
    "recall_at_20": 0.59187,
    "recall_at_100": 0.7484,
    "recall_at_200": 0.81067,
    "recall_at_300": 0.84647,
    "recall_at_500": 0.88404,
    "recall_at_1000": 0.92069,
    "precision_at_1": 0.25198,
    "precision_at_3": 0.13409,
    "precision_at_5": 0.09559,
    "precision_at_10": 0.05876,
    "precision_at_20": 0.03424,
    "precision_at_100": 0.00899,
    "precision_at_200": 0.00489,
    "precision_at_300": 0.00342,
    "precision_at_500": 0.00215,
    "precision_at_1000": 0.00113,
    "mrr_at_1": 0.25198,
    "mrr_at_3": 0.30904,
    "mrr_at_5": 0.32475,
    "mrr_at_10": 0.33675,
    "mrr_at_20": 0.34258,
    "mrr_at_100": 0.34639,
    "mrr_at_200": 0.34683,
    "mrr_at_300": 0.34699,
    "mrr_at_500": 0.34708,
    "mrr_at_1000": 0.34712
}