{
    "ndcg_at_1": 0.8205,
    "ndcg_at_3": 0.86332,
    "ndcg_at_5": 0.87809,
    "ndcg_at_10": 0.89044,
    "ndcg_at_20": 0.89672,
    "ndcg_at_100": 0.90152,
    "ndcg_at_200": 0.90201,
    "ndcg_at_300": 0.90214,
    "ndcg_at_500": 0.90221,
    "ndcg_at_1000": 0.90224,
    "map_at_1": 0.71139,
    "map_at_3": 0.82429,
    "map_at_5": 0.84262,
    "map_at_10": 0.85338,
    "map_at_20": 0.85754,
    "map_at_100": 0.85967,
    "map_at_200": 0.85977,
    "map_at_300": 0.85979,
    "map_at_500": 0.8598,
    "map_at_1000": 0.8598,
    "recall_at_1": 0.71139,
    "recall_at_3": 0.88272,
    "recall_at_5": 0.92483,
    "recall_at_10": 0.96084,
    "recall_at_20": 0.9806,
    "recall_at_100": 0.99701,
    "recall_at_200": 0.99892,
    "recall_at_300": 0.99943,
    "recall_at_500": 0.99973,
    "recall_at_1000": 0.9999,
    "precision_at_1": 0.8205,
    "precision_at_3": 0.37843,
    "precision_at_5": 0.24818,
    "precision_at_10": 0.13515,
    "precision_at_20": 0.07171,
    "precision_at_100": 0.01538,
    "precision_at_200": 0.00777,
    "precision_at_300": 0.00521,
    "precision_at_500": 0.00313,
    "precision_at_1000": 0.00157,
    "mrr_at_1": 0.8205,
    "mrr_at_3": 0.87372,
    "mrr_at_5": 0.87955,
    "mrr_at_10": 0.88242,
    "mrr_at_20": 0.88312,
    "mrr_at_100": 0.88329,
    "mrr_at_200": 0.8833,
    "mrr_at_300": 0.8833,
    "mrr_at_500": 0.8833,
    "mrr_at_1000": 0.8833
}