{
    "ndcg_at_1": 0.13804,
    "ndcg_at_3": 0.15935,
    "ndcg_at_5": 0.17408,
    "ndcg_at_10": 0.18903,
    "ndcg_at_20": 0.20559,
    "ndcg_at_100": 0.23728,
    "ndcg_at_200": 0.24997,
    "ndcg_at_300": 0.25528,
    "ndcg_at_500": 0.26265,
    "ndcg_at_1000": 0.27173,
    "map_at_1": 0.11994,
    "map_at_3": 0.14521,
    "map_at_5": 0.1537,
    "map_at_10": 0.16055,
    "map_at_20": 0.16522,
    "map_at_100": 0.16982,
    "map_at_200": 0.17053,
    "map_at_300": 0.17073,
    "map_at_500": 0.17092,
    "map_at_1000": 0.17107,
    "recall_at_1": 0.11994,
    "recall_at_3": 0.17748,
    "recall_at_5": 0.21269,
    "recall_at_10": 0.25561,
    "recall_at_20": 0.31785,
    "recall_at_100": 0.47801,
    "recall_at_200": 0.56213,
    "recall_at_300": 0.60033,
    "recall_at_500": 0.66004,
    "recall_at_1000": 0.73713,
    "precision_at_1": 0.13804,
    "precision_at_3": 0.06953,
    "precision_at_5": 0.05123,
    "precision_at_10": 0.03175,
    "precision_at_20": 0.01994,
    "precision_at_100": 0.00613,
    "precision_at_200": 0.00369,
    "precision_at_300": 0.00267,
    "precision_at_500": 0.00176,
    "precision_at_1000": 0.00101,
    "mrr_at_1": 0.13804,
    "mrr_at_3": 0.1659,
    "mrr_at_5": 0.17602,
    "mrr_at_10": 0.18218,
    "mrr_at_20": 0.18675,
    "mrr_at_100": 0.19108,
    "mrr_at_200": 0.19164,
    "mrr_at_300": 0.19176,
    "mrr_at_500": 0.19191,
    "mrr_at_1000": 0.19202
}