{
    "ndcg_at_1": 0.18462,
    "ndcg_at_3": 0.1529,
    "ndcg_at_5": 0.13206,
    "ndcg_at_10": 0.11454,
    "ndcg_at_20": 0.14432,
    "ndcg_at_100": 0.20662,
    "ndcg_at_200": 0.22738,
    "ndcg_at_300": 0.24107,
    "ndcg_at_500": 0.25137,
    "ndcg_at_1000": 0.2656,
    "map_at_1": 0.01846,
    "map_at_3": 0.03487,
    "map_at_5": 0.04049,
    "map_at_10": 0.05395,
    "map_at_20": 0.06422,
    "map_at_100": 0.07762,
    "map_at_200": 0.0798,
    "map_at_300": 0.08083,
    "map_at_500": 0.08142,
    "map_at_1000": 0.08186,
    "recall_at_1": 0.01846,
    "recall_at_3": 0.04308,
    "recall_at_5": 0.05846,
    "recall_at_10": 0.09846,
    "recall_at_20": 0.15231,
    "recall_at_100": 0.31077,
    "recall_at_200": 0.37846,
    "recall_at_300": 0.42769,
    "recall_at_500": 0.46769,
    "recall_at_1000": 0.52923,
    "precision_at_1": 0.18462,
    "precision_at_3": 0.14359,
    "precision_at_5": 0.11692,
    "precision_at_10": 0.09846,
    "precision_at_20": 0.07615,
    "precision_at_100": 0.03108,
    "precision_at_200": 0.01892,
    "precision_at_300": 0.01426,
    "precision_at_500": 0.00935,
    "precision_at_1000": 0.00529,
    "mrr_at_1": 0.18462,
    "mrr_at_3": 0.23077,
    "mrr_at_5": 0.25538,
    "mrr_at_10": 0.26893,
    "mrr_at_20": 0.28049,
    "mrr_at_100": 0.28347,
    "mrr_at_200": 0.28389,
    "mrr_at_300": 0.28389,
    "mrr_at_500": 0.28402,
    "mrr_at_1000": 0.28404,
    "rc_at_1": {
        "relevant": 0.18462,
        "distractor": 0.47692
    },
    "rc_at_3": {
        "relevant": 0.43077,
        "distractor": 1.50769
    },
    "rc_at_5": {
        "relevant": 0.58462,
        "distractor": 2.53846
    },
    "rc_at_10": {
        "relevant": 0.96923,
        "distractor": 4.69231
    },
    "rc_at_20": {
        "relevant": 1.52308,
        "distractor": 8.55385
    },
    "rc_at_100": {
        "relevant": 3.09231,
        "distractor": 24.23077
    },
    "rc_at_200": {
        "relevant": 3.78462,
        "distractor": 31.78462
    },
    "rc_at_300": {
        "relevant": 4.27692,
        "distractor": 35.56923
    },
    "rc_at_500": {
        "relevant": 4.67692,
        "distractor": 41.01538
    },
    "rc_at_1000": {
        "relevant": 5.29231,
        "distractor": 48.10769
    }
}