{
    "ndcg_at_1": 0.23077,
    "ndcg_at_3": 0.19639,
    "ndcg_at_5": 0.17606,
    "ndcg_at_10": 0.15384,
    "ndcg_at_20": 0.20242,
    "ndcg_at_100": 0.35747,
    "ndcg_at_200": 0.39248,
    "ndcg_at_300": 0.40495,
    "ndcg_at_500": 0.41717,
    "ndcg_at_1000": 0.42756,
    "map_at_1": 0.02308,
    "map_at_3": 0.04538,
    "map_at_5": 0.05562,
    "map_at_10": 0.07283,
    "map_at_20": 0.0905,
    "map_at_100": 0.13314,
    "map_at_200": 0.1395,
    "map_at_300": 0.14088,
    "map_at_500": 0.14188,
    "map_at_1000": 0.1424,
    "recall_at_1": 0.02308,
    "recall_at_3": 0.05538,
    "recall_at_5": 0.08,
    "recall_at_10": 0.13538,
    "recall_at_20": 0.22308,
    "recall_at_100": 0.61231,
    "recall_at_200": 0.72462,
    "recall_at_300": 0.76923,
    "recall_at_500": 0.81692,
    "recall_at_1000": 0.86154,
    "precision_at_1": 0.23077,
    "precision_at_3": 0.18462,
    "precision_at_5": 0.16,
    "precision_at_10": 0.13538,
    "precision_at_20": 0.11154,
    "precision_at_100": 0.06123,
    "precision_at_200": 0.03623,
    "precision_at_300": 0.02564,
    "precision_at_500": 0.01634,
    "precision_at_1000": 0.00862,
    "mrr_at_1": 0.23077,
    "mrr_at_3": 0.28974,
    "mrr_at_5": 0.32128,
    "mrr_at_10": 0.34427,
    "mrr_at_20": 0.354,
    "mrr_at_100": 0.35934,
    "mrr_at_200": 0.35934,
    "mrr_at_300": 0.35934,
    "mrr_at_500": 0.35934,
    "mrr_at_1000": 0.35936,
    "rc_at_1": {
        "relevant": 0.23077,
        "distractor": 0.72308
    },
    "rc_at_3": {
        "relevant": 0.55385,
        "distractor": 2.36923
    },
    "rc_at_5": {
        "relevant": 0.8,
        "distractor": 3.98462
    },
    "rc_at_10": {
        "relevant": 1.35385,
        "distractor": 7.98462
    },
    "rc_at_20": {
        "relevant": 2.21538,
        "distractor": 15.78462
    },
    "rc_at_100": {
        "relevant": 6.12308,
        "distractor": 58.49231
    },
    "rc_at_200": {
        "relevant": 7.24615,
        "distractor": 71.27692
    },
    "rc_at_300": {
        "relevant": 7.69231,
        "distractor": 75.56923
    },
    "rc_at_500": {
        "relevant": 8.16923,
        "distractor": 80.55385
    },
    "rc_at_1000": {
        "relevant": 8.61538,
        "distractor": 86.23077
    }
}