{
    "ndcg_at_1": 0.28451,
    "ndcg_at_3": 0.3399,
    "ndcg_at_5": 0.36467,
    "ndcg_at_10": 0.39624,
    "ndcg_at_20": 0.41961,
    "ndcg_at_100": 0.45456,
    "ndcg_at_200": 0.46294,
    "ndcg_at_300": 0.46824,
    "ndcg_at_500": 0.47302,
    "ndcg_at_1000": 0.47663,
    "map_at_1": 0.24589,
    "map_at_3": 0.30855,
    "map_at_5": 0.3255,
    "map_at_10": 0.33995,
    "map_at_20": 0.3475,
    "map_at_100": 0.35289,
    "map_at_200": 0.35352,
    "map_at_300": 0.35374,
    "map_at_500": 0.35389,
    "map_at_1000": 0.35397,
    "recall_at_1": 0.24589,
    "recall_at_3": 0.37591,
    "recall_at_5": 0.43802,
    "recall_at_10": 0.53026,
    "recall_at_20": 0.61257,
    "recall_at_100": 0.78449,
    "recall_at_200": 0.83394,
    "recall_at_300": 0.8713,
    "recall_at_500": 0.90656,
    "recall_at_1000": 0.93349,
    "precision_at_1": 0.28451,
    "precision_at_3": 0.15485,
    "precision_at_5": 0.11138,
    "precision_at_10": 0.06931,
    "precision_at_20": 0.04142,
    "precision_at_100": 0.01111,
    "precision_at_200": 0.00608,
    "precision_at_300": 0.00428,
    "precision_at_500": 0.00271,
    "precision_at_1000": 0.00143,
    "mrr_at_1": 0.28451,
    "mrr_at_3": 0.34888,
    "mrr_at_5": 0.36404,
    "mrr_at_10": 0.37676,
    "mrr_at_20": 0.38237,
    "mrr_at_100": 0.3863,
    "mrr_at_200": 0.38659,
    "mrr_at_300": 0.38672,
    "mrr_at_500": 0.38678,
    "mrr_at_1000": 0.38681
}