{
    "ndcg_at_1": 0.00344,
    "ndcg_at_3": 0.00713,
    "ndcg_at_5": 0.00912,
    "ndcg_at_10": 0.0117,
    "ndcg_at_20": 0.01431,
    "ndcg_at_100": 0.02347,
    "ndcg_at_200": 0.02865,
    "ndcg_at_300": 0.03165,
    "ndcg_at_500": 0.03684,
    "ndcg_at_1000": 0.04519,
    "map_at_1": 0.00292,
    "map_at_3": 0.00562,
    "map_at_5": 0.00677,
    "map_at_10": 0.00773,
    "map_at_20": 0.0084,
    "map_at_100": 0.00948,
    "map_at_200": 0.00973,
    "map_at_300": 0.00983,
    "map_at_500": 0.00995,
    "map_at_1000": 0.01006,
    "recall_at_1": 0.00292,
    "recall_at_3": 0.00918,
    "recall_at_5": 0.01388,
    "recall_at_10": 0.0216,
    "recall_at_20": 0.03112,
    "recall_at_100": 0.07842,
    "recall_at_200": 0.11335,
    "recall_at_300": 0.13471,
    "recall_at_500": 0.17586,
    "recall_at_1000": 0.24836,
    "precision_at_1": 0.00344,
    "precision_at_3": 0.00424,
    "precision_at_5": 0.00379,
    "precision_at_10": 0.0031,
    "precision_at_20": 0.00225,
    "precision_at_100": 0.00117,
    "precision_at_200": 0.00084,
    "precision_at_300": 0.00068,
    "precision_at_500": 0.00054,
    "precision_at_1000": 0.00038,
    "mrr_at_1": 0.00379,
    "mrr_at_3": 0.00619,
    "mrr_at_5": 0.00704,
    "mrr_at_10": 0.00844,
    "mrr_at_20": 0.00954,
    "mrr_at_100": 0.01091,
    "mrr_at_200": 0.01117,
    "mrr_at_300": 0.0113,
    "mrr_at_500": 0.01141,
    "mrr_at_1000": 0.01154
}