{
    "ndcg_at_1": 0.4,
    "ndcg_at_3": 0.31315,
    "ndcg_at_5": 0.27885,
    "ndcg_at_10": 0.22209,
    "ndcg_at_20": 0.27728,
    "ndcg_at_100": 0.37729,
    "ndcg_at_200": 0.39878,
    "ndcg_at_300": 0.41142,
    "ndcg_at_500": 0.4207,
    "ndcg_at_1000": 0.43305,
    "map_at_1": 0.04,
    "map_at_3": 0.0703,
    "map_at_5": 0.09076,
    "map_at_10": 0.11431,
    "map_at_20": 0.13821,
    "map_at_100": 0.17173,
    "map_at_200": 0.17472,
    "map_at_300": 0.176,
    "map_at_500": 0.17658,
    "map_at_1000": 0.17714,
    "recall_at_1": 0.04,
    "recall_at_3": 0.08727,
    "recall_at_5": 0.12545,
    "recall_at_10": 0.18364,
    "recall_at_20": 0.28364,
    "recall_at_100": 0.52727,
    "recall_at_200": 0.59636,
    "recall_at_300": 0.64182,
    "recall_at_500": 0.67818,
    "recall_at_1000": 0.73091,
    "precision_at_1": 0.4,
    "precision_at_3": 0.29091,
    "precision_at_5": 0.25091,
    "precision_at_10": 0.18364,
    "precision_at_20": 0.14182,
    "precision_at_100": 0.05273,
    "precision_at_200": 0.02982,
    "precision_at_300": 0.02139,
    "precision_at_500": 0.01356,
    "precision_at_1000": 0.00731,
    "mrr_at_1": 0.4,
    "mrr_at_3": 0.50303,
    "mrr_at_5": 0.52303,
    "mrr_at_10": 0.53017,
    "mrr_at_20": 0.53666,
    "mrr_at_100": 0.5383,
    "mrr_at_200": 0.5383,
    "mrr_at_300": 0.5383,
    "mrr_at_500": 0.5383,
    "mrr_at_1000": 0.53835,
    "rc_at_1": {
        "relevant": 0.4,
        "distractor": 0.56364
    },
    "rc_at_3": {
        "relevant": 0.87273,
        "distractor": 1.92727
    },
    "rc_at_5": {
        "relevant": 1.25455,
        "distractor": 3.25455
    },
    "rc_at_10": {
        "relevant": 1.83636,
        "distractor": 6.78182
    },
    "rc_at_20": {
        "relevant": 2.83636,
        "distractor": 12.83636
    },
    "rc_at_100": {
        "relevant": 5.27273,
        "distractor": 38.74545
    },
    "rc_at_200": {
        "relevant": 5.96364,
        "distractor": 47.52727
    },
    "rc_at_300": {
        "relevant": 6.41818,
        "distractor": 52.27273
    },
    "rc_at_500": {
        "relevant": 6.78182,
        "distractor": 57.34545
    },
    "rc_at_1000": {
        "relevant": 7.30909,
        "distractor": 63.90909
    }
}