{
    "ndcg_at_1": 0.27834,
    "ndcg_at_3": 0.31138,
    "ndcg_at_5": 0.32706,
    "ndcg_at_10": 0.34541,
    "ndcg_at_20": 0.36035,
    "ndcg_at_100": 0.38763,
    "ndcg_at_200": 0.39662,
    "ndcg_at_300": 0.40235,
    "ndcg_at_500": 0.40804,
    "ndcg_at_1000": 0.41346,
    "map_at_1": 0.22388,
    "map_at_3": 0.27687,
    "map_at_5": 0.28915,
    "map_at_10": 0.29886,
    "map_at_20": 0.30412,
    "map_at_100": 0.30877,
    "map_at_200": 0.30945,
    "map_at_300": 0.30972,
    "map_at_500": 0.30991,
    "map_at_1000": 0.31003,
    "recall_at_1": 0.22388,
    "recall_at_3": 0.32518,
    "recall_at_5": 0.37037,
    "recall_at_10": 0.4282,
    "recall_at_20": 0.484,
    "recall_at_100": 0.61513,
    "recall_at_200": 0.66782,
    "recall_at_300": 0.70594,
    "recall_at_500": 0.74662,
    "recall_at_1000": 0.78728,
    "precision_at_1": 0.27834,
    "precision_at_3": 0.14989,
    "precision_at_5": 0.10548,
    "precision_at_10": 0.0642,
    "precision_at_20": 0.03799,
    "precision_at_100": 0.01061,
    "precision_at_200": 0.00602,
    "precision_at_300": 0.00434,
    "precision_at_500": 0.00282,
    "precision_at_1000": 0.00154,
    "mrr_at_1": 0.27898,
    "mrr_at_3": 0.32622,
    "mrr_at_5": 0.33791,
    "mrr_at_10": 0.34715,
    "mrr_at_20": 0.35102,
    "mrr_at_100": 0.35445,
    "mrr_at_200": 0.35477,
    "mrr_at_300": 0.35491,
    "mrr_at_500": 0.35501,
    "mrr_at_1000": 0.35505
}