{
    "ndcg_at_1": 0.15235,
    "ndcg_at_3": 0.18887,
    "ndcg_at_5": 0.20523,
    "ndcg_at_10": 0.22682,
    "ndcg_at_20": 0.245,
    "ndcg_at_100": 0.27909,
    "ndcg_at_200": 0.29135,
    "ndcg_at_300": 0.29757,
    "ndcg_at_500": 0.30402,
    "ndcg_at_1000": 0.31316,
    "map_at_1": 0.13047,
    "map_at_3": 0.1705,
    "map_at_5": 0.18009,
    "map_at_10": 0.18916,
    "map_at_20": 0.19442,
    "map_at_100": 0.1993,
    "map_at_200": 0.19998,
    "map_at_300": 0.20023,
    "map_at_500": 0.2004,
    "map_at_1000": 0.20055,
    "recall_at_1": 0.13047,
    "recall_at_3": 0.21512,
    "recall_at_5": 0.25516,
    "recall_at_10": 0.31959,
    "recall_at_20": 0.3874,
    "recall_at_100": 0.56145,
    "recall_at_200": 0.6441,
    "recall_at_300": 0.68894,
    "recall_at_500": 0.7385,
    "recall_at_1000": 0.81786,
    "precision_at_1": 0.15235,
    "precision_at_3": 0.08715,
    "precision_at_5": 0.0627,
    "precision_at_10": 0.03994,
    "precision_at_20": 0.02489,
    "precision_at_100": 0.00745,
    "precision_at_200": 0.00428,
    "precision_at_300": 0.00309,
    "precision_at_500": 0.00202,
    "precision_at_1000": 0.00113,
    "mrr_at_1": 0.15047,
    "mrr_at_3": 0.18934,
    "mrr_at_5": 0.20041,
    "mrr_at_10": 0.21129,
    "mrr_at_20": 0.21539,
    "mrr_at_100": 0.21967,
    "mrr_at_200": 0.22018,
    "mrr_at_300": 0.22038,
    "mrr_at_500": 0.22051,
    "mrr_at_1000": 0.22061
}