{
    "ndcg_at_1": 0.07273,
    "ndcg_at_3": 0.08573,
    "ndcg_at_5": 0.08689,
    "ndcg_at_10": 0.08011,
    "ndcg_at_20": 0.11234,
    "ndcg_at_100": 0.20863,
    "ndcg_at_200": 0.24202,
    "ndcg_at_300": 0.26461,
    "ndcg_at_500": 0.28659,
    "ndcg_at_1000": 0.31401,
    "map_at_1": 0.00727,
    "map_at_3": 0.01667,
    "map_at_5": 0.02194,
    "map_at_10": 0.03037,
    "map_at_20": 0.04164,
    "map_at_100": 0.06165,
    "map_at_200": 0.06554,
    "map_at_300": 0.06741,
    "map_at_500": 0.06899,
    "map_at_1000": 0.0703,
    "recall_at_1": 0.00727,
    "recall_at_3": 0.02545,
    "recall_at_5": 0.04364,
    "recall_at_10": 0.07636,
    "recall_at_20": 0.13455,
    "recall_at_100": 0.37636,
    "recall_at_200": 0.48545,
    "recall_at_300": 0.56727,
    "recall_at_500": 0.65273,
    "recall_at_1000": 0.77091,
    "precision_at_1": 0.07273,
    "precision_at_3": 0.08485,
    "precision_at_5": 0.08727,
    "precision_at_10": 0.07636,
    "precision_at_20": 0.06727,
    "precision_at_100": 0.03764,
    "precision_at_200": 0.02427,
    "precision_at_300": 0.01891,
    "precision_at_500": 0.01305,
    "precision_at_1000": 0.00771,
    "mrr_at_1": 0.07273,
    "mrr_at_3": 0.13939,
    "mrr_at_5": 0.16303,
    "mrr_at_10": 0.18626,
    "mrr_at_20": 0.19424,
    "mrr_at_100": 0.2016,
    "mrr_at_200": 0.20188,
    "mrr_at_300": 0.20212,
    "mrr_at_500": 0.20218,
    "mrr_at_1000": 0.20218,
    "rc_at_1": {
        "relevant": 0.07273,
        "distractor": 0.65455
    },
    "rc_at_3": {
        "relevant": 0.27273,
        "distractor": 1.8
    },
    "rc_at_5": {
        "relevant": 0.49091,
        "distractor": 2.83636
    },
    "rc_at_10": {
        "relevant": 0.89091,
        "distractor": 5.27273
    },
    "rc_at_20": {
        "relevant": 1.49091,
        "distractor": 9.45455
    },
    "rc_at_100": {
        "relevant": 3.92727,
        "distractor": 28.58182
    },
    "rc_at_200": {
        "relevant": 5.01818,
        "distractor": 39.10909
    },
    "rc_at_300": {
        "relevant": 5.78182,
        "distractor": 45.85455
    },
    "rc_at_500": {
        "relevant": 6.76364,
        "distractor": 54.4
    },
    "rc_at_1000": {
        "relevant": 7.70909,
        "distractor": 65.72727
    }
}