{
    "ndcg_at_1": 0.5,
    "ndcg_at_3": 0.42222,
    "ndcg_at_5": 0.40023,
    "ndcg_at_10": 0.38193,
    "ndcg_at_20": 0.37069,
    "ndcg_at_100": 0.41519,
    "ndcg_at_200": 0.44168,
    "ndcg_at_300": 0.4574,
    "ndcg_at_500": 0.47253,
    "ndcg_at_1000": 0.49125,
    "map_at_1": 0.07348,
    "map_at_3": 0.11875,
    "map_at_5": 0.14052,
    "map_at_10": 0.16699,
    "map_at_20": 0.19188,
    "map_at_100": 0.23233,
    "map_at_200": 0.24035,
    "map_at_300": 0.24366,
    "map_at_500": 0.24629,
    "map_at_1000": 0.24856,
    "recall_at_1": 0.07348,
    "recall_at_3": 0.13561,
    "recall_at_5": 0.17329,
    "recall_at_10": 0.22589,
    "recall_at_20": 0.28825,
    "recall_at_100": 0.47013,
    "recall_at_200": 0.54732,
    "recall_at_300": 0.59909,
    "recall_at_500": 0.65156,
    "recall_at_1000": 0.71934,
    "precision_at_1": 0.615,
    "precision_at_3": 0.45833,
    "precision_at_5": 0.3915,
    "precision_at_10": 0.3055,
    "precision_at_20": 0.22587,
    "precision_at_100": 0.09563,
    "precision_at_200": 0.06146,
    "precision_at_300": 0.0469,
    "precision_at_500": 0.03271,
    "precision_at_1000": 0.0197,
    "mrr_at_1": 0.615,
    "mrr_at_3": 0.68083,
    "mrr_at_5": 0.69221,
    "mrr_at_10": 0.70109,
    "mrr_at_20": 0.70319,
    "mrr_at_100": 0.70479,
    "mrr_at_200": 0.70485,
    "mrr_at_300": 0.70485,
    "mrr_at_500": 0.70487,
    "mrr_at_1000": 0.70488
}