{
    "ndcg_at_1": 0.47273,
    "ndcg_at_3": 0.33875,
    "ndcg_at_5": 0.28993,
    "ndcg_at_10": 0.24066,
    "ndcg_at_20": 0.29893,
    "ndcg_at_100": 0.37855,
    "ndcg_at_200": 0.39606,
    "ndcg_at_300": 0.40571,
    "ndcg_at_500": 0.41686,
    "ndcg_at_1000": 0.42911,
    "map_at_1": 0.04727,
    "map_at_3": 0.08212,
    "map_at_5": 0.10076,
    "map_at_10": 0.13077,
    "map_at_20": 0.15712,
    "map_at_100": 0.18146,
    "map_at_200": 0.18406,
    "map_at_300": 0.18502,
    "map_at_500": 0.18567,
    "map_at_1000": 0.18622,
    "recall_at_1": 0.04727,
    "recall_at_3": 0.09091,
    "recall_at_5": 0.12364,
    "recall_at_10": 0.19818,
    "recall_at_20": 0.30364,
    "recall_at_100": 0.50182,
    "recall_at_200": 0.55818,
    "recall_at_300": 0.59273,
    "recall_at_500": 0.63636,
    "recall_at_1000": 0.68909,
    "precision_at_1": 0.47273,
    "precision_at_3": 0.30303,
    "precision_at_5": 0.24727,
    "precision_at_10": 0.19818,
    "precision_at_20": 0.15182,
    "precision_at_100": 0.05018,
    "precision_at_200": 0.02791,
    "precision_at_300": 0.01976,
    "precision_at_500": 0.01273,
    "precision_at_1000": 0.00689,
    "mrr_at_1": 0.47273,
    "mrr_at_3": 0.52424,
    "mrr_at_5": 0.5397,
    "mrr_at_10": 0.55898,
    "mrr_at_20": 0.5629,
    "mrr_at_100": 0.56519,
    "mrr_at_200": 0.56519,
    "mrr_at_300": 0.56519,
    "mrr_at_500": 0.56519,
    "mrr_at_1000": 0.56519,
    "rc_at_1": {
        "relevant": 0.47273,
        "distractor": 0.43636
    },
    "rc_at_3": {
        "relevant": 0.90909,
        "distractor": 1.65455
    },
    "rc_at_5": {
        "relevant": 1.23636,
        "distractor": 2.98182
    },
    "rc_at_10": {
        "relevant": 1.98182,
        "distractor": 6.03636
    },
    "rc_at_20": {
        "relevant": 3.03636,
        "distractor": 11.16364
    },
    "rc_at_100": {
        "relevant": 5.01818,
        "distractor": 30.74545
    },
    "rc_at_200": {
        "relevant": 5.58182,
        "distractor": 39.14545
    },
    "rc_at_300": {
        "relevant": 5.92727,
        "distractor": 43.83636
    },
    "rc_at_500": {
        "relevant": 6.36364,
        "distractor": 48.92727
    },
    "rc_at_1000": {
        "relevant": 6.89091,
        "distractor": 54.90909
    }
}