{
    "ndcg_at_1": 0.37325,
    "ndcg_at_3": 0.4182,
    "ndcg_at_5": 0.43681,
    "ndcg_at_10": 0.46067,
    "ndcg_at_20": 0.47624,
    "ndcg_at_100": 0.50346,
    "ndcg_at_200": 0.51184,
    "ndcg_at_300": 0.51556,
    "ndcg_at_500": 0.51887,
    "ndcg_at_1000": 0.52362,
    "map_at_1": 0.30091,
    "map_at_3": 0.37264,
    "map_at_5": 0.38919,
    "map_at_10": 0.40283,
    "map_at_20": 0.40876,
    "map_at_100": 0.41446,
    "map_at_200": 0.41518,
    "map_at_300": 0.4154,
    "map_at_500": 0.41556,
    "map_at_1000": 0.41568,
    "recall_at_1": 0.30091,
    "recall_at_3": 0.43787,
    "recall_at_5": 0.49164,
    "recall_at_10": 0.5655,
    "recall_at_20": 0.62072,
    "recall_at_100": 0.7458,
    "recall_at_200": 0.79424,
    "recall_at_300": 0.81723,
    "recall_at_500": 0.83808,
    "recall_at_1000": 0.87233,
    "precision_at_1": 0.37325,
    "precision_at_3": 0.20318,
    "precision_at_5": 0.14293,
    "precision_at_10": 0.0865,
    "precision_at_20": 0.05045,
    "precision_at_100": 0.01358,
    "precision_at_200": 0.00754,
    "precision_at_300": 0.00529,
    "precision_at_500": 0.00336,
    "precision_at_1000": 0.00182,
    "mrr_at_1": 0.37261,
    "mrr_at_3": 0.43779,
    "mrr_at_5": 0.44948,
    "mrr_at_10": 0.46025,
    "mrr_at_20": 0.46432,
    "mrr_at_100": 0.46711,
    "mrr_at_200": 0.46738,
    "mrr_at_300": 0.46745,
    "mrr_at_500": 0.4675,
    "mrr_at_1000": 0.46753
}