{
    "ndcg_at_1": 0.17662,
    "ndcg_at_3": 0.22704,
    "ndcg_at_5": 0.25211,
    "ndcg_at_10": 0.27888,
    "ndcg_at_20": 0.30248,
    "ndcg_at_100": 0.34049,
    "ndcg_at_200": 0.35142,
    "ndcg_at_300": 0.3564,
    "ndcg_at_500": 0.3623,
    "ndcg_at_1000": 0.36918,
    "map_at_1": 0.14426,
    "map_at_3": 0.19756,
    "map_at_5": 0.21358,
    "map_at_10": 0.22554,
    "map_at_20": 0.23251,
    "map_at_100": 0.23835,
    "map_at_200": 0.23908,
    "map_at_300": 0.23928,
    "map_at_500": 0.23946,
    "map_at_1000": 0.23959,
    "recall_at_1": 0.14426,
    "recall_at_3": 0.26252,
    "recall_at_5": 0.32485,
    "recall_at_10": 0.40379,
    "recall_at_20": 0.48951,
    "recall_at_100": 0.67272,
    "recall_at_200": 0.73964,
    "recall_at_300": 0.77466,
    "recall_at_500": 0.81838,
    "recall_at_1000": 0.87595,
    "precision_at_1": 0.17662,
    "precision_at_3": 0.11153,
    "precision_at_5": 0.08458,
    "precision_at_10": 0.05361,
    "precision_at_20": 0.03315,
    "precision_at_100": 0.00975,
    "precision_at_200": 0.00551,
    "precision_at_300": 0.00388,
    "precision_at_500": 0.00249,
    "precision_at_1000": 0.00135,
    "mrr_at_1": 0.17662,
    "mrr_at_3": 0.23735,
    "mrr_at_5": 0.25296,
    "mrr_at_10": 0.26477,
    "mrr_at_20": 0.2711,
    "mrr_at_100": 0.2756,
    "mrr_at_200": 0.27602,
    "mrr_at_300": 0.27615,
    "mrr_at_500": 0.27625,
    "mrr_at_1000": 0.27632
}