{
    "ndcg_at_1": 0.34049,
    "ndcg_at_3": 0.38165,
    "ndcg_at_5": 0.40596,
    "ndcg_at_10": 0.43676,
    "ndcg_at_20": 0.45475,
    "ndcg_at_100": 0.48803,
    "ndcg_at_200": 0.49612,
    "ndcg_at_300": 0.49975,
    "ndcg_at_500": 0.50445,
    "ndcg_at_1000": 0.50895,
    "map_at_1": 0.29493,
    "map_at_3": 0.35229,
    "map_at_5": 0.36853,
    "map_at_10": 0.38245,
    "map_at_20": 0.38826,
    "map_at_100": 0.39368,
    "map_at_200": 0.39424,
    "map_at_300": 0.3944,
    "map_at_500": 0.39455,
    "map_at_1000": 0.39464,
    "recall_at_1": 0.29493,
    "recall_at_3": 0.41158,
    "recall_at_5": 0.47294,
    "recall_at_10": 0.56128,
    "recall_at_20": 0.62391,
    "recall_at_100": 0.78463,
    "recall_at_200": 0.83485,
    "recall_at_300": 0.85996,
    "recall_at_500": 0.89466,
    "recall_at_1000": 0.93034,
    "precision_at_1": 0.34049,
    "precision_at_3": 0.16884,
    "precision_at_5": 0.11866,
    "precision_at_10": 0.07276,
    "precision_at_20": 0.04198,
    "precision_at_100": 0.01113,
    "precision_at_200": 0.00604,
    "precision_at_300": 0.00418,
    "precision_at_500": 0.00264,
    "precision_at_1000": 0.0014,
    "mrr_at_1": 0.34049,
    "mrr_at_3": 0.39614,
    "mrr_at_5": 0.41009,
    "mrr_at_10": 0.42279,
    "mrr_at_20": 0.42725,
    "mrr_at_100": 0.43094,
    "mrr_at_200": 0.43122,
    "mrr_at_300": 0.43132,
    "mrr_at_500": 0.4314,
    "mrr_at_1000": 0.43144
}