{
    "ndcg_at_1": 0.34667,
    "ndcg_at_3": 0.42271,
    "ndcg_at_5": 0.45003,
    "ndcg_at_10": 0.47665,
    "ndcg_at_20": 0.49639,
    "ndcg_at_100": 0.52791,
    "ndcg_at_200": 0.53252,
    "ndcg_at_300": 0.53631,
    "ndcg_at_500": 0.54015,
    "ndcg_at_1000": 0.54307,
    "map_at_1": 0.32956,
    "map_at_3": 0.39761,
    "map_at_5": 0.41411,
    "map_at_10": 0.42661,
    "map_at_20": 0.43234,
    "map_at_100": 0.43716,
    "map_at_200": 0.43743,
    "map_at_300": 0.43755,
    "map_at_500": 0.43763,
    "map_at_1000": 0.43768,
    "recall_at_1": 0.32956,
    "recall_at_3": 0.479,
    "recall_at_5": 0.54383,
    "recall_at_10": 0.62133,
    "recall_at_20": 0.69544,
    "recall_at_100": 0.85767,
    "recall_at_200": 0.89,
    "recall_at_300": 0.92,
    "recall_at_500": 0.95333,
    "recall_at_1000": 0.98,
    "precision_at_1": 0.34667,
    "precision_at_3": 0.17,
    "precision_at_5": 0.118,
    "precision_at_10": 0.069,
    "precision_at_20": 0.03933,
    "precision_at_100": 0.0098,
    "precision_at_200": 0.00508,
    "precision_at_300": 0.00349,
    "precision_at_500": 0.00216,
    "precision_at_1000": 0.00111,
    "mrr_at_1": 0.34667,
    "mrr_at_3": 0.41222,
    "mrr_at_5": 0.42706,
    "mrr_at_10": 0.43686,
    "mrr_at_20": 0.44206,
    "mrr_at_100": 0.44622,
    "mrr_at_200": 0.44643,
    "mrr_at_300": 0.44656,
    "mrr_at_500": 0.44664,
    "mrr_at_1000": 0.44667
}