{
    "ndcg_at_1": 0.15096,
    "ndcg_at_3": 0.17419,
    "ndcg_at_5": 0.1828,
    "ndcg_at_10": 0.19951,
    "ndcg_at_20": 0.21312,
    "ndcg_at_100": 0.23825,
    "ndcg_at_200": 0.2481,
    "ndcg_at_300": 0.25432,
    "ndcg_at_500": 0.26099,
    "ndcg_at_1000": 0.26905,
    "map_at_1": 0.12584,
    "map_at_3": 0.15508,
    "map_at_5": 0.16102,
    "map_at_10": 0.16853,
    "map_at_20": 0.17257,
    "map_at_100": 0.17625,
    "map_at_200": 0.17681,
    "map_at_300": 0.17707,
    "map_at_500": 0.17726,
    "map_at_1000": 0.17742,
    "recall_at_1": 0.12584,
    "recall_at_3": 0.18571,
    "recall_at_5": 0.21031,
    "recall_at_10": 0.26186,
    "recall_at_20": 0.31262,
    "recall_at_100": 0.43665,
    "recall_at_200": 0.49817,
    "recall_at_300": 0.54029,
    "recall_at_500": 0.58854,
    "recall_at_1000": 0.65186,
    "precision_at_1": 0.15096,
    "precision_at_3": 0.08259,
    "precision_at_5": 0.05732,
    "precision_at_10": 0.03707,
    "precision_at_20": 0.02322,
    "precision_at_100": 0.00713,
    "precision_at_200": 0.0042,
    "precision_at_300": 0.0031,
    "precision_at_500": 0.0021,
    "precision_at_1000": 0.00122,
    "mrr_at_1": 0.15096,
    "mrr_at_3": 0.18418,
    "mrr_at_5": 0.19074,
    "mrr_at_10": 0.1988,
    "mrr_at_20": 0.20263,
    "mrr_at_100": 0.2059,
    "mrr_at_200": 0.20638,
    "mrr_at_300": 0.20655,
    "mrr_at_500": 0.20667,
    "mrr_at_1000": 0.20676
}