{
    "ndcg_at_1": 0.04615,
    "ndcg_at_3": 0.03799,
    "ndcg_at_5": 0.03172,
    "ndcg_at_10": 0.0301,
    "ndcg_at_20": 0.03597,
    "ndcg_at_100": 0.04533,
    "ndcg_at_200": 0.05038,
    "ndcg_at_300": 0.05123,
    "ndcg_at_500": 0.05591,
    "ndcg_at_1000": 0.06665,
    "map_at_1": 0.00462,
    "map_at_3": 0.00846,
    "map_at_5": 0.00915,
    "map_at_10": 0.0114,
    "map_at_20": 0.01249,
    "map_at_100": 0.01339,
    "map_at_200": 0.0136,
    "map_at_300": 0.01362,
    "map_at_500": 0.01373,
    "map_at_1000": 0.01391,
    "recall_at_1": 0.00462,
    "recall_at_3": 0.01077,
    "recall_at_5": 0.01385,
    "recall_at_10": 0.02769,
    "recall_at_20": 0.03846,
    "recall_at_100": 0.06308,
    "recall_at_200": 0.08,
    "recall_at_300": 0.08308,
    "recall_at_500": 0.10154,
    "recall_at_1000": 0.14769,
    "precision_at_1": 0.04615,
    "precision_at_3": 0.0359,
    "precision_at_5": 0.02769,
    "precision_at_10": 0.02769,
    "precision_at_20": 0.01923,
    "precision_at_100": 0.00631,
    "precision_at_200": 0.004,
    "precision_at_300": 0.00277,
    "precision_at_500": 0.00203,
    "precision_at_1000": 0.00148,
    "mrr_at_1": 0.04615,
    "mrr_at_3": 0.05897,
    "mrr_at_5": 0.0659,
    "mrr_at_10": 0.07748,
    "mrr_at_20": 0.08063,
    "mrr_at_100": 0.08248,
    "mrr_at_200": 0.08285,
    "mrr_at_300": 0.08291,
    "mrr_at_500": 0.08303,
    "mrr_at_1000": 0.08325,
    "rc_at_1": {
        "relevant": 0.04615,
        "distractor": 0.21538
    },
    "rc_at_3": {
        "relevant": 0.10769,
        "distractor": 0.55385
    },
    "rc_at_5": {
        "relevant": 0.13846,
        "distractor": 0.87692
    },
    "rc_at_10": {
        "relevant": 0.27692,
        "distractor": 1.27692
    },
    "rc_at_20": {
        "relevant": 0.38462,
        "distractor": 1.89231
    },
    "rc_at_100": {
        "relevant": 0.63077,
        "distractor": 5.09231
    },
    "rc_at_200": {
        "relevant": 0.8,
        "distractor": 7.01538
    },
    "rc_at_300": {
        "relevant": 0.84615,
        "distractor": 8.41538
    },
    "rc_at_500": {
        "relevant": 1.01538,
        "distractor": 10.2
    },
    "rc_at_1000": {
        "relevant": 1.47692,
        "distractor": 13.64615
    }
}