{
    "ndcg_at_1": 0.14646,
    "ndcg_at_3": 0.1854,
    "ndcg_at_5": 0.20264,
    "ndcg_at_10": 0.22724,
    "ndcg_at_20": 0.24728,
    "ndcg_at_100": 0.29033,
    "ndcg_at_200": 0.30332,
    "ndcg_at_300": 0.30952,
    "ndcg_at_500": 0.31669,
    "ndcg_at_1000": 0.32383,
    "map_at_1": 0.12239,
    "map_at_3": 0.16372,
    "map_at_5": 0.17471,
    "map_at_10": 0.18554,
    "map_at_20": 0.19142,
    "map_at_100": 0.1976,
    "map_at_200": 0.19839,
    "map_at_300": 0.19864,
    "map_at_500": 0.19884,
    "map_at_1000": 0.19897,
    "recall_at_1": 0.12239,
    "recall_at_3": 0.21228,
    "recall_at_5": 0.25654,
    "recall_at_10": 0.32952,
    "recall_at_20": 0.40208,
    "recall_at_100": 0.61757,
    "recall_at_200": 0.70054,
    "recall_at_300": 0.74395,
    "recall_at_500": 0.79761,
    "recall_at_1000": 0.85553,
    "precision_at_1": 0.14646,
    "precision_at_3": 0.08769,
    "precision_at_5": 0.06455,
    "precision_at_10": 0.04226,
    "precision_at_20": 0.0264,
    "precision_at_100": 0.00848,
    "precision_at_200": 0.00493,
    "precision_at_300": 0.00354,
    "precision_at_500": 0.00233,
    "precision_at_1000": 0.00128,
    "mrr_at_1": 0.14646,
    "mrr_at_3": 0.19185,
    "mrr_at_5": 0.20249,
    "mrr_at_10": 0.21278,
    "mrr_at_20": 0.21855,
    "mrr_at_100": 0.22416,
    "mrr_at_200": 0.22472,
    "mrr_at_300": 0.22489,
    "mrr_at_500": 0.22501,
    "mrr_at_1000": 0.22507
}