{
    "ndcg_at_1": 0.227,
    "ndcg_at_3": 0.18974,
    "ndcg_at_5": 0.1634,
    "ndcg_at_10": 0.19594,
    "ndcg_at_20": 0.22577,
    "ndcg_at_100": 0.27589,
    "ndcg_at_200": 0.29314,
    "ndcg_at_300": 0.30214,
    "ndcg_at_500": 0.31281,
    "ndcg_at_1000": 0.32647,
    "map_at_1": 0.04618,
    "map_at_3": 0.08465,
    "map_at_5": 0.09973,
    "map_at_10": 0.11561,
    "map_at_20": 0.12667,
    "map_at_100": 0.13682,
    "map_at_200": 0.13832,
    "map_at_300": 0.13887,
    "map_at_500": 0.13933,
    "map_at_1000": 0.13969,
    "recall_at_1": 0.04618,
    "recall_at_3": 0.10943,
    "recall_at_5": 0.14567,
    "recall_at_10": 0.2054,
    "recall_at_20": 0.27547,
    "recall_at_100": 0.4371,
    "recall_at_200": 0.51055,
    "recall_at_300": 0.55275,
    "recall_at_500": 0.60713,
    "recall_at_1000": 0.68437,
    "precision_at_1": 0.227,
    "precision_at_3": 0.18,
    "precision_at_5": 0.1434,
    "precision_at_10": 0.1013,
    "precision_at_20": 0.0679,
    "precision_at_100": 0.02153,
    "precision_at_200": 0.01257,
    "precision_at_300": 0.00908,
    "precision_at_500": 0.00598,
    "precision_at_1000": 0.00337,
    "mrr_at_1": 0.227,
    "mrr_at_3": 0.30467,
    "mrr_at_5": 0.32202,
    "mrr_at_10": 0.33563,
    "mrr_at_20": 0.34273,
    "mrr_at_100": 0.34679,
    "mrr_at_200": 0.34718,
    "mrr_at_300": 0.34727,
    "mrr_at_500": 0.34734,
    "mrr_at_1000": 0.34737
}