{
    "ndcg_at_1": 0.24111,
    "ndcg_at_3": 0.30019,
    "ndcg_at_5": 0.33169,
    "ndcg_at_10": 0.35812,
    "ndcg_at_20": 0.38423,
    "ndcg_at_100": 0.42361,
    "ndcg_at_200": 0.43561,
    "ndcg_at_300": 0.44009,
    "ndcg_at_500": 0.44475,
    "ndcg_at_1000": 0.44931,
    "map_at_1": 0.20691,
    "map_at_3": 0.26537,
    "map_at_5": 0.28417,
    "map_at_10": 0.29761,
    "map_at_20": 0.30674,
    "map_at_100": 0.31433,
    "map_at_200": 0.31545,
    "map_at_300": 0.31582,
    "map_at_500": 0.3161,
    "map_at_1000": 0.31635,
    "recall_at_1": 0.20691,
    "recall_at_3": 0.33213,
    "recall_at_5": 0.40669,
    "recall_at_10": 0.48575,
    "recall_at_20": 0.58271,
    "recall_at_100": 0.77444,
    "recall_at_200": 0.8466,
    "recall_at_300": 0.87293,
    "recall_at_500": 0.90162,
    "recall_at_1000": 0.93152,
    "precision_at_1": 0.24111,
    "precision_at_3": 0.14229,
    "precision_at_5": 0.11186,
    "precision_at_10": 0.07134,
    "precision_at_20": 0.04615,
    "precision_at_100": 0.01457,
    "precision_at_200": 0.00854,
    "precision_at_300": 0.00623,
    "precision_at_500": 0.00414,
    "precision_at_1000": 0.00232,
    "mrr_at_1": 0.24111,
    "mrr_at_3": 0.30303,
    "mrr_at_5": 0.32516,
    "mrr_at_10": 0.33618,
    "mrr_at_20": 0.34274,
    "mrr_at_100": 0.34709,
    "mrr_at_200": 0.34748,
    "mrr_at_300": 0.34757,
    "mrr_at_500": 0.34763,
    "mrr_at_1000": 0.34766
}