{
    "ndcg_at_1": 0.26102,
    "ndcg_at_3": 0.33024,
    "ndcg_at_5": 0.3593,
    "ndcg_at_10": 0.38959,
    "ndcg_at_20": 0.40853,
    "ndcg_at_100": 0.44445,
    "ndcg_at_200": 0.45309,
    "ndcg_at_300": 0.45616,
    "ndcg_at_500": 0.46002,
    "ndcg_at_1000": 0.464,
    "map_at_1": 0.24398,
    "map_at_3": 0.30629,
    "map_at_5": 0.32334,
    "map_at_10": 0.33684,
    "map_at_20": 0.34231,
    "map_at_100": 0.34744,
    "map_at_200": 0.34794,
    "map_at_300": 0.34805,
    "map_at_500": 0.34816,
    "map_at_1000": 0.34823,
    "recall_at_1": 0.24398,
    "recall_at_3": 0.37722,
    "recall_at_5": 0.44584,
    "recall_at_10": 0.53465,
    "recall_at_20": 0.60692,
    "recall_at_100": 0.79301,
    "recall_at_200": 0.8512,
    "recall_at_300": 0.87396,
    "recall_at_500": 0.90444,
    "recall_at_1000": 0.93947,
    "precision_at_1": 0.26102,
    "precision_at_3": 0.14049,
    "precision_at_5": 0.10169,
    "precision_at_10": 0.06181,
    "precision_at_20": 0.03537,
    "precision_at_100": 0.00949,
    "precision_at_200": 0.00514,
    "precision_at_300": 0.00353,
    "precision_at_500": 0.00221,
    "precision_at_1000": 0.00115,
    "mrr_at_1": 0.26102,
    "mrr_at_3": 0.32486,
    "mrr_at_5": 0.34181,
    "mrr_at_10": 0.35425,
    "mrr_at_20": 0.359,
    "mrr_at_100": 0.36332,
    "mrr_at_200": 0.3637,
    "mrr_at_300": 0.36379,
    "mrr_at_500": 0.36385,
    "mrr_at_1000": 0.3639
}