{
    "ndcg_at_1": 0.03077,
    "ndcg_at_3": 0.03171,
    "ndcg_at_5": 0.02292,
    "ndcg_at_10": 0.01924,
    "ndcg_at_20": 0.0219,
    "ndcg_at_100": 0.03636,
    "ndcg_at_200": 0.05016,
    "ndcg_at_300": 0.05574,
    "ndcg_at_500": 0.06681,
    "ndcg_at_1000": 0.09934,
    "map_at_1": 0.00308,
    "map_at_3": 0.0059,
    "map_at_5": 0.0059,
    "map_at_10": 0.00672,
    "map_at_20": 0.00753,
    "map_at_100": 0.00923,
    "map_at_200": 0.00997,
    "map_at_300": 0.01025,
    "map_at_500": 0.01057,
    "map_at_1000": 0.01129,
    "recall_at_1": 0.00308,
    "recall_at_3": 0.00923,
    "recall_at_5": 0.00923,
    "recall_at_10": 0.01538,
    "recall_at_20": 0.02,
    "recall_at_100": 0.05692,
    "recall_at_200": 0.10154,
    "recall_at_300": 0.12154,
    "recall_at_500": 0.16462,
    "recall_at_1000": 0.30615,
    "precision_at_1": 0.03077,
    "precision_at_3": 0.03077,
    "precision_at_5": 0.01846,
    "precision_at_10": 0.01538,
    "precision_at_20": 0.01,
    "precision_at_100": 0.00569,
    "precision_at_200": 0.00508,
    "precision_at_300": 0.00405,
    "precision_at_500": 0.00329,
    "precision_at_1000": 0.00306,
    "mrr_at_1": 0.03077,
    "mrr_at_3": 0.05897,
    "mrr_at_5": 0.06897,
    "mrr_at_10": 0.07442,
    "mrr_at_20": 0.07582,
    "mrr_at_100": 0.07973,
    "mrr_at_200": 0.08068,
    "mrr_at_300": 0.08099,
    "mrr_at_500": 0.08125,
    "mrr_at_1000": 0.08141,
    "rc_at_1": {
        "relevant": 0.03077,
        "distractor": 0.10769
    },
    "rc_at_3": {
        "relevant": 0.09231,
        "distractor": 0.29231
    },
    "rc_at_5": {
        "relevant": 0.13846,
        "distractor": 0.55385
    },
    "rc_at_10": {
        "relevant": 0.18462,
        "distractor": 1.03077
    },
    "rc_at_20": {
        "relevant": 0.23077,
        "distractor": 1.83077
    },
    "rc_at_100": {
        "relevant": 0.83077,
        "distractor": 6.30769
    },
    "rc_at_200": {
        "relevant": 1.27692,
        "distractor": 10.06154
    },
    "rc_at_300": {
        "relevant": 1.6,
        "distractor": 13.29231
    },
    "rc_at_500": {
        "relevant": 2.12308,
        "distractor": 18.81538
    },
    "rc_at_1000": {
        "relevant": 3.06154,
        "distractor": 27.90769
    }
}