{
    "ndcg_at_1": 0.40125,
    "ndcg_at_3": 0.46623,
    "ndcg_at_5": 0.494,
    "ndcg_at_10": 0.52005,
    "ndcg_at_20": 0.54042,
    "ndcg_at_100": 0.56759,
    "ndcg_at_200": 0.57296,
    "ndcg_at_300": 0.57595,
    "ndcg_at_500": 0.57856,
    "ndcg_at_1000": 0.58102,
    "map_at_1": 0.34959,
    "map_at_3": 0.43152,
    "map_at_5": 0.45018,
    "map_at_10": 0.46272,
    "map_at_20": 0.46971,
    "map_at_100": 0.47459,
    "map_at_200": 0.47494,
    "map_at_300": 0.47506,
    "map_at_500": 0.47514,
    "map_at_1000": 0.47519,
    "recall_at_1": 0.34959,
    "recall_at_3": 0.5124,
    "recall_at_5": 0.58008,
    "recall_at_10": 0.65591,
    "recall_at_20": 0.73056,
    "recall_at_100": 0.85939,
    "recall_at_200": 0.89415,
    "recall_at_300": 0.91597,
    "recall_at_500": 0.93646,
    "recall_at_1000": 0.9574,
    "precision_at_1": 0.40125,
    "precision_at_3": 0.2094,
    "precision_at_5": 0.14495,
    "precision_at_10": 0.08414,
    "precision_at_20": 0.04818,
    "precision_at_100": 0.01187,
    "precision_at_200": 0.00621,
    "precision_at_300": 0.00425,
    "precision_at_500": 0.00262,
    "precision_at_1000": 0.00134,
    "mrr_at_1": 0.40125,
    "mrr_at_3": 0.47315,
    "mrr_at_5": 0.48791,
    "mrr_at_10": 0.49827,
    "mrr_at_20": 0.50299,
    "mrr_at_100": 0.50605,
    "mrr_at_200": 0.50627,
    "mrr_at_300": 0.50636,
    "mrr_at_500": 0.5064,
    "mrr_at_1000": 0.50643
}