{
    "ndcg_at_1": 0.09728,
    "ndcg_at_3": 0.11699,
    "ndcg_at_5": 0.13037,
    "ndcg_at_10": 0.14345,
    "ndcg_at_20": 0.15789,
    "ndcg_at_100": 0.18477,
    "ndcg_at_200": 0.20099,
    "ndcg_at_300": 0.20714,
    "ndcg_at_500": 0.21644,
    "ndcg_at_1000": 0.2271,
    "map_at_1": 0.07829,
    "map_at_3": 0.10104,
    "map_at_5": 0.10943,
    "map_at_10": 0.11498,
    "map_at_20": 0.11912,
    "map_at_100": 0.12251,
    "map_at_200": 0.12346,
    "map_at_300": 0.12371,
    "map_at_500": 0.12396,
    "map_at_1000": 0.12414,
    "recall_at_1": 0.07829,
    "recall_at_3": 0.12746,
    "recall_at_5": 0.16323,
    "recall_at_10": 0.20545,
    "recall_at_20": 0.2605,
    "recall_at_100": 0.39483,
    "recall_at_200": 0.49821,
    "recall_at_300": 0.54042,
    "recall_at_500": 0.61209,
    "recall_at_1000": 0.69959,
    "precision_at_1": 0.09728,
    "precision_at_3": 0.05675,
    "precision_at_5": 0.04406,
    "precision_at_10": 0.0279,
    "precision_at_20": 0.0181,
    "precision_at_100": 0.00619,
    "precision_at_200": 0.00406,
    "precision_at_300": 0.00299,
    "precision_at_500": 0.00206,
    "precision_at_1000": 0.00121,
    "mrr_at_1": 0.09728,
    "mrr_at_3": 0.12637,
    "mrr_at_5": 0.1356,
    "mrr_at_10": 0.14188,
    "mrr_at_20": 0.14648,
    "mrr_at_100": 0.14993,
    "mrr_at_200": 0.15066,
    "mrr_at_300": 0.15083,
    "mrr_at_500": 0.151,
    "mrr_at_1000": 0.15111
}