{
    "ndcg_at_1": 0.34545,
    "ndcg_at_3": 0.31986,
    "ndcg_at_5": 0.28185,
    "ndcg_at_10": 0.23382,
    "ndcg_at_20": 0.3067,
    "ndcg_at_100": 0.46492,
    "ndcg_at_200": 0.49529,
    "ndcg_at_300": 0.5059,
    "ndcg_at_500": 0.51337,
    "ndcg_at_1000": 0.52101,
    "map_at_1": 0.03455,
    "map_at_3": 0.07576,
    "map_at_5": 0.09748,
    "map_at_10": 0.1235,
    "map_at_20": 0.15882,
    "map_at_100": 0.21223,
    "map_at_200": 0.21758,
    "map_at_300": 0.21888,
    "map_at_500": 0.21951,
    "map_at_1000": 0.21987,
    "recall_at_1": 0.03455,
    "recall_at_3": 0.09273,
    "recall_at_5": 0.12909,
    "recall_at_10": 0.20182,
    "recall_at_20": 0.33273,
    "recall_at_100": 0.72909,
    "recall_at_200": 0.82727,
    "recall_at_300": 0.86545,
    "recall_at_500": 0.89455,
    "recall_at_1000": 0.92727,
    "precision_at_1": 0.34545,
    "precision_at_3": 0.30909,
    "precision_at_5": 0.25818,
    "precision_at_10": 0.20182,
    "precision_at_20": 0.16636,
    "precision_at_100": 0.07291,
    "precision_at_200": 0.04136,
    "precision_at_300": 0.02885,
    "precision_at_500": 0.01789,
    "precision_at_1000": 0.00927,
    "mrr_at_1": 0.34545,
    "mrr_at_3": 0.46667,
    "mrr_at_5": 0.47848,
    "mrr_at_10": 0.49989,
    "mrr_at_20": 0.50346,
    "mrr_at_100": 0.50588,
    "mrr_at_200": 0.50609,
    "mrr_at_300": 0.50609,
    "mrr_at_500": 0.50609,
    "mrr_at_1000": 0.50609,
    "rc_at_1": {
        "relevant": 0.34545,
        "distractor": 0.65455
    },
    "rc_at_3": {
        "relevant": 0.92727,
        "distractor": 2.07273
    },
    "rc_at_5": {
        "relevant": 1.29091,
        "distractor": 3.67273
    },
    "rc_at_10": {
        "relevant": 2.01818,
        "distractor": 7.78182
    },
    "rc_at_20": {
        "relevant": 3.32727,
        "distractor": 15.83636
    },
    "rc_at_100": {
        "relevant": 7.29091,
        "distractor": 59.01818
    },
    "rc_at_200": {
        "relevant": 8.27273,
        "distractor": 70.78182
    },
    "rc_at_300": {
        "relevant": 8.65455,
        "distractor": 75.67273
    },
    "rc_at_500": {
        "relevant": 8.94545,
        "distractor": 80.65455
    },
    "rc_at_1000": {
        "relevant": 9.27273,
        "distractor": 86.58182
    }
}