{
    "ndcg_at_1": 0.43498,
    "ndcg_at_3": 0.40281,
    "ndcg_at_5": 0.38731,
    "ndcg_at_10": 0.3583,
    "ndcg_at_20": 0.33329,
    "ndcg_at_100": 0.32817,
    "ndcg_at_200": 0.34646,
    "ndcg_at_300": 0.36011,
    "ndcg_at_500": 0.38219,
    "ndcg_at_1000": 0.41772,
    "map_at_1": 0.04487,
    "map_at_3": 0.08239,
    "map_at_5": 0.10143,
    "map_at_10": 0.12325,
    "map_at_20": 0.14039,
    "map_at_100": 0.164,
    "map_at_200": 0.17059,
    "map_at_300": 0.17356,
    "map_at_500": 0.17685,
    "map_at_1000": 0.18078,
    "recall_at_1": 0.04487,
    "recall_at_3": 0.09426,
    "recall_at_5": 0.12643,
    "recall_at_10": 0.16836,
    "recall_at_20": 0.21074,
    "recall_at_100": 0.34505,
    "recall_at_200": 0.42279,
    "recall_at_300": 0.47155,
    "recall_at_500": 0.54714,
    "recall_at_1000": 0.66583,
    "precision_at_1": 0.44892,
    "precision_at_3": 0.39422,
    "precision_at_5": 0.35418,
    "precision_at_10": 0.28235,
    "precision_at_20": 0.21053,
    "precision_at_100": 0.09062,
    "precision_at_200": 0.05964,
    "precision_at_300": 0.04633,
    "precision_at_500": 0.03399,
    "precision_at_1000": 0.02248,
    "mrr_at_1": 0.44892,
    "mrr_at_3": 0.51961,
    "mrr_at_5": 0.53122,
    "mrr_at_10": 0.5385,
    "mrr_at_20": 0.54151,
    "mrr_at_100": 0.54421,
    "mrr_at_200": 0.54449,
    "mrr_at_300": 0.54458,
    "mrr_at_500": 0.54463,
    "mrr_at_1000": 0.54466
}