{
    "ndcg_at_1": 0.29664,
    "ndcg_at_3": 0.34969,
    "ndcg_at_5": 0.37528,
    "ndcg_at_10": 0.40515,
    "ndcg_at_20": 0.43014,
    "ndcg_at_100": 0.46299,
    "ndcg_at_200": 0.47341,
    "ndcg_at_300": 0.47749,
    "ndcg_at_500": 0.48128,
    "ndcg_at_1000": 0.48613,
    "map_at_1": 0.25378,
    "map_at_3": 0.31735,
    "map_at_5": 0.33474,
    "map_at_10": 0.34893,
    "map_at_20": 0.35666,
    "map_at_100": 0.36206,
    "map_at_200": 0.36276,
    "map_at_300": 0.36294,
    "map_at_500": 0.36306,
    "map_at_1000": 0.36316,
    "recall_at_1": 0.25378,
    "recall_at_3": 0.38739,
    "recall_at_5": 0.45126,
    "recall_at_10": 0.5376,
    "recall_at_20": 0.62727,
    "recall_at_100": 0.78495,
    "recall_at_200": 0.84864,
    "recall_at_300": 0.87768,
    "recall_at_500": 0.90547,
    "recall_at_1000": 0.94292,
    "precision_at_1": 0.29664,
    "precision_at_3": 0.1592,
    "precision_at_5": 0.11511,
    "precision_at_10": 0.0708,
    "precision_at_20": 0.04221,
    "precision_at_100": 0.01118,
    "precision_at_200": 0.00621,
    "precision_at_300": 0.0043,
    "precision_at_500": 0.00269,
    "precision_at_1000": 0.00144,
    "mrr_at_1": 0.29664,
    "mrr_at_3": 0.3593,
    "mrr_at_5": 0.37474,
    "mrr_at_10": 0.38677,
    "mrr_at_20": 0.39319,
    "mrr_at_100": 0.39674,
    "mrr_at_200": 0.39714,
    "mrr_at_300": 0.39722,
    "mrr_at_500": 0.39729,
    "mrr_at_1000": 0.39732
}