{
    "ndcg_at_1": 0.435,
    "ndcg_at_3": 0.37054,
    "ndcg_at_5": 0.35086,
    "ndcg_at_10": 0.33022,
    "ndcg_at_20": 0.32372,
    "ndcg_at_100": 0.36635,
    "ndcg_at_200": 0.39359,
    "ndcg_at_300": 0.40652,
    "ndcg_at_500": 0.42156,
    "ndcg_at_1000": 0.44159,
    "map_at_1": 0.06652,
    "map_at_3": 0.09982,
    "map_at_5": 0.11793,
    "map_at_10": 0.13967,
    "map_at_20": 0.16214,
    "map_at_100": 0.19529,
    "map_at_200": 0.20193,
    "map_at_300": 0.20427,
    "map_at_500": 0.20637,
    "map_at_1000": 0.20855,
    "recall_at_1": 0.06652,
    "recall_at_3": 0.11122,
    "recall_at_5": 0.14429,
    "recall_at_10": 0.19368,
    "recall_at_20": 0.25566,
    "recall_at_100": 0.42676,
    "recall_at_200": 0.50758,
    "recall_at_300": 0.5497,
    "recall_at_500": 0.60246,
    "recall_at_1000": 0.67164,
    "precision_at_1": 0.535,
    "precision_at_3": 0.39833,
    "precision_at_5": 0.342,
    "precision_at_10": 0.26375,
    "precision_at_20": 0.19887,
    "precision_at_100": 0.0844,
    "precision_at_200": 0.0547,
    "precision_at_300": 0.04137,
    "precision_at_500": 0.0289,
    "precision_at_1000": 0.01788,
    "mrr_at_1": 0.535,
    "mrr_at_3": 0.61792,
    "mrr_at_5": 0.63067,
    "mrr_at_10": 0.63868,
    "mrr_at_20": 0.64221,
    "mrr_at_100": 0.64412,
    "mrr_at_200": 0.64425,
    "mrr_at_300": 0.64427,
    "mrr_at_500": 0.64428,
    "mrr_at_1000": 0.64429
}