{
    "ndcg_at_1": 0.29,
    "ndcg_at_3": 0.23231,
    "ndcg_at_5": 0.22233,
    "ndcg_at_10": 0.20518,
    "ndcg_at_20": 0.19716,
    "ndcg_at_100": 0.2183,
    "ndcg_at_200": 0.2356,
    "ndcg_at_300": 0.24633,
    "ndcg_at_500": 0.25723,
    "ndcg_at_1000": 0.27464,
    "map_at_1": 0.03852,
    "map_at_3": 0.0531,
    "map_at_5": 0.06177,
    "map_at_10": 0.07142,
    "map_at_20": 0.08123,
    "map_at_100": 0.09442,
    "map_at_200": 0.09757,
    "map_at_300": 0.09888,
    "map_at_500": 0.09997,
    "map_at_1000": 0.10104,
    "recall_at_1": 0.03852,
    "recall_at_3": 0.05965,
    "recall_at_5": 0.0792,
    "recall_at_10": 0.10721,
    "recall_at_20": 0.1443,
    "recall_at_100": 0.24985,
    "recall_at_200": 0.30254,
    "recall_at_300": 0.33839,
    "recall_at_500": 0.37873,
    "recall_at_1000": 0.44828,
    "precision_at_1": 0.365,
    "precision_at_3": 0.2525,
    "precision_at_5": 0.22,
    "precision_at_10": 0.16425,
    "precision_at_20": 0.12237,
    "precision_at_100": 0.04937,
    "precision_at_200": 0.03216,
    "precision_at_300": 0.02482,
    "precision_at_500": 0.01746,
    "precision_at_1000": 0.01088,
    "mrr_at_1": 0.365,
    "mrr_at_3": 0.41917,
    "mrr_at_5": 0.43767,
    "mrr_at_10": 0.44948,
    "mrr_at_20": 0.45349,
    "mrr_at_100": 0.45672,
    "mrr_at_200": 0.45695,
    "mrr_at_300": 0.45702,
    "mrr_at_500": 0.45707,
    "mrr_at_1000": 0.4571
}