{
    "ndcg_at_1": 0.7008,
    "ndcg_at_3": 0.74522,
    "ndcg_at_5": 0.76541,
    "ndcg_at_10": 0.78225,
    "ndcg_at_20": 0.79325,
    "ndcg_at_100": 0.80475,
    "ndcg_at_200": 0.80696,
    "ndcg_at_300": 0.80786,
    "ndcg_at_500": 0.80861,
    "ndcg_at_1000": 0.80949,
    "map_at_1": 0.60948,
    "map_at_3": 0.70583,
    "map_at_5": 0.72449,
    "map_at_10": 0.73567,
    "map_at_20": 0.7407,
    "map_at_100": 0.74358,
    "map_at_200": 0.74381,
    "map_at_300": 0.74387,
    "map_at_500": 0.74391,
    "map_at_1000": 0.74394,
    "recall_at_1": 0.60948,
    "recall_at_3": 0.77099,
    "recall_at_5": 0.82517,
    "recall_at_10": 0.87452,
    "recall_at_20": 0.91191,
    "recall_at_100": 0.96085,
    "recall_at_200": 0.97298,
    "recall_at_300": 0.97845,
    "recall_at_500": 0.9834,
    "recall_at_1000": 0.98951,
    "precision_at_1": 0.7008,
    "precision_at_3": 0.324,
    "precision_at_5": 0.21548,
    "precision_at_10": 0.11909,
    "precision_at_20": 0.06433,
    "precision_at_100": 0.01433,
    "precision_at_200": 0.00737,
    "precision_at_300": 0.00497,
    "precision_at_500": 0.00302,
    "precision_at_1000": 0.00153,
    "mrr_at_1": 0.7007,
    "mrr_at_3": 0.76057,
    "mrr_at_5": 0.77028,
    "mrr_at_10": 0.77542,
    "mrr_at_20": 0.77734,
    "mrr_at_100": 0.77828,
    "mrr_at_200": 0.77834,
    "mrr_at_300": 0.77836,
    "mrr_at_500": 0.77836,
    "mrr_at_1000": 0.77837
}