{
    "ndcg_at_1": 0.21996,
    "ndcg_at_3": 0.28508,
    "ndcg_at_5": 0.30742,
    "ndcg_at_10": 0.33257,
    "ndcg_at_20": 0.34704,
    "ndcg_at_100": 0.3832,
    "ndcg_at_200": 0.39161,
    "ndcg_at_300": 0.39667,
    "ndcg_at_500": 0.40291,
    "ndcg_at_1000": 0.40882,
    "map_at_1": 0.19877,
    "map_at_3": 0.25996,
    "map_at_5": 0.27373,
    "map_at_10": 0.28519,
    "map_at_20": 0.28947,
    "map_at_100": 0.29463,
    "map_at_200": 0.29516,
    "map_at_300": 0.29537,
    "map_at_500": 0.29555,
    "map_at_1000": 0.29566,
    "recall_at_1": 0.19877,
    "recall_at_3": 0.33198,
    "recall_at_5": 0.38509,
    "recall_at_10": 0.45872,
    "recall_at_20": 0.513,
    "recall_at_100": 0.69853,
    "recall_at_200": 0.75289,
    "recall_at_300": 0.78916,
    "recall_at_500": 0.83872,
    "recall_at_1000": 0.8901,
    "precision_at_1": 0.21996,
    "precision_at_3": 0.12508,
    "precision_at_5": 0.08835,
    "precision_at_10": 0.0536,
    "precision_at_20": 0.03013,
    "precision_at_100": 0.00852,
    "precision_at_200": 0.00474,
    "precision_at_300": 0.00338,
    "precision_at_500": 0.00219,
    "precision_at_1000": 0.00118,
    "mrr_at_1": 0.21996,
    "mrr_at_3": 0.2825,
    "mrr_at_5": 0.29507,
    "mrr_at_10": 0.30482,
    "mrr_at_20": 0.30874,
    "mrr_at_100": 0.31344,
    "mrr_at_200": 0.31379,
    "mrr_at_300": 0.31391,
    "mrr_at_500": 0.31403,
    "mrr_at_1000": 0.31411
}