{
    "ndcg_at_1": 0.27854,
    "ndcg_at_3": 0.35192,
    "ndcg_at_5": 0.37836,
    "ndcg_at_10": 0.40877,
    "ndcg_at_20": 0.43036,
    "ndcg_at_100": 0.46711,
    "ndcg_at_200": 0.47483,
    "ndcg_at_300": 0.47896,
    "ndcg_at_500": 0.48334,
    "ndcg_at_1000": 0.48775,
    "map_at_1": 0.22294,
    "map_at_3": 0.30788,
    "map_at_5": 0.32679,
    "map_at_10": 0.3431,
    "map_at_20": 0.35029,
    "map_at_100": 0.35643,
    "map_at_200": 0.357,
    "map_at_300": 0.3572,
    "map_at_500": 0.35736,
    "map_at_1000": 0.35747,
    "recall_at_1": 0.22294,
    "recall_at_3": 0.40026,
    "recall_at_5": 0.46563,
    "recall_at_10": 0.55408,
    "recall_at_20": 0.63142,
    "recall_at_100": 0.8052,
    "recall_at_200": 0.85138,
    "recall_at_300": 0.87768,
    "recall_at_500": 0.90815,
    "recall_at_1000": 0.94167,
    "precision_at_1": 0.27854,
    "precision_at_3": 0.17504,
    "precision_at_5": 0.12854,
    "precision_at_10": 0.07888,
    "precision_at_20": 0.04595,
    "precision_at_100": 0.01257,
    "precision_at_200": 0.0068,
    "precision_at_300": 0.00478,
    "precision_at_500": 0.00304,
    "precision_at_1000": 0.00162,
    "mrr_at_1": 0.27854,
    "mrr_at_3": 0.36454,
    "mrr_at_5": 0.38137,
    "mrr_at_10": 0.39187,
    "mrr_at_20": 0.39688,
    "mrr_at_100": 0.40092,
    "mrr_at_200": 0.40121,
    "mrr_at_300": 0.4013,
    "mrr_at_500": 0.40136,
    "mrr_at_1000": 0.40139
}