{
    "ndcg_at_1": 0.171,
    "ndcg_at_3": 0.14496,
    "ndcg_at_5": 0.12788,
    "ndcg_at_10": 0.15443,
    "ndcg_at_20": 0.17835,
    "ndcg_at_100": 0.22481,
    "ndcg_at_200": 0.24106,
    "ndcg_at_300": 0.25064,
    "ndcg_at_500": 0.26174,
    "ndcg_at_1000": 0.2754,
    "map_at_1": 0.03473,
    "map_at_3": 0.06308,
    "map_at_5": 0.07531,
    "map_at_10": 0.0873,
    "map_at_20": 0.09508,
    "map_at_100": 0.10378,
    "map_at_200": 0.10509,
    "map_at_300": 0.10563,
    "map_at_500": 0.10605,
    "map_at_1000": 0.1064,
    "recall_at_1": 0.03473,
    "recall_at_3": 0.08382,
    "recall_at_5": 0.11612,
    "recall_at_10": 0.16515,
    "recall_at_20": 0.22125,
    "recall_at_100": 0.37272,
    "recall_at_200": 0.44178,
    "recall_at_300": 0.48687,
    "recall_at_500": 0.5435,
    "recall_at_1000": 0.62005,
    "precision_at_1": 0.171,
    "precision_at_3": 0.13767,
    "precision_at_5": 0.1146,
    "precision_at_10": 0.0813,
    "precision_at_20": 0.0545,
    "precision_at_100": 0.01836,
    "precision_at_200": 0.01087,
    "precision_at_300": 0.00799,
    "precision_at_500": 0.00535,
    "precision_at_1000": 0.00305,
    "mrr_at_1": 0.171,
    "mrr_at_3": 0.23883,
    "mrr_at_5": 0.25498,
    "mrr_at_10": 0.2697,
    "mrr_at_20": 0.27677,
    "mrr_at_100": 0.28136,
    "mrr_at_200": 0.28181,
    "mrr_at_300": 0.28194,
    "mrr_at_500": 0.28205,
    "mrr_at_1000": 0.2821
}