{
    "ndcg_at_1": 0.24693,
    "ndcg_at_3": 0.29336,
    "ndcg_at_5": 0.31349,
    "ndcg_at_10": 0.3347,
    "ndcg_at_20": 0.35475,
    "ndcg_at_100": 0.38417,
    "ndcg_at_200": 0.39309,
    "ndcg_at_300": 0.39846,
    "ndcg_at_500": 0.40479,
    "ndcg_at_1000": 0.41018,
    "map_at_1": 0.2131,
    "map_at_3": 0.26695,
    "map_at_5": 0.27995,
    "map_at_10": 0.28972,
    "map_at_20": 0.29567,
    "map_at_100": 0.30005,
    "map_at_200": 0.30057,
    "map_at_300": 0.30079,
    "map_at_500": 0.30095,
    "map_at_1000": 0.30105,
    "recall_at_1": 0.2131,
    "recall_at_3": 0.32734,
    "recall_at_5": 0.37841,
    "recall_at_10": 0.44255,
    "recall_at_20": 0.51883,
    "recall_at_100": 0.66853,
    "recall_at_200": 0.72827,
    "recall_at_300": 0.7663,
    "recall_at_500": 0.81674,
    "recall_at_1000": 0.86101,
    "precision_at_1": 0.24693,
    "precision_at_3": 0.13088,
    "precision_at_5": 0.09233,
    "precision_at_10": 0.05506,
    "precision_at_20": 0.03267,
    "precision_at_100": 0.00865,
    "precision_at_200": 0.00475,
    "precision_at_300": 0.00338,
    "precision_at_500": 0.00217,
    "precision_at_1000": 0.00117,
    "mrr_at_1": 0.24693,
    "mrr_at_3": 0.29857,
    "mrr_at_5": 0.31038,
    "mrr_at_10": 0.31902,
    "mrr_at_20": 0.32427,
    "mrr_at_100": 0.32787,
    "mrr_at_200": 0.32828,
    "mrr_at_300": 0.32843,
    "mrr_at_500": 0.32855,
    "mrr_at_1000": 0.32861
}