{
    "ndcg_at_1": 0.32308,
    "ndcg_at_3": 0.27959,
    "ndcg_at_5": 0.25931,
    "ndcg_at_10": 0.21207,
    "ndcg_at_20": 0.28268,
    "ndcg_at_100": 0.49547,
    "ndcg_at_200": 0.53414,
    "ndcg_at_300": 0.53673,
    "ndcg_at_500": 0.53752,
    "ndcg_at_1000": 0.53787,
    "map_at_1": 0.03231,
    "map_at_3": 0.06692,
    "map_at_5": 0.08877,
    "map_at_10": 0.11369,
    "map_at_20": 0.14688,
    "map_at_100": 0.21171,
    "map_at_200": 0.22055,
    "map_at_300": 0.22094,
    "map_at_500": 0.22102,
    "map_at_1000": 0.22104,
    "recall_at_1": 0.03231,
    "recall_at_3": 0.08,
    "recall_at_5": 0.12154,
    "recall_at_10": 0.18308,
    "recall_at_20": 0.31077,
    "recall_at_100": 0.86308,
    "recall_at_200": 0.98462,
    "recall_at_300": 0.99385,
    "recall_at_500": 0.99692,
    "recall_at_1000": 0.99846,
    "precision_at_1": 0.32308,
    "precision_at_3": 0.26667,
    "precision_at_5": 0.24308,
    "precision_at_10": 0.18308,
    "precision_at_20": 0.15538,
    "precision_at_100": 0.08631,
    "precision_at_200": 0.04923,
    "precision_at_300": 0.03313,
    "precision_at_500": 0.01994,
    "precision_at_1000": 0.00998,
    "mrr_at_1": 0.32308,
    "mrr_at_3": 0.40256,
    "mrr_at_5": 0.42641,
    "mrr_at_10": 0.44147,
    "mrr_at_20": 0.45359,
    "mrr_at_100": 0.45708,
    "mrr_at_200": 0.45708,
    "mrr_at_300": 0.45708,
    "mrr_at_500": 0.45708,
    "mrr_at_1000": 0.45708,
    "rc_at_1": {
        "relevant": 0.32308,
        "distractor": 0.67692
    },
    "rc_at_3": {
        "relevant": 0.8,
        "distractor": 2.18462
    },
    "rc_at_5": {
        "relevant": 1.21538,
        "distractor": 3.76923
    },
    "rc_at_10": {
        "relevant": 1.83077,
        "distractor": 8.13846
    },
    "rc_at_20": {
        "relevant": 3.10769,
        "distractor": 16.83077
    },
    "rc_at_100": {
        "relevant": 8.63077,
        "distractor": 86.86154
    },
    "rc_at_200": {
        "relevant": 9.84615,
        "distractor": 97.07692
    },
    "rc_at_300": {
        "relevant": 9.93846,
        "distractor": 98.07692
    },
    "rc_at_500": {
        "relevant": 9.96923,
        "distractor": 98.61538
    },
    "rc_at_1000": {
        "relevant": 9.98462,
        "distractor": 99.15385
    }
}