{
    "ndcg_at_1": 0.32308,
    "ndcg_at_3": 0.27959,
    "ndcg_at_5": 0.25931,
    "ndcg_at_10": 0.21203,
    "ndcg_at_20": 0.28177,
    "ndcg_at_100": 0.48205,
    "ndcg_at_200": 0.51611,
    "ndcg_at_300": 0.52081,
    "ndcg_at_500": 0.52594,
    "ndcg_at_1000": 0.53092,
    "map_at_1": 0.03231,
    "map_at_3": 0.06692,
    "map_at_5": 0.08877,
    "map_at_10": 0.11366,
    "map_at_20": 0.14624,
    "map_at_100": 0.20727,
    "map_at_200": 0.21471,
    "map_at_300": 0.21528,
    "map_at_500": 0.21571,
    "map_at_1000": 0.21599,
    "recall_at_1": 0.03231,
    "recall_at_3": 0.08,
    "recall_at_5": 0.12154,
    "recall_at_10": 0.18308,
    "recall_at_20": 0.30923,
    "recall_at_100": 0.82615,
    "recall_at_200": 0.93385,
    "recall_at_300": 0.95077,
    "recall_at_500": 0.97077,
    "recall_at_1000": 0.99231,
    "precision_at_1": 0.32308,
    "precision_at_3": 0.26667,
    "precision_at_5": 0.24308,
    "precision_at_10": 0.18308,
    "precision_at_20": 0.15462,
    "precision_at_100": 0.08262,
    "precision_at_200": 0.04669,
    "precision_at_300": 0.03169,
    "precision_at_500": 0.01942,
    "precision_at_1000": 0.00992,
    "mrr_at_1": 0.32308,
    "mrr_at_3": 0.40256,
    "mrr_at_5": 0.42641,
    "mrr_at_10": 0.44147,
    "mrr_at_20": 0.45359,
    "mrr_at_100": 0.45708,
    "mrr_at_200": 0.45708,
    "mrr_at_300": 0.45708,
    "mrr_at_500": 0.45708,
    "mrr_at_1000": 0.45708,
    "rc_at_1": {
        "relevant": 0.32308,
        "distractor": 0.67692
    },
    "rc_at_3": {
        "relevant": 0.8,
        "distractor": 2.18462
    },
    "rc_at_5": {
        "relevant": 1.21538,
        "distractor": 3.76923
    },
    "rc_at_10": {
        "relevant": 1.83077,
        "distractor": 8.12308
    },
    "rc_at_20": {
        "relevant": 3.09231,
        "distractor": 16.8
    },
    "rc_at_100": {
        "relevant": 8.26154,
        "distractor": 81.53846
    },
    "rc_at_200": {
        "relevant": 9.33846,
        "distractor": 92.76923
    },
    "rc_at_300": {
        "relevant": 9.50769,
        "distractor": 94.47692
    },
    "rc_at_500": {
        "relevant": 9.70769,
        "distractor": 95.75385
    },
    "rc_at_1000": {
        "relevant": 9.92308,
        "distractor": 97.24615
    }
}