{
    "ndcg_at_1": 0.29231,
    "ndcg_at_3": 0.2196,
    "ndcg_at_5": 0.20834,
    "ndcg_at_10": 0.17333,
    "ndcg_at_20": 0.21081,
    "ndcg_at_100": 0.3181,
    "ndcg_at_200": 0.34205,
    "ndcg_at_300": 0.3523,
    "ndcg_at_500": 0.36857,
    "ndcg_at_1000": 0.38159,
    "map_at_1": 0.02923,
    "map_at_3": 0.04923,
    "map_at_5": 0.06762,
    "map_at_10": 0.0868,
    "map_at_20": 0.10206,
    "map_at_100": 0.1297,
    "map_at_200": 0.13289,
    "map_at_300": 0.13396,
    "map_at_500": 0.13511,
    "map_at_1000": 0.13566,
    "recall_at_1": 0.02923,
    "recall_at_3": 0.06154,
    "recall_at_5": 0.09692,
    "recall_at_10": 0.15077,
    "recall_at_20": 0.21846,
    "recall_at_100": 0.48769,
    "recall_at_200": 0.56615,
    "recall_at_300": 0.60308,
    "recall_at_500": 0.66615,
    "recall_at_1000": 0.72154,
    "precision_at_1": 0.29231,
    "precision_at_3": 0.20513,
    "precision_at_5": 0.19385,
    "precision_at_10": 0.15077,
    "precision_at_20": 0.10923,
    "precision_at_100": 0.04877,
    "precision_at_200": 0.02831,
    "precision_at_300": 0.0201,
    "precision_at_500": 0.01332,
    "precision_at_1000": 0.00722,
    "mrr_at_1": 0.29231,
    "mrr_at_3": 0.35641,
    "mrr_at_5": 0.37641,
    "mrr_at_10": 0.39781,
    "mrr_at_20": 0.40109,
    "mrr_at_100": 0.40773,
    "mrr_at_200": 0.4079,
    "mrr_at_300": 0.4079,
    "mrr_at_500": 0.4079,
    "mrr_at_1000": 0.4079,
    "rc_at_1": {
        "relevant": 0.29231,
        "distractor": 0.56923
    },
    "rc_at_3": {
        "relevant": 0.61538,
        "distractor": 1.93846
    },
    "rc_at_5": {
        "relevant": 0.95385,
        "distractor": 3.09231
    },
    "rc_at_10": {
        "relevant": 1.50769,
        "distractor": 6.52308
    },
    "rc_at_20": {
        "relevant": 2.16923,
        "distractor": 13.04615
    },
    "rc_at_100": {
        "relevant": 4.86154,
        "distractor": 41.73846
    },
    "rc_at_200": {
        "relevant": 5.66154,
        "distractor": 53.03077
    },
    "rc_at_300": {
        "relevant": 6.03077,
        "distractor": 57.70769
    },
    "rc_at_500": {
        "relevant": 6.66154,
        "distractor": 64.18462
    },
    "rc_at_1000": {
        "relevant": 7.21538,
        "distractor": 71.32308
    }
}