{
    "ndcg_at_1": 0.26154,
    "ndcg_at_3": 0.19338,
    "ndcg_at_5": 0.18334,
    "ndcg_at_10": 0.14317,
    "ndcg_at_20": 0.17361,
    "ndcg_at_100": 0.23532,
    "ndcg_at_200": 0.2552,
    "ndcg_at_300": 0.26456,
    "ndcg_at_500": 0.27476,
    "ndcg_at_1000": 0.28621,
    "map_at_1": 0.02615,
    "map_at_3": 0.04436,
    "map_at_5": 0.06005,
    "map_at_10": 0.07303,
    "map_at_20": 0.08493,
    "map_at_100": 0.09782,
    "map_at_200": 0.10014,
    "map_at_300": 0.1009,
    "map_at_500": 0.10138,
    "map_at_1000": 0.10178,
    "recall_at_1": 0.02615,
    "recall_at_3": 0.05385,
    "recall_at_5": 0.08462,
    "recall_at_10": 0.11846,
    "recall_at_20": 0.17385,
    "recall_at_100": 0.33231,
    "recall_at_200": 0.39692,
    "recall_at_300": 0.43077,
    "recall_at_500": 0.47077,
    "recall_at_1000": 0.52,
    "precision_at_1": 0.26154,
    "precision_at_3": 0.17949,
    "precision_at_5": 0.16923,
    "precision_at_10": 0.11846,
    "precision_at_20": 0.08692,
    "precision_at_100": 0.03323,
    "precision_at_200": 0.01985,
    "precision_at_300": 0.01436,
    "precision_at_500": 0.00942,
    "precision_at_1000": 0.0052,
    "mrr_at_1": 0.26154,
    "mrr_at_3": 0.31026,
    "mrr_at_5": 0.33179,
    "mrr_at_10": 0.34707,
    "mrr_at_20": 0.35004,
    "mrr_at_100": 0.35527,
    "mrr_at_200": 0.3556,
    "mrr_at_300": 0.35566,
    "mrr_at_500": 0.35571,
    "mrr_at_1000": 0.35576,
    "rc_at_1": {
        "relevant": 0.26154,
        "distractor": 0.46154
    },
    "rc_at_3": {
        "relevant": 0.55385,
        "distractor": 1.43077
    },
    "rc_at_5": {
        "relevant": 0.83077,
        "distractor": 2.16923
    },
    "rc_at_10": {
        "relevant": 1.2,
        "distractor": 4.26154
    },
    "rc_at_20": {
        "relevant": 1.73846,
        "distractor": 8.36923
    },
    "rc_at_100": {
        "relevant": 3.32308,
        "distractor": 24.23077
    },
    "rc_at_200": {
        "relevant": 3.96923,
        "distractor": 32.16923
    },
    "rc_at_300": {
        "relevant": 4.32308,
        "distractor": 36.13846
    },
    "rc_at_500": {
        "relevant": 4.70769,
        "distractor": 41.36923
    },
    "rc_at_1000": {
        "relevant": 5.2,
        "distractor": 48.50769
    }
}