{
    "ndcg_at_1": 0.29231,
    "ndcg_at_3": 0.23232,
    "ndcg_at_5": 0.22202,
    "ndcg_at_10": 0.18986,
    "ndcg_at_20": 0.23598,
    "ndcg_at_100": 0.38436,
    "ndcg_at_200": 0.42295,
    "ndcg_at_300": 0.43155,
    "ndcg_at_500": 0.44376,
    "ndcg_at_1000": 0.45637,
    "map_at_1": 0.02923,
    "map_at_3": 0.05179,
    "map_at_5": 0.07187,
    "map_at_10": 0.09499,
    "map_at_20": 0.11393,
    "map_at_100": 0.15552,
    "map_at_200": 0.16215,
    "map_at_300": 0.16306,
    "map_at_500": 0.16394,
    "map_at_1000": 0.1646,
    "recall_at_1": 0.02923,
    "recall_at_3": 0.06615,
    "recall_at_5": 0.10462,
    "recall_at_10": 0.16923,
    "recall_at_20": 0.25231,
    "recall_at_100": 0.62615,
    "recall_at_200": 0.75077,
    "recall_at_300": 0.78154,
    "recall_at_500": 0.82923,
    "recall_at_1000": 0.88308,
    "precision_at_1": 0.29231,
    "precision_at_3": 0.22051,
    "precision_at_5": 0.20923,
    "precision_at_10": 0.16923,
    "precision_at_20": 0.12615,
    "precision_at_100": 0.06262,
    "precision_at_200": 0.03754,
    "precision_at_300": 0.02605,
    "precision_at_500": 0.01658,
    "precision_at_1000": 0.00883,
    "mrr_at_1": 0.29231,
    "mrr_at_3": 0.37179,
    "mrr_at_5": 0.39641,
    "mrr_at_10": 0.41822,
    "mrr_at_20": 0.42332,
    "mrr_at_100": 0.42939,
    "mrr_at_200": 0.42939,
    "mrr_at_300": 0.42939,
    "mrr_at_500": 0.42939,
    "mrr_at_1000": 0.42939,
    "rc_at_1": {
        "relevant": 0.29231,
        "distractor": 0.69231
    },
    "rc_at_3": {
        "relevant": 0.66154,
        "distractor": 2.21538
    },
    "rc_at_5": {
        "relevant": 1.03077,
        "distractor": 3.76923
    },
    "rc_at_10": {
        "relevant": 1.69231,
        "distractor": 7.8
    },
    "rc_at_20": {
        "relevant": 2.50769,
        "distractor": 15.72308
    },
    "rc_at_100": {
        "relevant": 6.27692,
        "distractor": 60.76923
    },
    "rc_at_200": {
        "relevant": 7.50769,
        "distractor": 73.72308
    },
    "rc_at_300": {
        "relevant": 7.81538,
        "distractor": 78.67692
    },
    "rc_at_500": {
        "relevant": 8.29231,
        "distractor": 83.36923
    },
    "rc_at_1000": {
        "relevant": 8.83077,
        "distractor": 88.01538
    }
}