{
    "ndcg_at_1": 0.56667,
    "ndcg_at_3": 0.65314,
    "ndcg_at_5": 0.67659,
    "ndcg_at_10": 0.69914,
    "ndcg_at_20": 0.70958,
    "ndcg_at_100": 0.72267,
    "ndcg_at_200": 0.72562,
    "ndcg_at_300": 0.72644,
    "ndcg_at_500": 0.72722,
    "ndcg_at_1000": 0.72898,
    "map_at_1": 0.53744,
    "map_at_3": 0.62391,
    "map_at_5": 0.64016,
    "map_at_10": 0.65088,
    "map_at_20": 0.65442,
    "map_at_100": 0.65636,
    "map_at_200": 0.65656,
    "map_at_300": 0.65658,
    "map_at_500": 0.6566,
    "map_at_1000": 0.65662,
    "recall_at_1": 0.53744,
    "recall_at_3": 0.71589,
    "recall_at_5": 0.77344,
    "recall_at_10": 0.83756,
    "recall_at_20": 0.87533,
    "recall_at_100": 0.94433,
    "recall_at_200": 0.96333,
    "recall_at_300": 0.97,
    "recall_at_500": 0.97667,
    "recall_at_1000": 0.99333,
    "precision_at_1": 0.56667,
    "precision_at_3": 0.26,
    "precision_at_5": 0.172,
    "precision_at_10": 0.09433,
    "precision_at_20": 0.04967,
    "precision_at_100": 0.01067,
    "precision_at_200": 0.00547,
    "precision_at_300": 0.00367,
    "precision_at_500": 0.00221,
    "precision_at_1000": 0.00112,
    "mrr_at_1": 0.56667,
    "mrr_at_3": 0.63778,
    "mrr_at_5": 0.65078,
    "mrr_at_10": 0.65933,
    "mrr_at_20": 0.66179,
    "mrr_at_100": 0.66352,
    "mrr_at_200": 0.66366,
    "mrr_at_300": 0.66369,
    "mrr_at_500": 0.6637,
    "mrr_at_1000": 0.66373
}