{
    "ndcg_at_1": 0.03058,
    "ndcg_at_3": 0.18556,
    "ndcg_at_5": 0.24558,
    "ndcg_at_10": 0.31866,
    "ndcg_at_20": 0.3597,
    "ndcg_at_100": 0.38366,
    "ndcg_at_200": 0.38626,
    "ndcg_at_300": 0.38707,
    "ndcg_at_500": 0.38791,
    "ndcg_at_1000": 0.38844,
    "map_at_1": 0.03058,
    "map_at_3": 0.14723,
    "map_at_5": 0.18033,
    "map_at_10": 0.21045,
    "map_at_20": 0.22202,
    "map_at_100": 0.22561,
    "map_at_200": 0.22575,
    "map_at_300": 0.22578,
    "map_at_500": 0.2258,
    "map_at_1000": 0.2258,
    "recall_at_1": 0.03058,
    "recall_at_3": 0.29659,
    "recall_at_5": 0.4431,
    "recall_at_10": 0.66927,
    "recall_at_20": 0.8293,
    "recall_at_100": 0.95448,
    "recall_at_200": 0.97297,
    "recall_at_300": 0.97937,
    "recall_at_500": 0.98649,
    "recall_at_1000": 0.99147,
    "precision_at_1": 0.03058,
    "precision_at_3": 0.09886,
    "precision_at_5": 0.08862,
    "precision_at_10": 0.06693,
    "precision_at_20": 0.04147,
    "precision_at_100": 0.00954,
    "precision_at_200": 0.00486,
    "precision_at_300": 0.00326,
    "precision_at_500": 0.00197,
    "precision_at_1000": 0.00099,
    "mrr_at_1": 0.03058,
    "mrr_at_3": 0.14723,
    "mrr_at_5": 0.18033,
    "mrr_at_10": 0.21045,
    "mrr_at_20": 0.22202,
    "mrr_at_100": 0.22561,
    "mrr_at_200": 0.22575,
    "mrr_at_300": 0.22578,
    "mrr_at_500": 0.2258,
    "mrr_at_1000": 0.2258
}