{
    "ndcg_at_1": 0.09356,
    "ndcg_at_3": 0.12261,
    "ndcg_at_5": 0.13185,
    "ndcg_at_10": 0.14683,
    "ndcg_at_20": 0.16273,
    "ndcg_at_100": 0.19232,
    "ndcg_at_200": 0.20455,
    "ndcg_at_300": 0.21193,
    "ndcg_at_500": 0.21875,
    "ndcg_at_1000": 0.22777,
    "map_at_1": 0.08025,
    "map_at_3": 0.10768,
    "map_at_5": 0.11316,
    "map_at_10": 0.1198,
    "map_at_20": 0.12425,
    "map_at_100": 0.12846,
    "map_at_200": 0.12918,
    "map_at_300": 0.12945,
    "map_at_500": 0.12963,
    "map_at_1000": 0.12977,
    "recall_at_1": 0.08025,
    "recall_at_3": 0.14346,
    "recall_at_5": 0.16729,
    "recall_at_10": 0.21181,
    "recall_at_20": 0.2715,
    "recall_at_100": 0.42331,
    "recall_at_200": 0.50301,
    "recall_at_300": 0.55762,
    "recall_at_500": 0.61123,
    "recall_at_1000": 0.68893,
    "precision_at_1": 0.09356,
    "precision_at_3": 0.05777,
    "precision_at_5": 0.0411,
    "precision_at_10": 0.02653,
    "precision_at_20": 0.01702,
    "precision_at_100": 0.00543,
    "precision_at_200": 0.00328,
    "precision_at_300": 0.00244,
    "precision_at_500": 0.00163,
    "precision_at_1000": 0.00094,
    "mrr_at_1": 0.09356,
    "mrr_at_3": 0.12551,
    "mrr_at_5": 0.13287,
    "mrr_at_10": 0.1391,
    "mrr_at_20": 0.14366,
    "mrr_at_100": 0.14747,
    "mrr_at_200": 0.14807,
    "mrr_at_300": 0.1483,
    "mrr_at_500": 0.14843,
    "mrr_at_1000": 0.14854
}