{
    "ndcg_at_1": 0.05131,
    "ndcg_at_3": 0.06597,
    "ndcg_at_5": 0.07181,
    "ndcg_at_10": 0.08344,
    "ndcg_at_20": 0.09171,
    "ndcg_at_100": 0.11193,
    "ndcg_at_200": 0.12178,
    "ndcg_at_300": 0.12729,
    "ndcg_at_500": 0.13508,
    "ndcg_at_1000": 0.14507,
    "map_at_1": 0.04504,
    "map_at_3": 0.05876,
    "map_at_5": 0.06221,
    "map_at_10": 0.06686,
    "map_at_20": 0.0691,
    "map_at_100": 0.07165,
    "map_at_200": 0.07217,
    "map_at_300": 0.07235,
    "map_at_500": 0.07255,
    "map_at_1000": 0.0727,
    "recall_at_1": 0.04504,
    "recall_at_3": 0.07729,
    "recall_at_5": 0.0916,
    "recall_at_10": 0.12654,
    "recall_at_20": 0.15758,
    "recall_at_100": 0.2623,
    "recall_at_200": 0.32812,
    "recall_at_300": 0.36854,
    "recall_at_500": 0.42919,
    "recall_at_1000": 0.51474,
    "precision_at_1": 0.05131,
    "precision_at_3": 0.02985,
    "precision_at_5": 0.02146,
    "precision_at_10": 0.01511,
    "precision_at_20": 0.00961,
    "precision_at_100": 0.00337,
    "precision_at_200": 0.00214,
    "precision_at_300": 0.00162,
    "precision_at_500": 0.00116,
    "precision_at_1000": 0.00072,
    "mrr_at_1": 0.05131,
    "mrr_at_3": 0.06732,
    "mrr_at_5": 0.07152,
    "mrr_at_10": 0.07685,
    "mrr_at_20": 0.07925,
    "mrr_at_100": 0.08212,
    "mrr_at_200": 0.08265,
    "mrr_at_300": 0.08285,
    "mrr_at_500": 0.08301,
    "mrr_at_1000": 0.08314
}