{
    "ndcg_at_1": 0.40867,
    "ndcg_at_3": 0.38388,
    "ndcg_at_5": 0.36566,
    "ndcg_at_10": 0.33487,
    "ndcg_at_20": 0.3115,
    "ndcg_at_100": 0.30713,
    "ndcg_at_200": 0.32466,
    "ndcg_at_300": 0.33955,
    "ndcg_at_500": 0.35922,
    "ndcg_at_1000": 0.39498,
    "map_at_1": 0.04189,
    "map_at_3": 0.07991,
    "map_at_5": 0.0962,
    "map_at_10": 0.11495,
    "map_at_20": 0.13002,
    "map_at_100": 0.15066,
    "map_at_200": 0.1563,
    "map_at_300": 0.15914,
    "map_at_500": 0.16216,
    "map_at_1000": 0.16607,
    "recall_at_1": 0.04189,
    "recall_at_3": 0.09043,
    "recall_at_5": 0.11677,
    "recall_at_10": 0.15216,
    "recall_at_20": 0.19029,
    "recall_at_100": 0.32277,
    "recall_at_200": 0.39634,
    "recall_at_300": 0.45013,
    "recall_at_500": 0.51586,
    "recall_at_1000": 0.63211,
    "precision_at_1": 0.42724,
    "precision_at_3": 0.37461,
    "precision_at_5": 0.33375,
    "precision_at_10": 0.26409,
    "precision_at_20": 0.19659,
    "precision_at_100": 0.08402,
    "precision_at_200": 0.05584,
    "precision_at_300": 0.04395,
    "precision_at_500": 0.03216,
    "precision_at_1000": 0.02178,
    "mrr_at_1": 0.42724,
    "mrr_at_3": 0.49174,
    "mrr_at_5": 0.50227,
    "mrr_at_10": 0.51,
    "mrr_at_20": 0.51401,
    "mrr_at_100": 0.51707,
    "mrr_at_200": 0.5174,
    "mrr_at_300": 0.51748,
    "mrr_at_500": 0.5175,
    "mrr_at_1000": 0.51753
}