{
    "ndcg_at_1": 0.38627,
    "ndcg_at_3": 0.44294,
    "ndcg_at_5": 0.46669,
    "ndcg_at_10": 0.50034,
    "ndcg_at_20": 0.5167,
    "ndcg_at_100": 0.54818,
    "ndcg_at_200": 0.55634,
    "ndcg_at_300": 0.56075,
    "ndcg_at_500": 0.56436,
    "ndcg_at_1000": 0.56745,
    "map_at_1": 0.31314,
    "map_at_3": 0.39175,
    "map_at_5": 0.4118,
    "map_at_10": 0.43092,
    "map_at_20": 0.43758,
    "map_at_100": 0.44397,
    "map_at_200": 0.4447,
    "map_at_300": 0.44498,
    "map_at_500": 0.44515,
    "map_at_1000": 0.44526,
    "recall_at_1": 0.31314,
    "recall_at_3": 0.46961,
    "recall_at_5": 0.5347,
    "recall_at_10": 0.63395,
    "recall_at_20": 0.69317,
    "recall_at_100": 0.84077,
    "recall_at_200": 0.88953,
    "recall_at_300": 0.91684,
    "recall_at_500": 0.94116,
    "recall_at_1000": 0.96213,
    "precision_at_1": 0.38627,
    "precision_at_3": 0.21698,
    "precision_at_5": 0.15651,
    "precision_at_10": 0.098,
    "precision_at_20": 0.05687,
    "precision_at_100": 0.01512,
    "precision_at_200": 0.00835,
    "precision_at_300": 0.00592,
    "precision_at_500": 0.00374,
    "precision_at_1000": 0.00198,
    "mrr_at_1": 0.38627,
    "mrr_at_3": 0.46447,
    "mrr_at_5": 0.48114,
    "mrr_at_10": 0.49308,
    "mrr_at_20": 0.49603,
    "mrr_at_100": 0.49903,
    "mrr_at_200": 0.49931,
    "mrr_at_300": 0.4994,
    "mrr_at_500": 0.49944,
    "mrr_at_1000": 0.49946
}