{
    "ndcg_at_1": 0.08806,
    "ndcg_at_3": 0.11386,
    "ndcg_at_5": 0.12874,
    "ndcg_at_10": 0.1458,
    "ndcg_at_20": 0.16013,
    "ndcg_at_100": 0.18752,
    "ndcg_at_200": 0.19734,
    "ndcg_at_300": 0.20207,
    "ndcg_at_500": 0.20831,
    "ndcg_at_1000": 0.21574,
    "map_at_1": 0.07653,
    "map_at_3": 0.10262,
    "map_at_5": 0.11091,
    "map_at_10": 0.11799,
    "map_at_20": 0.12201,
    "map_at_100": 0.1258,
    "map_at_200": 0.12633,
    "map_at_300": 0.1265,
    "map_at_500": 0.12664,
    "map_at_1000": 0.12675,
    "recall_at_1": 0.07653,
    "recall_at_3": 0.13403,
    "recall_at_5": 0.16913,
    "recall_at_10": 0.21953,
    "recall_at_20": 0.27388,
    "recall_at_100": 0.41592,
    "recall_at_200": 0.48298,
    "recall_at_300": 0.51832,
    "recall_at_500": 0.56996,
    "recall_at_1000": 0.637,
    "precision_at_1": 0.08806,
    "precision_at_3": 0.05234,
    "precision_at_5": 0.0394,
    "precision_at_10": 0.02581,
    "precision_at_20": 0.01616,
    "precision_at_100": 0.00497,
    "precision_at_200": 0.0029,
    "precision_at_300": 0.00208,
    "precision_at_500": 0.00137,
    "precision_at_1000": 0.00077,
    "mrr_at_1": 0.08806,
    "mrr_at_3": 0.11554,
    "mrr_at_5": 0.12405,
    "mrr_at_10": 0.13146,
    "mrr_at_20": 0.1354,
    "mrr_at_100": 0.13914,
    "mrr_at_200": 0.1396,
    "mrr_at_300": 0.13975,
    "mrr_at_500": 0.13989,
    "mrr_at_1000": 0.13998
}