{
    "ndcg_at_1": 0.19,
    "ndcg_at_3": 0.19704,
    "ndcg_at_5": 0.1713,
    "ndcg_at_10": 0.15674,
    "ndcg_at_20": 0.13783,
    "ndcg_at_100": 0.10283,
    "ndcg_at_200": 0.08682,
    "ndcg_at_300": 0.08014,
    "ndcg_at_500": 0.08081,
    "ndcg_at_1000": 0.10088,
    "map_at_1": 0.00042,
    "map_at_3": 0.00109,
    "map_at_5": 0.00133,
    "map_at_10": 0.00203,
    "map_at_20": 0.00295,
    "map_at_100": 0.0068,
    "map_at_200": 0.00913,
    "map_at_300": 0.01055,
    "map_at_500": 0.01264,
    "map_at_1000": 0.0157,
    "recall_at_1": 0.00042,
    "recall_at_3": 0.00146,
    "recall_at_5": 0.00197,
    "recall_at_10": 0.00341,
    "recall_at_20": 0.0059,
    "recall_at_100": 0.02134,
    "recall_at_200": 0.03557,
    "recall_at_300": 0.04574,
    "recall_at_500": 0.06526,
    "recall_at_1000": 0.09967,
    "precision_at_1": 0.2,
    "precision_at_3": 0.21333,
    "precision_at_5": 0.176,
    "precision_at_10": 0.16,
    "precision_at_20": 0.136,
    "precision_at_100": 0.1012,
    "precision_at_200": 0.0831,
    "precision_at_300": 0.072,
    "precision_at_500": 0.06196,
    "precision_at_1000": 0.0478,
    "mrr_at_1": 0.2,
    "mrr_at_3": 0.27667,
    "mrr_at_5": 0.29867,
    "mrr_at_10": 0.30986,
    "mrr_at_20": 0.31824,
    "mrr_at_100": 0.32305,
    "mrr_at_200": 0.32337,
    "mrr_at_300": 0.32346,
    "mrr_at_500": 0.32361,
    "mrr_at_1000": 0.32367
}