{
    "ndcg_at_1": 0.3324,
    "ndcg_at_3": 0.40206,
    "ndcg_at_5": 0.43204,
    "ndcg_at_10": 0.46687,
    "ndcg_at_20": 0.49286,
    "ndcg_at_100": 0.52909,
    "ndcg_at_200": 0.53669,
    "ndcg_at_300": 0.5398,
    "ndcg_at_500": 0.54235,
    "ndcg_at_1000": 0.54416,
    "map_at_1": 0.28889,
    "map_at_3": 0.36768,
    "map_at_5": 0.38763,
    "map_at_10": 0.4046,
    "map_at_20": 0.41332,
    "map_at_100": 0.41995,
    "map_at_200": 0.42054,
    "map_at_300": 0.4207,
    "map_at_500": 0.42079,
    "map_at_1000": 0.42084,
    "recall_at_1": 0.28889,
    "recall_at_3": 0.44766,
    "recall_at_5": 0.52149,
    "recall_at_10": 0.62235,
    "recall_at_20": 0.71582,
    "recall_at_100": 0.88771,
    "recall_at_200": 0.93388,
    "recall_at_300": 0.95492,
    "recall_at_500": 0.97322,
    "recall_at_1000": 0.98711,
    "precision_at_1": 0.3324,
    "precision_at_3": 0.18343,
    "precision_at_5": 0.13212,
    "precision_at_10": 0.08244,
    "precision_at_20": 0.04936,
    "precision_at_100": 0.01316,
    "precision_at_200": 0.00707,
    "precision_at_300": 0.00486,
    "precision_at_500": 0.003,
    "precision_at_1000": 0.00154,
    "mrr_at_1": 0.3321,
    "mrr_at_3": 0.40348,
    "mrr_at_5": 0.4207,
    "mrr_at_10": 0.43439,
    "mrr_at_20": 0.44062,
    "mrr_at_100": 0.44459,
    "mrr_at_200": 0.44487,
    "mrr_at_300": 0.44493,
    "mrr_at_500": 0.44497,
    "mrr_at_1000": 0.44499
}