{
    "ndcg_at_1": 0.23955,
    "ndcg_at_3": 0.30272,
    "ndcg_at_5": 0.33103,
    "ndcg_at_10": 0.35772,
    "ndcg_at_20": 0.37811,
    "ndcg_at_100": 0.41121,
    "ndcg_at_200": 0.42032,
    "ndcg_at_300": 0.42542,
    "ndcg_at_500": 0.42981,
    "ndcg_at_1000": 0.43425,
    "map_at_1": 0.22293,
    "map_at_3": 0.2792,
    "map_at_5": 0.29608,
    "map_at_10": 0.30752,
    "map_at_20": 0.31339,
    "map_at_100": 0.31833,
    "map_at_200": 0.31883,
    "map_at_300": 0.31902,
    "map_at_500": 0.31914,
    "map_at_1000": 0.31921,
    "recall_at_1": 0.22293,
    "recall_at_3": 0.34855,
    "recall_at_5": 0.41748,
    "recall_at_10": 0.49555,
    "recall_at_20": 0.57294,
    "recall_at_100": 0.74084,
    "recall_at_200": 0.80281,
    "recall_at_300": 0.84137,
    "recall_at_500": 0.87618,
    "recall_at_1000": 0.91548,
    "precision_at_1": 0.23955,
    "precision_at_3": 0.1307,
    "precision_at_5": 0.09446,
    "precision_at_10": 0.05706,
    "precision_at_20": 0.03322,
    "precision_at_100": 0.00889,
    "precision_at_200": 0.00485,
    "precision_at_300": 0.00339,
    "precision_at_500": 0.00214,
    "precision_at_1000": 0.00113,
    "mrr_at_1": 0.23955,
    "mrr_at_3": 0.29774,
    "mrr_at_5": 0.31299,
    "mrr_at_10": 0.32469,
    "mrr_at_20": 0.33003,
    "mrr_at_100": 0.33417,
    "mrr_at_200": 0.33457,
    "mrr_at_300": 0.33473,
    "mrr_at_500": 0.3348,
    "mrr_at_1000": 0.33485
}