{
    "ndcg_at_1": 0.13834,
    "ndcg_at_3": 0.18774,
    "ndcg_at_5": 0.21035,
    "ndcg_at_10": 0.23226,
    "ndcg_at_20": 0.25561,
    "ndcg_at_100": 0.30161,
    "ndcg_at_200": 0.31291,
    "ndcg_at_300": 0.32019,
    "ndcg_at_500": 0.32687,
    "ndcg_at_1000": 0.33406,
    "map_at_1": 0.1082,
    "map_at_3": 0.15577,
    "map_at_5": 0.17037,
    "map_at_10": 0.18111,
    "map_at_20": 0.18828,
    "map_at_100": 0.19569,
    "map_at_200": 0.19671,
    "map_at_300": 0.19709,
    "map_at_500": 0.19739,
    "map_at_1000": 0.19765,
    "recall_at_1": 0.1082,
    "recall_at_3": 0.21227,
    "recall_at_5": 0.27155,
    "recall_at_10": 0.34073,
    "recall_at_20": 0.43193,
    "recall_at_100": 0.66523,
    "recall_at_200": 0.73158,
    "recall_at_300": 0.78211,
    "recall_at_500": 0.82818,
    "recall_at_1000": 0.88132,
    "precision_at_1": 0.13834,
    "precision_at_3": 0.09618,
    "precision_at_5": 0.07589,
    "precision_at_10": 0.05,
    "precision_at_20": 0.03379,
    "precision_at_100": 0.01209,
    "precision_at_200": 0.00726,
    "precision_at_300": 0.00536,
    "precision_at_500": 0.00363,
    "precision_at_1000": 0.00209,
    "mrr_at_1": 0.13834,
    "mrr_at_3": 0.19236,
    "mrr_at_5": 0.20639,
    "mrr_at_10": 0.21702,
    "mrr_at_20": 0.22428,
    "mrr_at_100": 0.22955,
    "mrr_at_200": 0.22993,
    "mrr_at_300": 0.2301,
    "mrr_at_500": 0.23021,
    "mrr_at_1000": 0.23027
}