{
    "ndcg_at_1": 0.59,
    "ndcg_at_3": 0.57419,
    "ndcg_at_5": 0.55451,
    "ndcg_at_10": 0.54801,
    "ndcg_at_20": 0.50842,
    "ndcg_at_100": 0.38426,
    "ndcg_at_200": 0.31524,
    "ndcg_at_300": 0.28782,
    "ndcg_at_500": 0.28032,
    "ndcg_at_1000": 0.32054,
    "map_at_1": 0.00166,
    "map_at_3": 0.00417,
    "map_at_5": 0.00608,
    "map_at_10": 0.01133,
    "map_at_20": 0.02009,
    "map_at_100": 0.05943,
    "map_at_200": 0.08186,
    "map_at_300": 0.09367,
    "map_at_500": 0.10775,
    "map_at_1000": 0.1237,
    "recall_at_1": 0.00166,
    "recall_at_3": 0.00448,
    "recall_at_5": 0.00684,
    "recall_at_10": 0.01425,
    "recall_at_20": 0.02614,
    "recall_at_100": 0.0913,
    "recall_at_200": 0.13777,
    "recall_at_300": 0.16963,
    "recall_at_500": 0.21669,
    "recall_at_1000": 0.29434,
    "precision_at_1": 0.64,
    "precision_at_3": 0.59333,
    "precision_at_5": 0.572,
    "precision_at_10": 0.578,
    "precision_at_20": 0.534,
    "precision_at_100": 0.3876,
    "precision_at_200": 0.3008,
    "precision_at_300": 0.25087,
    "precision_at_500": 0.1972,
    "precision_at_1000": 0.13684,
    "mrr_at_1": 0.64,
    "mrr_at_3": 0.71667,
    "mrr_at_5": 0.74067,
    "mrr_at_10": 0.74924,
    "mrr_at_20": 0.74924,
    "mrr_at_100": 0.74956,
    "mrr_at_200": 0.74956,
    "mrr_at_300": 0.74956,
    "mrr_at_500": 0.74956,
    "mrr_at_1000": 0.74956
}