{
    "ndcg_at_1": 0.31963,
    "ndcg_at_3": 0.36256,
    "ndcg_at_5": 0.38813,
    "ndcg_at_10": 0.41877,
    "ndcg_at_20": 0.44277,
    "ndcg_at_100": 0.47665,
    "ndcg_at_200": 0.4861,
    "ndcg_at_300": 0.49007,
    "ndcg_at_500": 0.49459,
    "ndcg_at_1000": 0.49853,
    "map_at_1": 0.26348,
    "map_at_3": 0.32706,
    "map_at_5": 0.34597,
    "map_at_10": 0.36072,
    "map_at_20": 0.36877,
    "map_at_100": 0.3746,
    "map_at_200": 0.37524,
    "map_at_300": 0.37543,
    "map_at_500": 0.37559,
    "map_at_1000": 0.37568,
    "recall_at_1": 0.26348,
    "recall_at_3": 0.38738,
    "recall_at_5": 0.45318,
    "recall_at_10": 0.54177,
    "recall_at_20": 0.62659,
    "recall_at_100": 0.78855,
    "recall_at_200": 0.84562,
    "recall_at_300": 0.87135,
    "recall_at_500": 0.9027,
    "recall_at_1000": 0.93403,
    "precision_at_1": 0.31963,
    "precision_at_3": 0.16933,
    "precision_at_5": 0.1226,
    "precision_at_10": 0.07694,
    "precision_at_20": 0.046,
    "precision_at_100": 0.0122,
    "precision_at_200": 0.00674,
    "precision_at_300": 0.00473,
    "precision_at_500": 0.003,
    "precision_at_1000": 0.00158,
    "mrr_at_1": 0.31963,
    "mrr_at_3": 0.38356,
    "mrr_at_5": 0.39897,
    "mrr_at_10": 0.41099,
    "mrr_at_20": 0.41656,
    "mrr_at_100": 0.42032,
    "mrr_at_200": 0.42071,
    "mrr_at_300": 0.42079,
    "mrr_at_500": 0.42085,
    "mrr_at_1000": 0.42089
}