{
    "ndcg_at_1": 0.61333,
    "ndcg_at_3": 0.68521,
    "ndcg_at_5": 0.70479,
    "ndcg_at_10": 0.73027,
    "ndcg_at_20": 0.74223,
    "ndcg_at_100": 0.75109,
    "ndcg_at_200": 0.7532,
    "ndcg_at_300": 0.75488,
    "ndcg_at_500": 0.75528,
    "ndcg_at_1000": 0.75636,
    "map_at_1": 0.58078,
    "map_at_3": 0.65653,
    "map_at_5": 0.67129,
    "map_at_10": 0.68397,
    "map_at_20": 0.6877,
    "map_at_100": 0.68894,
    "map_at_200": 0.68904,
    "map_at_300": 0.6891,
    "map_at_500": 0.68911,
    "map_at_1000": 0.68913,
    "recall_at_1": 0.58078,
    "recall_at_3": 0.73778,
    "recall_at_5": 0.78744,
    "recall_at_10": 0.861,
    "recall_at_20": 0.90667,
    "recall_at_100": 0.955,
    "recall_at_200": 0.97,
    "recall_at_300": 0.98333,
    "recall_at_500": 0.98667,
    "recall_at_1000": 0.99667,
    "precision_at_1": 0.61333,
    "precision_at_3": 0.26889,
    "precision_at_5": 0.17667,
    "precision_at_10": 0.098,
    "precision_at_20": 0.05167,
    "precision_at_100": 0.01083,
    "precision_at_200": 0.0055,
    "precision_at_300": 0.00371,
    "precision_at_500": 0.00223,
    "precision_at_1000": 0.00113,
    "mrr_at_1": 0.61333,
    "mrr_at_3": 0.67667,
    "mrr_at_5": 0.68633,
    "mrr_at_10": 0.69538,
    "mrr_at_20": 0.69821,
    "mrr_at_100": 0.69933,
    "mrr_at_200": 0.69942,
    "mrr_at_300": 0.69947,
    "mrr_at_500": 0.69948,
    "mrr_at_1000": 0.6995
}