{
    "ndcg_at_1": 0.13037,
    "ndcg_at_3": 0.16819,
    "ndcg_at_5": 0.18051,
    "ndcg_at_10": 0.19414,
    "ndcg_at_20": 0.20831,
    "ndcg_at_100": 0.23622,
    "ndcg_at_200": 0.25014,
    "ndcg_at_300": 0.25739,
    "ndcg_at_500": 0.26476,
    "ndcg_at_1000": 0.27149,
    "map_at_1": 0.11488,
    "map_at_3": 0.15046,
    "map_at_5": 0.15797,
    "map_at_10": 0.16351,
    "map_at_20": 0.16762,
    "map_at_100": 0.17176,
    "map_at_200": 0.17251,
    "map_at_300": 0.17277,
    "map_at_500": 0.17297,
    "map_at_1000": 0.17308,
    "recall_at_1": 0.11488,
    "recall_at_3": 0.19646,
    "recall_at_5": 0.22786,
    "recall_at_10": 0.26806,
    "recall_at_20": 0.32094,
    "recall_at_100": 0.46353,
    "recall_at_200": 0.55676,
    "recall_at_300": 0.61052,
    "recall_at_500": 0.66818,
    "recall_at_1000": 0.72662,
    "precision_at_1": 0.13037,
    "precision_at_3": 0.0772,
    "precision_at_5": 0.05399,
    "precision_at_10": 0.03298,
    "precision_at_20": 0.01994,
    "precision_at_100": 0.0059,
    "precision_at_200": 0.00361,
    "precision_at_300": 0.00265,
    "precision_at_500": 0.00177,
    "precision_at_1000": 0.00098,
    "mrr_at_1": 0.13037,
    "mrr_at_3": 0.16871,
    "mrr_at_5": 0.17692,
    "mrr_at_10": 0.18344,
    "mrr_at_20": 0.18719,
    "mrr_at_100": 0.19066,
    "mrr_at_200": 0.19132,
    "mrr_at_300": 0.19153,
    "mrr_at_500": 0.19167,
    "mrr_at_1000": 0.19175
}