{
    "ndcg_at_1": 0.044,
    "ndcg_at_3": 0.03599,
    "ndcg_at_5": 0.03076,
    "ndcg_at_10": 0.03891,
    "ndcg_at_20": 0.04738,
    "ndcg_at_100": 0.06839,
    "ndcg_at_200": 0.07947,
    "ndcg_at_300": 0.08626,
    "ndcg_at_500": 0.09593,
    "ndcg_at_1000": 0.1102,
    "map_at_1": 0.0089,
    "map_at_3": 0.01473,
    "map_at_5": 0.0167,
    "map_at_10": 0.0192,
    "map_at_20": 0.02131,
    "map_at_100": 0.02373,
    "map_at_200": 0.02437,
    "map_at_300": 0.02464,
    "map_at_500": 0.02493,
    "map_at_1000": 0.0252,
    "recall_at_1": 0.0089,
    "recall_at_3": 0.02073,
    "recall_at_5": 0.02708,
    "recall_at_10": 0.04208,
    "recall_at_20": 0.06198,
    "recall_at_100": 0.13178,
    "recall_at_200": 0.17883,
    "recall_at_300": 0.21088,
    "recall_at_500": 0.26027,
    "recall_at_1000": 0.3407,
    "precision_at_1": 0.044,
    "precision_at_3": 0.03367,
    "precision_at_5": 0.0264,
    "precision_at_10": 0.0206,
    "precision_at_20": 0.0152,
    "precision_at_100": 0.00649,
    "precision_at_200": 0.0044,
    "precision_at_300": 0.00346,
    "precision_at_500": 0.00256,
    "precision_at_1000": 0.00168,
    "mrr_at_1": 0.044,
    "mrr_at_3": 0.0645,
    "mrr_at_5": 0.0695,
    "mrr_at_10": 0.07696,
    "mrr_at_20": 0.08087,
    "mrr_at_100": 0.08555,
    "mrr_at_200": 0.08627,
    "mrr_at_300": 0.08646,
    "mrr_at_500": 0.08665,
    "mrr_at_1000": 0.08682
}