{
    "ndcg_at_1": 0.34545,
    "ndcg_at_3": 0.25434,
    "ndcg_at_5": 0.24274,
    "ndcg_at_10": 0.20459,
    "ndcg_at_20": 0.26061,
    "ndcg_at_100": 0.39438,
    "ndcg_at_200": 0.4185,
    "ndcg_at_300": 0.4327,
    "ndcg_at_500": 0.44622,
    "ndcg_at_1000": 0.45468,
    "map_at_1": 0.03455,
    "map_at_3": 0.06,
    "map_at_5": 0.08255,
    "map_at_10": 0.10337,
    "map_at_20": 0.12968,
    "map_at_100": 0.17166,
    "map_at_200": 0.1757,
    "map_at_300": 0.17727,
    "map_at_500": 0.17836,
    "map_at_1000": 0.17878,
    "recall_at_1": 0.03455,
    "recall_at_3": 0.06909,
    "recall_at_5": 0.11091,
    "recall_at_10": 0.17818,
    "recall_at_20": 0.28,
    "recall_at_100": 0.60909,
    "recall_at_200": 0.68727,
    "recall_at_300": 0.73818,
    "recall_at_500": 0.79091,
    "recall_at_1000": 0.82727,
    "precision_at_1": 0.34545,
    "precision_at_3": 0.2303,
    "precision_at_5": 0.22182,
    "precision_at_10": 0.17818,
    "precision_at_20": 0.14,
    "precision_at_100": 0.06091,
    "precision_at_200": 0.03436,
    "precision_at_300": 0.02461,
    "precision_at_500": 0.01582,
    "precision_at_1000": 0.00827,
    "mrr_at_1": 0.34545,
    "mrr_at_3": 0.4,
    "mrr_at_5": 0.43455,
    "mrr_at_10": 0.45305,
    "mrr_at_20": 0.46164,
    "mrr_at_100": 0.46434,
    "mrr_at_200": 0.46446,
    "mrr_at_300": 0.46446,
    "mrr_at_500": 0.46446,
    "mrr_at_1000": 0.46446,
    "rc_at_1": {
        "relevant": 0.34545,
        "distractor": 0.63636
    },
    "rc_at_3": {
        "relevant": 0.69091,
        "distractor": 2.09091
    },
    "rc_at_5": {
        "relevant": 1.09091,
        "distractor": 3.52727
    },
    "rc_at_10": {
        "relevant": 1.8,
        "distractor": 7.18182
    },
    "rc_at_20": {
        "relevant": 2.83636,
        "distractor": 13.94545
    },
    "rc_at_100": {
        "relevant": 6.14545,
        "distractor": 45.4
    },
    "rc_at_200": {
        "relevant": 6.87273,
        "distractor": 55.6
    },
    "rc_at_300": {
        "relevant": 7.41818,
        "distractor": 60.70909
    },
    "rc_at_500": {
        "relevant": 7.90909,
        "distractor": 65.92727
    },
    "rc_at_1000": {
        "relevant": 8.27273,
        "distractor": 71.34545
    }
}