{
    "ndcg_at_1": 0.34545,
    "ndcg_at_3": 0.25434,
    "ndcg_at_5": 0.24513,
    "ndcg_at_10": 0.2098,
    "ndcg_at_20": 0.28041,
    "ndcg_at_100": 0.45078,
    "ndcg_at_200": 0.4798,
    "ndcg_at_300": 0.48644,
    "ndcg_at_500": 0.49664,
    "ndcg_at_1000": 0.50421,
    "map_at_1": 0.03455,
    "map_at_3": 0.06,
    "map_at_5": 0.08327,
    "map_at_10": 0.10613,
    "map_at_20": 0.13786,
    "map_at_100": 0.19532,
    "map_at_200": 0.2008,
    "map_at_300": 0.20162,
    "map_at_500": 0.20241,
    "map_at_1000": 0.20271,
    "recall_at_1": 0.03455,
    "recall_at_3": 0.06909,
    "recall_at_5": 0.11273,
    "recall_at_10": 0.18545,
    "recall_at_20": 0.31455,
    "recall_at_100": 0.74,
    "recall_at_200": 0.83273,
    "recall_at_300": 0.85636,
    "recall_at_500": 0.89636,
    "recall_at_1000": 0.92909,
    "precision_at_1": 0.34545,
    "precision_at_3": 0.2303,
    "precision_at_5": 0.22545,
    "precision_at_10": 0.18545,
    "precision_at_20": 0.15727,
    "precision_at_100": 0.074,
    "precision_at_200": 0.04164,
    "precision_at_300": 0.02855,
    "precision_at_500": 0.01793,
    "precision_at_1000": 0.00929,
    "mrr_at_1": 0.34545,
    "mrr_at_3": 0.4,
    "mrr_at_5": 0.43455,
    "mrr_at_10": 0.45519,
    "mrr_at_20": 0.46756,
    "mrr_at_100": 0.4681,
    "mrr_at_200": 0.46832,
    "mrr_at_300": 0.46832,
    "mrr_at_500": 0.46832,
    "mrr_at_1000": 0.46832,
    "rc_at_1": {
        "relevant": 0.34545,
        "distractor": 0.65455
    },
    "rc_at_3": {
        "relevant": 0.69091,
        "distractor": 2.27273
    },
    "rc_at_5": {
        "relevant": 1.10909,
        "distractor": 3.78182
    },
    "rc_at_10": {
        "relevant": 1.85455,
        "distractor": 7.85455
    },
    "rc_at_20": {
        "relevant": 3.2,
        "distractor": 15.92727
    },
    "rc_at_100": {
        "relevant": 7.4,
        "distractor": 60.83636
    },
    "rc_at_200": {
        "relevant": 8.36364,
        "distractor": 73.34545
    },
    "rc_at_300": {
        "relevant": 8.56364,
        "distractor": 77.4
    },
    "rc_at_500": {
        "relevant": 8.94545,
        "distractor": 81.25455
    },
    "rc_at_1000": {
        "relevant": 9.29091,
        "distractor": 86.63636
    }
}