{
    "ndcg_at_1": 0.30909,
    "ndcg_at_3": 0.21798,
    "ndcg_at_5": 0.18329,
    "ndcg_at_10": 0.14092,
    "ndcg_at_20": 0.16119,
    "ndcg_at_100": 0.20579,
    "ndcg_at_200": 0.22578,
    "ndcg_at_300": 0.23533,
    "ndcg_at_500": 0.24882,
    "ndcg_at_1000": 0.26477,
    "map_at_1": 0.03091,
    "map_at_3": 0.05242,
    "map_at_5": 0.06333,
    "map_at_10": 0.07441,
    "map_at_20": 0.08212,
    "map_at_100": 0.08986,
    "map_at_200": 0.09186,
    "map_at_300": 0.09258,
    "map_at_500": 0.0933,
    "map_at_1000": 0.0938,
    "recall_at_1": 0.03091,
    "recall_at_3": 0.05818,
    "recall_at_5": 0.07636,
    "recall_at_10": 0.10727,
    "recall_at_20": 0.14364,
    "recall_at_100": 0.25818,
    "recall_at_200": 0.32364,
    "recall_at_300": 0.35818,
    "recall_at_500": 0.41091,
    "recall_at_1000": 0.48,
    "precision_at_1": 0.30909,
    "precision_at_3": 0.19394,
    "precision_at_5": 0.15273,
    "precision_at_10": 0.10727,
    "precision_at_20": 0.07182,
    "precision_at_100": 0.02582,
    "precision_at_200": 0.01618,
    "precision_at_300": 0.01194,
    "precision_at_500": 0.00822,
    "precision_at_1000": 0.0048,
    "mrr_at_1": 0.30909,
    "mrr_at_3": 0.34242,
    "mrr_at_5": 0.35606,
    "mrr_at_10": 0.36901,
    "mrr_at_20": 0.37721,
    "mrr_at_100": 0.38189,
    "mrr_at_200": 0.38204,
    "mrr_at_300": 0.38204,
    "mrr_at_500": 0.38208,
    "mrr_at_1000": 0.38213,
    "rc_at_1": {
        "relevant": 0.30909,
        "distractor": 0.32727
    },
    "rc_at_3": {
        "relevant": 0.58182,
        "distractor": 0.96364
    },
    "rc_at_5": {
        "relevant": 0.76364,
        "distractor": 1.58182
    },
    "rc_at_10": {
        "relevant": 1.07273,
        "distractor": 2.87273
    },
    "rc_at_20": {
        "relevant": 1.43636,
        "distractor": 4.94545
    },
    "rc_at_100": {
        "relevant": 2.6,
        "distractor": 12.65455
    },
    "rc_at_200": {
        "relevant": 3.21818,
        "distractor": 17.25455
    },
    "rc_at_300": {
        "relevant": 3.6,
        "distractor": 20.43636
    },
    "rc_at_500": {
        "relevant": 4.12727,
        "distractor": 25.03636
    },
    "rc_at_1000": {
        "relevant": 4.8,
        "distractor": 31.45455
    }
}