{
    "ndcg_at_1": 0.0336,
    "ndcg_at_3": 0.04521,
    "ndcg_at_5": 0.05265,
    "ndcg_at_10": 0.06168,
    "ndcg_at_20": 0.06973,
    "ndcg_at_100": 0.08943,
    "ndcg_at_200": 0.09727,
    "ndcg_at_300": 0.10202,
    "ndcg_at_500": 0.10731,
    "ndcg_at_1000": 0.1143,
    "map_at_1": 0.02935,
    "map_at_3": 0.04048,
    "map_at_5": 0.04452,
    "map_at_10": 0.04823,
    "map_at_20": 0.0504,
    "map_at_100": 0.05303,
    "map_at_200": 0.05344,
    "map_at_300": 0.0536,
    "map_at_500": 0.05372,
    "map_at_1000": 0.05382,
    "recall_at_1": 0.02935,
    "recall_at_3": 0.05352,
    "recall_at_5": 0.0709,
    "recall_at_10": 0.09779,
    "recall_at_20": 0.12879,
    "recall_at_100": 0.23238,
    "recall_at_200": 0.28611,
    "recall_at_300": 0.32216,
    "recall_at_500": 0.36571,
    "recall_at_1000": 0.42837,
    "precision_at_1": 0.0336,
    "precision_at_3": 0.02105,
    "precision_at_5": 0.01686,
    "precision_at_10": 0.01165,
    "precision_at_20": 0.00762,
    "precision_at_100": 0.00277,
    "precision_at_200": 0.00171,
    "precision_at_300": 0.00128,
    "precision_at_500": 0.00087,
    "precision_at_1000": 0.00052,
    "mrr_at_1": 0.0336,
    "mrr_at_3": 0.04592,
    "mrr_at_5": 0.05042,
    "mrr_at_10": 0.05431,
    "mrr_at_20": 0.05659,
    "mrr_at_100": 0.05923,
    "mrr_at_200": 0.05964,
    "mrr_at_300": 0.0598,
    "mrr_at_500": 0.05992,
    "mrr_at_1000": 0.06001
}