{
    "ndcg_at_1": 0.14449,
    "ndcg_at_3": 0.17061,
    "ndcg_at_5": 0.1909,
    "ndcg_at_10": 0.21145,
    "ndcg_at_20": 0.23022,
    "ndcg_at_100": 0.27162,
    "ndcg_at_200": 0.28583,
    "ndcg_at_300": 0.29293,
    "ndcg_at_500": 0.30185,
    "ndcg_at_1000": 0.31101,
    "map_at_1": 0.10984,
    "map_at_3": 0.14335,
    "map_at_5": 0.15718,
    "map_at_10": 0.1672,
    "map_at_20": 0.17301,
    "map_at_100": 0.17946,
    "map_at_200": 0.18041,
    "map_at_300": 0.18071,
    "map_at_500": 0.181,
    "map_at_1000": 0.18119,
    "recall_at_1": 0.10984,
    "recall_at_3": 0.18608,
    "recall_at_5": 0.23988,
    "recall_at_10": 0.30408,
    "recall_at_20": 0.37593,
    "recall_at_100": 0.57828,
    "recall_at_200": 0.66487,
    "recall_at_300": 0.71317,
    "recall_at_500": 0.77798,
    "recall_at_1000": 0.85003,
    "precision_at_1": 0.14449,
    "precision_at_3": 0.08774,
    "precision_at_5": 0.0701,
    "precision_at_10": 0.04592,
    "precision_at_20": 0.02847,
    "precision_at_100": 0.00936,
    "precision_at_200": 0.00562,
    "precision_at_300": 0.00411,
    "precision_at_500": 0.00278,
    "precision_at_1000": 0.00159,
    "mrr_at_1": 0.14449,
    "mrr_at_3": 0.1855,
    "mrr_at_5": 0.19838,
    "mrr_at_10": 0.20887,
    "mrr_at_20": 0.21479,
    "mrr_at_100": 0.21949,
    "mrr_at_200": 0.22014,
    "mrr_at_300": 0.22036,
    "mrr_at_500": 0.22051,
    "mrr_at_1000": 0.22058
}