{
    "ndcg_at_1": 0.66,
    "ndcg_at_3": 0.6795,
    "ndcg_at_5": 0.64958,
    "ndcg_at_10": 0.62947,
    "ndcg_at_20": 0.60129,
    "ndcg_at_100": 0.47639,
    "ndcg_at_200": 0.40241,
    "ndcg_at_300": 0.37627,
    "ndcg_at_500": 0.37438,
    "ndcg_at_1000": 0.423,
    "map_at_1": 0.00185,
    "map_at_3": 0.00532,
    "map_at_5": 0.00829,
    "map_at_10": 0.0149,
    "map_at_20": 0.02684,
    "map_at_100": 0.08553,
    "map_at_200": 0.12142,
    "map_at_300": 0.14211,
    "map_at_500": 0.16566,
    "map_at_1000": 0.19075,
    "recall_at_1": 0.00185,
    "recall_at_3": 0.0058,
    "recall_at_5": 0.00937,
    "recall_at_10": 0.0177,
    "recall_at_20": 0.03326,
    "recall_at_100": 0.12133,
    "recall_at_200": 0.18787,
    "recall_at_300": 0.23684,
    "recall_at_500": 0.30285,
    "recall_at_1000": 0.39803,
    "precision_at_1": 0.72,
    "precision_at_3": 0.74,
    "precision_at_5": 0.712,
    "precision_at_10": 0.676,
    "precision_at_20": 0.641,
    "precision_at_100": 0.4904,
    "precision_at_200": 0.3906,
    "precision_at_300": 0.3344,
    "precision_at_500": 0.2652,
    "precision_at_1000": 0.1806,
    "mrr_at_1": 0.72,
    "mrr_at_3": 0.80667,
    "mrr_at_5": 0.81667,
    "mrr_at_10": 0.822,
    "mrr_at_20": 0.822,
    "mrr_at_100": 0.822,
    "mrr_at_200": 0.822,
    "mrr_at_300": 0.822,
    "mrr_at_500": 0.822,
    "mrr_at_1000": 0.822
}