{
    "ndcg_at_1": 0.032,
    "ndcg_at_3": 0.03886,
    "ndcg_at_5": 0.04366,
    "ndcg_at_10": 0.05146,
    "ndcg_at_20": 0.05837,
    "ndcg_at_100": 0.0752,
    "ndcg_at_200": 0.08305,
    "ndcg_at_300": 0.08789,
    "ndcg_at_500": 0.09416,
    "ndcg_at_1000": 0.10361,
    "map_at_1": 0.02307,
    "map_at_3": 0.03249,
    "map_at_5": 0.03542,
    "map_at_10": 0.03866,
    "map_at_20": 0.04058,
    "map_at_100": 0.04279,
    "map_at_200": 0.0432,
    "map_at_300": 0.04337,
    "map_at_500": 0.04352,
    "map_at_1000": 0.04365,
    "recall_at_1": 0.02307,
    "recall_at_3": 0.04457,
    "recall_at_5": 0.05701,
    "recall_at_10": 0.08037,
    "recall_at_20": 0.10614,
    "recall_at_100": 0.19282,
    "recall_at_200": 0.2439,
    "recall_at_300": 0.27856,
    "recall_at_500": 0.3269,
    "recall_at_1000": 0.40875,
    "precision_at_1": 0.032,
    "precision_at_3": 0.01973,
    "precision_at_5": 0.01507,
    "precision_at_10": 0.01067,
    "precision_at_20": 0.00719,
    "precision_at_100": 0.00274,
    "precision_at_200": 0.00178,
    "precision_at_300": 0.00139,
    "precision_at_500": 0.001,
    "precision_at_1000": 0.00064,
    "mrr_at_1": 0.032,
    "mrr_at_3": 0.04319,
    "mrr_at_5": 0.04668,
    "mrr_at_10": 0.0505,
    "mrr_at_20": 0.05269,
    "mrr_at_100": 0.05503,
    "mrr_at_200": 0.05545,
    "mrr_at_300": 0.05562,
    "mrr_at_500": 0.05576,
    "mrr_at_1000": 0.05588
}