{
    "ndcg_at_1": 0.32475,
    "ndcg_at_3": 0.36865,
    "ndcg_at_5": 0.38789,
    "ndcg_at_10": 0.41229,
    "ndcg_at_20": 0.433,
    "ndcg_at_100": 0.46697,
    "ndcg_at_200": 0.47376,
    "ndcg_at_300": 0.47966,
    "ndcg_at_500": 0.48495,
    "ndcg_at_1000": 0.49057,
    "map_at_1": 0.27278,
    "map_at_3": 0.33091,
    "map_at_5": 0.3456,
    "map_at_10": 0.35763,
    "map_at_20": 0.36485,
    "map_at_100": 0.37055,
    "map_at_200": 0.37114,
    "map_at_300": 0.37143,
    "map_at_500": 0.37163,
    "map_at_1000": 0.37179,
    "recall_at_1": 0.27278,
    "recall_at_3": 0.39129,
    "recall_at_5": 0.4423,
    "recall_at_10": 0.51783,
    "recall_at_20": 0.59443,
    "recall_at_100": 0.75508,
    "recall_at_200": 0.79234,
    "recall_at_300": 0.83193,
    "recall_at_500": 0.86909,
    "recall_at_1000": 0.90927,
    "precision_at_1": 0.32475,
    "precision_at_3": 0.1731,
    "precision_at_5": 0.12389,
    "precision_at_10": 0.07554,
    "precision_at_20": 0.04549,
    "precision_at_100": 0.01279,
    "precision_at_200": 0.00712,
    "precision_at_300": 0.00511,
    "precision_at_500": 0.0033,
    "precision_at_1000": 0.00182,
    "mrr_at_1": 0.32475,
    "mrr_at_3": 0.38388,
    "mrr_at_5": 0.39883,
    "mrr_at_10": 0.40991,
    "mrr_at_20": 0.4145,
    "mrr_at_100": 0.4181,
    "mrr_at_200": 0.41831,
    "mrr_at_300": 0.41844,
    "mrr_at_500": 0.41851,
    "mrr_at_1000": 0.41856
}