{
    "ndcg_at_1": 0.32308,
    "ndcg_at_3": 0.26764,
    "ndcg_at_5": 0.24104,
    "ndcg_at_10": 0.18777,
    "ndcg_at_20": 0.21781,
    "ndcg_at_100": 0.27909,
    "ndcg_at_200": 0.30514,
    "ndcg_at_300": 0.31664,
    "ndcg_at_500": 0.32759,
    "ndcg_at_1000": 0.3426,
    "map_at_1": 0.03231,
    "map_at_3": 0.06282,
    "map_at_5": 0.07982,
    "map_at_10": 0.09972,
    "map_at_20": 0.11288,
    "map_at_100": 0.12815,
    "map_at_200": 0.13094,
    "map_at_300": 0.13209,
    "map_at_500": 0.1327,
    "map_at_1000": 0.13316,
    "recall_at_1": 0.03231,
    "recall_at_3": 0.07692,
    "recall_at_5": 0.11077,
    "recall_at_10": 0.15538,
    "recall_at_20": 0.20923,
    "recall_at_100": 0.36308,
    "recall_at_200": 0.44769,
    "recall_at_300": 0.48923,
    "recall_at_500": 0.53231,
    "recall_at_1000": 0.59692,
    "precision_at_1": 0.32308,
    "precision_at_3": 0.25641,
    "precision_at_5": 0.22154,
    "precision_at_10": 0.15538,
    "precision_at_20": 0.10462,
    "precision_at_100": 0.03631,
    "precision_at_200": 0.02238,
    "precision_at_300": 0.01631,
    "precision_at_500": 0.01065,
    "precision_at_1000": 0.00597,
    "mrr_at_1": 0.32308,
    "mrr_at_3": 0.4,
    "mrr_at_5": 0.42154,
    "mrr_at_10": 0.43506,
    "mrr_at_20": 0.43917,
    "mrr_at_100": 0.44237,
    "mrr_at_200": 0.44286,
    "mrr_at_300": 0.44286,
    "mrr_at_500": 0.4429,
    "mrr_at_1000": 0.44292,
    "rc_at_1": {
        "relevant": 0.32308,
        "distractor": 0.52308
    },
    "rc_at_3": {
        "relevant": 0.76923,
        "distractor": 1.67692
    },
    "rc_at_5": {
        "relevant": 1.13846,
        "distractor": 2.70769
    },
    "rc_at_10": {
        "relevant": 1.6,
        "distractor": 5.43077
    },
    "rc_at_20": {
        "relevant": 2.12308,
        "distractor": 10.12308
    },
    "rc_at_100": {
        "relevant": 3.73846,
        "distractor": 30.01538
    },
    "rc_at_200": {
        "relevant": 4.50769,
        "distractor": 39.63077
    },
    "rc_at_300": {
        "relevant": 4.90769,
        "distractor": 44.58462
    },
    "rc_at_500": {
        "relevant": 5.35385,
        "distractor": 51.13846
    },
    "rc_at_1000": {
        "relevant": 5.96923,
        "distractor": 58.69231
    }
}