{
    "ndcg_at_1": 0.33846,
    "ndcg_at_3": 0.29119,
    "ndcg_at_5": 0.26435,
    "ndcg_at_10": 0.22191,
    "ndcg_at_20": 0.27434,
    "ndcg_at_100": 0.47716,
    "ndcg_at_200": 0.52243,
    "ndcg_at_300": 0.5289,
    "ndcg_at_500": 0.53048,
    "ndcg_at_1000": 0.53122,
    "map_at_1": 0.03385,
    "map_at_3": 0.06923,
    "map_at_5": 0.08831,
    "map_at_10": 0.12026,
    "map_at_20": 0.14599,
    "map_at_100": 0.20299,
    "map_at_200": 0.21316,
    "map_at_300": 0.21404,
    "map_at_500": 0.21418,
    "map_at_1000": 0.21424,
    "recall_at_1": 0.03385,
    "recall_at_3": 0.08462,
    "recall_at_5": 0.12308,
    "recall_at_10": 0.19538,
    "recall_at_20": 0.28923,
    "recall_at_100": 0.81846,
    "recall_at_200": 0.96,
    "recall_at_300": 0.98308,
    "recall_at_500": 0.98923,
    "recall_at_1000": 0.99231,
    "precision_at_1": 0.33846,
    "precision_at_3": 0.28205,
    "precision_at_5": 0.24615,
    "precision_at_10": 0.19538,
    "precision_at_20": 0.14462,
    "precision_at_100": 0.08185,
    "precision_at_200": 0.048,
    "precision_at_300": 0.03277,
    "precision_at_500": 0.01978,
    "precision_at_1000": 0.00992,
    "mrr_at_1": 0.33846,
    "mrr_at_3": 0.41538,
    "mrr_at_5": 0.44308,
    "mrr_at_10": 0.46066,
    "mrr_at_20": 0.46832,
    "mrr_at_100": 0.47164,
    "mrr_at_200": 0.47164,
    "mrr_at_300": 0.47164,
    "mrr_at_500": 0.47164,
    "mrr_at_1000": 0.47164,
    "rc_at_1": {
        "relevant": 0.33846,
        "distractor": 0.64615
    },
    "rc_at_3": {
        "relevant": 0.83077,
        "distractor": 2.13846
    },
    "rc_at_5": {
        "relevant": 1.27692,
        "distractor": 3.67692
    },
    "rc_at_10": {
        "relevant": 1.95385,
        "distractor": 7.96923
    },
    "rc_at_20": {
        "relevant": 2.92308,
        "distractor": 16.87692
    },
    "rc_at_100": {
        "relevant": 8.18462,
        "distractor": 86.24615
    },
    "rc_at_200": {
        "relevant": 9.63077,
        "distractor": 96.61538
    },
    "rc_at_300": {
        "relevant": 9.83077,
        "distractor": 97.75385
    },
    "rc_at_500": {
        "relevant": 9.89231,
        "distractor": 98.4
    },
    "rc_at_1000": {
        "relevant": 9.92308,
        "distractor": 98.87692
    }
}