{
    "ndcg_at_1": 0.33846,
    "ndcg_at_3": 0.28303,
    "ndcg_at_5": 0.25822,
    "ndcg_at_10": 0.2149,
    "ndcg_at_20": 0.27057,
    "ndcg_at_100": 0.41795,
    "ndcg_at_200": 0.4574,
    "ndcg_at_300": 0.46631,
    "ndcg_at_500": 0.47696,
    "ndcg_at_1000": 0.48853,
    "map_at_1": 0.03385,
    "map_at_3": 0.06744,
    "map_at_5": 0.08597,
    "map_at_10": 0.11546,
    "map_at_20": 0.14182,
    "map_at_100": 0.18226,
    "map_at_200": 0.18915,
    "map_at_300": 0.19012,
    "map_at_500": 0.19098,
    "map_at_1000": 0.19157,
    "recall_at_1": 0.03385,
    "recall_at_3": 0.08154,
    "recall_at_5": 0.12,
    "recall_at_10": 0.18769,
    "recall_at_20": 0.28769,
    "recall_at_100": 0.66615,
    "recall_at_200": 0.79385,
    "recall_at_300": 0.82615,
    "recall_at_500": 0.86769,
    "recall_at_1000": 0.91692,
    "precision_at_1": 0.33846,
    "precision_at_3": 0.27179,
    "precision_at_5": 0.24,
    "precision_at_10": 0.18769,
    "precision_at_20": 0.14385,
    "precision_at_100": 0.06662,
    "precision_at_200": 0.03969,
    "precision_at_300": 0.02754,
    "precision_at_500": 0.01735,
    "precision_at_1000": 0.00917,
    "mrr_at_1": 0.33846,
    "mrr_at_3": 0.40769,
    "mrr_at_5": 0.43538,
    "mrr_at_10": 0.45258,
    "mrr_at_20": 0.46142,
    "mrr_at_100": 0.4644,
    "mrr_at_200": 0.46452,
    "mrr_at_300": 0.46452,
    "mrr_at_500": 0.46452,
    "mrr_at_1000": 0.46452,
    "rc_at_1": {
        "relevant": 0.33846,
        "distractor": 0.64615
    },
    "rc_at_3": {
        "relevant": 0.8,
        "distractor": 2.10769
    },
    "rc_at_5": {
        "relevant": 1.24615,
        "distractor": 3.56923
    },
    "rc_at_10": {
        "relevant": 1.89231,
        "distractor": 7.67692
    },
    "rc_at_20": {
        "relevant": 2.89231,
        "distractor": 16.01538
    },
    "rc_at_100": {
        "relevant": 6.66154,
        "distractor": 67.93846
    },
    "rc_at_200": {
        "relevant": 7.93846,
        "distractor": 81.16923
    },
    "rc_at_300": {
        "relevant": 8.29231,
        "distractor": 85.15385
    },
    "rc_at_500": {
        "relevant": 8.69231,
        "distractor": 88.84615
    },
    "rc_at_1000": {
        "relevant": 9.16923,
        "distractor": 91.75385
    }
}