{
    "ndcg_at_1": 0.00071,
    "ndcg_at_3": 0.09116,
    "ndcg_at_5": 0.12363,
    "ndcg_at_10": 0.16027,
    "ndcg_at_20": 0.18918,
    "ndcg_at_100": 0.2364,
    "ndcg_at_200": 0.24826,
    "ndcg_at_300": 0.25391,
    "ndcg_at_500": 0.25939,
    "ndcg_at_1000": 0.26446,
    "map_at_1": 0.00071,
    "map_at_3": 0.06863,
    "map_at_5": 0.08645,
    "map_at_10": 0.1016,
    "map_at_20": 0.10962,
    "map_at_100": 0.1162,
    "map_at_200": 0.1168,
    "map_at_300": 0.11698,
    "map_at_500": 0.11711,
    "map_at_1000": 0.11718,
    "recall_at_1": 0.00071,
    "recall_at_3": 0.15647,
    "recall_at_5": 0.23613,
    "recall_at_10": 0.34922,
    "recall_at_20": 0.46302,
    "recall_at_100": 0.71693,
    "recall_at_200": 0.80228,
    "recall_at_300": 0.84708,
    "recall_at_500": 0.89403,
    "recall_at_1000": 0.94168,
    "precision_at_1": 0.00071,
    "precision_at_3": 0.05216,
    "precision_at_5": 0.04723,
    "precision_at_10": 0.03492,
    "precision_at_20": 0.02315,
    "precision_at_100": 0.00717,
    "precision_at_200": 0.00401,
    "precision_at_300": 0.00282,
    "precision_at_500": 0.00179,
    "precision_at_1000": 0.00094,
    "mrr_at_1": 0.00071,
    "mrr_at_3": 0.06863,
    "mrr_at_5": 0.08645,
    "mrr_at_10": 0.1016,
    "mrr_at_20": 0.10962,
    "mrr_at_100": 0.1162,
    "mrr_at_200": 0.1168,
    "mrr_at_300": 0.11698,
    "mrr_at_500": 0.11711,
    "mrr_at_1000": 0.11718
}