{
    "ndcg_at_1": 0.18367,
    "ndcg_at_3": 0.15991,
    "ndcg_at_5": 0.14064,
    "ndcg_at_10": 0.13179,
    "ndcg_at_20": 0.13547,
    "ndcg_at_100": 0.20016,
    "ndcg_at_200": 0.22783,
    "ndcg_at_300": 0.24582,
    "ndcg_at_500": 0.27355,
    "ndcg_at_1000": 0.2989,
    "map_at_1": 0.01675,
    "map_at_3": 0.03461,
    "map_at_5": 0.0412,
    "map_at_10": 0.04972,
    "map_at_20": 0.05524,
    "map_at_100": 0.07035,
    "map_at_200": 0.07349,
    "map_at_300": 0.0751,
    "map_at_500": 0.07711,
    "map_at_1000": 0.07852,
    "recall_at_1": 0.01675,
    "recall_at_3": 0.0419,
    "recall_at_5": 0.05456,
    "recall_at_10": 0.08255,
    "recall_at_20": 0.1141,
    "recall_at_100": 0.25512,
    "recall_at_200": 0.32739,
    "recall_at_300": 0.38466,
    "recall_at_500": 0.47103,
    "recall_at_1000": 0.55988,
    "precision_at_1": 0.20408,
    "precision_at_3": 0.16327,
    "precision_at_5": 0.13061,
    "precision_at_10": 0.10816,
    "precision_at_20": 0.07755,
    "precision_at_100": 0.03857,
    "precision_at_200": 0.02663,
    "precision_at_300": 0.02156,
    "precision_at_500": 0.01653,
    "precision_at_1000": 0.01012,
    "mrr_at_1": 0.20408,
    "mrr_at_3": 0.26871,
    "mrr_at_5": 0.28503,
    "mrr_at_10": 0.2973,
    "mrr_at_20": 0.30431,
    "mrr_at_100": 0.31213,
    "mrr_at_200": 0.31237,
    "mrr_at_300": 0.31237,
    "mrr_at_500": 0.31237,
    "mrr_at_1000": 0.31237
}