{
    "ndcg_at_1": 0.29231,
    "ndcg_at_3": 0.25604,
    "ndcg_at_5": 0.22188,
    "ndcg_at_10": 0.17942,
    "ndcg_at_20": 0.22869,
    "ndcg_at_100": 0.41752,
    "ndcg_at_200": 0.45769,
    "ndcg_at_300": 0.47132,
    "ndcg_at_500": 0.48164,
    "ndcg_at_1000": 0.49095,
    "map_at_1": 0.02923,
    "map_at_3": 0.05949,
    "map_at_5": 0.07264,
    "map_at_10": 0.08643,
    "map_at_20": 0.10394,
    "map_at_100": 0.1588,
    "map_at_200": 0.16626,
    "map_at_300": 0.16785,
    "map_at_500": 0.16877,
    "map_at_1000": 0.16926,
    "recall_at_1": 0.02923,
    "recall_at_3": 0.07385,
    "recall_at_5": 0.1,
    "recall_at_10": 0.15077,
    "recall_at_20": 0.24,
    "recall_at_100": 0.72,
    "recall_at_200": 0.84923,
    "recall_at_300": 0.89846,
    "recall_at_500": 0.93846,
    "recall_at_1000": 0.97846,
    "precision_at_1": 0.29231,
    "precision_at_3": 0.24615,
    "precision_at_5": 0.2,
    "precision_at_10": 0.15077,
    "precision_at_20": 0.12,
    "precision_at_100": 0.072,
    "precision_at_200": 0.04246,
    "precision_at_300": 0.02995,
    "precision_at_500": 0.01877,
    "precision_at_1000": 0.00978,
    "mrr_at_1": 0.29231,
    "mrr_at_3": 0.37436,
    "mrr_at_5": 0.39282,
    "mrr_at_10": 0.41515,
    "mrr_at_20": 0.42507,
    "mrr_at_100": 0.42944,
    "mrr_at_200": 0.42944,
    "mrr_at_300": 0.42944,
    "mrr_at_500": 0.42944,
    "mrr_at_1000": 0.42944,
    "rc_at_1": {
        "relevant": 0.29231,
        "distractor": 0.69231
    },
    "rc_at_3": {
        "relevant": 0.73846,
        "distractor": 2.15385
    },
    "rc_at_5": {
        "relevant": 1.0,
        "distractor": 3.81538
    },
    "rc_at_10": {
        "relevant": 1.50769,
        "distractor": 8.01538
    },
    "rc_at_20": {
        "relevant": 2.41538,
        "distractor": 16.38462
    },
    "rc_at_100": {
        "relevant": 7.2,
        "distractor": 66.44615
    },
    "rc_at_200": {
        "relevant": 8.49231,
        "distractor": 81.4
    },
    "rc_at_300": {
        "relevant": 8.98462,
        "distractor": 85.69231
    },
    "rc_at_500": {
        "relevant": 9.38462,
        "distractor": 90.07692
    },
    "rc_at_1000": {
        "relevant": 9.78462,
        "distractor": 93.96923
    }
}