{
    "ndcg_at_1": 0.26154,
    "ndcg_at_3": 0.23266,
    "ndcg_at_5": 0.20273,
    "ndcg_at_10": 0.16289,
    "ndcg_at_20": 0.19968,
    "ndcg_at_100": 0.3345,
    "ndcg_at_200": 0.37118,
    "ndcg_at_300": 0.38862,
    "ndcg_at_500": 0.39963,
    "ndcg_at_1000": 0.41253,
    "map_at_1": 0.02615,
    "map_at_3": 0.05436,
    "map_at_5": 0.06636,
    "map_at_10": 0.07878,
    "map_at_20": 0.09078,
    "map_at_100": 0.12629,
    "map_at_200": 0.1321,
    "map_at_300": 0.13389,
    "map_at_500": 0.13465,
    "map_at_1000": 0.13527,
    "recall_at_1": 0.02615,
    "recall_at_3": 0.06615,
    "recall_at_5": 0.09077,
    "recall_at_10": 0.13538,
    "recall_at_20": 0.20154,
    "recall_at_100": 0.54154,
    "recall_at_200": 0.66,
    "recall_at_300": 0.72308,
    "recall_at_500": 0.76615,
    "recall_at_1000": 0.82154,
    "precision_at_1": 0.26154,
    "precision_at_3": 0.22051,
    "precision_at_5": 0.18154,
    "precision_at_10": 0.13538,
    "precision_at_20": 0.10077,
    "precision_at_100": 0.05415,
    "precision_at_200": 0.033,
    "precision_at_300": 0.0241,
    "precision_at_500": 0.01532,
    "precision_at_1000": 0.00822,
    "mrr_at_1": 0.26154,
    "mrr_at_3": 0.34359,
    "mrr_at_5": 0.36205,
    "mrr_at_10": 0.38388,
    "mrr_at_20": 0.3939,
    "mrr_at_100": 0.39895,
    "mrr_at_200": 0.39909,
    "mrr_at_300": 0.39909,
    "mrr_at_500": 0.39909,
    "mrr_at_1000": 0.39909,
    "rc_at_1": {
        "relevant": 0.26154,
        "distractor": 0.64615
    },
    "rc_at_3": {
        "relevant": 0.66154,
        "distractor": 2.03077
    },
    "rc_at_5": {
        "relevant": 0.90769,
        "distractor": 3.52308
    },
    "rc_at_10": {
        "relevant": 1.35385,
        "distractor": 7.07692
    },
    "rc_at_20": {
        "relevant": 2.01538,
        "distractor": 14.03077
    },
    "rc_at_100": {
        "relevant": 5.41538,
        "distractor": 47.04615
    },
    "rc_at_200": {
        "relevant": 6.6,
        "distractor": 59.76923
    },
    "rc_at_300": {
        "relevant": 7.23077,
        "distractor": 65.21538
    },
    "rc_at_500": {
        "relevant": 7.66154,
        "distractor": 71.44615
    },
    "rc_at_1000": {
        "relevant": 8.21538,
        "distractor": 78.16923
    }
}