{
    "ndcg_at_1": 0.23077,
    "ndcg_at_3": 0.20911,
    "ndcg_at_5": 0.1709,
    "ndcg_at_10": 0.13303,
    "ndcg_at_20": 0.16359,
    "ndcg_at_100": 0.24044,
    "ndcg_at_200": 0.26828,
    "ndcg_at_300": 0.28362,
    "ndcg_at_500": 0.29936,
    "ndcg_at_1000": 0.31368,
    "map_at_1": 0.02308,
    "map_at_3": 0.04846,
    "map_at_5": 0.05546,
    "map_at_10": 0.06418,
    "map_at_20": 0.0747,
    "map_at_100": 0.09136,
    "map_at_200": 0.09449,
    "map_at_300": 0.09583,
    "map_at_500": 0.09682,
    "map_at_1000": 0.09739,
    "recall_at_1": 0.02308,
    "recall_at_3": 0.06,
    "recall_at_5": 0.07385,
    "recall_at_10": 0.10462,
    "recall_at_20": 0.16,
    "recall_at_100": 0.35385,
    "recall_at_200": 0.44462,
    "recall_at_300": 0.5,
    "recall_at_500": 0.56154,
    "recall_at_1000": 0.62308,
    "precision_at_1": 0.23077,
    "precision_at_3": 0.2,
    "precision_at_5": 0.14769,
    "precision_at_10": 0.10462,
    "precision_at_20": 0.08,
    "precision_at_100": 0.03538,
    "precision_at_200": 0.02223,
    "precision_at_300": 0.01667,
    "precision_at_500": 0.01123,
    "precision_at_1000": 0.00623,
    "mrr_at_1": 0.23077,
    "mrr_at_3": 0.31026,
    "mrr_at_5": 0.32179,
    "mrr_at_10": 0.33863,
    "mrr_at_20": 0.34701,
    "mrr_at_100": 0.35231,
    "mrr_at_200": 0.3528,
    "mrr_at_300": 0.35286,
    "mrr_at_500": 0.35286,
    "mrr_at_1000": 0.35288,
    "rc_at_1": {
        "relevant": 0.23077,
        "distractor": 0.55385
    },
    "rc_at_3": {
        "relevant": 0.6,
        "distractor": 1.58462
    },
    "rc_at_5": {
        "relevant": 0.73846,
        "distractor": 2.8
    },
    "rc_at_10": {
        "relevant": 1.04615,
        "distractor": 5.63077
    },
    "rc_at_20": {
        "relevant": 1.6,
        "distractor": 9.81538
    },
    "rc_at_100": {
        "relevant": 3.53846,
        "distractor": 28.92308
    },
    "rc_at_200": {
        "relevant": 4.44615,
        "distractor": 37.75385
    },
    "rc_at_300": {
        "relevant": 5.0,
        "distractor": 42.50769
    },
    "rc_at_500": {
        "relevant": 5.61538,
        "distractor": 48.81538
    },
    "rc_at_1000": {
        "relevant": 6.23077,
        "distractor": 56.56923
    }
}