{
    "ndcg_at_1": 0.31286,
    "ndcg_at_3": 0.40599,
    "ndcg_at_5": 0.44917,
    "ndcg_at_10": 0.48638,
    "ndcg_at_20": 0.51123,
    "ndcg_at_100": 0.53589,
    "ndcg_at_200": 0.53971,
    "ndcg_at_300": 0.5412,
    "ndcg_at_500": 0.54287,
    "ndcg_at_1000": 0.54465,
    "map_at_1": 0.27612,
    "map_at_3": 0.37007,
    "map_at_5": 0.39576,
    "map_at_10": 0.41277,
    "map_at_20": 0.42052,
    "map_at_100": 0.4245,
    "map_at_200": 0.42473,
    "map_at_300": 0.42479,
    "map_at_500": 0.42483,
    "map_at_1000": 0.42486,
    "recall_at_1": 0.27612,
    "recall_at_3": 0.47617,
    "recall_at_5": 0.5759,
    "recall_at_10": 0.68429,
    "recall_at_20": 0.77631,
    "recall_at_100": 0.90052,
    "recall_at_200": 0.92601,
    "recall_at_300": 0.93687,
    "recall_at_500": 0.95042,
    "recall_at_1000": 0.9664,
    "precision_at_1": 0.31286,
    "precision_at_3": 0.1854,
    "precision_at_5": 0.13598,
    "precision_at_10": 0.08155,
    "precision_at_20": 0.04665,
    "precision_at_100": 0.01091,
    "precision_at_200": 0.00562,
    "precision_at_300": 0.0038,
    "precision_at_500": 0.00231,
    "precision_at_1000": 0.00118,
    "mrr_at_1": 0.31315,
    "mrr_at_3": 0.4044,
    "mrr_at_5": 0.42649,
    "mrr_at_10": 0.44013,
    "mrr_at_20": 0.44598,
    "mrr_at_100": 0.44891,
    "mrr_at_200": 0.44908,
    "mrr_at_300": 0.44912,
    "mrr_at_500": 0.44915,
    "mrr_at_1000": 0.44917
}