{
    "ndcg_at_1": 0.81,
    "ndcg_at_3": 0.80642,
    "ndcg_at_5": 0.77939,
    "ndcg_at_10": 0.75587,
    "ndcg_at_20": 0.71743,
    "ndcg_at_100": 0.59106,
    "ndcg_at_200": 0.51501,
    "ndcg_at_300": 0.48465,
    "ndcg_at_500": 0.47905,
    "ndcg_at_1000": 0.53465,
    "map_at_1": 0.00227,
    "map_at_3": 0.00645,
    "map_at_5": 0.01037,
    "map_at_10": 0.01941,
    "map_at_20": 0.03459,
    "map_at_100": 0.11612,
    "map_at_200": 0.17196,
    "map_at_300": 0.20635,
    "map_at_500": 0.24372,
    "map_at_1000": 0.28189,
    "recall_at_1": 0.00227,
    "recall_at_3": 0.0069,
    "recall_at_5": 0.0112,
    "recall_at_10": 0.02148,
    "recall_at_20": 0.03952,
    "recall_at_100": 0.1495,
    "recall_at_200": 0.23963,
    "recall_at_300": 0.30384,
    "recall_at_500": 0.38803,
    "recall_at_1000": 0.50712,
    "precision_at_1": 0.88,
    "precision_at_3": 0.86,
    "precision_at_5": 0.832,
    "precision_at_10": 0.812,
    "precision_at_20": 0.763,
    "precision_at_100": 0.6146,
    "precision_at_200": 0.5097,
    "precision_at_300": 0.4406,
    "precision_at_500": 0.34868,
    "precision_at_1000": 0.23438,
    "mrr_at_1": 0.88,
    "mrr_at_3": 0.94,
    "mrr_at_5": 0.94,
    "mrr_at_10": 0.94,
    "mrr_at_20": 0.94,
    "mrr_at_100": 0.94,
    "mrr_at_200": 0.94,
    "mrr_at_300": 0.94,
    "mrr_at_500": 0.94,
    "mrr_at_1000": 0.94
}