{
    "ndcg_at_1": 0.12881,
    "ndcg_at_3": 0.16904,
    "ndcg_at_5": 0.18184,
    "ndcg_at_10": 0.19478,
    "ndcg_at_20": 0.2113,
    "ndcg_at_100": 0.23957,
    "ndcg_at_200": 0.24987,
    "ndcg_at_300": 0.25553,
    "ndcg_at_500": 0.26271,
    "ndcg_at_1000": 0.27126,
    "map_at_1": 0.11808,
    "map_at_3": 0.15368,
    "map_at_5": 0.1613,
    "map_at_10": 0.16687,
    "map_at_20": 0.17153,
    "map_at_100": 0.17533,
    "map_at_200": 0.17589,
    "map_at_300": 0.17608,
    "map_at_500": 0.17626,
    "map_at_1000": 0.17638,
    "recall_at_1": 0.11808,
    "recall_at_3": 0.19828,
    "recall_at_5": 0.22875,
    "recall_at_10": 0.26845,
    "recall_at_20": 0.33208,
    "recall_at_100": 0.4807,
    "recall_at_200": 0.55149,
    "recall_at_300": 0.5938,
    "recall_at_500": 0.65234,
    "recall_at_1000": 0.72976,
    "precision_at_1": 0.12881,
    "precision_at_3": 0.0742,
    "precision_at_5": 0.05243,
    "precision_at_10": 0.03096,
    "precision_at_20": 0.01898,
    "precision_at_100": 0.00564,
    "precision_at_200": 0.00324,
    "precision_at_300": 0.00235,
    "precision_at_500": 0.00155,
    "precision_at_1000": 0.00087,
    "mrr_at_1": 0.12881,
    "mrr_at_3": 0.16704,
    "mrr_at_5": 0.17427,
    "mrr_at_10": 0.17949,
    "mrr_at_20": 0.18413,
    "mrr_at_100": 0.18773,
    "mrr_at_200": 0.18824,
    "mrr_at_300": 0.18843,
    "mrr_at_500": 0.18859,
    "mrr_at_1000": 0.18869
}