{
    "ndcg_at_1": 0.25342,
    "ndcg_at_3": 0.30942,
    "ndcg_at_5": 0.33659,
    "ndcg_at_10": 0.36581,
    "ndcg_at_20": 0.39009,
    "ndcg_at_100": 0.42867,
    "ndcg_at_200": 0.43835,
    "ndcg_at_300": 0.44216,
    "ndcg_at_500": 0.44691,
    "ndcg_at_1000": 0.45138,
    "map_at_1": 0.19957,
    "map_at_3": 0.27052,
    "map_at_5": 0.28877,
    "map_at_10": 0.30348,
    "map_at_20": 0.31126,
    "map_at_100": 0.31751,
    "map_at_200": 0.31816,
    "map_at_300": 0.31834,
    "map_at_500": 0.31852,
    "map_at_1000": 0.31863,
    "recall_at_1": 0.19957,
    "recall_at_3": 0.34767,
    "recall_at_5": 0.41707,
    "recall_at_10": 0.50423,
    "recall_at_20": 0.59066,
    "recall_at_100": 0.77649,
    "recall_at_200": 0.83501,
    "recall_at_300": 0.85989,
    "recall_at_500": 0.8928,
    "recall_at_1000": 0.92624,
    "precision_at_1": 0.25342,
    "precision_at_3": 0.15297,
    "precision_at_5": 0.11324,
    "precision_at_10": 0.07032,
    "precision_at_20": 0.04252,
    "precision_at_100": 0.01202,
    "precision_at_200": 0.00666,
    "precision_at_300": 0.00468,
    "precision_at_500": 0.00298,
    "precision_at_1000": 0.00159,
    "mrr_at_1": 0.25342,
    "mrr_at_3": 0.32629,
    "mrr_at_5": 0.34313,
    "mrr_at_10": 0.35433,
    "mrr_at_20": 0.36064,
    "mrr_at_100": 0.36464,
    "mrr_at_200": 0.36499,
    "mrr_at_300": 0.36507,
    "mrr_at_500": 0.36513,
    "mrr_at_1000": 0.36516
}