{
    "ndcg_at_1": 0.0,
    "ndcg_at_3": 0.30287,
    "ndcg_at_5": 0.374,
    "ndcg_at_10": 0.43389,
    "ndcg_at_20": 0.45631,
    "ndcg_at_100": 0.46346,
    "ndcg_at_200": 0.46407,
    "ndcg_at_300": 0.46407,
    "ndcg_at_500": 0.46407,
    "ndcg_at_1000": 0.46407,
    "map_at_1": 0.0,
    "map_at_3": 0.23009,
    "map_at_5": 0.2697,
    "map_at_10": 0.29472,
    "map_at_20": 0.30114,
    "map_at_100": 0.30229,
    "map_at_200": 0.30232,
    "map_at_300": 0.30232,
    "map_at_500": 0.30232,
    "map_at_1000": 0.30232,
    "recall_at_1": 0.0,
    "recall_at_3": 0.5128,
    "recall_at_5": 0.68492,
    "recall_at_10": 0.86842,
    "recall_at_20": 0.95519,
    "recall_at_100": 0.99147,
    "recall_at_200": 0.99573,
    "recall_at_300": 0.99573,
    "recall_at_500": 0.99573,
    "recall_at_1000": 0.99573,
    "precision_at_1": 0.0,
    "precision_at_3": 0.17093,
    "precision_at_5": 0.13698,
    "precision_at_10": 0.08684,
    "precision_at_20": 0.04776,
    "precision_at_100": 0.00991,
    "precision_at_200": 0.00498,
    "precision_at_300": 0.00332,
    "precision_at_500": 0.00199,
    "precision_at_1000": 0.001,
    "mrr_at_1": 0.0,
    "mrr_at_3": 0.22997,
    "mrr_at_5": 0.26958,
    "mrr_at_10": 0.29461,
    "mrr_at_20": 0.30102,
    "mrr_at_100": 0.30217,
    "mrr_at_200": 0.3022,
    "mrr_at_300": 0.3022,
    "mrr_at_500": 0.3022,
    "mrr_at_1000": 0.3022
}