{
    "ndcg_at_1": 0.42438,
    "ndcg_at_3": 0.38156,
    "ndcg_at_5": 0.38505,
    "ndcg_at_10": 0.41144,
    "ndcg_at_20": 0.44207,
    "ndcg_at_100": 0.48231,
    "ndcg_at_200": 0.496,
    "ndcg_at_300": 0.50201,
    "ndcg_at_500": 0.50651,
    "ndcg_at_1000": 0.51162,
    "map_at_1": 0.207,
    "map_at_3": 0.29489,
    "map_at_5": 0.31538,
    "map_at_10": 0.33652,
    "map_at_20": 0.34847,
    "map_at_100": 0.35657,
    "map_at_200": 0.35775,
    "map_at_300": 0.35811,
    "map_at_500": 0.35827,
    "map_at_1000": 0.35841,
    "recall_at_1": 0.207,
    "recall_at_3": 0.34002,
    "recall_at_5": 0.38438,
    "recall_at_10": 0.46673,
    "recall_at_20": 0.56418,
    "recall_at_100": 0.72835,
    "recall_at_200": 0.80129,
    "recall_at_300": 0.8378,
    "recall_at_500": 0.86825,
    "recall_at_1000": 0.90571,
    "precision_at_1": 0.42438,
    "precision_at_3": 0.25772,
    "precision_at_5": 0.18457,
    "precision_at_10": 0.11636,
    "precision_at_20": 0.07068,
    "precision_at_100": 0.01883,
    "precision_at_200": 0.01048,
    "precision_at_300": 0.00732,
    "precision_at_500": 0.00455,
    "precision_at_1000": 0.00237,
    "mrr_at_1": 0.42438,
    "mrr_at_3": 0.4802,
    "mrr_at_5": 0.48876,
    "mrr_at_10": 0.49878,
    "mrr_at_20": 0.50437,
    "mrr_at_100": 0.5077,
    "mrr_at_200": 0.50802,
    "mrr_at_300": 0.5081,
    "mrr_at_500": 0.50815,
    "mrr_at_1000": 0.50818
}