{
    "ndcg_at_1": 0.32875,
    "ndcg_at_3": 0.27109,
    "ndcg_at_5": 0.2487,
    "ndcg_at_10": 0.23514,
    "ndcg_at_20": 0.22504,
    "ndcg_at_100": 0.24942,
    "ndcg_at_200": 0.26917,
    "ndcg_at_300": 0.28161,
    "ndcg_at_500": 0.29677,
    "ndcg_at_1000": 0.31671,
    "map_at_1": 0.04248,
    "map_at_3": 0.06589,
    "map_at_5": 0.07515,
    "map_at_10": 0.08885,
    "map_at_20": 0.09872,
    "map_at_100": 0.11514,
    "map_at_200": 0.11881,
    "map_at_300": 0.12042,
    "map_at_500": 0.12187,
    "map_at_1000": 0.1233,
    "recall_at_1": 0.04248,
    "recall_at_3": 0.07887,
    "recall_at_5": 0.09587,
    "recall_at_10": 0.1367,
    "recall_at_20": 0.17334,
    "recall_at_100": 0.28771,
    "recall_at_200": 0.34762,
    "recall_at_300": 0.38739,
    "recall_at_500": 0.4425,
    "recall_at_1000": 0.51627,
    "precision_at_1": 0.4,
    "precision_at_3": 0.29667,
    "precision_at_5": 0.241,
    "precision_at_10": 0.18825,
    "precision_at_20": 0.13487,
    "precision_at_100": 0.05563,
    "precision_at_200": 0.03674,
    "precision_at_300": 0.02862,
    "precision_at_500": 0.02059,
    "precision_at_1000": 0.0131,
    "mrr_at_1": 0.4075,
    "mrr_at_3": 0.47583,
    "mrr_at_5": 0.49071,
    "mrr_at_10": 0.50434,
    "mrr_at_20": 0.50804,
    "mrr_at_100": 0.51048,
    "mrr_at_200": 0.51065,
    "mrr_at_300": 0.51069,
    "mrr_at_500": 0.51074,
    "mrr_at_1000": 0.51078
}