{
    "ndcg_at_1": 0.34841,
    "ndcg_at_3": 0.39393,
    "ndcg_at_5": 0.41758,
    "ndcg_at_10": 0.43987,
    "ndcg_at_20": 0.46109,
    "ndcg_at_100": 0.48913,
    "ndcg_at_200": 0.4974,
    "ndcg_at_300": 0.50208,
    "ndcg_at_500": 0.50676,
    "ndcg_at_1000": 0.51083,
    "map_at_1": 0.27436,
    "map_at_3": 0.34747,
    "map_at_5": 0.36643,
    "map_at_10": 0.37973,
    "map_at_20": 0.388,
    "map_at_100": 0.39434,
    "map_at_200": 0.39511,
    "map_at_300": 0.3954,
    "map_at_500": 0.39558,
    "map_at_1000": 0.3957,
    "recall_at_1": 0.27436,
    "recall_at_3": 0.41617,
    "recall_at_5": 0.48087,
    "recall_at_10": 0.54825,
    "recall_at_20": 0.62476,
    "recall_at_100": 0.75447,
    "recall_at_200": 0.80112,
    "recall_at_300": 0.83142,
    "recall_at_500": 0.86425,
    "recall_at_1000": 0.8927,
    "precision_at_1": 0.34841,
    "precision_at_3": 0.19469,
    "precision_at_5": 0.14051,
    "precision_at_10": 0.08682,
    "precision_at_20": 0.05277,
    "precision_at_100": 0.01443,
    "precision_at_200": 0.008,
    "precision_at_300": 0.00566,
    "precision_at_500": 0.00359,
    "precision_at_1000": 0.00192,
    "mrr_at_1": 0.34841,
    "mrr_at_3": 0.41486,
    "mrr_at_5": 0.42916,
    "mrr_at_10": 0.43796,
    "mrr_at_20": 0.44277,
    "mrr_at_100": 0.4457,
    "mrr_at_200": 0.44597,
    "mrr_at_300": 0.44607,
    "mrr_at_500": 0.44613,
    "mrr_at_1000": 0.44617
}