{
    "ndcg_at_1": 0.32727,
    "ndcg_at_3": 0.27903,
    "ndcg_at_5": 0.26058,
    "ndcg_at_10": 0.22101,
    "ndcg_at_20": 0.28769,
    "ndcg_at_100": 0.45493,
    "ndcg_at_200": 0.48571,
    "ndcg_at_300": 0.49073,
    "ndcg_at_500": 0.49771,
    "ndcg_at_1000": 0.50528,
    "map_at_1": 0.03273,
    "map_at_3": 0.0703,
    "map_at_5": 0.09639,
    "map_at_10": 0.12256,
    "map_at_20": 0.15012,
    "map_at_100": 0.20691,
    "map_at_200": 0.21255,
    "map_at_300": 0.21318,
    "map_at_500": 0.21375,
    "map_at_1000": 0.2141,
    "recall_at_1": 0.03273,
    "recall_at_3": 0.08,
    "recall_at_5": 0.12182,
    "recall_at_10": 0.19455,
    "recall_at_20": 0.31636,
    "recall_at_100": 0.73273,
    "recall_at_200": 0.83273,
    "recall_at_300": 0.85091,
    "recall_at_500": 0.87818,
    "recall_at_1000": 0.91091,
    "precision_at_1": 0.32727,
    "precision_at_3": 0.26667,
    "precision_at_5": 0.24364,
    "precision_at_10": 0.19455,
    "precision_at_20": 0.15818,
    "precision_at_100": 0.07327,
    "precision_at_200": 0.04164,
    "precision_at_300": 0.02836,
    "precision_at_500": 0.01756,
    "precision_at_1000": 0.00911,
    "mrr_at_1": 0.32727,
    "mrr_at_3": 0.38788,
    "mrr_at_5": 0.41333,
    "mrr_at_10": 0.44643,
    "mrr_at_20": 0.45318,
    "mrr_at_100": 0.45504,
    "mrr_at_200": 0.45504,
    "mrr_at_300": 0.45504,
    "mrr_at_500": 0.45504,
    "mrr_at_1000": 0.45504,
    "rc_at_1": {
        "relevant": 0.32727,
        "distractor": 0.65455
    },
    "rc_at_3": {
        "relevant": 0.8,
        "distractor": 2.09091
    },
    "rc_at_5": {
        "relevant": 1.21818,
        "distractor": 3.6
    },
    "rc_at_10": {
        "relevant": 1.94545,
        "distractor": 7.72727
    },
    "rc_at_20": {
        "relevant": 3.16364,
        "distractor": 15.85455
    },
    "rc_at_100": {
        "relevant": 7.32727,
        "distractor": 59.0
    },
    "rc_at_200": {
        "relevant": 8.32727,
        "distractor": 72.52727
    },
    "rc_at_300": {
        "relevant": 8.50909,
        "distractor": 76.90909
    },
    "rc_at_500": {
        "relevant": 8.78182,
        "distractor": 81.61818
    },
    "rc_at_1000": {
        "relevant": 9.10909,
        "distractor": 86.8
    }
}