{
    "ndcg_at_1": 0.1719,
    "ndcg_at_3": 0.237,
    "ndcg_at_5": 0.25936,
    "ndcg_at_10": 0.28586,
    "ndcg_at_20": 0.31412,
    "ndcg_at_100": 0.35025,
    "ndcg_at_200": 0.36062,
    "ndcg_at_300": 0.36556,
    "ndcg_at_500": 0.37154,
    "ndcg_at_1000": 0.37722,
    "map_at_1": 0.16026,
    "map_at_3": 0.21505,
    "map_at_5": 0.22861,
    "map_at_10": 0.23931,
    "map_at_20": 0.24775,
    "map_at_100": 0.25314,
    "map_at_200": 0.25374,
    "map_at_300": 0.25395,
    "map_at_500": 0.25414,
    "map_at_1000": 0.25426,
    "recall_at_1": 0.16026,
    "recall_at_3": 0.28232,
    "recall_at_5": 0.33635,
    "recall_at_10": 0.41432,
    "recall_at_20": 0.51999,
    "recall_at_100": 0.70255,
    "recall_at_200": 0.77207,
    "recall_at_300": 0.80638,
    "recall_at_500": 0.85269,
    "recall_at_1000": 0.90106,
    "precision_at_1": 0.1719,
    "precision_at_3": 0.10474,
    "precision_at_5": 0.07579,
    "precision_at_10": 0.04787,
    "precision_at_20": 0.03078,
    "precision_at_100": 0.00865,
    "precision_at_200": 0.00483,
    "precision_at_300": 0.00344,
    "precision_at_500": 0.00225,
    "precision_at_1000": 0.00122,
    "mrr_at_1": 0.1719,
    "mrr_at_3": 0.23105,
    "mrr_at_5": 0.2427,
    "mrr_at_10": 0.2545,
    "mrr_at_20": 0.26208,
    "mrr_at_100": 0.26701,
    "mrr_at_200": 0.26754,
    "mrr_at_300": 0.26766,
    "mrr_at_500": 0.26777,
    "mrr_at_1000": 0.26784
}