{
    "ndcg_at_1": 0.7839,
    "ndcg_at_3": 0.82972,
    "ndcg_at_5": 0.84719,
    "ndcg_at_10": 0.86223,
    "ndcg_at_20": 0.8702,
    "ndcg_at_100": 0.87654,
    "ndcg_at_200": 0.87719,
    "ndcg_at_300": 0.87745,
    "ndcg_at_500": 0.87772,
    "ndcg_at_1000": 0.8778,
    "map_at_1": 0.68006,
    "map_at_3": 0.78982,
    "map_at_5": 0.80911,
    "map_at_10": 0.82081,
    "map_at_20": 0.82556,
    "map_at_100": 0.82783,
    "map_at_200": 0.82795,
    "map_at_300": 0.82798,
    "map_at_500": 0.828,
    "map_at_1000": 0.82801,
    "recall_at_1": 0.68006,
    "recall_at_3": 0.8523,
    "recall_at_5": 0.90064,
    "recall_at_10": 0.9444,
    "recall_at_20": 0.96977,
    "recall_at_100": 0.9934,
    "recall_at_200": 0.99627,
    "recall_at_300": 0.99765,
    "recall_at_500": 0.99926,
    "recall_at_1000": 0.99974,
    "precision_at_1": 0.7839,
    "precision_at_3": 0.36387,
    "precision_at_5": 0.24048,
    "precision_at_10": 0.13215,
    "precision_at_20": 0.07061,
    "precision_at_100": 0.01525,
    "precision_at_200": 0.00773,
    "precision_at_300": 0.00518,
    "precision_at_500": 0.00312,
    "precision_at_1000": 0.00157,
    "mrr_at_1": 0.7839,
    "mrr_at_3": 0.84045,
    "mrr_at_5": 0.84794,
    "mrr_at_10": 0.85185,
    "mrr_at_20": 0.85283,
    "mrr_at_100": 0.85321,
    "mrr_at_200": 0.85322,
    "mrr_at_300": 0.85322,
    "mrr_at_500": 0.85322,
    "mrr_at_1000": 0.85322
}