{
    "ndcg_at_1": 0.25876,
    "ndcg_at_3": 0.32189,
    "ndcg_at_5": 0.34685,
    "ndcg_at_10": 0.37522,
    "ndcg_at_20": 0.39741,
    "ndcg_at_100": 0.42917,
    "ndcg_at_200": 0.4387,
    "ndcg_at_300": 0.44246,
    "ndcg_at_500": 0.44654,
    "ndcg_at_1000": 0.45027,
    "map_at_1": 0.23984,
    "map_at_3": 0.29851,
    "map_at_5": 0.31279,
    "map_at_10": 0.32518,
    "map_at_20": 0.33154,
    "map_at_100": 0.33619,
    "map_at_200": 0.33673,
    "map_at_300": 0.33687,
    "map_at_500": 0.33697,
    "map_at_1000": 0.33703,
    "recall_at_1": 0.23984,
    "recall_at_3": 0.36844,
    "recall_at_5": 0.42789,
    "recall_at_10": 0.51246,
    "recall_at_20": 0.59737,
    "recall_at_100": 0.75996,
    "recall_at_200": 0.82435,
    "recall_at_300": 0.85229,
    "recall_at_500": 0.88573,
    "recall_at_1000": 0.91797,
    "precision_at_1": 0.25876,
    "precision_at_3": 0.13672,
    "precision_at_5": 0.09672,
    "precision_at_10": 0.05876,
    "precision_at_20": 0.03446,
    "precision_at_100": 0.00905,
    "precision_at_200": 0.00495,
    "precision_at_300": 0.00343,
    "precision_at_500": 0.00214,
    "precision_at_1000": 0.00112,
    "mrr_at_1": 0.25876,
    "mrr_at_3": 0.31789,
    "mrr_at_5": 0.33173,
    "mrr_at_10": 0.34316,
    "mrr_at_20": 0.34886,
    "mrr_at_100": 0.35284,
    "mrr_at_200": 0.35328,
    "mrr_at_300": 0.35338,
    "mrr_at_500": 0.35347,
    "mrr_at_1000": 0.35351
}