{
    "ndcg_at_1": 0.31286,
    "ndcg_at_3": 0.40359,
    "ndcg_at_5": 0.44868,
    "ndcg_at_10": 0.48636,
    "ndcg_at_20": 0.51034,
    "ndcg_at_100": 0.53505,
    "ndcg_at_200": 0.53869,
    "ndcg_at_300": 0.54019,
    "ndcg_at_500": 0.54172,
    "ndcg_at_1000": 0.5436,
    "map_at_1": 0.27525,
    "map_at_3": 0.36798,
    "map_at_5": 0.39481,
    "map_at_10": 0.41191,
    "map_at_20": 0.41931,
    "map_at_100": 0.42324,
    "map_at_200": 0.42346,
    "map_at_300": 0.42352,
    "map_at_500": 0.42355,
    "map_at_1000": 0.42358,
    "recall_at_1": 0.27525,
    "recall_at_3": 0.47231,
    "recall_at_5": 0.57653,
    "recall_at_10": 0.68658,
    "recall_at_20": 0.77583,
    "recall_at_100": 0.90119,
    "recall_at_200": 0.92538,
    "recall_at_300": 0.93637,
    "recall_at_500": 0.94877,
    "recall_at_1000": 0.96572,
    "precision_at_1": 0.31286,
    "precision_at_3": 0.18405,
    "precision_at_5": 0.13615,
    "precision_at_10": 0.08189,
    "precision_at_20": 0.04663,
    "precision_at_100": 0.01091,
    "precision_at_200": 0.00561,
    "precision_at_300": 0.00379,
    "precision_at_500": 0.00231,
    "precision_at_1000": 0.00117,
    "mrr_at_1": 0.31286,
    "mrr_at_3": 0.40286,
    "mrr_at_5": 0.42602,
    "mrr_at_10": 0.4398,
    "mrr_at_20": 0.44542,
    "mrr_at_100": 0.4483,
    "mrr_at_200": 0.44846,
    "mrr_at_300": 0.44849,
    "mrr_at_500": 0.44852,
    "mrr_at_1000": 0.44855
}