{
    "ndcg_at_1": 0.34904,
    "ndcg_at_3": 0.39327,
    "ndcg_at_5": 0.4127,
    "ndcg_at_10": 0.43785,
    "ndcg_at_20": 0.45595,
    "ndcg_at_100": 0.48741,
    "ndcg_at_200": 0.4962,
    "ndcg_at_300": 0.50094,
    "ndcg_at_500": 0.50475,
    "ndcg_at_1000": 0.50954,
    "map_at_1": 0.27447,
    "map_at_3": 0.34762,
    "map_at_5": 0.36363,
    "map_at_10": 0.37805,
    "map_at_20": 0.38516,
    "map_at_100": 0.39226,
    "map_at_200": 0.39306,
    "map_at_300": 0.39335,
    "map_at_500": 0.39351,
    "map_at_1000": 0.39366,
    "recall_at_1": 0.27447,
    "recall_at_3": 0.41434,
    "recall_at_5": 0.46759,
    "recall_at_10": 0.54369,
    "recall_at_20": 0.61045,
    "recall_at_100": 0.75357,
    "recall_at_200": 0.80409,
    "recall_at_300": 0.83538,
    "recall_at_500": 0.86066,
    "recall_at_1000": 0.89552,
    "precision_at_1": 0.34904,
    "precision_at_3": 0.19236,
    "precision_at_5": 0.13783,
    "precision_at_10": 0.08599,
    "precision_at_20": 0.05127,
    "precision_at_100": 0.01458,
    "precision_at_200": 0.00808,
    "precision_at_300": 0.0057,
    "precision_at_500": 0.00361,
    "precision_at_1000": 0.00195,
    "mrr_at_1": 0.34904,
    "mrr_at_3": 0.41401,
    "mrr_at_5": 0.42745,
    "mrr_at_10": 0.43802,
    "mrr_at_20": 0.44213,
    "mrr_at_100": 0.44534,
    "mrr_at_200": 0.44564,
    "mrr_at_300": 0.44574,
    "mrr_at_500": 0.44579,
    "mrr_at_1000": 0.44583
}