{
    "ndcg_at_1": 0.43077,
    "ndcg_at_3": 0.3083,
    "ndcg_at_5": 0.28749,
    "ndcg_at_10": 0.23985,
    "ndcg_at_20": 0.30082,
    "ndcg_at_100": 0.46648,
    "ndcg_at_200": 0.51527,
    "ndcg_at_300": 0.52206,
    "ndcg_at_500": 0.52647,
    "ndcg_at_1000": 0.53218,
    "map_at_1": 0.04308,
    "map_at_3": 0.07282,
    "map_at_5": 0.09836,
    "map_at_10": 0.12959,
    "map_at_20": 0.16247,
    "map_at_100": 0.21118,
    "map_at_200": 0.22072,
    "map_at_300": 0.22153,
    "map_at_500": 0.22191,
    "map_at_1000": 0.22223,
    "recall_at_1": 0.04308,
    "recall_at_3": 0.08308,
    "recall_at_5": 0.12923,
    "recall_at_10": 0.20462,
    "recall_at_20": 0.31385,
    "recall_at_100": 0.73692,
    "recall_at_200": 0.89231,
    "recall_at_300": 0.91692,
    "recall_at_500": 0.93385,
    "recall_at_1000": 0.95846,
    "precision_at_1": 0.43077,
    "precision_at_3": 0.27692,
    "precision_at_5": 0.25846,
    "precision_at_10": 0.20462,
    "precision_at_20": 0.15692,
    "precision_at_100": 0.07369,
    "precision_at_200": 0.04462,
    "precision_at_300": 0.03056,
    "precision_at_500": 0.01868,
    "precision_at_1000": 0.00958,
    "mrr_at_1": 0.43077,
    "mrr_at_3": 0.48205,
    "mrr_at_5": 0.50821,
    "mrr_at_10": 0.52609,
    "mrr_at_20": 0.53302,
    "mrr_at_100": 0.53642,
    "mrr_at_200": 0.53642,
    "mrr_at_300": 0.53642,
    "mrr_at_500": 0.53642,
    "mrr_at_1000": 0.53642,
    "rc_at_1": {
        "relevant": 0.43077,
        "distractor": 0.56923
    },
    "rc_at_3": {
        "relevant": 0.83077,
        "distractor": 2.15385
    },
    "rc_at_5": {
        "relevant": 1.29231,
        "distractor": 3.66154
    },
    "rc_at_10": {
        "relevant": 2.04615,
        "distractor": 7.76923
    },
    "rc_at_20": {
        "relevant": 3.13846,
        "distractor": 16.21538
    },
    "rc_at_100": {
        "relevant": 7.36923,
        "distractor": 73.64615
    },
    "rc_at_200": {
        "relevant": 8.92308,
        "distractor": 87.63077
    },
    "rc_at_300": {
        "relevant": 9.16923,
        "distractor": 90.69231
    },
    "rc_at_500": {
        "relevant": 9.33846,
        "distractor": 92.89231
    },
    "rc_at_1000": {
        "relevant": 9.58462,
        "distractor": 94.93846
    }
}