{
    "ndcg_at_1": 0.43077,
    "ndcg_at_3": 0.3083,
    "ndcg_at_5": 0.27918,
    "ndcg_at_10": 0.23363,
    "ndcg_at_20": 0.28946,
    "ndcg_at_100": 0.41513,
    "ndcg_at_200": 0.45465,
    "ndcg_at_300": 0.4649,
    "ndcg_at_500": 0.47913,
    "ndcg_at_1000": 0.49135,
    "map_at_1": 0.04308,
    "map_at_3": 0.07282,
    "map_at_5": 0.09521,
    "map_at_10": 0.12566,
    "map_at_20": 0.15456,
    "map_at_100": 0.19132,
    "map_at_200": 0.19783,
    "map_at_300": 0.19886,
    "map_at_500": 0.20004,
    "map_at_1000": 0.20063,
    "recall_at_1": 0.04308,
    "recall_at_3": 0.08308,
    "recall_at_5": 0.12308,
    "recall_at_10": 0.19692,
    "recall_at_20": 0.29692,
    "recall_at_100": 0.61385,
    "recall_at_200": 0.74154,
    "recall_at_300": 0.77846,
    "recall_at_500": 0.83385,
    "recall_at_1000": 0.88615,
    "precision_at_1": 0.43077,
    "precision_at_3": 0.27692,
    "precision_at_5": 0.24615,
    "precision_at_10": 0.19692,
    "precision_at_20": 0.14846,
    "precision_at_100": 0.06138,
    "precision_at_200": 0.03708,
    "precision_at_300": 0.02595,
    "precision_at_500": 0.01668,
    "precision_at_1000": 0.00886,
    "mrr_at_1": 0.43077,
    "mrr_at_3": 0.48205,
    "mrr_at_5": 0.50436,
    "mrr_at_10": 0.52053,
    "mrr_at_20": 0.52839,
    "mrr_at_100": 0.53183,
    "mrr_at_200": 0.53183,
    "mrr_at_300": 0.53183,
    "mrr_at_500": 0.53183,
    "mrr_at_1000": 0.53183,
    "rc_at_1": {
        "relevant": 0.43077,
        "distractor": 0.56923
    },
    "rc_at_3": {
        "relevant": 0.83077,
        "distractor": 2.04615
    },
    "rc_at_5": {
        "relevant": 1.23077,
        "distractor": 3.53846
    },
    "rc_at_10": {
        "relevant": 1.96923,
        "distractor": 7.38462
    },
    "rc_at_20": {
        "relevant": 2.96923,
        "distractor": 14.86154
    },
    "rc_at_100": {
        "relevant": 6.13846,
        "distractor": 56.53846
    },
    "rc_at_200": {
        "relevant": 7.41538,
        "distractor": 70.38462
    },
    "rc_at_300": {
        "relevant": 7.78462,
        "distractor": 75.98462
    },
    "rc_at_500": {
        "relevant": 8.33846,
        "distractor": 80.95385
    },
    "rc_at_1000": {
        "relevant": 8.86154,
        "distractor": 86.66154
    }
}