{
    "ndcg_at_1": 0.4,
    "ndcg_at_3": 0.28664,
    "ndcg_at_5": 0.25926,
    "ndcg_at_10": 0.21339,
    "ndcg_at_20": 0.26165,
    "ndcg_at_100": 0.34305,
    "ndcg_at_200": 0.36697,
    "ndcg_at_300": 0.37774,
    "ndcg_at_500": 0.39341,
    "ndcg_at_1000": 0.4117,
    "map_at_1": 0.04,
    "map_at_3": 0.06744,
    "map_at_5": 0.08867,
    "map_at_10": 0.11154,
    "map_at_20": 0.1364,
    "map_at_100": 0.15752,
    "map_at_200": 0.16111,
    "map_at_300": 0.16209,
    "map_at_500": 0.16305,
    "map_at_1000": 0.16382,
    "recall_at_1": 0.04,
    "recall_at_3": 0.07692,
    "recall_at_5": 0.11385,
    "recall_at_10": 0.17846,
    "recall_at_20": 0.26615,
    "recall_at_100": 0.47077,
    "recall_at_200": 0.54769,
    "recall_at_300": 0.58615,
    "recall_at_500": 0.64769,
    "recall_at_1000": 0.72615,
    "precision_at_1": 0.4,
    "precision_at_3": 0.25641,
    "precision_at_5": 0.22769,
    "precision_at_10": 0.17846,
    "precision_at_20": 0.13308,
    "precision_at_100": 0.04708,
    "precision_at_200": 0.02738,
    "precision_at_300": 0.01954,
    "precision_at_500": 0.01295,
    "precision_at_1000": 0.00726,
    "mrr_at_1": 0.4,
    "mrr_at_3": 0.45385,
    "mrr_at_5": 0.47308,
    "mrr_at_10": 0.49369,
    "mrr_at_20": 0.49795,
    "mrr_at_100": 0.50196,
    "mrr_at_200": 0.50221,
    "mrr_at_300": 0.50221,
    "mrr_at_500": 0.50225,
    "mrr_at_1000": 0.50225,
    "rc_at_1": {
        "relevant": 0.4,
        "distractor": 0.49231
    },
    "rc_at_3": {
        "relevant": 0.76923,
        "distractor": 1.90769
    },
    "rc_at_5": {
        "relevant": 1.13846,
        "distractor": 3.12308
    },
    "rc_at_10": {
        "relevant": 1.78462,
        "distractor": 6.2
    },
    "rc_at_20": {
        "relevant": 2.66154,
        "distractor": 12.03077
    },
    "rc_at_100": {
        "relevant": 4.70769,
        "distractor": 36.47692
    },
    "rc_at_200": {
        "relevant": 5.47692,
        "distractor": 47.8
    },
    "rc_at_300": {
        "relevant": 5.86154,
        "distractor": 53.78462
    },
    "rc_at_500": {
        "relevant": 6.47692,
        "distractor": 60.30769
    },
    "rc_at_1000": {
        "relevant": 7.26154,
        "distractor": 68.30769
    }
}