{
    "ndcg_at_1": 0.38462,
    "ndcg_at_3": 0.34018,
    "ndcg_at_5": 0.29907,
    "ndcg_at_10": 0.25525,
    "ndcg_at_20": 0.30379,
    "ndcg_at_100": 0.50123,
    "ndcg_at_200": 0.54974,
    "ndcg_at_300": 0.55359,
    "ndcg_at_500": 0.5544,
    "ndcg_at_1000": 0.55514,
    "map_at_1": 0.03846,
    "map_at_3": 0.08333,
    "map_at_5": 0.10579,
    "map_at_10": 0.14494,
    "map_at_20": 0.16718,
    "map_at_100": 0.22548,
    "map_at_200": 0.23677,
    "map_at_300": 0.23728,
    "map_at_500": 0.23737,
    "map_at_1000": 0.23743,
    "recall_at_1": 0.03846,
    "recall_at_3": 0.09846,
    "recall_at_5": 0.13692,
    "recall_at_10": 0.22308,
    "recall_at_20": 0.30923,
    "recall_at_100": 0.82769,
    "recall_at_200": 0.97846,
    "recall_at_300": 0.99231,
    "recall_at_500": 0.99538,
    "recall_at_1000": 0.99846,
    "precision_at_1": 0.38462,
    "precision_at_3": 0.32821,
    "precision_at_5": 0.27385,
    "precision_at_10": 0.22308,
    "precision_at_20": 0.15462,
    "precision_at_100": 0.08277,
    "precision_at_200": 0.04892,
    "precision_at_300": 0.03308,
    "precision_at_500": 0.01991,
    "precision_at_1000": 0.00998,
    "mrr_at_1": 0.38462,
    "mrr_at_3": 0.46923,
    "mrr_at_5": 0.48692,
    "mrr_at_10": 0.51085,
    "mrr_at_20": 0.51758,
    "mrr_at_100": 0.51952,
    "mrr_at_200": 0.51952,
    "mrr_at_300": 0.51952,
    "mrr_at_500": 0.51952,
    "mrr_at_1000": 0.51952,
    "rc_at_1": {
        "relevant": 0.38462,
        "distractor": 0.61538
    },
    "rc_at_3": {
        "relevant": 0.98462,
        "distractor": 2.01538
    },
    "rc_at_5": {
        "relevant": 1.36923,
        "distractor": 3.63077
    },
    "rc_at_10": {
        "relevant": 2.23077,
        "distractor": 7.70769
    },
    "rc_at_20": {
        "relevant": 3.09231,
        "distractor": 16.75385
    },
    "rc_at_100": {
        "relevant": 8.27692,
        "distractor": 87.6
    },
    "rc_at_200": {
        "relevant": 9.78462,
        "distractor": 97.58462
    },
    "rc_at_300": {
        "relevant": 9.92308,
        "distractor": 98.41538
    },
    "rc_at_500": {
        "relevant": 9.95385,
        "distractor": 98.81538
    },
    "rc_at_1000": {
        "relevant": 9.98462,
        "distractor": 99.27692
    }
}