{
    "ndcg_at_1": 0.36923,
    "ndcg_at_3": 0.30941,
    "ndcg_at_5": 0.26426,
    "ndcg_at_10": 0.22619,
    "ndcg_at_20": 0.27213,
    "ndcg_at_100": 0.33648,
    "ndcg_at_200": 0.36748,
    "ndcg_at_300": 0.37862,
    "ndcg_at_500": 0.39081,
    "ndcg_at_1000": 0.40482,
    "map_at_1": 0.03692,
    "map_at_3": 0.07487,
    "map_at_5": 0.09003,
    "map_at_10": 0.12414,
    "map_at_20": 0.14484,
    "map_at_100": 0.16317,
    "map_at_200": 0.16751,
    "map_at_300": 0.16841,
    "map_at_500": 0.16912,
    "map_at_1000": 0.1697,
    "recall_at_1": 0.03692,
    "recall_at_3": 0.08769,
    "recall_at_5": 0.11692,
    "recall_at_10": 0.19385,
    "recall_at_20": 0.27538,
    "recall_at_100": 0.43538,
    "recall_at_200": 0.53538,
    "recall_at_300": 0.57538,
    "recall_at_500": 0.62308,
    "recall_at_1000": 0.68308,
    "precision_at_1": 0.36923,
    "precision_at_3": 0.29231,
    "precision_at_5": 0.23385,
    "precision_at_10": 0.19385,
    "precision_at_20": 0.13769,
    "precision_at_100": 0.04354,
    "precision_at_200": 0.02677,
    "precision_at_300": 0.01918,
    "precision_at_500": 0.01246,
    "precision_at_1000": 0.00683,
    "mrr_at_1": 0.36923,
    "mrr_at_3": 0.44615,
    "mrr_at_5": 0.46385,
    "mrr_at_10": 0.48274,
    "mrr_at_20": 0.49064,
    "mrr_at_100": 0.49236,
    "mrr_at_200": 0.49275,
    "mrr_at_300": 0.49282,
    "mrr_at_500": 0.49282,
    "mrr_at_1000": 0.49282,
    "rc_at_1": {
        "relevant": 0.36923,
        "distractor": 0.55385
    },
    "rc_at_3": {
        "relevant": 0.87692,
        "distractor": 1.8
    },
    "rc_at_5": {
        "relevant": 1.16923,
        "distractor": 3.16923
    },
    "rc_at_10": {
        "relevant": 1.93846,
        "distractor": 6.15385
    },
    "rc_at_20": {
        "relevant": 2.75385,
        "distractor": 12.0
    },
    "rc_at_100": {
        "relevant": 4.35385,
        "distractor": 38.43077
    },
    "rc_at_200": {
        "relevant": 5.35385,
        "distractor": 49.15385
    },
    "rc_at_300": {
        "relevant": 5.75385,
        "distractor": 54.86154
    },
    "rc_at_500": {
        "relevant": 6.23077,
        "distractor": 60.83077
    },
    "rc_at_1000": {
        "relevant": 6.83077,
        "distractor": 68.04615
    }
}