{
    "ndcg_at_1": 0.38462,
    "ndcg_at_3": 0.34018,
    "ndcg_at_5": 0.29907,
    "ndcg_at_10": 0.25421,
    "ndcg_at_20": 0.30124,
    "ndcg_at_100": 0.46025,
    "ndcg_at_200": 0.49959,
    "ndcg_at_300": 0.50993,
    "ndcg_at_500": 0.51704,
    "ndcg_at_1000": 0.52604,
    "map_at_1": 0.03846,
    "map_at_3": 0.08333,
    "map_at_5": 0.10579,
    "map_at_10": 0.14445,
    "map_at_20": 0.16554,
    "map_at_100": 0.21255,
    "map_at_200": 0.2202,
    "map_at_300": 0.22141,
    "map_at_500": 0.22201,
    "map_at_1000": 0.22245,
    "recall_at_1": 0.03846,
    "recall_at_3": 0.09846,
    "recall_at_5": 0.13692,
    "recall_at_10": 0.22154,
    "recall_at_20": 0.30462,
    "recall_at_100": 0.71538,
    "recall_at_200": 0.84154,
    "recall_at_300": 0.87846,
    "recall_at_500": 0.90615,
    "recall_at_1000": 0.94462,
    "precision_at_1": 0.38462,
    "precision_at_3": 0.32821,
    "precision_at_5": 0.27385,
    "precision_at_10": 0.22154,
    "precision_at_20": 0.15231,
    "precision_at_100": 0.07154,
    "precision_at_200": 0.04208,
    "precision_at_300": 0.02928,
    "precision_at_500": 0.01812,
    "precision_at_1000": 0.00945,
    "mrr_at_1": 0.38462,
    "mrr_at_3": 0.46923,
    "mrr_at_5": 0.48692,
    "mrr_at_10": 0.51057,
    "mrr_at_20": 0.5173,
    "mrr_at_100": 0.51918,
    "mrr_at_200": 0.51918,
    "mrr_at_300": 0.51918,
    "mrr_at_500": 0.51918,
    "mrr_at_1000": 0.51918,
    "rc_at_1": {
        "relevant": 0.38462,
        "distractor": 0.6
    },
    "rc_at_3": {
        "relevant": 0.98462,
        "distractor": 2.0
    },
    "rc_at_5": {
        "relevant": 1.36923,
        "distractor": 3.61538
    },
    "rc_at_10": {
        "relevant": 2.21538,
        "distractor": 7.64615
    },
    "rc_at_20": {
        "relevant": 3.04615,
        "distractor": 16.38462
    },
    "rc_at_100": {
        "relevant": 7.15385,
        "distractor": 72.73846
    },
    "rc_at_200": {
        "relevant": 8.41538,
        "distractor": 86.35385
    },
    "rc_at_300": {
        "relevant": 8.78462,
        "distractor": 89.61538
    },
    "rc_at_500": {
        "relevant": 9.06154,
        "distractor": 92.26154
    },
    "rc_at_1000": {
        "relevant": 9.44615,
        "distractor": 94.44615
    }
}