{
    "ndcg_at_1": 0.38462,
    "ndcg_at_3": 0.33563,
    "ndcg_at_5": 0.29554,
    "ndcg_at_10": 0.24647,
    "ndcg_at_20": 0.29548,
    "ndcg_at_100": 0.40898,
    "ndcg_at_200": 0.44293,
    "ndcg_at_300": 0.45529,
    "ndcg_at_500": 0.46715,
    "ndcg_at_1000": 0.47725,
    "map_at_1": 0.03846,
    "map_at_3": 0.08205,
    "map_at_5": 0.10436,
    "map_at_10": 0.13931,
    "map_at_20": 0.16138,
    "map_at_100": 0.19324,
    "map_at_200": 0.19901,
    "map_at_300": 0.20036,
    "map_at_500": 0.20139,
    "map_at_1000": 0.20188,
    "recall_at_1": 0.03846,
    "recall_at_3": 0.09692,
    "recall_at_5": 0.13538,
    "recall_at_10": 0.21231,
    "recall_at_20": 0.29846,
    "recall_at_100": 0.59077,
    "recall_at_200": 0.7,
    "recall_at_300": 0.74462,
    "recall_at_500": 0.79077,
    "recall_at_1000": 0.83385,
    "precision_at_1": 0.38462,
    "precision_at_3": 0.32308,
    "precision_at_5": 0.27077,
    "precision_at_10": 0.21231,
    "precision_at_20": 0.14923,
    "precision_at_100": 0.05908,
    "precision_at_200": 0.035,
    "precision_at_300": 0.02482,
    "precision_at_500": 0.01582,
    "precision_at_1000": 0.00834,
    "mrr_at_1": 0.38462,
    "mrr_at_3": 0.46667,
    "mrr_at_5": 0.48436,
    "mrr_at_10": 0.5056,
    "mrr_at_20": 0.51275,
    "mrr_at_100": 0.51475,
    "mrr_at_200": 0.51484,
    "mrr_at_300": 0.51484,
    "mrr_at_500": 0.51484,
    "mrr_at_1000": 0.51484,
    "rc_at_1": {
        "relevant": 0.38462,
        "distractor": 0.58462
    },
    "rc_at_3": {
        "relevant": 0.96923,
        "distractor": 1.96923
    },
    "rc_at_5": {
        "relevant": 1.35385,
        "distractor": 3.44615
    },
    "rc_at_10": {
        "relevant": 2.12308,
        "distractor": 7.32308
    },
    "rc_at_20": {
        "relevant": 2.98462,
        "distractor": 15.12308
    },
    "rc_at_100": {
        "relevant": 5.90769,
        "distractor": 57.23077
    },
    "rc_at_200": {
        "relevant": 7.0,
        "distractor": 69.90769
    },
    "rc_at_300": {
        "relevant": 7.44615,
        "distractor": 74.55385
    },
    "rc_at_500": {
        "relevant": 7.90769,
        "distractor": 80.36923
    },
    "rc_at_1000": {
        "relevant": 8.33846,
        "distractor": 85.49231
    }
}