{
    "ndcg_at_1": 0.38462,
    "ndcg_at_3": 0.34018,
    "ndcg_at_5": 0.29907,
    "ndcg_at_10": 0.25525,
    "ndcg_at_20": 0.30219,
    "ndcg_at_100": 0.48603,
    "ndcg_at_200": 0.53658,
    "ndcg_at_300": 0.5421,
    "ndcg_at_500": 0.5457,
    "ndcg_at_1000": 0.5475,
    "map_at_1": 0.03846,
    "map_at_3": 0.08333,
    "map_at_5": 0.10579,
    "map_at_10": 0.14494,
    "map_at_20": 0.16595,
    "map_at_100": 0.22115,
    "map_at_200": 0.23169,
    "map_at_300": 0.23241,
    "map_at_500": 0.23273,
    "map_at_1000": 0.23284,
    "recall_at_1": 0.03846,
    "recall_at_3": 0.09846,
    "recall_at_5": 0.13692,
    "recall_at_10": 0.22308,
    "recall_at_20": 0.30615,
    "recall_at_100": 0.78462,
    "recall_at_200": 0.94462,
    "recall_at_300": 0.96462,
    "recall_at_500": 0.97846,
    "recall_at_1000": 0.98615,
    "precision_at_1": 0.38462,
    "precision_at_3": 0.32821,
    "precision_at_5": 0.27385,
    "precision_at_10": 0.22308,
    "precision_at_20": 0.15308,
    "precision_at_100": 0.07846,
    "precision_at_200": 0.04723,
    "precision_at_300": 0.03215,
    "precision_at_500": 0.01957,
    "precision_at_1000": 0.00986,
    "mrr_at_1": 0.38462,
    "mrr_at_3": 0.46923,
    "mrr_at_5": 0.48692,
    "mrr_at_10": 0.51085,
    "mrr_at_20": 0.51758,
    "mrr_at_100": 0.51951,
    "mrr_at_200": 0.51951,
    "mrr_at_300": 0.51951,
    "mrr_at_500": 0.51951,
    "mrr_at_1000": 0.51951,
    "rc_at_1": {
        "relevant": 0.38462,
        "distractor": 0.61538
    },
    "rc_at_3": {
        "relevant": 0.98462,
        "distractor": 2.01538
    },
    "rc_at_5": {
        "relevant": 1.36923,
        "distractor": 3.63077
    },
    "rc_at_10": {
        "relevant": 2.23077,
        "distractor": 7.69231
    },
    "rc_at_20": {
        "relevant": 3.06154,
        "distractor": 16.69231
    },
    "rc_at_100": {
        "relevant": 7.84615,
        "distractor": 83.16923
    },
    "rc_at_200": {
        "relevant": 9.44615,
        "distractor": 94.41538
    },
    "rc_at_300": {
        "relevant": 9.64615,
        "distractor": 95.87692
    },
    "rc_at_500": {
        "relevant": 9.78462,
        "distractor": 96.95385
    },
    "rc_at_1000": {
        "relevant": 9.86154,
        "distractor": 97.90769
    }
}