{
    "ndcg_at_1": 0.30909,
    "ndcg_at_3": 0.23616,
    "ndcg_at_5": 0.23437,
    "ndcg_at_10": 0.18525,
    "ndcg_at_20": 0.22641,
    "ndcg_at_100": 0.29669,
    "ndcg_at_200": 0.31994,
    "ndcg_at_300": 0.33104,
    "ndcg_at_500": 0.34037,
    "ndcg_at_1000": 0.35645,
    "map_at_1": 0.03091,
    "map_at_3": 0.05091,
    "map_at_5": 0.07155,
    "map_at_10": 0.08975,
    "map_at_20": 0.10969,
    "map_at_100": 0.12933,
    "map_at_200": 0.13254,
    "map_at_300": 0.13348,
    "map_at_500": 0.13394,
    "map_at_1000": 0.13457,
    "recall_at_1": 0.03091,
    "recall_at_3": 0.06545,
    "recall_at_5": 0.11091,
    "recall_at_10": 0.15818,
    "recall_at_20": 0.23091,
    "recall_at_100": 0.40182,
    "recall_at_200": 0.47636,
    "recall_at_300": 0.51636,
    "recall_at_500": 0.55273,
    "recall_at_1000": 0.62182,
    "precision_at_1": 0.30909,
    "precision_at_3": 0.21818,
    "precision_at_5": 0.22182,
    "precision_at_10": 0.15818,
    "precision_at_20": 0.11545,
    "precision_at_100": 0.04018,
    "precision_at_200": 0.02382,
    "precision_at_300": 0.01721,
    "precision_at_500": 0.01105,
    "precision_at_1000": 0.00622,
    "mrr_at_1": 0.30909,
    "mrr_at_3": 0.4,
    "mrr_at_5": 0.44182,
    "mrr_at_10": 0.44623,
    "mrr_at_20": 0.45201,
    "mrr_at_100": 0.45517,
    "mrr_at_200": 0.45528,
    "mrr_at_300": 0.45528,
    "mrr_at_500": 0.45528,
    "mrr_at_1000": 0.45528,
    "rc_at_1": {
        "relevant": 0.30909,
        "distractor": 0.45455
    },
    "rc_at_3": {
        "relevant": 0.65455,
        "distractor": 1.54545
    },
    "rc_at_5": {
        "relevant": 1.10909,
        "distractor": 2.47273
    },
    "rc_at_10": {
        "relevant": 1.58182,
        "distractor": 4.94545
    },
    "rc_at_20": {
        "relevant": 2.30909,
        "distractor": 8.52727
    },
    "rc_at_100": {
        "relevant": 4.01818,
        "distractor": 24.23636
    },
    "rc_at_200": {
        "relevant": 4.76364,
        "distractor": 31.2
    },
    "rc_at_300": {
        "relevant": 5.16364,
        "distractor": 35.07273
    },
    "rc_at_500": {
        "relevant": 5.52727,
        "distractor": 40.09091
    },
    "rc_at_1000": {
        "relevant": 6.21818,
        "distractor": 47.12727
    }
}