{
    "ndcg_at_1": 0.23516,
    "ndcg_at_3": 0.26867,
    "ndcg_at_5": 0.29118,
    "ndcg_at_10": 0.31557,
    "ndcg_at_20": 0.33128,
    "ndcg_at_100": 0.36371,
    "ndcg_at_200": 0.37454,
    "ndcg_at_300": 0.37901,
    "ndcg_at_500": 0.3851,
    "ndcg_at_1000": 0.39164,
    "map_at_1": 0.1896,
    "map_at_3": 0.23847,
    "map_at_5": 0.25388,
    "map_at_10": 0.26586,
    "map_at_20": 0.27077,
    "map_at_100": 0.27572,
    "map_at_200": 0.27642,
    "map_at_300": 0.27659,
    "map_at_500": 0.27678,
    "map_at_1000": 0.27689,
    "recall_at_1": 0.1896,
    "recall_at_3": 0.28971,
    "recall_at_5": 0.34767,
    "recall_at_10": 0.42001,
    "recall_at_20": 0.47685,
    "recall_at_100": 0.63449,
    "recall_at_200": 0.70357,
    "recall_at_300": 0.73432,
    "recall_at_500": 0.77921,
    "recall_at_1000": 0.83219,
    "precision_at_1": 0.23516,
    "precision_at_3": 0.12709,
    "precision_at_5": 0.09384,
    "precision_at_10": 0.05833,
    "precision_at_20": 0.03402,
    "precision_at_100": 0.00973,
    "precision_at_200": 0.00548,
    "precision_at_300": 0.00386,
    "precision_at_500": 0.0025,
    "precision_at_1000": 0.00137,
    "mrr_at_1": 0.23516,
    "mrr_at_3": 0.2871,
    "mrr_at_5": 0.30263,
    "mrr_at_10": 0.31268,
    "mrr_at_20": 0.31649,
    "mrr_at_100": 0.32018,
    "mrr_at_200": 0.32067,
    "mrr_at_300": 0.32077,
    "mrr_at_500": 0.32087,
    "mrr_at_1000": 0.32093
}