{
    "ndcg_at_1": 0.2,
    "ndcg_at_3": 0.16657,
    "ndcg_at_5": 0.16125,
    "ndcg_at_10": 0.13493,
    "ndcg_at_20": 0.15817,
    "ndcg_at_100": 0.20932,
    "ndcg_at_200": 0.22957,
    "ndcg_at_300": 0.23858,
    "ndcg_at_500": 0.24806,
    "ndcg_at_1000": 0.2594,
    "map_at_1": 0.02,
    "map_at_3": 0.03744,
    "map_at_5": 0.04867,
    "map_at_10": 0.06018,
    "map_at_20": 0.07048,
    "map_at_100": 0.08377,
    "map_at_200": 0.0858,
    "map_at_300": 0.08664,
    "map_at_500": 0.08709,
    "map_at_1000": 0.08744,
    "recall_at_1": 0.02,
    "recall_at_3": 0.04615,
    "recall_at_5": 0.07538,
    "recall_at_10": 0.11846,
    "recall_at_20": 0.16,
    "recall_at_100": 0.28462,
    "recall_at_200": 0.35077,
    "recall_at_300": 0.38308,
    "recall_at_500": 0.42,
    "recall_at_1000": 0.46923,
    "precision_at_1": 0.2,
    "precision_at_3": 0.15385,
    "precision_at_5": 0.15077,
    "precision_at_10": 0.11846,
    "precision_at_20": 0.08,
    "precision_at_100": 0.02846,
    "precision_at_200": 0.01754,
    "precision_at_300": 0.01277,
    "precision_at_500": 0.0084,
    "precision_at_1000": 0.00469,
    "mrr_at_1": 0.23077,
    "mrr_at_3": 0.29231,
    "mrr_at_5": 0.32077,
    "mrr_at_10": 0.33621,
    "mrr_at_20": 0.34111,
    "mrr_at_100": 0.34356,
    "mrr_at_200": 0.34405,
    "mrr_at_300": 0.34411,
    "mrr_at_500": 0.34424,
    "mrr_at_1000": 0.34432,
    "rc_at_1": {
        "relevant": 0.23077,
        "distractor": 0.6
    },
    "rc_at_3": {
        "relevant": 0.52308,
        "distractor": 1.70769
    },
    "rc_at_5": {
        "relevant": 0.75385,
        "distractor": 2.86154
    },
    "rc_at_10": {
        "relevant": 1.24615,
        "distractor": 5.10769
    },
    "rc_at_20": {
        "relevant": 1.63077,
        "distractor": 9.66154
    },
    "rc_at_100": {
        "relevant": 2.87692,
        "distractor": 25.56923
    },
    "rc_at_200": {
        "relevant": 3.6,
        "distractor": 32.86154
    },
    "rc_at_300": {
        "relevant": 3.93846,
        "distractor": 37.04615
    },
    "rc_at_500": {
        "relevant": 4.23077,
        "distractor": 42.06154
    },
    "rc_at_1000": {
        "relevant": 4.69231,
        "distractor": 47.18462
    }
}