{
    "ndcg_at_1": 0.26154,
    "ndcg_at_3": 0.21882,
    "ndcg_at_5": 0.197,
    "ndcg_at_10": 0.17728,
    "ndcg_at_20": 0.22309,
    "ndcg_at_100": 0.40439,
    "ndcg_at_200": 0.44837,
    "ndcg_at_300": 0.45807,
    "ndcg_at_500": 0.46795,
    "ndcg_at_1000": 0.47858,
    "map_at_1": 0.02615,
    "map_at_3": 0.04846,
    "map_at_5": 0.05969,
    "map_at_10": 0.08083,
    "map_at_20": 0.10092,
    "map_at_100": 0.15098,
    "map_at_200": 0.15952,
    "map_at_300": 0.1606,
    "map_at_500": 0.16146,
    "map_at_1000": 0.16199,
    "recall_at_1": 0.02615,
    "recall_at_3": 0.06308,
    "recall_at_5": 0.09077,
    "recall_at_10": 0.16154,
    "recall_at_20": 0.24462,
    "recall_at_100": 0.71231,
    "recall_at_200": 0.85231,
    "recall_at_300": 0.88769,
    "recall_at_500": 0.92615,
    "recall_at_1000": 0.97231,
    "precision_at_1": 0.26154,
    "precision_at_3": 0.21026,
    "precision_at_5": 0.18154,
    "precision_at_10": 0.16154,
    "precision_at_20": 0.12231,
    "precision_at_100": 0.07123,
    "precision_at_200": 0.04262,
    "precision_at_300": 0.02959,
    "precision_at_500": 0.01852,
    "precision_at_1000": 0.00972,
    "mrr_at_1": 0.26154,
    "mrr_at_3": 0.35385,
    "mrr_at_5": 0.37769,
    "mrr_at_10": 0.39336,
    "mrr_at_20": 0.40336,
    "mrr_at_100": 0.4071,
    "mrr_at_200": 0.4071,
    "mrr_at_300": 0.4071,
    "mrr_at_500": 0.4071,
    "mrr_at_1000": 0.4071,
    "rc_at_1": {
        "relevant": 0.26154,
        "distractor": 0.73846
    },
    "rc_at_3": {
        "relevant": 0.67692,
        "distractor": 2.32308
    },
    "rc_at_5": {
        "relevant": 0.92308,
        "distractor": 4.01538
    },
    "rc_at_10": {
        "relevant": 1.63077,
        "distractor": 8.13846
    },
    "rc_at_20": {
        "relevant": 2.49231,
        "distractor": 16.75385
    },
    "rc_at_100": {
        "relevant": 7.15385,
        "distractor": 72.8
    },
    "rc_at_200": {
        "relevant": 8.50769,
        "distractor": 85.0
    },
    "rc_at_300": {
        "relevant": 8.90769,
        "distractor": 88.67692
    },
    "rc_at_500": {
        "relevant": 9.26154,
        "distractor": 91.90769
    },
    "rc_at_1000": {
        "relevant": 9.72308,
        "distractor": 94.87692
    }
}