{
    "ndcg_at_1": 0.22918,
    "ndcg_at_3": 0.26404,
    "ndcg_at_5": 0.28271,
    "ndcg_at_10": 0.30543,
    "ndcg_at_20": 0.32573,
    "ndcg_at_100": 0.35633,
    "ndcg_at_200": 0.36806,
    "ndcg_at_300": 0.3743,
    "ndcg_at_500": 0.38062,
    "ndcg_at_1000": 0.38749,
    "map_at_1": 0.1871,
    "map_at_3": 0.23647,
    "map_at_5": 0.24899,
    "map_at_10": 0.25939,
    "map_at_20": 0.26551,
    "map_at_100": 0.27025,
    "map_at_200": 0.27102,
    "map_at_300": 0.27128,
    "map_at_500": 0.27148,
    "map_at_1000": 0.27162,
    "recall_at_1": 0.1871,
    "recall_at_3": 0.28782,
    "recall_at_5": 0.33619,
    "recall_at_10": 0.40476,
    "recall_at_20": 0.47974,
    "recall_at_100": 0.6316,
    "recall_at_200": 0.70506,
    "recall_at_300": 0.74906,
    "recall_at_500": 0.79643,
    "recall_at_1000": 0.85297,
    "precision_at_1": 0.22918,
    "precision_at_3": 0.12468,
    "precision_at_5": 0.08975,
    "precision_at_10": 0.0554,
    "precision_at_20": 0.0336,
    "precision_at_100": 0.00941,
    "precision_at_200": 0.00542,
    "precision_at_300": 0.0039,
    "precision_at_500": 0.00255,
    "precision_at_1000": 0.00139,
    "mrr_at_1": 0.22918,
    "mrr_at_3": 0.27753,
    "mrr_at_5": 0.28959,
    "mrr_at_10": 0.29932,
    "mrr_at_20": 0.30492,
    "mrr_at_100": 0.3085,
    "mrr_at_200": 0.309,
    "mrr_at_300": 0.30916,
    "mrr_at_500": 0.30926,
    "mrr_at_1000": 0.30933
}