{
    "ndcg_at_1": 0.00071,
    "ndcg_at_3": 0.2984,
    "ndcg_at_5": 0.36035,
    "ndcg_at_10": 0.41733,
    "ndcg_at_20": 0.44247,
    "ndcg_at_100": 0.45423,
    "ndcg_at_200": 0.45482,
    "ndcg_at_300": 0.45491,
    "ndcg_at_500": 0.45517,
    "ndcg_at_1000": 0.45524,
    "map_at_1": 0.00071,
    "map_at_3": 0.227,
    "map_at_5": 0.26146,
    "map_at_10": 0.28522,
    "map_at_20": 0.29228,
    "map_at_100": 0.29422,
    "map_at_200": 0.29425,
    "map_at_300": 0.29425,
    "map_at_500": 0.29426,
    "map_at_1000": 0.29426,
    "recall_at_1": 0.00071,
    "recall_at_3": 0.50427,
    "recall_at_5": 0.65434,
    "recall_at_10": 0.8293,
    "recall_at_20": 0.92745,
    "recall_at_100": 0.98649,
    "recall_at_200": 0.99075,
    "recall_at_300": 0.99147,
    "recall_at_500": 0.9936,
    "recall_at_1000": 0.99431,
    "precision_at_1": 0.00071,
    "precision_at_3": 0.16809,
    "precision_at_5": 0.13087,
    "precision_at_10": 0.08293,
    "precision_at_20": 0.04637,
    "precision_at_100": 0.00986,
    "precision_at_200": 0.00495,
    "precision_at_300": 0.0033,
    "precision_at_500": 0.00199,
    "precision_at_1000": 0.00099,
    "mrr_at_1": 0.00071,
    "mrr_at_3": 0.22677,
    "mrr_at_5": 0.2614,
    "mrr_at_10": 0.28516,
    "mrr_at_20": 0.29222,
    "mrr_at_100": 0.29416,
    "mrr_at_200": 0.29419,
    "mrr_at_300": 0.29419,
    "mrr_at_500": 0.2942,
    "mrr_at_1000": 0.2942
}