{
    "ndcg_at_1": 0.43189,
    "ndcg_at_3": 0.39713,
    "ndcg_at_5": 0.37947,
    "ndcg_at_10": 0.34787,
    "ndcg_at_20": 0.32457,
    "ndcg_at_100": 0.31985,
    "ndcg_at_200": 0.33884,
    "ndcg_at_300": 0.35285,
    "ndcg_at_500": 0.37354,
    "ndcg_at_1000": 0.4092,
    "map_at_1": 0.04095,
    "map_at_3": 0.07864,
    "map_at_5": 0.09588,
    "map_at_10": 0.11645,
    "map_at_20": 0.1337,
    "map_at_100": 0.15621,
    "map_at_200": 0.16264,
    "map_at_300": 0.16565,
    "map_at_500": 0.16879,
    "map_at_1000": 0.17262,
    "recall_at_1": 0.04095,
    "recall_at_3": 0.09039,
    "recall_at_5": 0.12132,
    "recall_at_10": 0.1565,
    "recall_at_20": 0.20919,
    "recall_at_100": 0.33858,
    "recall_at_200": 0.41988,
    "recall_at_300": 0.46676,
    "recall_at_500": 0.53594,
    "recall_at_1000": 0.65877,
    "precision_at_1": 0.44892,
    "precision_at_3": 0.387,
    "precision_at_5": 0.34551,
    "precision_at_10": 0.27616,
    "precision_at_20": 0.20604,
    "precision_at_100": 0.08885,
    "precision_at_200": 0.05856,
    "precision_at_300": 0.04578,
    "precision_at_500": 0.03341,
    "precision_at_1000": 0.02218,
    "mrr_at_1": 0.44892,
    "mrr_at_3": 0.51445,
    "mrr_at_5": 0.52436,
    "mrr_at_10": 0.53,
    "mrr_at_20": 0.53398,
    "mrr_at_100": 0.53728,
    "mrr_at_200": 0.53758,
    "mrr_at_300": 0.53763,
    "mrr_at_500": 0.53767,
    "mrr_at_1000": 0.53772
}