{
    "ndcg_at_1": 0.41331,
    "ndcg_at_3": 0.37,
    "ndcg_at_5": 0.34566,
    "ndcg_at_10": 0.31509,
    "ndcg_at_20": 0.29313,
    "ndcg_at_100": 0.28212,
    "ndcg_at_200": 0.29945,
    "ndcg_at_300": 0.31216,
    "ndcg_at_500": 0.3333,
    "ndcg_at_1000": 0.3717,
    "map_at_1": 0.04738,
    "map_at_3": 0.0809,
    "map_at_5": 0.09456,
    "map_at_10": 0.11127,
    "map_at_20": 0.1242,
    "map_at_100": 0.1389,
    "map_at_200": 0.14334,
    "map_at_300": 0.14558,
    "map_at_500": 0.14818,
    "map_at_1000": 0.15182,
    "recall_at_1": 0.04738,
    "recall_at_3": 0.09021,
    "recall_at_5": 0.1156,
    "recall_at_10": 0.15226,
    "recall_at_20": 0.19209,
    "recall_at_100": 0.28654,
    "recall_at_200": 0.35446,
    "recall_at_300": 0.39704,
    "recall_at_500": 0.47284,
    "recall_at_1000": 0.60024,
    "precision_at_1": 0.43034,
    "precision_at_3": 0.35191,
    "precision_at_5": 0.30093,
    "precision_at_10": 0.2356,
    "precision_at_20": 0.17353,
    "precision_at_100": 0.0704,
    "precision_at_200": 0.04777,
    "precision_at_300": 0.03798,
    "precision_at_500": 0.02854,
    "precision_at_1000": 0.02011,
    "mrr_at_1": 0.43034,
    "mrr_at_3": 0.49381,
    "mrr_at_5": 0.50356,
    "mrr_at_10": 0.5123,
    "mrr_at_20": 0.51528,
    "mrr_at_100": 0.51782,
    "mrr_at_200": 0.51812,
    "mrr_at_300": 0.5182,
    "mrr_at_500": 0.51826,
    "mrr_at_1000": 0.51829
}