{
    "ndcg_at_1": 0.24813,
    "ndcg_at_3": 0.30825,
    "ndcg_at_5": 0.32931,
    "ndcg_at_10": 0.35842,
    "ndcg_at_20": 0.37984,
    "ndcg_at_100": 0.41543,
    "ndcg_at_200": 0.42749,
    "ndcg_at_300": 0.43295,
    "ndcg_at_500": 0.43681,
    "ndcg_at_1000": 0.44202,
    "map_at_1": 0.2156,
    "map_at_3": 0.27711,
    "map_at_5": 0.29063,
    "map_at_10": 0.30478,
    "map_at_20": 0.31142,
    "map_at_100": 0.31685,
    "map_at_200": 0.31761,
    "map_at_300": 0.31785,
    "map_at_500": 0.31798,
    "map_at_1000": 0.31807,
    "recall_at_1": 0.2156,
    "recall_at_3": 0.34995,
    "recall_at_5": 0.40374,
    "recall_at_10": 0.48737,
    "recall_at_20": 0.56402,
    "recall_at_100": 0.73834,
    "recall_at_200": 0.81453,
    "recall_at_300": 0.8514,
    "recall_at_500": 0.87933,
    "recall_at_1000": 0.92136,
    "precision_at_1": 0.24813,
    "precision_at_3": 0.14272,
    "precision_at_5": 0.10131,
    "precision_at_10": 0.0639,
    "precision_at_20": 0.03783,
    "precision_at_100": 0.01037,
    "precision_at_200": 0.00584,
    "precision_at_300": 0.00414,
    "precision_at_500": 0.0026,
    "precision_at_1000": 0.00139,
    "mrr_at_1": 0.24813,
    "mrr_at_3": 0.31234,
    "mrr_at_5": 0.32648,
    "mrr_at_10": 0.33765,
    "mrr_at_20": 0.34305,
    "mrr_at_100": 0.34745,
    "mrr_at_200": 0.34799,
    "mrr_at_300": 0.34809,
    "mrr_at_500": 0.34815,
    "mrr_at_1000": 0.3482
}