{
    "ndcg_at_1": 0.36364,
    "ndcg_at_3": 0.29609,
    "ndcg_at_5": 0.27026,
    "ndcg_at_10": 0.22635,
    "ndcg_at_20": 0.28812,
    "ndcg_at_100": 0.4488,
    "ndcg_at_200": 0.4818,
    "ndcg_at_300": 0.49039,
    "ndcg_at_500": 0.49831,
    "ndcg_at_1000": 0.50713,
    "map_at_1": 0.03636,
    "map_at_3": 0.07394,
    "map_at_5": 0.09921,
    "map_at_10": 0.12447,
    "map_at_20": 0.15186,
    "map_at_100": 0.20582,
    "map_at_200": 0.21223,
    "map_at_300": 0.21313,
    "map_at_500": 0.21378,
    "map_at_1000": 0.21415,
    "recall_at_1": 0.03636,
    "recall_at_3": 0.08364,
    "recall_at_5": 0.12364,
    "recall_at_10": 0.19636,
    "recall_at_20": 0.30909,
    "recall_at_100": 0.70909,
    "recall_at_200": 0.81455,
    "recall_at_300": 0.84545,
    "recall_at_500": 0.87636,
    "recall_at_1000": 0.91455,
    "precision_at_1": 0.36364,
    "precision_at_3": 0.27879,
    "precision_at_5": 0.24727,
    "precision_at_10": 0.19636,
    "precision_at_20": 0.15455,
    "precision_at_100": 0.07091,
    "precision_at_200": 0.04073,
    "precision_at_300": 0.02818,
    "precision_at_500": 0.01753,
    "precision_at_1000": 0.00915,
    "mrr_at_1": 0.36364,
    "mrr_at_3": 0.42424,
    "mrr_at_5": 0.44152,
    "mrr_at_10": 0.46519,
    "mrr_at_20": 0.47505,
    "mrr_at_100": 0.47649,
    "mrr_at_200": 0.47649,
    "mrr_at_300": 0.47649,
    "mrr_at_500": 0.47649,
    "mrr_at_1000": 0.47651,
    "rc_at_1": {
        "relevant": 0.36364,
        "distractor": 0.63636
    },
    "rc_at_3": {
        "relevant": 0.83636,
        "distractor": 2.10909
    },
    "rc_at_5": {
        "relevant": 1.23636,
        "distractor": 3.65455
    },
    "rc_at_10": {
        "relevant": 1.96364,
        "distractor": 7.70909
    },
    "rc_at_20": {
        "relevant": 3.09091,
        "distractor": 15.83636
    },
    "rc_at_100": {
        "relevant": 7.09091,
        "distractor": 61.36364
    },
    "rc_at_200": {
        "relevant": 8.14545,
        "distractor": 72.72727
    },
    "rc_at_300": {
        "relevant": 8.45455,
        "distractor": 76.74545
    },
    "rc_at_500": {
        "relevant": 8.76364,
        "distractor": 81.32727
    },
    "rc_at_1000": {
        "relevant": 9.14545,
        "distractor": 85.96364
    }
}