{
    "ndcg_at_1": 0.24111,
    "ndcg_at_3": 0.30551,
    "ndcg_at_5": 0.33059,
    "ndcg_at_10": 0.35802,
    "ndcg_at_20": 0.38273,
    "ndcg_at_100": 0.42394,
    "ndcg_at_200": 0.43463,
    "ndcg_at_300": 0.43908,
    "ndcg_at_500": 0.44378,
    "ndcg_at_1000": 0.44869,
    "map_at_1": 0.20739,
    "map_at_3": 0.26956,
    "map_at_5": 0.28458,
    "map_at_10": 0.29821,
    "map_at_20": 0.30697,
    "map_at_100": 0.31486,
    "map_at_200": 0.31587,
    "map_at_300": 0.3162,
    "map_at_500": 0.31652,
    "map_at_1000": 0.31677,
    "recall_at_1": 0.20739,
    "recall_at_3": 0.34076,
    "recall_at_5": 0.40392,
    "recall_at_10": 0.48477,
    "recall_at_20": 0.57576,
    "recall_at_100": 0.7769,
    "recall_at_200": 0.83994,
    "recall_at_300": 0.86746,
    "recall_at_500": 0.89508,
    "recall_at_1000": 0.92762,
    "precision_at_1": 0.24111,
    "precision_at_3": 0.1469,
    "precision_at_5": 0.10949,
    "precision_at_10": 0.07055,
    "precision_at_20": 0.04545,
    "precision_at_100": 0.01455,
    "precision_at_200": 0.00852,
    "precision_at_300": 0.00615,
    "precision_at_500": 0.00412,
    "precision_at_1000": 0.00232,
    "mrr_at_1": 0.24111,
    "mrr_at_3": 0.30665,
    "mrr_at_5": 0.32454,
    "mrr_at_10": 0.33611,
    "mrr_at_20": 0.34232,
    "mrr_at_100": 0.34693,
    "mrr_at_200": 0.34725,
    "mrr_at_300": 0.34733,
    "mrr_at_500": 0.3474,
    "mrr_at_1000": 0.34744
}