{
    "ndcg_at_1": 0.46914,
    "ndcg_at_3": 0.42763,
    "ndcg_at_5": 0.43225,
    "ndcg_at_10": 0.45703,
    "ndcg_at_20": 0.48798,
    "ndcg_at_100": 0.53149,
    "ndcg_at_200": 0.54266,
    "ndcg_at_300": 0.54653,
    "ndcg_at_500": 0.55177,
    "ndcg_at_1000": 0.55634,
    "map_at_1": 0.23198,
    "map_at_3": 0.33524,
    "map_at_5": 0.35828,
    "map_at_10": 0.37895,
    "map_at_20": 0.39165,
    "map_at_100": 0.40125,
    "map_at_200": 0.40221,
    "map_at_300": 0.40244,
    "map_at_500": 0.40267,
    "map_at_1000": 0.40278,
    "recall_at_1": 0.23198,
    "recall_at_3": 0.37999,
    "recall_at_5": 0.43473,
    "recall_at_10": 0.51637,
    "recall_at_20": 0.61072,
    "recall_at_100": 0.78649,
    "recall_at_200": 0.84891,
    "recall_at_300": 0.8717,
    "recall_at_500": 0.90637,
    "recall_at_1000": 0.93924,
    "precision_at_1": 0.46914,
    "precision_at_3": 0.28909,
    "precision_at_5": 0.20617,
    "precision_at_10": 0.12716,
    "precision_at_20": 0.07631,
    "precision_at_100": 0.02042,
    "precision_at_200": 0.011,
    "precision_at_300": 0.00757,
    "precision_at_500": 0.00473,
    "precision_at_1000": 0.00246,
    "mrr_at_1": 0.46914,
    "mrr_at_3": 0.52315,
    "mrr_at_5": 0.53426,
    "mrr_at_10": 0.54398,
    "mrr_at_20": 0.54963,
    "mrr_at_100": 0.55248,
    "mrr_at_200": 0.55276,
    "mrr_at_300": 0.5528,
    "mrr_at_500": 0.55284,
    "mrr_at_1000": 0.55286
}