{
    "ndcg_at_1": 0.23636,
    "ndcg_at_3": 0.2193,
    "ndcg_at_5": 0.18793,
    "ndcg_at_10": 0.16414,
    "ndcg_at_20": 0.21148,
    "ndcg_at_100": 0.30114,
    "ndcg_at_200": 0.326,
    "ndcg_at_300": 0.33706,
    "ndcg_at_500": 0.34834,
    "ndcg_at_1000": 0.36392,
    "map_at_1": 0.02364,
    "map_at_3": 0.05576,
    "map_at_5": 0.06703,
    "map_at_10": 0.0875,
    "map_at_20": 0.10542,
    "map_at_100": 0.1298,
    "map_at_200": 0.13353,
    "map_at_300": 0.13461,
    "map_at_500": 0.13547,
    "map_at_1000": 0.1361,
    "recall_at_1": 0.02364,
    "recall_at_3": 0.06364,
    "recall_at_5": 0.08545,
    "recall_at_10": 0.14545,
    "recall_at_20": 0.23091,
    "recall_at_100": 0.45273,
    "recall_at_200": 0.53273,
    "recall_at_300": 0.57273,
    "recall_at_500": 0.61636,
    "recall_at_1000": 0.68364,
    "precision_at_1": 0.23636,
    "precision_at_3": 0.21212,
    "precision_at_5": 0.17091,
    "precision_at_10": 0.14545,
    "precision_at_20": 0.11545,
    "precision_at_100": 0.04527,
    "precision_at_200": 0.02664,
    "precision_at_300": 0.01909,
    "precision_at_500": 0.01233,
    "precision_at_1000": 0.00684,
    "mrr_at_1": 0.23636,
    "mrr_at_3": 0.29697,
    "mrr_at_5": 0.30788,
    "mrr_at_10": 0.33502,
    "mrr_at_20": 0.34526,
    "mrr_at_100": 0.34967,
    "mrr_at_200": 0.34981,
    "mrr_at_300": 0.34981,
    "mrr_at_500": 0.34981,
    "mrr_at_1000": 0.34984,
    "rc_at_1": {
        "relevant": 0.23636,
        "distractor": 0.50909
    },
    "rc_at_3": {
        "relevant": 0.63636,
        "distractor": 1.65455
    },
    "rc_at_5": {
        "relevant": 0.85455,
        "distractor": 2.8
    },
    "rc_at_10": {
        "relevant": 1.45455,
        "distractor": 5.07273
    },
    "rc_at_20": {
        "relevant": 2.30909,
        "distractor": 9.76364
    },
    "rc_at_100": {
        "relevant": 4.52727,
        "distractor": 28.32727
    },
    "rc_at_200": {
        "relevant": 5.32727,
        "distractor": 36.69091
    },
    "rc_at_300": {
        "relevant": 5.72727,
        "distractor": 41.14545
    },
    "rc_at_500": {
        "relevant": 6.16364,
        "distractor": 46.43636
    },
    "rc_at_1000": {
        "relevant": 6.83636,
        "distractor": 53.94545
    }
}