{
    "ndcg_at_1": 0.29091,
    "ndcg_at_3": 0.25343,
    "ndcg_at_5": 0.22268,
    "ndcg_at_10": 0.19514,
    "ndcg_at_20": 0.26344,
    "ndcg_at_100": 0.3842,
    "ndcg_at_200": 0.41859,
    "ndcg_at_300": 0.43474,
    "ndcg_at_500": 0.44818,
    "ndcg_at_1000": 0.45881,
    "map_at_1": 0.02909,
    "map_at_3": 0.06455,
    "map_at_5": 0.07964,
    "map_at_10": 0.10609,
    "map_at_20": 0.13326,
    "map_at_100": 0.17144,
    "map_at_200": 0.1771,
    "map_at_300": 0.17894,
    "map_at_500": 0.17989,
    "map_at_1000": 0.18038,
    "recall_at_1": 0.02909,
    "recall_at_3": 0.07273,
    "recall_at_5": 0.10182,
    "recall_at_10": 0.17455,
    "recall_at_20": 0.29818,
    "recall_at_100": 0.6,
    "recall_at_200": 0.71091,
    "recall_at_300": 0.76909,
    "recall_at_500": 0.82182,
    "recall_at_1000": 0.86727,
    "precision_at_1": 0.29091,
    "precision_at_3": 0.24242,
    "precision_at_5": 0.20364,
    "precision_at_10": 0.17455,
    "precision_at_20": 0.14909,
    "precision_at_100": 0.06,
    "precision_at_200": 0.03555,
    "precision_at_300": 0.02564,
    "precision_at_500": 0.01644,
    "precision_at_1000": 0.00867,
    "mrr_at_1": 0.29091,
    "mrr_at_3": 0.34848,
    "mrr_at_5": 0.36848,
    "mrr_at_10": 0.39323,
    "mrr_at_20": 0.4062,
    "mrr_at_100": 0.40763,
    "mrr_at_200": 0.40789,
    "mrr_at_300": 0.40789,
    "mrr_at_500": 0.40789,
    "mrr_at_1000": 0.40792,
    "rc_at_1": {
        "relevant": 0.29091,
        "distractor": 0.63636
    },
    "rc_at_3": {
        "relevant": 0.72727,
        "distractor": 2.05455
    },
    "rc_at_5": {
        "relevant": 1.01818,
        "distractor": 3.6
    },
    "rc_at_10": {
        "relevant": 1.74545,
        "distractor": 6.94545
    },
    "rc_at_20": {
        "relevant": 2.98182,
        "distractor": 13.4
    },
    "rc_at_100": {
        "relevant": 6.0,
        "distractor": 45.78182
    },
    "rc_at_200": {
        "relevant": 7.10909,
        "distractor": 58.38182
    },
    "rc_at_300": {
        "relevant": 7.69091,
        "distractor": 63.92727
    },
    "rc_at_500": {
        "relevant": 8.21818,
        "distractor": 70.69091
    },
    "rc_at_1000": {
        "relevant": 8.67273,
        "distractor": 79.69091
    }
}