{
    "ndcg_at_1": 0.12727,
    "ndcg_at_3": 0.08441,
    "ndcg_at_5": 0.0687,
    "ndcg_at_10": 0.06177,
    "ndcg_at_20": 0.07737,
    "ndcg_at_100": 0.09911,
    "ndcg_at_200": 0.11121,
    "ndcg_at_300": 0.12285,
    "ndcg_at_500": 0.13401,
    "ndcg_at_1000": 0.14812,
    "map_at_1": 0.01273,
    "map_at_3": 0.01939,
    "map_at_5": 0.02348,
    "map_at_10": 0.03319,
    "map_at_20": 0.03722,
    "map_at_100": 0.04043,
    "map_at_200": 0.04126,
    "map_at_300": 0.04184,
    "map_at_500": 0.0422,
    "map_at_1000": 0.04262,
    "recall_at_1": 0.01273,
    "recall_at_3": 0.02182,
    "recall_at_5": 0.02727,
    "recall_at_10": 0.05091,
    "recall_at_20": 0.07818,
    "recall_at_100": 0.13273,
    "recall_at_200": 0.17273,
    "recall_at_300": 0.21455,
    "recall_at_500": 0.25818,
    "recall_at_1000": 0.31818,
    "precision_at_1": 0.12727,
    "precision_at_3": 0.07273,
    "precision_at_5": 0.05455,
    "precision_at_10": 0.05091,
    "precision_at_20": 0.03909,
    "precision_at_100": 0.01327,
    "precision_at_200": 0.00864,
    "precision_at_300": 0.00715,
    "precision_at_500": 0.00516,
    "precision_at_1000": 0.00318,
    "mrr_at_1": 0.12727,
    "mrr_at_3": 0.14545,
    "mrr_at_5": 0.15,
    "mrr_at_10": 0.16232,
    "mrr_at_20": 0.17084,
    "mrr_at_100": 0.17381,
    "mrr_at_200": 0.1743,
    "mrr_at_300": 0.17461,
    "mrr_at_500": 0.17499,
    "mrr_at_1000": 0.17501,
    "rc_at_1": {
        "relevant": 0.12727,
        "distractor": 0.14545
    },
    "rc_at_3": {
        "relevant": 0.21818,
        "distractor": 0.49091
    },
    "rc_at_5": {
        "relevant": 0.27273,
        "distractor": 0.70909
    },
    "rc_at_10": {
        "relevant": 0.50909,
        "distractor": 1.29091
    },
    "rc_at_20": {
        "relevant": 0.78182,
        "distractor": 2.16364
    },
    "rc_at_100": {
        "relevant": 1.32727,
        "distractor": 5.6
    },
    "rc_at_200": {
        "relevant": 1.72727,
        "distractor": 7.81818
    },
    "rc_at_300": {
        "relevant": 2.14545,
        "distractor": 9.69091
    },
    "rc_at_500": {
        "relevant": 2.58182,
        "distractor": 12.52727
    },
    "rc_at_1000": {
        "relevant": 3.18182,
        "distractor": 16.30909
    }
}