{
    "ndcg_at_1": 0.38499,
    "ndcg_at_3": 0.42257,
    "ndcg_at_5": 0.44564,
    "ndcg_at_10": 0.47143,
    "ndcg_at_20": 0.49023,
    "ndcg_at_100": 0.5233,
    "ndcg_at_200": 0.53083,
    "ndcg_at_300": 0.53476,
    "ndcg_at_500": 0.53884,
    "ndcg_at_1000": 0.54334,
    "map_at_1": 0.31083,
    "map_at_3": 0.38168,
    "map_at_5": 0.39898,
    "map_at_10": 0.41271,
    "map_at_20": 0.41912,
    "map_at_100": 0.42486,
    "map_at_200": 0.42543,
    "map_at_300": 0.42564,
    "map_at_500": 0.42579,
    "map_at_1000": 0.4259,
    "recall_at_1": 0.31083,
    "recall_at_3": 0.44867,
    "recall_at_5": 0.51063,
    "recall_at_10": 0.58814,
    "recall_at_20": 0.65422,
    "recall_at_100": 0.81093,
    "recall_at_200": 0.85437,
    "recall_at_300": 0.87983,
    "recall_at_500": 0.90819,
    "recall_at_1000": 0.94306,
    "precision_at_1": 0.38499,
    "precision_at_3": 0.19698,
    "precision_at_5": 0.13859,
    "precision_at_10": 0.08383,
    "precision_at_20": 0.04817,
    "precision_at_100": 0.01281,
    "precision_at_200": 0.00698,
    "precision_at_300": 0.00488,
    "precision_at_500": 0.00309,
    "precision_at_1000": 0.00164,
    "mrr_at_1": 0.38499,
    "mrr_at_3": 0.44867,
    "mrr_at_5": 0.46267,
    "mrr_at_10": 0.47264,
    "mrr_at_20": 0.47672,
    "mrr_at_100": 0.48006,
    "mrr_at_200": 0.48031,
    "mrr_at_300": 0.48039,
    "mrr_at_500": 0.48044,
    "mrr_at_1000": 0.48048
}