{
    "ndcg_at_1": 0.16206,
    "ndcg_at_3": 0.18334,
    "ndcg_at_5": 0.19411,
    "ndcg_at_10": 0.21101,
    "ndcg_at_20": 0.22674,
    "ndcg_at_100": 0.25653,
    "ndcg_at_200": 0.2695,
    "ndcg_at_300": 0.27691,
    "ndcg_at_500": 0.28586,
    "ndcg_at_1000": 0.29554,
    "map_at_1": 0.13274,
    "map_at_3": 0.15978,
    "map_at_5": 0.16754,
    "map_at_10": 0.17569,
    "map_at_20": 0.18083,
    "map_at_100": 0.18592,
    "map_at_200": 0.18687,
    "map_at_300": 0.18727,
    "map_at_500": 0.18763,
    "map_at_1000": 0.18788,
    "recall_at_1": 0.13274,
    "recall_at_3": 0.19024,
    "recall_at_5": 0.22384,
    "recall_at_10": 0.27898,
    "recall_at_20": 0.33759,
    "recall_at_100": 0.48535,
    "recall_at_200": 0.56498,
    "recall_at_300": 0.61476,
    "recall_at_500": 0.68052,
    "recall_at_1000": 0.75859,
    "precision_at_1": 0.16206,
    "precision_at_3": 0.0863,
    "precision_at_5": 0.06206,
    "precision_at_10": 0.04071,
    "precision_at_20": 0.02688,
    "precision_at_100": 0.00927,
    "precision_at_200": 0.00586,
    "precision_at_300": 0.00443,
    "precision_at_500": 0.0031,
    "precision_at_1000": 0.00181,
    "mrr_at_1": 0.16206,
    "mrr_at_3": 0.19335,
    "mrr_at_5": 0.20105,
    "mrr_at_10": 0.20947,
    "mrr_at_20": 0.21421,
    "mrr_at_100": 0.21775,
    "mrr_at_200": 0.21832,
    "mrr_at_300": 0.2185,
    "mrr_at_500": 0.21867,
    "mrr_at_1000": 0.21877
}