{
    "ndcg_at_1": 0.33229,
    "ndcg_at_3": 0.40216,
    "ndcg_at_5": 0.43066,
    "ndcg_at_10": 0.45868,
    "ndcg_at_20": 0.48152,
    "ndcg_at_100": 0.50957,
    "ndcg_at_200": 0.51748,
    "ndcg_at_300": 0.52081,
    "ndcg_at_500": 0.52413,
    "ndcg_at_1000": 0.52705,
    "map_at_1": 0.29016,
    "map_at_3": 0.36815,
    "map_at_5": 0.38625,
    "map_at_10": 0.3996,
    "map_at_20": 0.40708,
    "map_at_100": 0.41154,
    "map_at_200": 0.41204,
    "map_at_300": 0.41219,
    "map_at_500": 0.41229,
    "map_at_1000": 0.41235,
    "recall_at_1": 0.29016,
    "recall_at_3": 0.4511,
    "recall_at_5": 0.52055,
    "recall_at_10": 0.60199,
    "recall_at_20": 0.68673,
    "recall_at_100": 0.82456,
    "recall_at_200": 0.87628,
    "recall_at_300": 0.90027,
    "recall_at_500": 0.92526,
    "recall_at_1000": 0.94956,
    "precision_at_1": 0.33229,
    "precision_at_3": 0.18098,
    "precision_at_5": 0.12702,
    "precision_at_10": 0.07599,
    "precision_at_20": 0.04436,
    "precision_at_100": 0.01114,
    "precision_at_200": 0.00597,
    "precision_at_300": 0.00411,
    "precision_at_500": 0.00256,
    "precision_at_1000": 0.00132,
    "mrr_at_1": 0.33229,
    "mrr_at_3": 0.40575,
    "mrr_at_5": 0.42261,
    "mrr_at_10": 0.43393,
    "mrr_at_20": 0.43931,
    "mrr_at_100": 0.44247,
    "mrr_at_200": 0.4428,
    "mrr_at_300": 0.44287,
    "mrr_at_500": 0.44293,
    "mrr_at_1000": 0.44296
}