{
    "ndcg_at_1": 0.33312,
    "ndcg_at_3": 0.3866,
    "ndcg_at_5": 0.40847,
    "ndcg_at_10": 0.43165,
    "ndcg_at_20": 0.45032,
    "ndcg_at_100": 0.47941,
    "ndcg_at_200": 0.48839,
    "ndcg_at_300": 0.49195,
    "ndcg_at_500": 0.49628,
    "ndcg_at_1000": 0.50153,
    "map_at_1": 0.26352,
    "map_at_3": 0.34068,
    "map_at_5": 0.35845,
    "map_at_10": 0.37222,
    "map_at_20": 0.3793,
    "map_at_100": 0.3858,
    "map_at_200": 0.38657,
    "map_at_300": 0.38679,
    "map_at_500": 0.38697,
    "map_at_1000": 0.38712,
    "recall_at_1": 0.26352,
    "recall_at_3": 0.41102,
    "recall_at_5": 0.47121,
    "recall_at_10": 0.54058,
    "recall_at_20": 0.60861,
    "recall_at_100": 0.74259,
    "recall_at_200": 0.79559,
    "recall_at_300": 0.81721,
    "recall_at_500": 0.84678,
    "recall_at_1000": 0.8854,
    "precision_at_1": 0.33312,
    "precision_at_3": 0.1913,
    "precision_at_5": 0.13758,
    "precision_at_10": 0.0851,
    "precision_at_20": 0.05092,
    "precision_at_100": 0.01422,
    "precision_at_200": 0.00787,
    "precision_at_300": 0.00551,
    "precision_at_500": 0.00351,
    "precision_at_1000": 0.0019,
    "mrr_at_1": 0.33312,
    "mrr_at_3": 0.4052,
    "mrr_at_5": 0.41937,
    "mrr_at_10": 0.42839,
    "mrr_at_20": 0.43271,
    "mrr_at_100": 0.43575,
    "mrr_at_200": 0.43609,
    "mrr_at_300": 0.43615,
    "mrr_at_500": 0.43621,
    "mrr_at_1000": 0.43625
}