{
    "ndcg_at_1": 0.35385,
    "ndcg_at_3": 0.3058,
    "ndcg_at_5": 0.29353,
    "ndcg_at_10": 0.23505,
    "ndcg_at_20": 0.29345,
    "ndcg_at_100": 0.47599,
    "ndcg_at_200": 0.51862,
    "ndcg_at_300": 0.52502,
    "ndcg_at_500": 0.5326,
    "ndcg_at_1000": 0.53544,
    "map_at_1": 0.03538,
    "map_at_3": 0.07436,
    "map_at_5": 0.10328,
    "map_at_10": 0.13178,
    "map_at_20": 0.15906,
    "map_at_100": 0.21178,
    "map_at_200": 0.2203,
    "map_at_300": 0.22107,
    "map_at_500": 0.22174,
    "map_at_1000": 0.2219,
    "recall_at_1": 0.03538,
    "recall_at_3": 0.08769,
    "recall_at_5": 0.14,
    "recall_at_10": 0.20308,
    "recall_at_20": 0.30923,
    "recall_at_100": 0.78462,
    "recall_at_200": 0.92,
    "recall_at_300": 0.94308,
    "recall_at_500": 0.97231,
    "recall_at_1000": 0.98462,
    "precision_at_1": 0.35385,
    "precision_at_3": 0.29231,
    "precision_at_5": 0.28,
    "precision_at_10": 0.20308,
    "precision_at_20": 0.15462,
    "precision_at_100": 0.07846,
    "precision_at_200": 0.046,
    "precision_at_300": 0.03144,
    "precision_at_500": 0.01945,
    "precision_at_1000": 0.00985,
    "mrr_at_1": 0.35385,
    "mrr_at_3": 0.4359,
    "mrr_at_5": 0.47051,
    "mrr_at_10": 0.48492,
    "mrr_at_20": 0.48866,
    "mrr_at_100": 0.49316,
    "mrr_at_200": 0.49316,
    "mrr_at_300": 0.49316,
    "mrr_at_500": 0.49316,
    "mrr_at_1000": 0.49316,
    "rc_at_1": {
        "relevant": 0.35385,
        "distractor": 0.64615
    },
    "rc_at_3": {
        "relevant": 0.87692,
        "distractor": 2.12308
    },
    "rc_at_5": {
        "relevant": 1.4,
        "distractor": 3.56923
    },
    "rc_at_10": {
        "relevant": 2.03077,
        "distractor": 7.90769
    },
    "rc_at_20": {
        "relevant": 3.09231,
        "distractor": 16.73846
    },
    "rc_at_100": {
        "relevant": 7.84615,
        "distractor": 81.36923
    },
    "rc_at_200": {
        "relevant": 9.2,
        "distractor": 93.03077
    },
    "rc_at_300": {
        "relevant": 9.43077,
        "distractor": 94.86154
    },
    "rc_at_500": {
        "relevant": 9.72308,
        "distractor": 96.32308
    },
    "rc_at_1000": {
        "relevant": 9.84615,
        "distractor": 97.46154
    }
}