{
    "ndcg_at_1": 0.171,
    "ndcg_at_3": 0.14207,
    "ndcg_at_5": 0.12604,
    "ndcg_at_10": 0.15205,
    "ndcg_at_20": 0.17606,
    "ndcg_at_100": 0.22197,
    "ndcg_at_200": 0.239,
    "ndcg_at_300": 0.24881,
    "ndcg_at_500": 0.25921,
    "ndcg_at_1000": 0.27334,
    "map_at_1": 0.03492,
    "map_at_3": 0.06186,
    "map_at_5": 0.07408,
    "map_at_10": 0.08564,
    "map_at_20": 0.09345,
    "map_at_100": 0.10213,
    "map_at_200": 0.1035,
    "map_at_300": 0.10405,
    "map_at_500": 0.10446,
    "map_at_1000": 0.10481,
    "recall_at_1": 0.03492,
    "recall_at_3": 0.08152,
    "recall_at_5": 0.11427,
    "recall_at_10": 0.16222,
    "recall_at_20": 0.2186,
    "recall_at_100": 0.36787,
    "recall_at_200": 0.4399,
    "recall_at_300": 0.48622,
    "recall_at_500": 0.53925,
    "recall_at_1000": 0.61867,
    "precision_at_1": 0.171,
    "precision_at_3": 0.134,
    "precision_at_5": 0.1128,
    "precision_at_10": 0.08,
    "precision_at_20": 0.0539,
    "precision_at_100": 0.01812,
    "precision_at_200": 0.01083,
    "precision_at_300": 0.00798,
    "precision_at_500": 0.00531,
    "precision_at_1000": 0.00305,
    "mrr_at_1": 0.171,
    "mrr_at_3": 0.23583,
    "mrr_at_5": 0.25303,
    "mrr_at_10": 0.26782,
    "mrr_at_20": 0.27488,
    "mrr_at_100": 0.27933,
    "mrr_at_200": 0.27982,
    "mrr_at_300": 0.27997,
    "mrr_at_500": 0.28007,
    "mrr_at_1000": 0.28013
}