{
    "ndcg_at_1": 0.17375,
    "ndcg_at_3": 0.13741,
    "ndcg_at_5": 0.12847,
    "ndcg_at_10": 0.11944,
    "ndcg_at_20": 0.11448,
    "ndcg_at_100": 0.12768,
    "ndcg_at_200": 0.13883,
    "ndcg_at_300": 0.14563,
    "ndcg_at_500": 0.15543,
    "ndcg_at_1000": 0.1675,
    "map_at_1": 0.02435,
    "map_at_3": 0.03122,
    "map_at_5": 0.03593,
    "map_at_10": 0.03999,
    "map_at_20": 0.04364,
    "map_at_100": 0.04923,
    "map_at_200": 0.05061,
    "map_at_300": 0.05116,
    "map_at_500": 0.05181,
    "map_at_1000": 0.05238,
    "recall_at_1": 0.02435,
    "recall_at_3": 0.03665,
    "recall_at_5": 0.04896,
    "recall_at_10": 0.06241,
    "recall_at_20": 0.08107,
    "recall_at_100": 0.14246,
    "recall_at_200": 0.17654,
    "recall_at_300": 0.20054,
    "recall_at_500": 0.23657,
    "recall_at_1000": 0.28215,
    "precision_at_1": 0.2125,
    "precision_at_3": 0.14,
    "precision_at_5": 0.1185,
    "precision_at_10": 0.0915,
    "precision_at_20": 0.06738,
    "precision_at_100": 0.0284,
    "precision_at_200": 0.01865,
    "precision_at_300": 0.01457,
    "precision_at_500": 0.01064,
    "precision_at_1000": 0.00677,
    "mrr_at_1": 0.2125,
    "mrr_at_3": 0.2625,
    "mrr_at_5": 0.27575,
    "mrr_at_10": 0.28496,
    "mrr_at_20": 0.29155,
    "mrr_at_100": 0.29479,
    "mrr_at_200": 0.29517,
    "mrr_at_300": 0.29532,
    "mrr_at_500": 0.29538,
    "mrr_at_1000": 0.29546
}