{
    "ndcg_at_1": 0.36364,
    "ndcg_at_3": 0.31112,
    "ndcg_at_5": 0.27288,
    "ndcg_at_10": 0.22776,
    "ndcg_at_20": 0.28463,
    "ndcg_at_100": 0.38995,
    "ndcg_at_200": 0.41196,
    "ndcg_at_300": 0.4291,
    "ndcg_at_500": 0.44175,
    "ndcg_at_1000": 0.45225,
    "map_at_1": 0.03636,
    "map_at_3": 0.07394,
    "map_at_5": 0.09248,
    "map_at_10": 0.12089,
    "map_at_20": 0.14542,
    "map_at_100": 0.18047,
    "map_at_200": 0.18396,
    "map_at_300": 0.18569,
    "map_at_500": 0.18672,
    "map_at_1000": 0.18715,
    "recall_at_1": 0.03636,
    "recall_at_3": 0.08909,
    "recall_at_5": 0.12364,
    "recall_at_10": 0.19636,
    "recall_at_20": 0.3,
    "recall_at_100": 0.55818,
    "recall_at_200": 0.62909,
    "recall_at_300": 0.69091,
    "recall_at_500": 0.74,
    "recall_at_1000": 0.78545,
    "precision_at_1": 0.36364,
    "precision_at_3": 0.29697,
    "precision_at_5": 0.24727,
    "precision_at_10": 0.19636,
    "precision_at_20": 0.15,
    "precision_at_100": 0.05582,
    "precision_at_200": 0.03145,
    "precision_at_300": 0.02303,
    "precision_at_500": 0.0148,
    "precision_at_1000": 0.00785,
    "mrr_at_1": 0.36364,
    "mrr_at_3": 0.46061,
    "mrr_at_5": 0.48606,
    "mrr_at_10": 0.49015,
    "mrr_at_20": 0.50163,
    "mrr_at_100": 0.50317,
    "mrr_at_200": 0.50317,
    "mrr_at_300": 0.50317,
    "mrr_at_500": 0.50317,
    "mrr_at_1000": 0.5032,
    "rc_at_1": {
        "relevant": 0.36364,
        "distractor": 0.6
    },
    "rc_at_3": {
        "relevant": 0.89091,
        "distractor": 1.96364
    },
    "rc_at_5": {
        "relevant": 1.21818,
        "distractor": 3.52727
    },
    "rc_at_10": {
        "relevant": 1.96364,
        "distractor": 7.21818
    },
    "rc_at_20": {
        "relevant": 3.0,
        "distractor": 13.89091
    },
    "rc_at_100": {
        "relevant": 5.58182,
        "distractor": 40.87273
    },
    "rc_at_200": {
        "relevant": 6.29091,
        "distractor": 50.6
    },
    "rc_at_300": {
        "relevant": 6.90909,
        "distractor": 54.92727
    },
    "rc_at_500": {
        "relevant": 7.4,
        "distractor": 59.89091
    },
    "rc_at_1000": {
        "relevant": 7.85455,
        "distractor": 66.07273
    }
}