{
    "ndcg_at_1": 0.36364,
    "ndcg_at_3": 0.31539,
    "ndcg_at_5": 0.27331,
    "ndcg_at_10": 0.23227,
    "ndcg_at_20": 0.29845,
    "ndcg_at_100": 0.45402,
    "ndcg_at_200": 0.48295,
    "ndcg_at_300": 0.49207,
    "ndcg_at_500": 0.50508,
    "ndcg_at_1000": 0.51311,
    "map_at_1": 0.03636,
    "map_at_3": 0.07455,
    "map_at_5": 0.09264,
    "map_at_10": 0.12295,
    "map_at_20": 0.15188,
    "map_at_100": 0.20402,
    "map_at_200": 0.20924,
    "map_at_300": 0.21035,
    "map_at_500": 0.21133,
    "map_at_1000": 0.21168,
    "recall_at_1": 0.03636,
    "recall_at_3": 0.09091,
    "recall_at_5": 0.12364,
    "recall_at_10": 0.20182,
    "recall_at_20": 0.32182,
    "recall_at_100": 0.71091,
    "recall_at_200": 0.80364,
    "recall_at_300": 0.83636,
    "recall_at_500": 0.88727,
    "recall_at_1000": 0.92182,
    "precision_at_1": 0.36364,
    "precision_at_3": 0.30303,
    "precision_at_5": 0.24727,
    "precision_at_10": 0.20182,
    "precision_at_20": 0.16091,
    "precision_at_100": 0.07109,
    "precision_at_200": 0.04018,
    "precision_at_300": 0.02788,
    "precision_at_500": 0.01775,
    "precision_at_1000": 0.00922,
    "mrr_at_1": 0.36364,
    "mrr_at_3": 0.46667,
    "mrr_at_5": 0.48758,
    "mrr_at_10": 0.4947,
    "mrr_at_20": 0.50792,
    "mrr_at_100": 0.50844,
    "mrr_at_200": 0.50872,
    "mrr_at_300": 0.50879,
    "mrr_at_500": 0.50879,
    "mrr_at_1000": 0.50879,
    "rc_at_1": {
        "relevant": 0.36364,
        "distractor": 0.63636
    },
    "rc_at_3": {
        "relevant": 0.90909,
        "distractor": 2.09091
    },
    "rc_at_5": {
        "relevant": 1.21818,
        "distractor": 3.74545
    },
    "rc_at_10": {
        "relevant": 2.01818,
        "distractor": 7.8
    },
    "rc_at_20": {
        "relevant": 3.21818,
        "distractor": 15.74545
    },
    "rc_at_100": {
        "relevant": 7.10909,
        "distractor": 56.78182
    },
    "rc_at_200": {
        "relevant": 8.03636,
        "distractor": 68.52727
    },
    "rc_at_300": {
        "relevant": 8.36364,
        "distractor": 73.61818
    },
    "rc_at_500": {
        "relevant": 8.87273,
        "distractor": 78.85455
    },
    "rc_at_1000": {
        "relevant": 9.21818,
        "distractor": 85.10909
    }
}