{
    "ndcg_at_1": 0.5049,
    "ndcg_at_3": 0.54882,
    "ndcg_at_5": 0.56918,
    "ndcg_at_10": 0.58902,
    "ndcg_at_20": 0.60516,
    "ndcg_at_100": 0.62492,
    "ndcg_at_200": 0.63053,
    "ndcg_at_300": 0.63307,
    "ndcg_at_500": 0.63607,
    "ndcg_at_1000": 0.63895,
    "map_at_1": 0.43924,
    "map_at_3": 0.51432,
    "map_at_5": 0.52986,
    "map_at_10": 0.54036,
    "map_at_20": 0.54615,
    "map_at_100": 0.54967,
    "map_at_200": 0.55007,
    "map_at_300": 0.55019,
    "map_at_500": 0.55029,
    "map_at_1000": 0.55036,
    "recall_at_1": 0.43924,
    "recall_at_3": 0.57805,
    "recall_at_5": 0.63209,
    "recall_at_10": 0.69119,
    "recall_at_20": 0.74901,
    "recall_at_100": 0.84258,
    "recall_at_200": 0.87675,
    "recall_at_300": 0.89373,
    "recall_at_500": 0.91577,
    "recall_at_1000": 0.93836,
    "precision_at_1": 0.5049,
    "precision_at_3": 0.23743,
    "precision_at_5": 0.15988,
    "precision_at_10": 0.09037,
    "precision_at_20": 0.05055,
    "precision_at_100": 0.01195,
    "precision_at_200": 0.00633,
    "precision_at_300": 0.00435,
    "precision_at_500": 0.0027,
    "precision_at_1000": 0.00141,
    "mrr_at_1": 0.5049,
    "mrr_at_3": 0.56348,
    "mrr_at_5": 0.57516,
    "mrr_at_10": 0.58287,
    "mrr_at_20": 0.58655,
    "mrr_at_100": 0.58868,
    "mrr_at_200": 0.5889,
    "mrr_at_300": 0.58896,
    "mrr_at_500": 0.58901,
    "mrr_at_1000": 0.58903
}