{
    "ndcg_at_1": 0.26712,
    "ndcg_at_3": 0.31973,
    "ndcg_at_5": 0.33911,
    "ndcg_at_10": 0.36866,
    "ndcg_at_20": 0.39402,
    "ndcg_at_100": 0.43093,
    "ndcg_at_200": 0.44036,
    "ndcg_at_300": 0.44503,
    "ndcg_at_500": 0.44951,
    "ndcg_at_1000": 0.4534,
    "map_at_1": 0.21543,
    "map_at_3": 0.28327,
    "map_at_5": 0.29739,
    "map_at_10": 0.31168,
    "map_at_20": 0.31974,
    "map_at_100": 0.32584,
    "map_at_200": 0.32653,
    "map_at_300": 0.32675,
    "map_at_500": 0.32689,
    "map_at_1000": 0.32698,
    "recall_at_1": 0.21543,
    "recall_at_3": 0.35557,
    "recall_at_5": 0.40751,
    "recall_at_10": 0.49356,
    "recall_at_20": 0.58407,
    "recall_at_100": 0.75846,
    "recall_at_200": 0.81498,
    "recall_at_300": 0.84566,
    "recall_at_500": 0.87801,
    "recall_at_1000": 0.90819,
    "precision_at_1": 0.26712,
    "precision_at_3": 0.15525,
    "precision_at_5": 0.11005,
    "precision_at_10": 0.06906,
    "precision_at_20": 0.04224,
    "precision_at_100": 0.01174,
    "precision_at_200": 0.0065,
    "precision_at_300": 0.0046,
    "precision_at_500": 0.00291,
    "precision_at_1000": 0.00154,
    "mrr_at_1": 0.26712,
    "mrr_at_3": 0.33486,
    "mrr_at_5": 0.34758,
    "mrr_at_10": 0.35882,
    "mrr_at_20": 0.36473,
    "mrr_at_100": 0.36904,
    "mrr_at_200": 0.36934,
    "mrr_at_300": 0.36945,
    "mrr_at_500": 0.36951,
    "mrr_at_1000": 0.36955
}