{
    "ndcg_at_1": 0.27968,
    "ndcg_at_3": 0.34271,
    "ndcg_at_5": 0.36425,
    "ndcg_at_10": 0.39547,
    "ndcg_at_20": 0.42039,
    "ndcg_at_100": 0.45417,
    "ndcg_at_200": 0.46386,
    "ndcg_at_300": 0.46849,
    "ndcg_at_500": 0.47214,
    "ndcg_at_1000": 0.47689,
    "map_at_1": 0.22601,
    "map_at_3": 0.30215,
    "map_at_5": 0.31795,
    "map_at_10": 0.33387,
    "map_at_20": 0.34221,
    "map_at_100": 0.34795,
    "map_at_200": 0.34861,
    "map_at_300": 0.34883,
    "map_at_500": 0.34896,
    "map_at_1000": 0.34907,
    "recall_at_1": 0.22601,
    "recall_at_3": 0.38597,
    "recall_at_5": 0.44114,
    "recall_at_10": 0.53062,
    "recall_at_20": 0.61811,
    "recall_at_100": 0.77591,
    "recall_at_200": 0.83497,
    "recall_at_300": 0.86612,
    "recall_at_500": 0.89054,
    "recall_at_1000": 0.92815,
    "precision_at_1": 0.27968,
    "precision_at_3": 0.16705,
    "precision_at_5": 0.11941,
    "precision_at_10": 0.07511,
    "precision_at_20": 0.04515,
    "precision_at_100": 0.01211,
    "precision_at_200": 0.00666,
    "precision_at_300": 0.00468,
    "precision_at_500": 0.00297,
    "precision_at_1000": 0.00158,
    "mrr_at_1": 0.27968,
    "mrr_at_3": 0.35578,
    "mrr_at_5": 0.36994,
    "mrr_at_10": 0.38189,
    "mrr_at_20": 0.38768,
    "mrr_at_100": 0.39145,
    "mrr_at_200": 0.3918,
    "mrr_at_300": 0.39191,
    "mrr_at_500": 0.39196,
    "mrr_at_1000": 0.392
}