{
    "ndcg_at_1": 0.75,
    "ndcg_at_3": 0.7305,
    "ndcg_at_5": 0.70907,
    "ndcg_at_10": 0.68663,
    "ndcg_at_20": 0.66357,
    "ndcg_at_100": 0.53356,
    "ndcg_at_200": 0.46406,
    "ndcg_at_300": 0.43595,
    "ndcg_at_500": 0.4353,
    "ndcg_at_1000": 0.49127,
    "map_at_1": 0.00213,
    "map_at_3": 0.00582,
    "map_at_5": 0.00891,
    "map_at_10": 0.01656,
    "map_at_20": 0.03002,
    "map_at_100": 0.10168,
    "map_at_200": 0.15006,
    "map_at_300": 0.17741,
    "map_at_500": 0.20909,
    "map_at_1000": 0.24293,
    "recall_at_1": 0.00213,
    "recall_at_3": 0.00616,
    "recall_at_5": 0.00974,
    "recall_at_10": 0.01915,
    "recall_at_20": 0.03602,
    "recall_at_100": 0.1377,
    "recall_at_200": 0.22021,
    "recall_at_300": 0.27729,
    "recall_at_500": 0.35668,
    "recall_at_1000": 0.47059,
    "precision_at_1": 0.82,
    "precision_at_3": 0.78,
    "precision_at_5": 0.756,
    "precision_at_10": 0.736,
    "precision_at_20": 0.707,
    "precision_at_100": 0.5544,
    "precision_at_200": 0.4581,
    "precision_at_300": 0.39313,
    "precision_at_500": 0.31316,
    "precision_at_1000": 0.21396,
    "mrr_at_1": 0.82,
    "mrr_at_3": 0.87,
    "mrr_at_5": 0.885,
    "mrr_at_10": 0.88786,
    "mrr_at_20": 0.88786,
    "mrr_at_100": 0.88786,
    "mrr_at_200": 0.88786,
    "mrr_at_300": 0.88786,
    "mrr_at_500": 0.88786,
    "mrr_at_1000": 0.88786
}