{
    "ndcg_at_1": 0.19521,
    "ndcg_at_3": 0.22053,
    "ndcg_at_5": 0.2418,
    "ndcg_at_10": 0.26851,
    "ndcg_at_20": 0.29123,
    "ndcg_at_100": 0.32653,
    "ndcg_at_200": 0.34136,
    "ndcg_at_300": 0.34637,
    "ndcg_at_500": 0.3531,
    "ndcg_at_1000": 0.36103,
    "map_at_1": 0.15716,
    "map_at_3": 0.19465,
    "map_at_5": 0.20872,
    "map_at_10": 0.22077,
    "map_at_20": 0.22776,
    "map_at_100": 0.23314,
    "map_at_200": 0.23408,
    "map_at_300": 0.23429,
    "map_at_500": 0.23449,
    "map_at_1000": 0.23466,
    "recall_at_1": 0.15716,
    "recall_at_3": 0.23925,
    "recall_at_5": 0.29371,
    "recall_at_10": 0.37193,
    "recall_at_20": 0.45513,
    "recall_at_100": 0.62515,
    "recall_at_200": 0.71775,
    "recall_at_300": 0.75195,
    "recall_at_500": 0.80109,
    "recall_at_1000": 0.86363,
    "precision_at_1": 0.19521,
    "precision_at_3": 0.10616,
    "precision_at_5": 0.07922,
    "precision_at_10": 0.05137,
    "precision_at_20": 0.03174,
    "precision_at_100": 0.00937,
    "precision_at_200": 0.00556,
    "precision_at_300": 0.00394,
    "precision_at_500": 0.00258,
    "precision_at_1000": 0.00143,
    "mrr_at_1": 0.19406,
    "mrr_at_3": 0.2382,
    "mrr_at_5": 0.2539,
    "mrr_at_10": 0.26404,
    "mrr_at_20": 0.26974,
    "mrr_at_100": 0.2743,
    "mrr_at_200": 0.2749,
    "mrr_at_300": 0.27504,
    "mrr_at_500": 0.27512,
    "mrr_at_1000": 0.2752
}