{
    "ndcg_at_1": 0.15385,
    "ndcg_at_3": 0.14757,
    "ndcg_at_5": 0.11294,
    "ndcg_at_10": 0.09459,
    "ndcg_at_20": 0.10705,
    "ndcg_at_100": 0.1313,
    "ndcg_at_200": 0.14105,
    "ndcg_at_300": 0.14654,
    "ndcg_at_500": 0.15402,
    "ndcg_at_1000": 0.16803,
    "map_at_1": 0.01538,
    "map_at_3": 0.03179,
    "map_at_5": 0.0341,
    "map_at_10": 0.0438,
    "map_at_20": 0.04716,
    "map_at_100": 0.05207,
    "map_at_200": 0.05281,
    "map_at_300": 0.05313,
    "map_at_500": 0.05342,
    "map_at_1000": 0.05374,
    "recall_at_1": 0.01538,
    "recall_at_3": 0.04308,
    "recall_at_5": 0.04769,
    "recall_at_10": 0.07692,
    "recall_at_20": 0.1,
    "recall_at_100": 0.15846,
    "recall_at_200": 0.19077,
    "recall_at_300": 0.21077,
    "recall_at_500": 0.24,
    "recall_at_1000": 0.3,
    "precision_at_1": 0.15385,
    "precision_at_3": 0.14359,
    "precision_at_5": 0.09538,
    "precision_at_10": 0.07692,
    "precision_at_20": 0.05,
    "precision_at_100": 0.01585,
    "precision_at_200": 0.00954,
    "precision_at_300": 0.00703,
    "precision_at_500": 0.0048,
    "precision_at_1000": 0.003,
    "mrr_at_1": 0.15385,
    "mrr_at_3": 0.23077,
    "mrr_at_5": 0.23077,
    "mrr_at_10": 0.24574,
    "mrr_at_20": 0.25155,
    "mrr_at_100": 0.25577,
    "mrr_at_200": 0.25615,
    "mrr_at_300": 0.2562,
    "mrr_at_500": 0.25624,
    "mrr_at_1000": 0.25643,
    "rc_at_1": {
        "relevant": 0.15385,
        "distractor": 0.33846
    },
    "rc_at_3": {
        "relevant": 0.43077,
        "distractor": 0.87692
    },
    "rc_at_5": {
        "relevant": 0.47692,
        "distractor": 1.4
    },
    "rc_at_10": {
        "relevant": 0.76923,
        "distractor": 2.24615
    },
    "rc_at_20": {
        "relevant": 1.0,
        "distractor": 3.75385
    },
    "rc_at_100": {
        "relevant": 1.58462,
        "distractor": 9.61538
    },
    "rc_at_200": {
        "relevant": 1.90769,
        "distractor": 13.66154
    },
    "rc_at_300": {
        "relevant": 2.10769,
        "distractor": 16.50769
    },
    "rc_at_500": {
        "relevant": 2.4,
        "distractor": 19.44615
    },
    "rc_at_1000": {
        "relevant": 3.0,
        "distractor": 24.35385
    }
}