{
    "ndcg_at_1": 0.21538,
    "ndcg_at_3": 0.18633,
    "ndcg_at_5": 0.16678,
    "ndcg_at_10": 0.13353,
    "ndcg_at_20": 0.15346,
    "ndcg_at_100": 0.20058,
    "ndcg_at_200": 0.21749,
    "ndcg_at_300": 0.23066,
    "ndcg_at_500": 0.24524,
    "ndcg_at_1000": 0.26434,
    "map_at_1": 0.02154,
    "map_at_3": 0.04026,
    "map_at_5": 0.05064,
    "map_at_10": 0.06355,
    "map_at_20": 0.07018,
    "map_at_100": 0.08039,
    "map_at_200": 0.08204,
    "map_at_300": 0.08297,
    "map_at_500": 0.08369,
    "map_at_1000": 0.08439,
    "recall_at_1": 0.02154,
    "recall_at_3": 0.05385,
    "recall_at_5": 0.07692,
    "recall_at_10": 0.11231,
    "recall_at_20": 0.14769,
    "recall_at_100": 0.26769,
    "recall_at_200": 0.32154,
    "recall_at_300": 0.36923,
    "recall_at_500": 0.42615,
    "recall_at_1000": 0.50769,
    "precision_at_1": 0.21538,
    "precision_at_3": 0.17949,
    "precision_at_5": 0.15385,
    "precision_at_10": 0.11231,
    "precision_at_20": 0.07385,
    "precision_at_100": 0.02677,
    "precision_at_200": 0.01608,
    "precision_at_300": 0.01231,
    "precision_at_500": 0.00852,
    "precision_at_1000": 0.00508,
    "mrr_at_1": 0.21538,
    "mrr_at_3": 0.29487,
    "mrr_at_5": 0.31564,
    "mrr_at_10": 0.32499,
    "mrr_at_20": 0.33427,
    "mrr_at_100": 0.33771,
    "mrr_at_200": 0.33833,
    "mrr_at_300": 0.33839,
    "mrr_at_500": 0.33843,
    "mrr_at_1000": 0.33847,
    "rc_at_1": {
        "relevant": 0.21538,
        "distractor": 0.52308
    },
    "rc_at_3": {
        "relevant": 0.53846,
        "distractor": 1.50769
    },
    "rc_at_5": {
        "relevant": 0.76923,
        "distractor": 2.38462
    },
    "rc_at_10": {
        "relevant": 1.12308,
        "distractor": 4.33846
    },
    "rc_at_20": {
        "relevant": 1.47692,
        "distractor": 7.64615
    },
    "rc_at_100": {
        "relevant": 2.67692,
        "distractor": 21.15385
    },
    "rc_at_200": {
        "relevant": 3.21538,
        "distractor": 27.70769
    },
    "rc_at_300": {
        "relevant": 3.69231,
        "distractor": 31.36923
    },
    "rc_at_500": {
        "relevant": 4.26154,
        "distractor": 36.83077
    },
    "rc_at_1000": {
        "relevant": 5.07692,
        "distractor": 43.55385
    }
}