{
    "ndcg_at_1": 0.018,
    "ndcg_at_3": 0.01388,
    "ndcg_at_5": 0.01267,
    "ndcg_at_10": 0.01598,
    "ndcg_at_20": 0.02052,
    "ndcg_at_100": 0.03368,
    "ndcg_at_200": 0.04184,
    "ndcg_at_300": 0.04774,
    "ndcg_at_500": 0.05481,
    "ndcg_at_1000": 0.07018,
    "map_at_1": 0.00375,
    "map_at_3": 0.00591,
    "map_at_5": 0.00679,
    "map_at_10": 0.00773,
    "map_at_20": 0.00864,
    "map_at_100": 0.01003,
    "map_at_200": 0.01043,
    "map_at_300": 0.01061,
    "map_at_500": 0.01079,
    "map_at_1000": 0.01103,
    "recall_at_1": 0.00375,
    "recall_at_3": 0.0079,
    "recall_at_5": 0.01135,
    "recall_at_10": 0.01753,
    "recall_at_20": 0.02823,
    "recall_at_100": 0.07173,
    "recall_at_200": 0.10638,
    "recall_at_300": 0.13418,
    "recall_at_500": 0.17038,
    "recall_at_1000": 0.25718,
    "precision_at_1": 0.018,
    "precision_at_3": 0.01267,
    "precision_at_5": 0.011,
    "precision_at_10": 0.0085,
    "precision_at_20": 0.0069,
    "precision_at_100": 0.00353,
    "precision_at_200": 0.00262,
    "precision_at_300": 0.00221,
    "precision_at_500": 0.00168,
    "precision_at_1000": 0.00127,
    "mrr_at_1": 0.019,
    "mrr_at_3": 0.0305,
    "mrr_at_5": 0.03345,
    "mrr_at_10": 0.03618,
    "mrr_at_20": 0.03952,
    "mrr_at_100": 0.04286,
    "mrr_at_200": 0.04354,
    "mrr_at_300": 0.04384,
    "mrr_at_500": 0.04408,
    "mrr_at_1000": 0.04426
}