{
    "ndcg_at_1": 0.03485,
    "ndcg_at_3": 0.13533,
    "ndcg_at_5": 0.18488,
    "ndcg_at_10": 0.25563,
    "ndcg_at_20": 0.31058,
    "ndcg_at_100": 0.34487,
    "ndcg_at_200": 0.34846,
    "ndcg_at_300": 0.34981,
    "ndcg_at_500": 0.35098,
    "ndcg_at_1000": 0.35167,
    "map_at_1": 0.03485,
    "map_at_3": 0.11036,
    "map_at_5": 0.13771,
    "map_at_10": 0.16685,
    "map_at_20": 0.18227,
    "map_at_100": 0.18742,
    "map_at_200": 0.1876,
    "map_at_300": 0.18765,
    "map_at_500": 0.18768,
    "map_at_1000": 0.18769,
    "recall_at_1": 0.03485,
    "recall_at_3": 0.20768,
    "recall_at_5": 0.32859,
    "recall_at_10": 0.54765,
    "recall_at_20": 0.76245,
    "recall_at_100": 0.94168,
    "recall_at_200": 0.96728,
    "recall_at_300": 0.97795,
    "recall_at_500": 0.98791,
    "recall_at_1000": 0.99431,
    "precision_at_1": 0.03485,
    "precision_at_3": 0.06923,
    "precision_at_5": 0.06572,
    "precision_at_10": 0.05477,
    "precision_at_20": 0.03812,
    "precision_at_100": 0.00942,
    "precision_at_200": 0.00484,
    "precision_at_300": 0.00326,
    "precision_at_500": 0.00198,
    "precision_at_1000": 0.00099,
    "mrr_at_1": 0.03485,
    "mrr_at_3": 0.11036,
    "mrr_at_5": 0.13785,
    "mrr_at_10": 0.16687,
    "mrr_at_20": 0.1823,
    "mrr_at_100": 0.18744,
    "mrr_at_200": 0.18763,
    "mrr_at_300": 0.18767,
    "mrr_at_500": 0.1877,
    "mrr_at_1000": 0.18771
}