{
    "ndcg_at_1": 0.27,
    "ndcg_at_3": 0.23141,
    "ndcg_at_5": 0.20823,
    "ndcg_at_10": 0.18934,
    "ndcg_at_20": 0.18245,
    "ndcg_at_100": 0.20472,
    "ndcg_at_200": 0.22236,
    "ndcg_at_300": 0.23393,
    "ndcg_at_500": 0.24647,
    "ndcg_at_1000": 0.26304,
    "map_at_1": 0.04074,
    "map_at_3": 0.05668,
    "map_at_5": 0.06239,
    "map_at_10": 0.07047,
    "map_at_20": 0.07743,
    "map_at_100": 0.08895,
    "map_at_200": 0.09186,
    "map_at_300": 0.09322,
    "map_at_500": 0.09438,
    "map_at_1000": 0.09556,
    "recall_at_1": 0.04074,
    "recall_at_3": 0.06574,
    "recall_at_5": 0.07728,
    "recall_at_10": 0.09813,
    "recall_at_20": 0.12876,
    "recall_at_100": 0.22059,
    "recall_at_200": 0.27583,
    "recall_at_300": 0.31378,
    "recall_at_500": 0.35848,
    "recall_at_1000": 0.41607,
    "precision_at_1": 0.3475,
    "precision_at_3": 0.26,
    "precision_at_5": 0.2035,
    "precision_at_10": 0.1475,
    "precision_at_20": 0.10775,
    "precision_at_100": 0.04602,
    "precision_at_200": 0.03025,
    "precision_at_300": 0.02394,
    "precision_at_500": 0.01716,
    "precision_at_1000": 0.01093,
    "mrr_at_1": 0.3475,
    "mrr_at_3": 0.4325,
    "mrr_at_5": 0.4445,
    "mrr_at_10": 0.45264,
    "mrr_at_20": 0.4574,
    "mrr_at_100": 0.46037,
    "mrr_at_200": 0.4607,
    "mrr_at_300": 0.46076,
    "mrr_at_500": 0.46081,
    "mrr_at_1000": 0.46083
}