{
    "ndcg_at_1": 0.01818,
    "ndcg_at_3": 0.03007,
    "ndcg_at_5": 0.02411,
    "ndcg_at_10": 0.01565,
    "ndcg_at_20": 0.01677,
    "ndcg_at_100": 0.02866,
    "ndcg_at_200": 0.03144,
    "ndcg_at_300": 0.03443,
    "ndcg_at_500": 0.04042,
    "ndcg_at_1000": 0.0455,
    "map_at_1": 0.00182,
    "map_at_3": 0.00545,
    "map_at_5": 0.00582,
    "map_at_10": 0.00582,
    "map_at_20": 0.00615,
    "map_at_100": 0.00779,
    "map_at_200": 0.00788,
    "map_at_300": 0.008,
    "map_at_500": 0.00814,
    "map_at_1000": 0.00823,
    "recall_at_1": 0.00182,
    "recall_at_3": 0.00909,
    "recall_at_5": 0.01091,
    "recall_at_10": 0.01091,
    "recall_at_20": 0.01273,
    "recall_at_100": 0.04182,
    "recall_at_200": 0.05091,
    "recall_at_300": 0.06182,
    "recall_at_500": 0.08545,
    "recall_at_1000": 0.10727,
    "precision_at_1": 0.01818,
    "precision_at_3": 0.0303,
    "precision_at_5": 0.02182,
    "precision_at_10": 0.01091,
    "precision_at_20": 0.00636,
    "precision_at_100": 0.00418,
    "precision_at_200": 0.00255,
    "precision_at_300": 0.00206,
    "precision_at_500": 0.00171,
    "precision_at_1000": 0.00107,
    "mrr_at_1": 0.05455,
    "mrr_at_3": 0.08182,
    "mrr_at_5": 0.08182,
    "mrr_at_10": 0.08182,
    "mrr_at_20": 0.08675,
    "mrr_at_100": 0.08884,
    "mrr_at_200": 0.08923,
    "mrr_at_300": 0.08938,
    "mrr_at_500": 0.08953,
    "mrr_at_1000": 0.08959,
    "rc_at_1": {
        "relevant": 0.05455,
        "distractor": 0.03636
    },
    "rc_at_3": {
        "relevant": 0.10909,
        "distractor": 0.09091
    },
    "rc_at_5": {
        "relevant": 0.10909,
        "distractor": 0.12727
    },
    "rc_at_10": {
        "relevant": 0.10909,
        "distractor": 0.29091
    },
    "rc_at_20": {
        "relevant": 0.23636,
        "distractor": 0.61818
    },
    "rc_at_100": {
        "relevant": 0.49091,
        "distractor": 1.45455
    },
    "rc_at_200": {
        "relevant": 0.65455,
        "distractor": 2.07273
    },
    "rc_at_300": {
        "relevant": 0.76364,
        "distractor": 2.52727
    },
    "rc_at_500": {
        "relevant": 0.96364,
        "distractor": 3.32727
    },
    "rc_at_1000": {
        "relevant": 1.07273,
        "distractor": 4.30909
    }
}