{
    "ndcg_at_1": 0.30909,
    "ndcg_at_3": 0.30482,
    "ndcg_at_5": 0.27522,
    "ndcg_at_10": 0.21956,
    "ndcg_at_20": 0.28596,
    "ndcg_at_100": 0.45807,
    "ndcg_at_200": 0.49662,
    "ndcg_at_300": 0.50166,
    "ndcg_at_500": 0.50823,
    "ndcg_at_1000": 0.51509,
    "map_at_1": 0.03091,
    "map_at_3": 0.07485,
    "map_at_5": 0.09803,
    "map_at_10": 0.11746,
    "map_at_20": 0.14753,
    "map_at_100": 0.2053,
    "map_at_200": 0.21291,
    "map_at_300": 0.21352,
    "map_at_500": 0.21403,
    "map_at_1000": 0.21437,
    "recall_at_1": 0.03091,
    "recall_at_3": 0.09091,
    "recall_at_5": 0.13091,
    "recall_at_10": 0.18909,
    "recall_at_20": 0.31091,
    "recall_at_100": 0.73818,
    "recall_at_200": 0.86182,
    "recall_at_300": 0.88,
    "recall_at_500": 0.90545,
    "recall_at_1000": 0.93455,
    "precision_at_1": 0.30909,
    "precision_at_3": 0.30303,
    "precision_at_5": 0.26182,
    "precision_at_10": 0.18909,
    "precision_at_20": 0.15545,
    "precision_at_100": 0.07382,
    "precision_at_200": 0.04309,
    "precision_at_300": 0.02933,
    "precision_at_500": 0.01811,
    "precision_at_1000": 0.00935,
    "mrr_at_1": 0.30909,
    "mrr_at_3": 0.41515,
    "mrr_at_5": 0.44242,
    "mrr_at_10": 0.45963,
    "mrr_at_20": 0.46696,
    "mrr_at_100": 0.46983,
    "mrr_at_200": 0.46983,
    "mrr_at_300": 0.46991,
    "mrr_at_500": 0.46991,
    "mrr_at_1000": 0.46991,
    "rc_at_1": {
        "relevant": 0.30909,
        "distractor": 0.69091
    },
    "rc_at_3": {
        "relevant": 0.90909,
        "distractor": 2.03636
    },
    "rc_at_5": {
        "relevant": 1.30909,
        "distractor": 3.58182
    },
    "rc_at_10": {
        "relevant": 1.89091,
        "distractor": 7.78182
    },
    "rc_at_20": {
        "relevant": 3.10909,
        "distractor": 15.96364
    },
    "rc_at_100": {
        "relevant": 7.38182,
        "distractor": 63.63636
    },
    "rc_at_200": {
        "relevant": 8.61818,
        "distractor": 75.78182
    },
    "rc_at_300": {
        "relevant": 8.8,
        "distractor": 79.92727
    },
    "rc_at_500": {
        "relevant": 9.05455,
        "distractor": 84.03636
    },
    "rc_at_1000": {
        "relevant": 9.34545,
        "distractor": 88.61818
    }
}