{
    "ndcg_at_1": 0.30909,
    "ndcg_at_3": 0.26419,
    "ndcg_at_5": 0.23978,
    "ndcg_at_10": 0.19815,
    "ndcg_at_20": 0.22997,
    "ndcg_at_100": 0.32689,
    "ndcg_at_200": 0.35358,
    "ndcg_at_300": 0.36363,
    "ndcg_at_500": 0.37632,
    "ndcg_at_1000": 0.38562,
    "map_at_1": 0.03091,
    "map_at_3": 0.06455,
    "map_at_5": 0.08518,
    "map_at_10": 0.10445,
    "map_at_20": 0.11905,
    "map_at_100": 0.14603,
    "map_at_200": 0.14948,
    "map_at_300": 0.15038,
    "map_at_500": 0.15129,
    "map_at_1000": 0.15166,
    "recall_at_1": 0.03091,
    "recall_at_3": 0.07455,
    "recall_at_5": 0.10909,
    "recall_at_10": 0.16909,
    "recall_at_20": 0.22727,
    "recall_at_100": 0.46727,
    "recall_at_200": 0.55455,
    "recall_at_300": 0.59091,
    "recall_at_500": 0.64,
    "recall_at_1000": 0.68,
    "precision_at_1": 0.30909,
    "precision_at_3": 0.24848,
    "precision_at_5": 0.21818,
    "precision_at_10": 0.16909,
    "precision_at_20": 0.11364,
    "precision_at_100": 0.04673,
    "precision_at_200": 0.02773,
    "precision_at_300": 0.0197,
    "precision_at_500": 0.0128,
    "precision_at_1000": 0.0068,
    "mrr_at_1": 0.30909,
    "mrr_at_3": 0.38485,
    "mrr_at_5": 0.40758,
    "mrr_at_10": 0.43465,
    "mrr_at_20": 0.43616,
    "mrr_at_100": 0.44004,
    "mrr_at_200": 0.44035,
    "mrr_at_300": 0.44035,
    "mrr_at_500": 0.44039,
    "mrr_at_1000": 0.44039,
    "rc_at_1": {
        "relevant": 0.30909,
        "distractor": 0.6
    },
    "rc_at_3": {
        "relevant": 0.74545,
        "distractor": 1.67273
    },
    "rc_at_5": {
        "relevant": 1.09091,
        "distractor": 2.72727
    },
    "rc_at_10": {
        "relevant": 1.69091,
        "distractor": 5.6
    },
    "rc_at_20": {
        "relevant": 2.27273,
        "distractor": 10.65455
    },
    "rc_at_100": {
        "relevant": 4.67273,
        "distractor": 29.21818
    },
    "rc_at_200": {
        "relevant": 5.54545,
        "distractor": 38.29091
    },
    "rc_at_300": {
        "relevant": 5.90909,
        "distractor": 42.87273
    },
    "rc_at_500": {
        "relevant": 6.4,
        "distractor": 48.69091
    },
    "rc_at_1000": {
        "relevant": 6.8,
        "distractor": 55.8
    }
}