{
    "ndcg_at_1": 0.50125,
    "ndcg_at_3": 0.43666,
    "ndcg_at_5": 0.41494,
    "ndcg_at_10": 0.39454,
    "ndcg_at_20": 0.39225,
    "ndcg_at_100": 0.44966,
    "ndcg_at_200": 0.47974,
    "ndcg_at_300": 0.49457,
    "ndcg_at_500": 0.5088,
    "ndcg_at_1000": 0.52715,
    "map_at_1": 0.0846,
    "map_at_3": 0.13039,
    "map_at_5": 0.15331,
    "map_at_10": 0.18082,
    "map_at_20": 0.21203,
    "map_at_100": 0.26211,
    "map_at_200": 0.27141,
    "map_at_300": 0.27467,
    "map_at_500": 0.27736,
    "map_at_1000": 0.27979,
    "recall_at_1": 0.0846,
    "recall_at_3": 0.14329,
    "recall_at_5": 0.1857,
    "recall_at_10": 0.24037,
    "recall_at_20": 0.31712,
    "recall_at_100": 0.5283,
    "recall_at_200": 0.61711,
    "recall_at_300": 0.6645,
    "recall_at_500": 0.71103,
    "recall_at_1000": 0.77479,
    "precision_at_1": 0.63,
    "precision_at_3": 0.47417,
    "precision_at_5": 0.4005,
    "precision_at_10": 0.31,
    "precision_at_20": 0.24087,
    "precision_at_100": 0.10597,
    "precision_at_200": 0.06804,
    "precision_at_300": 0.05145,
    "precision_at_500": 0.03574,
    "precision_at_1000": 0.02157,
    "mrr_at_1": 0.63,
    "mrr_at_3": 0.7025,
    "mrr_at_5": 0.71888,
    "mrr_at_10": 0.725,
    "mrr_at_20": 0.72765,
    "mrr_at_100": 0.72854,
    "mrr_at_200": 0.72858,
    "mrr_at_300": 0.72858,
    "mrr_at_500": 0.72859,
    "mrr_at_1000": 0.7286
}