{
    "ndcg_at_1": 0.49375,
    "ndcg_at_3": 0.42634,
    "ndcg_at_5": 0.39982,
    "ndcg_at_10": 0.3808,
    "ndcg_at_20": 0.37062,
    "ndcg_at_100": 0.41765,
    "ndcg_at_200": 0.4463,
    "ndcg_at_300": 0.4609,
    "ndcg_at_500": 0.47683,
    "ndcg_at_1000": 0.49532,
    "map_at_1": 0.07282,
    "map_at_3": 0.11903,
    "map_at_5": 0.13771,
    "map_at_10": 0.16525,
    "map_at_20": 0.19092,
    "map_at_100": 0.23331,
    "map_at_200": 0.24176,
    "map_at_300": 0.2451,
    "map_at_500": 0.24788,
    "map_at_1000": 0.25034,
    "recall_at_1": 0.07282,
    "recall_at_3": 0.13495,
    "recall_at_5": 0.16789,
    "recall_at_10": 0.22373,
    "recall_at_20": 0.28769,
    "recall_at_100": 0.47679,
    "recall_at_200": 0.56036,
    "recall_at_300": 0.60678,
    "recall_at_500": 0.663,
    "recall_at_1000": 0.72993,
    "precision_at_1": 0.5975,
    "precision_at_3": 0.46417,
    "precision_at_5": 0.388,
    "precision_at_10": 0.30525,
    "precision_at_20": 0.226,
    "precision_at_100": 0.09735,
    "precision_at_200": 0.06299,
    "precision_at_300": 0.04803,
    "precision_at_500": 0.03363,
    "precision_at_1000": 0.02042,
    "mrr_at_1": 0.5975,
    "mrr_at_3": 0.67958,
    "mrr_at_5": 0.68958,
    "mrr_at_10": 0.69586,
    "mrr_at_20": 0.69814,
    "mrr_at_100": 0.69965,
    "mrr_at_200": 0.69973,
    "mrr_at_300": 0.69974,
    "mrr_at_500": 0.69976,
    "mrr_at_1000": 0.69977
}