{
    "ndcg_at_1": 0.23291,
    "ndcg_at_3": 0.30974,
    "ndcg_at_5": 0.34197,
    "ndcg_at_10": 0.37783,
    "ndcg_at_20": 0.40112,
    "ndcg_at_100": 0.43123,
    "ndcg_at_200": 0.43861,
    "ndcg_at_300": 0.4417,
    "ndcg_at_500": 0.44463,
    "ndcg_at_1000": 0.44772,
    "map_at_1": 0.2065,
    "map_at_3": 0.28156,
    "map_at_5": 0.30035,
    "map_at_10": 0.31602,
    "map_at_20": 0.32298,
    "map_at_100": 0.32757,
    "map_at_200": 0.32798,
    "map_at_300": 0.3281,
    "map_at_500": 0.32817,
    "map_at_1000": 0.32822,
    "recall_at_1": 0.2065,
    "recall_at_3": 0.36657,
    "recall_at_5": 0.44153,
    "recall_at_10": 0.54616,
    "recall_at_20": 0.63321,
    "recall_at_100": 0.78662,
    "recall_at_200": 0.83664,
    "recall_at_300": 0.85957,
    "recall_at_500": 0.88345,
    "recall_at_1000": 0.91097,
    "precision_at_1": 0.23291,
    "precision_at_3": 0.14195,
    "precision_at_5": 0.10353,
    "precision_at_10": 0.06475,
    "precision_at_20": 0.0378,
    "precision_at_100": 0.00951,
    "precision_at_200": 0.00507,
    "precision_at_300": 0.00348,
    "precision_at_500": 0.00215,
    "precision_at_1000": 0.00111,
    "mrr_at_1": 0.2332,
    "mrr_at_3": 0.30659,
    "mrr_at_5": 0.32363,
    "mrr_at_10": 0.33825,
    "mrr_at_20": 0.34406,
    "mrr_at_100": 0.34774,
    "mrr_at_200": 0.34807,
    "mrr_at_300": 0.34816,
    "mrr_at_500": 0.34822,
    "mrr_at_1000": 0.34825
}