{
    "ndcg_at_1": 0.19409,
    "ndcg_at_3": 0.24489,
    "ndcg_at_5": 0.27343,
    "ndcg_at_10": 0.29668,
    "ndcg_at_20": 0.31838,
    "ndcg_at_100": 0.35842,
    "ndcg_at_200": 0.36788,
    "ndcg_at_300": 0.37217,
    "ndcg_at_500": 0.37868,
    "ndcg_at_1000": 0.38511,
    "map_at_1": 0.18152,
    "map_at_3": 0.22568,
    "map_at_5": 0.2423,
    "map_at_10": 0.25241,
    "map_at_20": 0.25875,
    "map_at_100": 0.26455,
    "map_at_200": 0.26512,
    "map_at_300": 0.2653,
    "map_at_500": 0.26552,
    "map_at_1000": 0.26565,
    "recall_at_1": 0.18152,
    "recall_at_3": 0.28111,
    "recall_at_5": 0.34815,
    "recall_at_10": 0.41647,
    "recall_at_20": 0.49678,
    "recall_at_100": 0.70372,
    "recall_at_200": 0.76465,
    "recall_at_300": 0.79564,
    "recall_at_500": 0.84655,
    "recall_at_1000": 0.90229,
    "precision_at_1": 0.19409,
    "precision_at_3": 0.10474,
    "precision_at_5": 0.07948,
    "precision_at_10": 0.04843,
    "precision_at_20": 0.02957,
    "precision_at_100": 0.00858,
    "precision_at_200": 0.00484,
    "precision_at_300": 0.00341,
    "precision_at_500": 0.00223,
    "precision_at_1000": 0.00122,
    "mrr_at_1": 0.19409,
    "mrr_at_3": 0.24214,
    "mrr_at_5": 0.25933,
    "mrr_at_10": 0.26965,
    "mrr_at_20": 0.27547,
    "mrr_at_100": 0.2807,
    "mrr_at_200": 0.2811,
    "mrr_at_300": 0.2812,
    "mrr_at_500": 0.28132,
    "mrr_at_1000": 0.2814
}