{
    "ndcg_at_1": 0.00142,
    "ndcg_at_3": 0.08075,
    "ndcg_at_5": 0.11013,
    "ndcg_at_10": 0.14751,
    "ndcg_at_20": 0.17562,
    "ndcg_at_100": 0.21942,
    "ndcg_at_200": 0.23134,
    "ndcg_at_300": 0.23775,
    "ndcg_at_500": 0.24428,
    "ndcg_at_1000": 0.24994,
    "map_at_1": 0.00142,
    "map_at_3": 0.06057,
    "map_at_5": 0.07693,
    "map_at_10": 0.09229,
    "map_at_20": 0.10003,
    "map_at_100": 0.10615,
    "map_at_200": 0.10678,
    "map_at_300": 0.107,
    "map_at_500": 0.10714,
    "map_at_1000": 0.10722,
    "recall_at_1": 0.00142,
    "recall_at_3": 0.1394,
    "recall_at_5": 0.21053,
    "recall_at_10": 0.32646,
    "recall_at_20": 0.43741,
    "recall_at_100": 0.67283,
    "recall_at_200": 0.75747,
    "recall_at_300": 0.80797,
    "recall_at_500": 0.86415,
    "recall_at_1000": 0.9175,
    "precision_at_1": 0.00142,
    "precision_at_3": 0.04647,
    "precision_at_5": 0.04211,
    "precision_at_10": 0.03265,
    "precision_at_20": 0.02187,
    "precision_at_100": 0.00673,
    "precision_at_200": 0.00379,
    "precision_at_300": 0.00269,
    "precision_at_500": 0.00173,
    "precision_at_1000": 0.00092,
    "mrr_at_1": 0.00142,
    "mrr_at_3": 0.06057,
    "mrr_at_5": 0.07707,
    "mrr_at_10": 0.09232,
    "mrr_at_20": 0.10006,
    "mrr_at_100": 0.10617,
    "mrr_at_200": 0.1068,
    "mrr_at_300": 0.10702,
    "mrr_at_500": 0.10717,
    "mrr_at_1000": 0.10724
}