{
    "ndcg_at_1": 0.89,
    "ndcg_at_3": 0.83101,
    "ndcg_at_5": 0.80577,
    "ndcg_at_10": 0.7617,
    "ndcg_at_20": 0.72081,
    "ndcg_at_100": 0.57472,
    "ndcg_at_200": 0.49533,
    "ndcg_at_300": 0.46598,
    "ndcg_at_500": 0.46459,
    "ndcg_at_1000": 0.52487,
    "map_at_1": 0.00251,
    "map_at_3": 0.0068,
    "map_at_5": 0.01062,
    "map_at_10": 0.01894,
    "map_at_20": 0.03316,
    "map_at_100": 0.10995,
    "map_at_200": 0.15984,
    "map_at_300": 0.18976,
    "map_at_500": 0.22585,
    "map_at_1000": 0.26451,
    "recall_at_1": 0.00251,
    "recall_at_3": 0.00699,
    "recall_at_5": 0.01126,
    "recall_at_10": 0.02076,
    "recall_at_20": 0.03803,
    "recall_at_100": 0.14469,
    "recall_at_200": 0.22869,
    "recall_at_300": 0.28975,
    "recall_at_500": 0.37692,
    "recall_at_1000": 0.49906,
    "precision_at_1": 0.94,
    "precision_at_3": 0.88667,
    "precision_at_5": 0.852,
    "precision_at_10": 0.792,
    "precision_at_20": 0.747,
    "precision_at_100": 0.5902,
    "precision_at_200": 0.4842,
    "precision_at_300": 0.4192,
    "precision_at_500": 0.33612,
    "precision_at_1000": 0.2313,
    "mrr_at_1": 0.94,
    "mrr_at_3": 0.95,
    "mrr_at_5": 0.959,
    "mrr_at_10": 0.959,
    "mrr_at_20": 0.959,
    "mrr_at_100": 0.959,
    "mrr_at_200": 0.959,
    "mrr_at_300": 0.959,
    "mrr_at_500": 0.959,
    "mrr_at_1000": 0.959
}