{
    "ndcg_at_1": 0.3179,
    "ndcg_at_3": 0.27969,
    "ndcg_at_5": 0.29537,
    "ndcg_at_10": 0.31924,
    "ndcg_at_20": 0.3417,
    "ndcg_at_100": 0.38299,
    "ndcg_at_200": 0.39531,
    "ndcg_at_300": 0.40148,
    "ndcg_at_500": 0.40893,
    "ndcg_at_1000": 0.4168,
    "map_at_1": 0.15659,
    "map_at_3": 0.21288,
    "map_at_5": 0.23454,
    "map_at_10": 0.25003,
    "map_at_20": 0.25885,
    "map_at_100": 0.26662,
    "map_at_200": 0.26756,
    "map_at_300": 0.26787,
    "map_at_500": 0.26816,
    "map_at_1000": 0.26835,
    "recall_at_1": 0.15659,
    "recall_at_3": 0.24546,
    "recall_at_5": 0.30558,
    "recall_at_10": 0.3782,
    "recall_at_20": 0.44603,
    "recall_at_100": 0.6186,
    "recall_at_200": 0.68488,
    "recall_at_300": 0.72295,
    "recall_at_500": 0.77046,
    "recall_at_1000": 0.82641,
    "precision_at_1": 0.3179,
    "precision_at_3": 0.1857,
    "precision_at_5": 0.14475,
    "precision_at_10": 0.09151,
    "precision_at_20": 0.05525,
    "precision_at_100": 0.01573,
    "precision_at_200": 0.0088,
    "precision_at_300": 0.0062,
    "precision_at_500": 0.004,
    "precision_at_1000": 0.00217,
    "mrr_at_1": 0.3179,
    "mrr_at_3": 0.36703,
    "mrr_at_5": 0.38261,
    "mrr_at_10": 0.39394,
    "mrr_at_20": 0.39732,
    "mrr_at_100": 0.40125,
    "mrr_at_200": 0.40168,
    "mrr_at_300": 0.40177,
    "mrr_at_500": 0.40182,
    "mrr_at_1000": 0.40187
}