{
    "ndcg_at_1": 0.10769,
    "ndcg_at_3": 0.12308,
    "ndcg_at_5": 0.11455,
    "ndcg_at_10": 0.0885,
    "ndcg_at_20": 0.10573,
    "ndcg_at_100": 0.14534,
    "ndcg_at_200": 0.15998,
    "ndcg_at_300": 0.16808,
    "ndcg_at_500": 0.17789,
    "ndcg_at_1000": 0.19504,
    "map_at_1": 0.01077,
    "map_at_3": 0.02718,
    "map_at_5": 0.03549,
    "map_at_10": 0.04042,
    "map_at_20": 0.046,
    "map_at_100": 0.05276,
    "map_at_200": 0.05417,
    "map_at_300": 0.05467,
    "map_at_500": 0.0551,
    "map_at_1000": 0.05564,
    "recall_at_1": 0.01077,
    "recall_at_3": 0.03846,
    "recall_at_5": 0.05692,
    "recall_at_10": 0.07692,
    "recall_at_20": 0.10769,
    "recall_at_100": 0.20615,
    "recall_at_200": 0.25385,
    "recall_at_300": 0.28308,
    "recall_at_500": 0.32154,
    "recall_at_1000": 0.39538,
    "precision_at_1": 0.10769,
    "precision_at_3": 0.12821,
    "precision_at_5": 0.11385,
    "precision_at_10": 0.07692,
    "precision_at_20": 0.05385,
    "precision_at_100": 0.02062,
    "precision_at_200": 0.01269,
    "precision_at_300": 0.00944,
    "precision_at_500": 0.00643,
    "precision_at_1000": 0.00395,
    "mrr_at_1": 0.10769,
    "mrr_at_3": 0.17949,
    "mrr_at_5": 0.18949,
    "mrr_at_10": 0.20525,
    "mrr_at_20": 0.20865,
    "mrr_at_100": 0.21387,
    "mrr_at_200": 0.21417,
    "mrr_at_300": 0.21424,
    "mrr_at_500": 0.21433,
    "mrr_at_1000": 0.21438,
    "rc_at_1": {
        "relevant": 0.10769,
        "distractor": 0.41538
    },
    "rc_at_3": {
        "relevant": 0.38462,
        "distractor": 1.13846
    },
    "rc_at_5": {
        "relevant": 0.56923,
        "distractor": 1.8
    },
    "rc_at_10": {
        "relevant": 0.76923,
        "distractor": 3.21538
    },
    "rc_at_20": {
        "relevant": 1.07692,
        "distractor": 5.70769
    },
    "rc_at_100": {
        "relevant": 2.06154,
        "distractor": 15.63077
    },
    "rc_at_200": {
        "relevant": 2.53846,
        "distractor": 20.84615
    },
    "rc_at_300": {
        "relevant": 2.83077,
        "distractor": 23.95385
    },
    "rc_at_500": {
        "relevant": 3.21538,
        "distractor": 27.84615
    },
    "rc_at_1000": {
        "relevant": 3.95385,
        "distractor": 33.84615
    }
}