{
    "ndcg_at_1": 0.10769,
    "ndcg_at_3": 0.1584,
    "ndcg_at_5": 0.14434,
    "ndcg_at_10": 0.12172,
    "ndcg_at_20": 0.15827,
    "ndcg_at_100": 0.22149,
    "ndcg_at_200": 0.24827,
    "ndcg_at_300": 0.25978,
    "ndcg_at_500": 0.27508,
    "ndcg_at_1000": 0.28974,
    "map_at_1": 0.01077,
    "map_at_3": 0.03462,
    "map_at_5": 0.045,
    "map_at_10": 0.0572,
    "map_at_20": 0.06959,
    "map_at_100": 0.08283,
    "map_at_200": 0.08632,
    "map_at_300": 0.08719,
    "map_at_500": 0.08811,
    "map_at_1000": 0.08869,
    "recall_at_1": 0.01077,
    "recall_at_3": 0.05231,
    "recall_at_5": 0.07385,
    "recall_at_10": 0.11385,
    "recall_at_20": 0.18,
    "recall_at_100": 0.34,
    "recall_at_200": 0.42615,
    "recall_at_300": 0.46769,
    "recall_at_500": 0.52769,
    "recall_at_1000": 0.59077,
    "precision_at_1": 0.10769,
    "precision_at_3": 0.17436,
    "precision_at_5": 0.14769,
    "precision_at_10": 0.11385,
    "precision_at_20": 0.09,
    "precision_at_100": 0.034,
    "precision_at_200": 0.02131,
    "precision_at_300": 0.01559,
    "precision_at_500": 0.01055,
    "precision_at_1000": 0.00591,
    "mrr_at_1": 0.10769,
    "mrr_at_3": 0.21282,
    "mrr_at_5": 0.2259,
    "mrr_at_10": 0.24096,
    "mrr_at_20": 0.25574,
    "mrr_at_100": 0.25902,
    "mrr_at_200": 0.25915,
    "mrr_at_300": 0.25921,
    "mrr_at_500": 0.25924,
    "mrr_at_1000": 0.25928,
    "rc_at_1": {
        "relevant": 0.10769,
        "distractor": 0.63077
    },
    "rc_at_3": {
        "relevant": 0.52308,
        "distractor": 1.67692
    },
    "rc_at_5": {
        "relevant": 0.73846,
        "distractor": 2.8
    },
    "rc_at_10": {
        "relevant": 1.13846,
        "distractor": 5.32308
    },
    "rc_at_20": {
        "relevant": 1.8,
        "distractor": 10.29231
    },
    "rc_at_100": {
        "relevant": 3.4,
        "distractor": 29.55385
    },
    "rc_at_200": {
        "relevant": 4.26154,
        "distractor": 37.78462
    },
    "rc_at_300": {
        "relevant": 4.67692,
        "distractor": 41.98462
    },
    "rc_at_500": {
        "relevant": 5.27692,
        "distractor": 47.8
    },
    "rc_at_1000": {
        "relevant": 5.90769,
        "distractor": 54.63077
    }
}