{
    "ndcg_at_1": 0.25,
    "ndcg_at_3": 0.26061,
    "ndcg_at_5": 0.27213,
    "ndcg_at_10": 0.24438,
    "ndcg_at_20": 0.22487,
    "ndcg_at_100": 0.16849,
    "ndcg_at_200": 0.14068,
    "ndcg_at_300": 0.12886,
    "ndcg_at_500": 0.12774,
    "ndcg_at_1000": 0.15346,
    "map_at_1": 0.00066,
    "map_at_3": 0.00167,
    "map_at_5": 0.00258,
    "map_at_10": 0.00393,
    "map_at_20": 0.0061,
    "map_at_100": 0.01553,
    "map_at_200": 0.02114,
    "map_at_300": 0.0247,
    "map_at_500": 0.02915,
    "map_at_1000": 0.03445,
    "recall_at_1": 0.00066,
    "recall_at_3": 0.00195,
    "recall_at_5": 0.00374,
    "recall_at_10": 0.00594,
    "recall_at_20": 0.01038,
    "recall_at_100": 0.03669,
    "recall_at_200": 0.05942,
    "recall_at_300": 0.07536,
    "recall_at_500": 0.10177,
    "recall_at_1000": 0.14596,
    "precision_at_1": 0.26,
    "precision_at_3": 0.27333,
    "precision_at_5": 0.3,
    "precision_at_10": 0.25,
    "precision_at_20": 0.227,
    "precision_at_100": 0.1688,
    "precision_at_200": 0.1358,
    "precision_at_300": 0.11587,
    "precision_at_500": 0.0944,
    "precision_at_1000": 0.06884,
    "mrr_at_1": 0.26,
    "mrr_at_3": 0.34667,
    "mrr_at_5": 0.38467,
    "mrr_at_10": 0.40405,
    "mrr_at_20": 0.40948,
    "mrr_at_100": 0.4135,
    "mrr_at_200": 0.41389,
    "mrr_at_300": 0.41389,
    "mrr_at_500": 0.41389,
    "mrr_at_1000": 0.41389
}