{
    "ndcg_at_1": 0.12875,
    "ndcg_at_3": 0.10094,
    "ndcg_at_5": 0.093,
    "ndcg_at_10": 0.08569,
    "ndcg_at_20": 0.08032,
    "ndcg_at_100": 0.09287,
    "ndcg_at_200": 0.10034,
    "ndcg_at_300": 0.10672,
    "ndcg_at_500": 0.11451,
    "ndcg_at_1000": 0.12547,
    "map_at_1": 0.01549,
    "map_at_3": 0.02206,
    "map_at_5": 0.02424,
    "map_at_10": 0.02687,
    "map_at_20": 0.02884,
    "map_at_100": 0.03251,
    "map_at_200": 0.03328,
    "map_at_300": 0.03378,
    "map_at_500": 0.0342,
    "map_at_1000": 0.03458,
    "recall_at_1": 0.01549,
    "recall_at_3": 0.02642,
    "recall_at_5": 0.03389,
    "recall_at_10": 0.04509,
    "recall_at_20": 0.05678,
    "recall_at_100": 0.10637,
    "recall_at_200": 0.12711,
    "recall_at_300": 0.14951,
    "recall_at_500": 0.18016,
    "recall_at_1000": 0.22666,
    "precision_at_1": 0.1575,
    "precision_at_3": 0.10333,
    "precision_at_5": 0.0835,
    "precision_at_10": 0.0625,
    "precision_at_20": 0.04538,
    "precision_at_100": 0.02102,
    "precision_at_200": 0.01374,
    "precision_at_300": 0.01087,
    "precision_at_500": 0.00794,
    "precision_at_1000": 0.00519,
    "mrr_at_1": 0.1575,
    "mrr_at_3": 0.19708,
    "mrr_at_5": 0.20758,
    "mrr_at_10": 0.21729,
    "mrr_at_20": 0.22181,
    "mrr_at_100": 0.22601,
    "mrr_at_200": 0.22638,
    "mrr_at_300": 0.22658,
    "mrr_at_500": 0.22666,
    "mrr_at_1000": 0.22675
}