{
    "ndcg_at_1": 0.13305,
    "ndcg_at_3": 0.17416,
    "ndcg_at_5": 0.19339,
    "ndcg_at_10": 0.22326,
    "ndcg_at_20": 0.24659,
    "ndcg_at_100": 0.28672,
    "ndcg_at_200": 0.30339,
    "ndcg_at_300": 0.31029,
    "ndcg_at_500": 0.31672,
    "ndcg_at_1000": 0.32582,
    "map_at_1": 0.1004,
    "map_at_3": 0.1458,
    "map_at_5": 0.15861,
    "map_at_10": 0.17257,
    "map_at_20": 0.17971,
    "map_at_100": 0.18634,
    "map_at_200": 0.18743,
    "map_at_300": 0.18774,
    "map_at_500": 0.18795,
    "map_at_1000": 0.18814,
    "recall_at_1": 0.1004,
    "recall_at_3": 0.19927,
    "recall_at_5": 0.24635,
    "recall_at_10": 0.33469,
    "recall_at_20": 0.42267,
    "recall_at_100": 0.61272,
    "recall_at_200": 0.71803,
    "recall_at_300": 0.76429,
    "recall_at_500": 0.81029,
    "recall_at_1000": 0.88049,
    "precision_at_1": 0.13305,
    "precision_at_3": 0.09013,
    "precision_at_5": 0.07067,
    "precision_at_10": 0.04979,
    "precision_at_20": 0.0319,
    "precision_at_100": 0.01009,
    "precision_at_200": 0.00607,
    "precision_at_300": 0.00444,
    "precision_at_500": 0.00291,
    "precision_at_1000": 0.00166,
    "mrr_at_1": 0.13305,
    "mrr_at_3": 0.18693,
    "mrr_at_5": 0.20052,
    "mrr_at_10": 0.21295,
    "mrr_at_20": 0.21931,
    "mrr_at_100": 0.22453,
    "mrr_at_200": 0.22524,
    "mrr_at_300": 0.22541,
    "mrr_at_500": 0.22552,
    "mrr_at_1000": 0.2256
}