{
    "ndcg_at_1": 0.27238,
    "ndcg_at_3": 0.32959,
    "ndcg_at_5": 0.35169,
    "ndcg_at_10": 0.37827,
    "ndcg_at_20": 0.40073,
    "ndcg_at_100": 0.43467,
    "ndcg_at_200": 0.44452,
    "ndcg_at_300": 0.44947,
    "ndcg_at_500": 0.45491,
    "ndcg_at_1000": 0.45998,
    "map_at_1": 0.22442,
    "map_at_3": 0.29132,
    "map_at_5": 0.30741,
    "map_at_10": 0.32055,
    "map_at_20": 0.32787,
    "map_at_100": 0.33375,
    "map_at_200": 0.33445,
    "map_at_300": 0.3347,
    "map_at_500": 0.33488,
    "map_at_1000": 0.335,
    "recall_at_1": 0.22442,
    "recall_at_3": 0.36318,
    "recall_at_5": 0.42024,
    "recall_at_10": 0.49967,
    "recall_at_20": 0.57926,
    "recall_at_100": 0.73513,
    "recall_at_200": 0.79474,
    "recall_at_300": 0.82766,
    "recall_at_500": 0.86718,
    "recall_at_1000": 0.9066,
    "precision_at_1": 0.27238,
    "precision_at_3": 0.15945,
    "precision_at_5": 0.11473,
    "precision_at_10": 0.07103,
    "precision_at_20": 0.0423,
    "precision_at_100": 0.01166,
    "precision_at_200": 0.00649,
    "precision_at_300": 0.00457,
    "precision_at_500": 0.00292,
    "precision_at_1000": 0.00157,
    "mrr_at_1": 0.27141,
    "mrr_at_3": 0.34568,
    "mrr_at_5": 0.35998,
    "mrr_at_10": 0.37048,
    "mrr_at_20": 0.37594,
    "mrr_at_100": 0.3798,
    "mrr_at_200": 0.38015,
    "mrr_at_300": 0.38025,
    "mrr_at_500": 0.38033,
    "mrr_at_1000": 0.38038
}