{
    "ndcg_at_1": 0.38776,
    "ndcg_at_3": 0.27034,
    "ndcg_at_5": 0.24223,
    "ndcg_at_10": 0.22581,
    "ndcg_at_20": 0.23796,
    "ndcg_at_100": 0.33051,
    "ndcg_at_200": 0.36936,
    "ndcg_at_300": 0.39181,
    "ndcg_at_500": 0.42501,
    "ndcg_at_1000": 0.45714,
    "map_at_1": 0.03309,
    "map_at_3": 0.05034,
    "map_at_5": 0.0632,
    "map_at_10": 0.0886,
    "map_at_20": 0.11064,
    "map_at_100": 0.1396,
    "map_at_200": 0.14632,
    "map_at_300": 0.1493,
    "map_at_500": 0.15237,
    "map_at_1000": 0.15483,
    "recall_at_1": 0.03309,
    "recall_at_3": 0.05657,
    "recall_at_5": 0.08189,
    "recall_at_10": 0.14117,
    "recall_at_20": 0.21446,
    "recall_at_100": 0.41636,
    "recall_at_200": 0.5186,
    "recall_at_300": 0.58478,
    "recall_at_500": 0.68432,
    "recall_at_1000": 0.79626,
    "precision_at_1": 0.40816,
    "precision_at_3": 0.2517,
    "precision_at_5": 0.22041,
    "precision_at_10": 0.18571,
    "precision_at_20": 0.14796,
    "precision_at_100": 0.06429,
    "precision_at_200": 0.04265,
    "precision_at_300": 0.03306,
    "precision_at_500": 0.02416,
    "precision_at_1000": 0.01469,
    "mrr_at_1": 0.40816,
    "mrr_at_3": 0.46599,
    "mrr_at_5": 0.48333,
    "mrr_at_10": 0.49512,
    "mrr_at_20": 0.50467,
    "mrr_at_100": 0.50895,
    "mrr_at_200": 0.50895,
    "mrr_at_300": 0.50902,
    "mrr_at_500": 0.50902,
    "mrr_at_1000": 0.50902
}