{
    "ndcg_at_1": 0.23323,
    "ndcg_at_3": 0.28702,
    "ndcg_at_5": 0.30694,
    "ndcg_at_10": 0.33093,
    "ndcg_at_20": 0.34831,
    "ndcg_at_100": 0.37878,
    "ndcg_at_200": 0.38817,
    "ndcg_at_300": 0.39283,
    "ndcg_at_500": 0.39754,
    "ndcg_at_1000": 0.40392,
    "map_at_1": 0.20197,
    "map_at_3": 0.26175,
    "map_at_5": 0.27414,
    "map_at_10": 0.28513,
    "map_at_20": 0.29048,
    "map_at_100": 0.29494,
    "map_at_200": 0.29554,
    "map_at_300": 0.29572,
    "map_at_500": 0.29585,
    "map_at_1000": 0.29596,
    "recall_at_1": 0.20197,
    "recall_at_3": 0.32483,
    "recall_at_5": 0.37287,
    "recall_at_10": 0.44286,
    "recall_at_20": 0.50794,
    "recall_at_100": 0.66261,
    "recall_at_200": 0.72313,
    "recall_at_300": 0.75629,
    "recall_at_500": 0.79309,
    "recall_at_1000": 0.84838,
    "precision_at_1": 0.23323,
    "precision_at_3": 0.13041,
    "precision_at_5": 0.09179,
    "precision_at_10": 0.05605,
    "precision_at_20": 0.03266,
    "precision_at_100": 0.00876,
    "precision_at_200": 0.00486,
    "precision_at_300": 0.00342,
    "precision_at_500": 0.00217,
    "precision_at_1000": 0.00117,
    "mrr_at_1": 0.23323,
    "mrr_at_3": 0.28903,
    "mrr_at_5": 0.30138,
    "mrr_at_10": 0.31146,
    "mrr_at_20": 0.31614,
    "mrr_at_100": 0.31982,
    "mrr_at_200": 0.32024,
    "mrr_at_300": 0.32037,
    "mrr_at_500": 0.32046,
    "mrr_at_1000": 0.32053
}