{
    "ndcg_at_1": 0.43364,
    "ndcg_at_3": 0.40638,
    "ndcg_at_5": 0.42095,
    "ndcg_at_10": 0.447,
    "ndcg_at_20": 0.47375,
    "ndcg_at_100": 0.51532,
    "ndcg_at_200": 0.52608,
    "ndcg_at_300": 0.53022,
    "ndcg_at_500": 0.53527,
    "ndcg_at_1000": 0.53946,
    "map_at_1": 0.22337,
    "map_at_3": 0.31741,
    "map_at_5": 0.34553,
    "map_at_10": 0.36687,
    "map_at_20": 0.37766,
    "map_at_100": 0.38619,
    "map_at_200": 0.38713,
    "map_at_300": 0.3874,
    "map_at_500": 0.38762,
    "map_at_1000": 0.38774,
    "recall_at_1": 0.22337,
    "recall_at_3": 0.36607,
    "recall_at_5": 0.43384,
    "recall_at_10": 0.51938,
    "recall_at_20": 0.60451,
    "recall_at_100": 0.77452,
    "recall_at_200": 0.83184,
    "recall_at_300": 0.85512,
    "recall_at_500": 0.88686,
    "recall_at_1000": 0.91631,
    "precision_at_1": 0.43364,
    "precision_at_3": 0.27315,
    "precision_at_5": 0.20401,
    "precision_at_10": 0.12546,
    "precision_at_20": 0.07353,
    "precision_at_100": 0.01965,
    "precision_at_200": 0.01065,
    "precision_at_300": 0.00736,
    "precision_at_500": 0.00461,
    "precision_at_1000": 0.0024,
    "mrr_at_1": 0.4321,
    "mrr_at_3": 0.49588,
    "mrr_at_5": 0.51031,
    "mrr_at_10": 0.51885,
    "mrr_at_20": 0.52397,
    "mrr_at_100": 0.52686,
    "mrr_at_200": 0.52711,
    "mrr_at_300": 0.52716,
    "mrr_at_500": 0.52719,
    "mrr_at_1000": 0.52721
}