{
    "ndcg_at_1": 0.23077,
    "ndcg_at_3": 0.21805,
    "ndcg_at_5": 0.20318,
    "ndcg_at_10": 0.1869,
    "ndcg_at_20": 0.23784,
    "ndcg_at_100": 0.39308,
    "ndcg_at_200": 0.42178,
    "ndcg_at_300": 0.43376,
    "ndcg_at_500": 0.44438,
    "ndcg_at_1000": 0.45399,
    "map_at_1": 0.02308,
    "map_at_3": 0.05026,
    "map_at_5": 0.06556,
    "map_at_10": 0.09279,
    "map_at_20": 0.1158,
    "map_at_100": 0.16011,
    "map_at_200": 0.16517,
    "map_at_300": 0.16657,
    "map_at_500": 0.1674,
    "map_at_1000": 0.16786,
    "recall_at_1": 0.02308,
    "recall_at_3": 0.06462,
    "recall_at_5": 0.09692,
    "recall_at_10": 0.17538,
    "recall_at_20": 0.26769,
    "recall_at_100": 0.66308,
    "recall_at_200": 0.75538,
    "recall_at_300": 0.79846,
    "recall_at_500": 0.84,
    "recall_at_1000": 0.88154,
    "precision_at_1": 0.23077,
    "precision_at_3": 0.21538,
    "precision_at_5": 0.19385,
    "precision_at_10": 0.17538,
    "precision_at_20": 0.13385,
    "precision_at_100": 0.06631,
    "precision_at_200": 0.03777,
    "precision_at_300": 0.02662,
    "precision_at_500": 0.0168,
    "precision_at_1000": 0.00882,
    "mrr_at_1": 0.23077,
    "mrr_at_3": 0.31795,
    "mrr_at_5": 0.34718,
    "mrr_at_10": 0.36856,
    "mrr_at_20": 0.37688,
    "mrr_at_100": 0.38112,
    "mrr_at_200": 0.38112,
    "mrr_at_300": 0.38112,
    "mrr_at_500": 0.38112,
    "mrr_at_1000": 0.38112,
    "rc_at_1": {
        "relevant": 0.23077,
        "distractor": 0.75385
    },
    "rc_at_3": {
        "relevant": 0.64615,
        "distractor": 2.24615
    },
    "rc_at_5": {
        "relevant": 0.96923,
        "distractor": 3.83077
    },
    "rc_at_10": {
        "relevant": 1.75385,
        "distractor": 7.70769
    },
    "rc_at_20": {
        "relevant": 2.67692,
        "distractor": 15.52308
    },
    "rc_at_100": {
        "relevant": 6.63077,
        "distractor": 59.33846
    },
    "rc_at_200": {
        "relevant": 7.55385,
        "distractor": 71.98462
    },
    "rc_at_300": {
        "relevant": 7.98462,
        "distractor": 76.49231
    },
    "rc_at_500": {
        "relevant": 8.4,
        "distractor": 80.63077
    },
    "rc_at_1000": {
        "relevant": 8.81538,
        "distractor": 84.86154
    }
}