{
    "ndcg_at_1": 0.23077,
    "ndcg_at_3": 0.2226,
    "ndcg_at_5": 0.20826,
    "ndcg_at_10": 0.19174,
    "ndcg_at_20": 0.25507,
    "ndcg_at_100": 0.46623,
    "ndcg_at_200": 0.50566,
    "ndcg_at_300": 0.51083,
    "ndcg_at_500": 0.51318,
    "ndcg_at_1000": 0.51388,
    "map_at_1": 0.02308,
    "map_at_3": 0.05154,
    "map_at_5": 0.067,
    "map_at_10": 0.09537,
    "map_at_20": 0.12361,
    "map_at_100": 0.18806,
    "map_at_200": 0.19685,
    "map_at_300": 0.19756,
    "map_at_500": 0.19777,
    "map_at_1000": 0.19781,
    "recall_at_1": 0.02308,
    "recall_at_3": 0.06615,
    "recall_at_5": 0.1,
    "recall_at_10": 0.18,
    "recall_at_20": 0.29538,
    "recall_at_100": 0.84,
    "recall_at_200": 0.96462,
    "recall_at_300": 0.98308,
    "recall_at_500": 0.99231,
    "recall_at_1000": 0.99538,
    "precision_at_1": 0.23077,
    "precision_at_3": 0.22051,
    "precision_at_5": 0.2,
    "precision_at_10": 0.18,
    "precision_at_20": 0.14769,
    "precision_at_100": 0.084,
    "precision_at_200": 0.04823,
    "precision_at_300": 0.03277,
    "precision_at_500": 0.01985,
    "precision_at_1000": 0.00995,
    "mrr_at_1": 0.23077,
    "mrr_at_3": 0.32051,
    "mrr_at_5": 0.35282,
    "mrr_at_10": 0.3742,
    "mrr_at_20": 0.38363,
    "mrr_at_100": 0.38716,
    "mrr_at_200": 0.38716,
    "mrr_at_300": 0.38716,
    "mrr_at_500": 0.38716,
    "mrr_at_1000": 0.38716,
    "rc_at_1": {
        "relevant": 0.23077,
        "distractor": 0.76923
    },
    "rc_at_3": {
        "relevant": 0.66154,
        "distractor": 2.33846
    },
    "rc_at_5": {
        "relevant": 1.0,
        "distractor": 3.96923
    },
    "rc_at_10": {
        "relevant": 1.8,
        "distractor": 8.16923
    },
    "rc_at_20": {
        "relevant": 2.95385,
        "distractor": 16.90769
    },
    "rc_at_100": {
        "relevant": 8.4,
        "distractor": 82.87692
    },
    "rc_at_200": {
        "relevant": 9.64615,
        "distractor": 93.83077
    },
    "rc_at_300": {
        "relevant": 9.83077,
        "distractor": 95.53846
    },
    "rc_at_500": {
        "relevant": 9.92308,
        "distractor": 96.90769
    },
    "rc_at_1000": {
        "relevant": 9.95385,
        "distractor": 98.06154
    }
}