{
    "ndcg_at_1": 0.23077,
    "ndcg_at_3": 0.21616,
    "ndcg_at_5": 0.19126,
    "ndcg_at_10": 0.17283,
    "ndcg_at_20": 0.21731,
    "ndcg_at_100": 0.32222,
    "ndcg_at_200": 0.35678,
    "ndcg_at_300": 0.36786,
    "ndcg_at_500": 0.37571,
    "ndcg_at_1000": 0.389,
    "map_at_1": 0.02308,
    "map_at_3": 0.04949,
    "map_at_5": 0.06179,
    "map_at_10": 0.08539,
    "map_at_20": 0.10576,
    "map_at_100": 0.13359,
    "map_at_200": 0.13878,
    "map_at_300": 0.13988,
    "map_at_500": 0.14048,
    "map_at_1000": 0.14106,
    "recall_at_1": 0.02308,
    "recall_at_3": 0.06462,
    "recall_at_5": 0.08923,
    "recall_at_10": 0.15846,
    "recall_at_20": 0.23846,
    "recall_at_100": 0.50308,
    "recall_at_200": 0.61385,
    "recall_at_300": 0.65385,
    "recall_at_500": 0.68462,
    "recall_at_1000": 0.74154,
    "precision_at_1": 0.23077,
    "precision_at_3": 0.21538,
    "precision_at_5": 0.17846,
    "precision_at_10": 0.15846,
    "precision_at_20": 0.11923,
    "precision_at_100": 0.05031,
    "precision_at_200": 0.03069,
    "precision_at_300": 0.02179,
    "precision_at_500": 0.01369,
    "precision_at_1000": 0.00742,
    "mrr_at_1": 0.23077,
    "mrr_at_3": 0.31538,
    "mrr_at_5": 0.33769,
    "mrr_at_10": 0.358,
    "mrr_at_20": 0.36565,
    "mrr_at_100": 0.36965,
    "mrr_at_200": 0.3698,
    "mrr_at_300": 0.3698,
    "mrr_at_500": 0.3698,
    "mrr_at_1000": 0.36982,
    "rc_at_1": {
        "relevant": 0.23077,
        "distractor": 0.69231
    },
    "rc_at_3": {
        "relevant": 0.64615,
        "distractor": 2.04615
    },
    "rc_at_5": {
        "relevant": 0.89231,
        "distractor": 3.47692
    },
    "rc_at_10": {
        "relevant": 1.58462,
        "distractor": 6.81538
    },
    "rc_at_20": {
        "relevant": 2.38462,
        "distractor": 13.2
    },
    "rc_at_100": {
        "relevant": 5.03077,
        "distractor": 43.13846
    },
    "rc_at_200": {
        "relevant": 6.13846,
        "distractor": 53.89231
    },
    "rc_at_300": {
        "relevant": 6.53846,
        "distractor": 58.63077
    },
    "rc_at_500": {
        "relevant": 6.84615,
        "distractor": 63.90769
    },
    "rc_at_1000": {
        "relevant": 7.41538,
        "distractor": 70.01538
    }
}