{
    "ndcg_at_1": 0.445,
    "ndcg_at_3": 0.37007,
    "ndcg_at_5": 0.34609,
    "ndcg_at_10": 0.3234,
    "ndcg_at_20": 0.31327,
    "ndcg_at_100": 0.34768,
    "ndcg_at_200": 0.37171,
    "ndcg_at_300": 0.38476,
    "ndcg_at_500": 0.39946,
    "ndcg_at_1000": 0.41766,
    "map_at_1": 0.06727,
    "map_at_3": 0.10055,
    "map_at_5": 0.11414,
    "map_at_10": 0.13432,
    "map_at_20": 0.15243,
    "map_at_100": 0.18072,
    "map_at_200": 0.18684,
    "map_at_300": 0.18931,
    "map_at_500": 0.19149,
    "map_at_1000": 0.19341,
    "recall_at_1": 0.06727,
    "recall_at_3": 0.11353,
    "recall_at_5": 0.13854,
    "recall_at_10": 0.18312,
    "recall_at_20": 0.23855,
    "recall_at_100": 0.38727,
    "recall_at_200": 0.45888,
    "recall_at_300": 0.50061,
    "recall_at_500": 0.54916,
    "recall_at_1000": 0.61779,
    "precision_at_1": 0.5675,
    "precision_at_3": 0.40417,
    "precision_at_5": 0.3345,
    "precision_at_10": 0.2565,
    "precision_at_20": 0.1885,
    "precision_at_100": 0.07825,
    "precision_at_200": 0.0509,
    "precision_at_300": 0.03899,
    "precision_at_500": 0.02755,
    "precision_at_1000": 0.01673,
    "mrr_at_1": 0.5675,
    "mrr_at_3": 0.63583,
    "mrr_at_5": 0.64658,
    "mrr_at_10": 0.65416,
    "mrr_at_20": 0.65678,
    "mrr_at_100": 0.65849,
    "mrr_at_200": 0.65858,
    "mrr_at_300": 0.65859,
    "mrr_at_500": 0.65861,
    "mrr_at_1000": 0.65863
}