{
    "ndcg_at_1": 0.095,
    "ndcg_at_3": 0.07758,
    "ndcg_at_5": 0.06974,
    "ndcg_at_10": 0.0838,
    "ndcg_at_20": 0.09869,
    "ndcg_at_100": 0.13222,
    "ndcg_at_200": 0.14814,
    "ndcg_at_300": 0.15752,
    "ndcg_at_500": 0.16855,
    "ndcg_at_1000": 0.18521,
    "map_at_1": 0.0193,
    "map_at_3": 0.0328,
    "map_at_5": 0.03893,
    "map_at_10": 0.04412,
    "map_at_20": 0.0484,
    "map_at_100": 0.05323,
    "map_at_200": 0.05427,
    "map_at_300": 0.0547,
    "map_at_500": 0.05508,
    "map_at_1000": 0.05545,
    "recall_at_1": 0.0193,
    "recall_at_3": 0.04393,
    "recall_at_5": 0.06287,
    "recall_at_10": 0.08902,
    "recall_at_20": 0.1238,
    "recall_at_100": 0.23432,
    "recall_at_200": 0.3018,
    "recall_at_300": 0.34612,
    "recall_at_500": 0.40245,
    "recall_at_1000": 0.49625,
    "precision_at_1": 0.095,
    "precision_at_3": 0.072,
    "precision_at_5": 0.0618,
    "precision_at_10": 0.0438,
    "precision_at_20": 0.0305,
    "precision_at_100": 0.01156,
    "precision_at_200": 0.00744,
    "precision_at_300": 0.00568,
    "precision_at_500": 0.00396,
    "precision_at_1000": 0.00244,
    "mrr_at_1": 0.095,
    "mrr_at_3": 0.13783,
    "mrr_at_5": 0.15073,
    "mrr_at_10": 0.16157,
    "mrr_at_20": 0.16743,
    "mrr_at_100": 0.17282,
    "mrr_at_200": 0.17357,
    "mrr_at_300": 0.17379,
    "mrr_at_500": 0.17393,
    "mrr_at_1000": 0.17402
}