{
    "ndcg_at_1": 0.57333,
    "ndcg_at_3": 0.65837,
    "ndcg_at_5": 0.68669,
    "ndcg_at_10": 0.71127,
    "ndcg_at_20": 0.71943,
    "ndcg_at_100": 0.73306,
    "ndcg_at_200": 0.73481,
    "ndcg_at_300": 0.73524,
    "ndcg_at_500": 0.73562,
    "ndcg_at_1000": 0.73774,
    "map_at_1": 0.549,
    "map_at_3": 0.63069,
    "map_at_5": 0.65015,
    "map_at_10": 0.66157,
    "map_at_20": 0.66436,
    "map_at_100": 0.66644,
    "map_at_200": 0.66655,
    "map_at_300": 0.66657,
    "map_at_500": 0.66658,
    "map_at_1000": 0.66661,
    "recall_at_1": 0.549,
    "recall_at_3": 0.71489,
    "recall_at_5": 0.78244,
    "recall_at_10": 0.85422,
    "recall_at_20": 0.88367,
    "recall_at_100": 0.955,
    "recall_at_200": 0.96667,
    "recall_at_300": 0.97,
    "recall_at_500": 0.97333,
    "recall_at_1000": 0.99333,
    "precision_at_1": 0.57333,
    "precision_at_3": 0.25889,
    "precision_at_5": 0.17467,
    "precision_at_10": 0.09633,
    "precision_at_20": 0.05,
    "precision_at_100": 0.01083,
    "precision_at_200": 0.00548,
    "precision_at_300": 0.00367,
    "precision_at_500": 0.00221,
    "precision_at_1000": 0.00112,
    "mrr_at_1": 0.57333,
    "mrr_at_3": 0.64556,
    "mrr_at_5": 0.66022,
    "mrr_at_10": 0.66932,
    "mrr_at_20": 0.67146,
    "mrr_at_100": 0.67306,
    "mrr_at_200": 0.67314,
    "mrr_at_300": 0.67316,
    "mrr_at_500": 0.67317,
    "mrr_at_1000": 0.6732
}