{
    "ndcg_at_1": 0.22603,
    "ndcg_at_3": 0.25959,
    "ndcg_at_5": 0.27626,
    "ndcg_at_10": 0.29564,
    "ndcg_at_20": 0.31621,
    "ndcg_at_100": 0.35176,
    "ndcg_at_200": 0.36464,
    "ndcg_at_300": 0.36994,
    "ndcg_at_500": 0.37481,
    "ndcg_at_1000": 0.38124,
    "map_at_1": 0.1846,
    "map_at_3": 0.23197,
    "map_at_5": 0.24366,
    "map_at_10": 0.25294,
    "map_at_20": 0.25924,
    "map_at_100": 0.26469,
    "map_at_200": 0.26549,
    "map_at_300": 0.26571,
    "map_at_500": 0.26586,
    "map_at_1000": 0.26598,
    "recall_at_1": 0.1846,
    "recall_at_3": 0.28411,
    "recall_at_5": 0.32783,
    "recall_at_10": 0.38611,
    "recall_at_20": 0.45937,
    "recall_at_100": 0.63008,
    "recall_at_200": 0.71136,
    "recall_at_300": 0.74772,
    "recall_at_500": 0.78301,
    "recall_at_1000": 0.8349,
    "precision_at_1": 0.22603,
    "precision_at_3": 0.12024,
    "precision_at_5": 0.08584,
    "precision_at_10": 0.05183,
    "precision_at_20": 0.03225,
    "precision_at_100": 0.00949,
    "precision_at_200": 0.00546,
    "precision_at_300": 0.00389,
    "precision_at_500": 0.0025,
    "precision_at_1000": 0.00136,
    "mrr_at_1": 0.22603,
    "mrr_at_3": 0.27511,
    "mrr_at_5": 0.28562,
    "mrr_at_10": 0.29458,
    "mrr_at_20": 0.29996,
    "mrr_at_100": 0.30422,
    "mrr_at_200": 0.30478,
    "mrr_at_300": 0.30491,
    "mrr_at_500": 0.30499,
    "mrr_at_1000": 0.30506
}