{
    "ndcg_at_1": 0.28638,
    "ndcg_at_3": 0.25006,
    "ndcg_at_5": 0.23776,
    "ndcg_at_10": 0.21317,
    "ndcg_at_20": 0.19716,
    "ndcg_at_100": 0.19658,
    "ndcg_at_200": 0.2147,
    "ndcg_at_300": 0.23006,
    "ndcg_at_500": 0.25323,
    "ndcg_at_1000": 0.29231,
    "map_at_1": 0.03327,
    "map_at_3": 0.05027,
    "map_at_5": 0.05751,
    "map_at_10": 0.06661,
    "map_at_20": 0.07419,
    "map_at_100": 0.08336,
    "map_at_200": 0.0867,
    "map_at_300": 0.08855,
    "map_at_500": 0.09092,
    "map_at_1000": 0.09405,
    "recall_at_1": 0.03327,
    "recall_at_3": 0.05936,
    "recall_at_5": 0.07219,
    "recall_at_10": 0.09437,
    "recall_at_20": 0.12295,
    "recall_at_100": 0.20871,
    "recall_at_200": 0.27783,
    "recall_at_300": 0.33148,
    "recall_at_500": 0.4099,
    "recall_at_1000": 0.54242,
    "precision_at_1": 0.29721,
    "precision_at_3": 0.23323,
    "precision_at_5": 0.20805,
    "precision_at_10": 0.15975,
    "precision_at_20": 0.11765,
    "precision_at_100": 0.05118,
    "precision_at_200": 0.03613,
    "precision_at_300": 0.03018,
    "precision_at_500": 0.02411,
    "precision_at_1000": 0.01773,
    "mrr_at_1": 0.29721,
    "mrr_at_3": 0.35294,
    "mrr_at_5": 0.37012,
    "mrr_at_10": 0.37874,
    "mrr_at_20": 0.38265,
    "mrr_at_100": 0.38586,
    "mrr_at_200": 0.38625,
    "mrr_at_300": 0.38644,
    "mrr_at_500": 0.38653,
    "mrr_at_1000": 0.38657
}