{
    "ndcg_at_1": 0.0128,
    "ndcg_at_3": 0.07101,
    "ndcg_at_5": 0.0973,
    "ndcg_at_10": 0.12049,
    "ndcg_at_20": 0.14488,
    "ndcg_at_100": 0.19098,
    "ndcg_at_200": 0.20719,
    "ndcg_at_300": 0.21441,
    "ndcg_at_500": 0.22177,
    "ndcg_at_1000": 0.22942,
    "map_at_1": 0.0128,
    "map_at_3": 0.05607,
    "map_at_5": 0.07061,
    "map_at_10": 0.08016,
    "map_at_20": 0.08682,
    "map_at_100": 0.09287,
    "map_at_200": 0.0937,
    "map_at_300": 0.09393,
    "map_at_500": 0.0941,
    "map_at_1000": 0.0942,
    "recall_at_1": 0.0128,
    "recall_at_3": 0.11451,
    "recall_at_5": 0.17852,
    "recall_at_10": 0.25036,
    "recall_at_20": 0.34708,
    "recall_at_100": 0.60028,
    "recall_at_200": 0.71622,
    "recall_at_300": 0.77383,
    "recall_at_500": 0.83713,
    "recall_at_1000": 0.90967,
    "precision_at_1": 0.0128,
    "precision_at_3": 0.03817,
    "precision_at_5": 0.0357,
    "precision_at_10": 0.02504,
    "precision_at_20": 0.01735,
    "precision_at_100": 0.006,
    "precision_at_200": 0.00358,
    "precision_at_300": 0.00258,
    "precision_at_500": 0.00167,
    "precision_at_1000": 0.00091,
    "mrr_at_1": 0.0128,
    "mrr_at_3": 0.06354,
    "mrr_at_5": 0.07566,
    "mrr_at_10": 0.08701,
    "mrr_at_20": 0.09465,
    "mrr_at_100": 0.10088,
    "mrr_at_200": 0.10164,
    "mrr_at_300": 0.10185,
    "mrr_at_500": 0.10202,
    "mrr_at_1000": 0.1021
}