{
    "ndcg_at_1": 0.0,
    "ndcg_at_3": 0.0,
    "ndcg_at_5": 0.0,
    "ndcg_at_10": 0.0,
    "ndcg_at_20": 0.0,
    "ndcg_at_100": 0.00067,
    "ndcg_at_200": 0.00067,
    "ndcg_at_300": 0.00067,
    "ndcg_at_500": 0.00067,
    "ndcg_at_1000": 0.0011,
    "map_at_1": 0.0,
    "map_at_3": 0.0,
    "map_at_5": 0.0,
    "map_at_10": 0.0,
    "map_at_20": 0.0,
    "map_at_100": 3e-05,
    "map_at_200": 3e-05,
    "map_at_300": 3e-05,
    "map_at_500": 3e-05,
    "map_at_1000": 3e-05,
    "recall_at_1": 0.0,
    "recall_at_3": 0.0,
    "recall_at_5": 0.0,
    "recall_at_10": 0.0,
    "recall_at_20": 0.0,
    "recall_at_100": 0.00182,
    "recall_at_200": 0.00182,
    "recall_at_300": 0.00182,
    "recall_at_500": 0.00182,
    "recall_at_1000": 0.00364,
    "precision_at_1": 0.0,
    "precision_at_3": 0.0,
    "precision_at_5": 0.0,
    "precision_at_10": 0.0,
    "precision_at_20": 0.0,
    "precision_at_100": 0.00018,
    "precision_at_200": 9e-05,
    "precision_at_300": 6e-05,
    "precision_at_500": 4e-05,
    "precision_at_1000": 4e-05,
    "mrr_at_1": 0.0,
    "mrr_at_3": 0.0,
    "mrr_at_5": 0.0,
    "mrr_at_10": 0.0,
    "mrr_at_20": 0.0,
    "mrr_at_100": 0.00033,
    "mrr_at_200": 0.00033,
    "mrr_at_300": 0.00033,
    "mrr_at_500": 0.00033,
    "mrr_at_1000": 0.00035,
    "rc_at_1": {
        "relevant": 0.0,
        "distractor": 0.05455
    },
    "rc_at_3": {
        "relevant": 0.0,
        "distractor": 0.05455
    },
    "rc_at_5": {
        "relevant": 0.0,
        "distractor": 0.09091
    },
    "rc_at_10": {
        "relevant": 0.0,
        "distractor": 0.10909
    },
    "rc_at_20": {
        "relevant": 0.0,
        "distractor": 0.10909
    },
    "rc_at_100": {
        "relevant": 0.01818,
        "distractor": 0.16364
    },
    "rc_at_200": {
        "relevant": 0.01818,
        "distractor": 0.21818
    },
    "rc_at_300": {
        "relevant": 0.01818,
        "distractor": 0.29091
    },
    "rc_at_500": {
        "relevant": 0.01818,
        "distractor": 0.36364
    },
    "rc_at_1000": {
        "relevant": 0.03636,
        "distractor": 0.45455
    }
}