{
    "ndcg_at_1": 0.18035,
    "ndcg_at_3": 0.22357,
    "ndcg_at_5": 0.2463,
    "ndcg_at_10": 0.27576,
    "ndcg_at_20": 0.3005,
    "ndcg_at_100": 0.33585,
    "ndcg_at_200": 0.34789,
    "ndcg_at_300": 0.3527,
    "ndcg_at_500": 0.35906,
    "ndcg_at_1000": 0.36629,
    "map_at_1": 0.14234,
    "map_at_3": 0.19462,
    "map_at_5": 0.20925,
    "map_at_10": 0.2224,
    "map_at_20": 0.22978,
    "map_at_100": 0.23521,
    "map_at_200": 0.23597,
    "map_at_300": 0.23618,
    "map_at_500": 0.23637,
    "map_at_1000": 0.23651,
    "recall_at_1": 0.14234,
    "recall_at_3": 0.25635,
    "recall_at_5": 0.31241,
    "recall_at_10": 0.39971,
    "recall_at_20": 0.48824,
    "recall_at_100": 0.65821,
    "recall_at_200": 0.73479,
    "recall_at_300": 0.76733,
    "recall_at_500": 0.81432,
    "recall_at_1000": 0.87344,
    "precision_at_1": 0.18035,
    "precision_at_3": 0.10862,
    "precision_at_5": 0.08109,
    "precision_at_10": 0.05274,
    "precision_at_20": 0.03321,
    "precision_at_100": 0.00963,
    "precision_at_200": 0.00546,
    "precision_at_300": 0.00386,
    "precision_at_500": 0.00249,
    "precision_at_1000": 0.00136,
    "mrr_at_1": 0.18035,
    "mrr_at_3": 0.24046,
    "mrr_at_5": 0.25439,
    "mrr_at_10": 0.26559,
    "mrr_at_20": 0.27293,
    "mrr_at_100": 0.27669,
    "mrr_at_200": 0.27715,
    "mrr_at_300": 0.27726,
    "mrr_at_500": 0.27736,
    "mrr_at_1000": 0.27743
}