{
    "ndcg_at_1": 0.22449,
    "ndcg_at_3": 0.26405,
    "ndcg_at_5": 0.22805,
    "ndcg_at_10": 0.20446,
    "ndcg_at_20": 0.22168,
    "ndcg_at_100": 0.29928,
    "ndcg_at_200": 0.33268,
    "ndcg_at_300": 0.3527,
    "ndcg_at_500": 0.3772,
    "ndcg_at_1000": 0.40908,
    "map_at_1": 0.0185,
    "map_at_3": 0.04992,
    "map_at_5": 0.06095,
    "map_at_10": 0.07901,
    "map_at_20": 0.09993,
    "map_at_100": 0.12225,
    "map_at_200": 0.12773,
    "map_at_300": 0.13031,
    "map_at_500": 0.13238,
    "map_at_1000": 0.13456,
    "recall_at_1": 0.0185,
    "recall_at_3": 0.06647,
    "recall_at_5": 0.08532,
    "recall_at_10": 0.13251,
    "recall_at_20": 0.20551,
    "recall_at_100": 0.37844,
    "recall_at_200": 0.47025,
    "recall_at_300": 0.53339,
    "recall_at_500": 0.60679,
    "recall_at_1000": 0.71557,
    "precision_at_1": 0.2449,
    "precision_at_3": 0.30612,
    "precision_at_5": 0.23673,
    "precision_at_10": 0.18367,
    "precision_at_20": 0.14898,
    "precision_at_100": 0.06184,
    "precision_at_200": 0.03949,
    "precision_at_300": 0.03034,
    "precision_at_500": 0.02143,
    "precision_at_1000": 0.01314,
    "mrr_at_1": 0.2449,
    "mrr_at_3": 0.41497,
    "mrr_at_5": 0.42925,
    "mrr_at_10": 0.43967,
    "mrr_at_20": 0.4474,
    "mrr_at_100": 0.45047,
    "mrr_at_200": 0.45047,
    "mrr_at_300": 0.45047,
    "mrr_at_500": 0.45051,
    "mrr_at_1000": 0.45051
}