{
    "ndcg_at_1": 0.24893,
    "ndcg_at_3": 0.27348,
    "ndcg_at_5": 0.28978,
    "ndcg_at_10": 0.31046,
    "ndcg_at_20": 0.33091,
    "ndcg_at_100": 0.36436,
    "ndcg_at_200": 0.37711,
    "ndcg_at_300": 0.38143,
    "ndcg_at_500": 0.38937,
    "ndcg_at_1000": 0.39655,
    "map_at_1": 0.20807,
    "map_at_3": 0.24749,
    "map_at_5": 0.25961,
    "map_at_10": 0.26912,
    "map_at_20": 0.27532,
    "map_at_100": 0.28084,
    "map_at_200": 0.28164,
    "map_at_300": 0.28187,
    "map_at_500": 0.28213,
    "map_at_1000": 0.2823,
    "recall_at_1": 0.20807,
    "recall_at_3": 0.28536,
    "recall_at_5": 0.33091,
    "recall_at_10": 0.39154,
    "recall_at_20": 0.46661,
    "recall_at_100": 0.6289,
    "recall_at_200": 0.70697,
    "recall_at_300": 0.73265,
    "recall_at_500": 0.79115,
    "recall_at_1000": 0.84495,
    "precision_at_1": 0.24893,
    "precision_at_3": 0.12446,
    "precision_at_5": 0.08927,
    "precision_at_10": 0.05622,
    "precision_at_20": 0.03534,
    "precision_at_100": 0.01011,
    "precision_at_200": 0.00595,
    "precision_at_300": 0.00428,
    "precision_at_500": 0.00285,
    "precision_at_1000": 0.00162,
    "mrr_at_1": 0.24893,
    "mrr_at_3": 0.28827,
    "mrr_at_5": 0.30043,
    "mrr_at_10": 0.31172,
    "mrr_at_20": 0.3172,
    "mrr_at_100": 0.32104,
    "mrr_at_200": 0.32161,
    "mrr_at_300": 0.32169,
    "mrr_at_500": 0.3218,
    "mrr_at_1000": 0.32187
}