{
    "ndcg_at_1": 0.4657,
    "ndcg_at_3": 0.54521,
    "ndcg_at_5": 0.57697,
    "ndcg_at_10": 0.61043,
    "ndcg_at_20": 0.63253,
    "ndcg_at_100": 0.65752,
    "ndcg_at_200": 0.66129,
    "ndcg_at_300": 0.66245,
    "ndcg_at_500": 0.66322,
    "ndcg_at_1000": 0.66388,
    "map_at_1": 0.40902,
    "map_at_3": 0.5051,
    "map_at_5": 0.52778,
    "map_at_10": 0.5452,
    "map_at_20": 0.55343,
    "map_at_100": 0.55877,
    "map_at_200": 0.55912,
    "map_at_300": 0.5592,
    "map_at_500": 0.55924,
    "map_at_1000": 0.55926,
    "recall_at_1": 0.40902,
    "recall_at_3": 0.59589,
    "recall_at_5": 0.67309,
    "recall_at_10": 0.76895,
    "recall_at_20": 0.84635,
    "recall_at_100": 0.95885,
    "recall_at_200": 0.98037,
    "recall_at_300": 0.98753,
    "recall_at_500": 0.99225,
    "recall_at_1000": 0.99678,
    "precision_at_1": 0.4657,
    "precision_at_3": 0.2446,
    "precision_at_5": 0.17224,
    "precision_at_10": 0.10312,
    "precision_at_20": 0.05915,
    "precision_at_100": 0.01439,
    "precision_at_200": 0.00749,
    "precision_at_300": 0.00506,
    "precision_at_500": 0.00308,
    "precision_at_1000": 0.00156,
    "mrr_at_1": 0.4654,
    "mrr_at_3": 0.54792,
    "mrr_at_5": 0.56473,
    "mrr_at_10": 0.57676,
    "mrr_at_20": 0.58154,
    "mrr_at_100": 0.58405,
    "mrr_at_200": 0.58415,
    "mrr_at_300": 0.58417,
    "mrr_at_500": 0.58418,
    "mrr_at_1000": 0.58418
}