{
    "ndcg_at_1": 0.2709,
    "ndcg_at_3": 0.24424,
    "ndcg_at_5": 0.23539,
    "ndcg_at_10": 0.21144,
    "ndcg_at_20": 0.19524,
    "ndcg_at_100": 0.19548,
    "ndcg_at_200": 0.2139,
    "ndcg_at_300": 0.22793,
    "ndcg_at_500": 0.25121,
    "ndcg_at_1000": 0.29117,
    "map_at_1": 0.03493,
    "map_at_3": 0.05157,
    "map_at_5": 0.0597,
    "map_at_10": 0.06801,
    "map_at_20": 0.07528,
    "map_at_100": 0.08441,
    "map_at_200": 0.08774,
    "map_at_300": 0.08954,
    "map_at_500": 0.09187,
    "map_at_1000": 0.09507,
    "recall_at_1": 0.03493,
    "recall_at_3": 0.0601,
    "recall_at_5": 0.07491,
    "recall_at_10": 0.09451,
    "recall_at_20": 0.12189,
    "recall_at_100": 0.20617,
    "recall_at_200": 0.27621,
    "recall_at_300": 0.32514,
    "recall_at_500": 0.4043,
    "recall_at_1000": 0.53714,
    "precision_at_1": 0.28173,
    "precision_at_3": 0.22704,
    "precision_at_5": 0.20681,
    "precision_at_10": 0.15759,
    "precision_at_20": 0.11579,
    "precision_at_100": 0.05074,
    "precision_at_200": 0.0361,
    "precision_at_300": 0.02977,
    "precision_at_500": 0.0238,
    "precision_at_1000": 0.01769,
    "mrr_at_1": 0.28173,
    "mrr_at_3": 0.34417,
    "mrr_at_5": 0.36089,
    "mrr_at_10": 0.37011,
    "mrr_at_20": 0.37369,
    "mrr_at_100": 0.37715,
    "mrr_at_200": 0.37751,
    "mrr_at_300": 0.37769,
    "mrr_at_500": 0.3778,
    "mrr_at_1000": 0.37784
}