{
    "ndcg_at_1": 0.335,
    "ndcg_at_3": 0.27816,
    "ndcg_at_5": 0.26148,
    "ndcg_at_10": 0.23814,
    "ndcg_at_20": 0.22829,
    "ndcg_at_100": 0.25591,
    "ndcg_at_200": 0.27527,
    "ndcg_at_300": 0.28623,
    "ndcg_at_500": 0.30108,
    "ndcg_at_1000": 0.32012,
    "map_at_1": 0.04743,
    "map_at_3": 0.06969,
    "map_at_5": 0.07985,
    "map_at_10": 0.0911,
    "map_at_20": 0.101,
    "map_at_100": 0.11811,
    "map_at_200": 0.12206,
    "map_at_300": 0.12385,
    "map_at_500": 0.12548,
    "map_at_1000": 0.12701,
    "recall_at_1": 0.04743,
    "recall_at_3": 0.07941,
    "recall_at_5": 0.09961,
    "recall_at_10": 0.13109,
    "recall_at_20": 0.16685,
    "recall_at_100": 0.28122,
    "recall_at_200": 0.3355,
    "recall_at_300": 0.37004,
    "recall_at_500": 0.42416,
    "recall_at_1000": 0.49437,
    "precision_at_1": 0.435,
    "precision_at_3": 0.3125,
    "precision_at_5": 0.26,
    "precision_at_10": 0.18625,
    "precision_at_20": 0.13525,
    "precision_at_100": 0.05812,
    "precision_at_200": 0.03824,
    "precision_at_300": 0.02971,
    "precision_at_500": 0.02136,
    "precision_at_1000": 0.01338,
    "mrr_at_1": 0.435,
    "mrr_at_3": 0.5125,
    "mrr_at_5": 0.5245,
    "mrr_at_10": 0.53317,
    "mrr_at_20": 0.53752,
    "mrr_at_100": 0.53981,
    "mrr_at_200": 0.54001,
    "mrr_at_300": 0.54008,
    "mrr_at_500": 0.54012,
    "mrr_at_1000": 0.54014
}