{
    "ndcg_at_1": 0.30769,
    "ndcg_at_3": 0.25148,
    "ndcg_at_5": 0.23675,
    "ndcg_at_10": 0.18805,
    "ndcg_at_20": 0.22027,
    "ndcg_at_100": 0.28167,
    "ndcg_at_200": 0.29867,
    "ndcg_at_300": 0.31087,
    "ndcg_at_500": 0.32545,
    "ndcg_at_1000": 0.3398,
    "map_at_1": 0.03077,
    "map_at_3": 0.05872,
    "map_at_5": 0.07941,
    "map_at_10": 0.09896,
    "map_at_20": 0.11354,
    "map_at_100": 0.13027,
    "map_at_200": 0.13195,
    "map_at_300": 0.1329,
    "map_at_500": 0.13382,
    "map_at_1000": 0.13436,
    "recall_at_1": 0.03077,
    "recall_at_3": 0.07077,
    "recall_at_5": 0.11077,
    "recall_at_10": 0.16,
    "recall_at_20": 0.21846,
    "recall_at_100": 0.36769,
    "recall_at_200": 0.42308,
    "recall_at_300": 0.46769,
    "recall_at_500": 0.52462,
    "recall_at_1000": 0.58615,
    "precision_at_1": 0.30769,
    "precision_at_3": 0.2359,
    "precision_at_5": 0.22154,
    "precision_at_10": 0.16,
    "precision_at_20": 0.10923,
    "precision_at_100": 0.03677,
    "precision_at_200": 0.02115,
    "precision_at_300": 0.01559,
    "precision_at_500": 0.01049,
    "precision_at_1000": 0.00586,
    "mrr_at_1": 0.30769,
    "mrr_at_3": 0.38205,
    "mrr_at_5": 0.40974,
    "mrr_at_10": 0.42068,
    "mrr_at_20": 0.4259,
    "mrr_at_100": 0.42873,
    "mrr_at_200": 0.42938,
    "mrr_at_300": 0.42938,
    "mrr_at_500": 0.42941,
    "mrr_at_1000": 0.42943,
    "rc_at_1": {
        "relevant": 0.30769,
        "distractor": 0.49231
    },
    "rc_at_3": {
        "relevant": 0.70769,
        "distractor": 1.46154
    },
    "rc_at_5": {
        "relevant": 1.10769,
        "distractor": 2.38462
    },
    "rc_at_10": {
        "relevant": 1.6,
        "distractor": 4.73846
    },
    "rc_at_20": {
        "relevant": 2.18462,
        "distractor": 9.10769
    },
    "rc_at_100": {
        "relevant": 3.67692,
        "distractor": 27.15385
    },
    "rc_at_200": {
        "relevant": 4.23077,
        "distractor": 35.64615
    },
    "rc_at_300": {
        "relevant": 4.67692,
        "distractor": 40.72308
    },
    "rc_at_500": {
        "relevant": 5.24615,
        "distractor": 46.87692
    },
    "rc_at_1000": {
        "relevant": 5.86154,
        "distractor": 53.86154
    }
}