{
    "ndcg_at_1": 0.35385,
    "ndcg_at_3": 0.31208,
    "ndcg_at_5": 0.30187,
    "ndcg_at_10": 0.23668,
    "ndcg_at_20": 0.28318,
    "ndcg_at_100": 0.48804,
    "ndcg_at_200": 0.53497,
    "ndcg_at_300": 0.53927,
    "ndcg_at_500": 0.54243,
    "ndcg_at_1000": 0.54353,
    "map_at_1": 0.03538,
    "map_at_3": 0.07513,
    "map_at_5": 0.1029,
    "map_at_10": 0.12875,
    "map_at_20": 0.15189,
    "map_at_100": 0.21297,
    "map_at_200": 0.22319,
    "map_at_300": 0.22379,
    "map_at_500": 0.22409,
    "map_at_1000": 0.22417,
    "recall_at_1": 0.03538,
    "recall_at_3": 0.09077,
    "recall_at_5": 0.14615,
    "recall_at_10": 0.20462,
    "recall_at_20": 0.28923,
    "recall_at_100": 0.81846,
    "recall_at_200": 0.96615,
    "recall_at_300": 0.98154,
    "recall_at_500": 0.99385,
    "recall_at_1000": 0.99846,
    "precision_at_1": 0.35385,
    "precision_at_3": 0.30256,
    "precision_at_5": 0.29231,
    "precision_at_10": 0.20462,
    "precision_at_20": 0.14462,
    "precision_at_100": 0.08185,
    "precision_at_200": 0.04831,
    "precision_at_300": 0.03272,
    "precision_at_500": 0.01988,
    "precision_at_1000": 0.00998,
    "mrr_at_1": 0.35385,
    "mrr_at_3": 0.43846,
    "mrr_at_5": 0.47769,
    "mrr_at_10": 0.48496,
    "mrr_at_20": 0.49112,
    "mrr_at_100": 0.49509,
    "mrr_at_200": 0.49509,
    "mrr_at_300": 0.49509,
    "mrr_at_500": 0.49509,
    "mrr_at_1000": 0.49509,
    "rc_at_1": {
        "relevant": 0.35385,
        "distractor": 0.64615
    },
    "rc_at_3": {
        "relevant": 0.90769,
        "distractor": 2.09231
    },
    "rc_at_5": {
        "relevant": 1.46154,
        "distractor": 3.52308
    },
    "rc_at_10": {
        "relevant": 2.04615,
        "distractor": 7.89231
    },
    "rc_at_20": {
        "relevant": 2.89231,
        "distractor": 16.89231
    },
    "rc_at_100": {
        "relevant": 8.18462,
        "distractor": 84.41538
    },
    "rc_at_200": {
        "relevant": 9.66154,
        "distractor": 95.30769
    },
    "rc_at_300": {
        "relevant": 9.81538,
        "distractor": 96.98462
    },
    "rc_at_500": {
        "relevant": 9.93846,
        "distractor": 97.87692
    },
    "rc_at_1000": {
        "relevant": 9.98462,
        "distractor": 98.83077
    }
}