{
    "ndcg_at_1": 0.0415,
    "ndcg_at_3": 0.05608,
    "ndcg_at_5": 0.06072,
    "ndcg_at_10": 0.06683,
    "ndcg_at_20": 0.07896,
    "ndcg_at_100": 0.10033,
    "ndcg_at_200": 0.11348,
    "ndcg_at_300": 0.12184,
    "ndcg_at_500": 0.13079,
    "ndcg_at_1000": 0.1427,
    "map_at_1": 0.03262,
    "map_at_3": 0.0471,
    "map_at_5": 0.05036,
    "map_at_10": 0.05317,
    "map_at_20": 0.05642,
    "map_at_100": 0.05938,
    "map_at_200": 0.06016,
    "map_at_300": 0.06048,
    "map_at_500": 0.06076,
    "map_at_1000": 0.061,
    "recall_at_1": 0.03262,
    "recall_at_3": 0.06264,
    "recall_at_5": 0.07571,
    "recall_at_10": 0.09368,
    "recall_at_20": 0.13795,
    "recall_at_100": 0.24737,
    "recall_at_200": 0.33435,
    "recall_at_300": 0.39532,
    "recall_at_500": 0.46033,
    "recall_at_1000": 0.55805,
    "precision_at_1": 0.0415,
    "precision_at_3": 0.02701,
    "precision_at_5": 0.01976,
    "precision_at_10": 0.01383,
    "precision_at_20": 0.01126,
    "precision_at_100": 0.00464,
    "precision_at_200": 0.00317,
    "precision_at_300": 0.0025,
    "precision_at_500": 0.00188,
    "precision_at_1000": 0.00121,
    "mrr_at_1": 0.0415,
    "mrr_at_3": 0.05797,
    "mrr_at_5": 0.06222,
    "mrr_at_10": 0.06633,
    "mrr_at_20": 0.07029,
    "mrr_at_100": 0.07329,
    "mrr_at_200": 0.07395,
    "mrr_at_300": 0.0742,
    "mrr_at_500": 0.07437,
    "mrr_at_1000": 0.07452
}