{
    "ndcg_at_1": 0.7884,
    "ndcg_at_3": 0.83335,
    "ndcg_at_5": 0.85034,
    "ndcg_at_10": 0.86475,
    "ndcg_at_20": 0.87294,
    "ndcg_at_100": 0.87904,
    "ndcg_at_200": 0.87978,
    "ndcg_at_300": 0.88004,
    "ndcg_at_500": 0.88027,
    "ndcg_at_1000": 0.88039,
    "map_at_1": 0.68434,
    "map_at_3": 0.79397,
    "map_at_5": 0.81281,
    "map_at_10": 0.82442,
    "map_at_20": 0.82918,
    "map_at_100": 0.83139,
    "map_at_200": 0.83152,
    "map_at_300": 0.83155,
    "map_at_500": 0.83157,
    "map_at_1000": 0.83158,
    "recall_at_1": 0.68434,
    "recall_at_3": 0.85417,
    "recall_at_5": 0.90195,
    "recall_at_10": 0.94376,
    "recall_at_20": 0.97,
    "recall_at_100": 0.9928,
    "recall_at_200": 0.99608,
    "recall_at_300": 0.99746,
    "recall_at_500": 0.99887,
    "recall_at_1000": 0.99954,
    "precision_at_1": 0.7884,
    "precision_at_3": 0.36537,
    "precision_at_5": 0.24098,
    "precision_at_10": 0.13206,
    "precision_at_20": 0.07065,
    "precision_at_100": 0.01522,
    "precision_at_200": 0.00772,
    "precision_at_300": 0.00518,
    "precision_at_500": 0.00312,
    "precision_at_1000": 0.00157,
    "mrr_at_1": 0.7884,
    "mrr_at_3": 0.84382,
    "mrr_at_5": 0.85153,
    "mrr_at_10": 0.85515,
    "mrr_at_20": 0.85627,
    "mrr_at_100": 0.85659,
    "mrr_at_200": 0.8566,
    "mrr_at_300": 0.85661,
    "mrr_at_500": 0.85661,
    "mrr_at_1000": 0.85661
}