{
    "ndcg_at_1": 0.4,
    "ndcg_at_3": 0.33657,
    "ndcg_at_5": 0.29558,
    "ndcg_at_10": 0.25041,
    "ndcg_at_20": 0.30948,
    "ndcg_at_100": 0.50181,
    "ndcg_at_200": 0.54365,
    "ndcg_at_300": 0.55217,
    "ndcg_at_500": 0.55573,
    "ndcg_at_1000": 0.55647,
    "map_at_1": 0.04,
    "map_at_3": 0.08,
    "map_at_5": 0.10208,
    "map_at_10": 0.13827,
    "map_at_20": 0.1702,
    "map_at_100": 0.22725,
    "map_at_200": 0.23686,
    "map_at_300": 0.23791,
    "map_at_500": 0.23825,
    "map_at_1000": 0.2383,
    "recall_at_1": 0.04,
    "recall_at_3": 0.09538,
    "recall_at_5": 0.13231,
    "recall_at_10": 0.21538,
    "recall_at_20": 0.32154,
    "recall_at_100": 0.82,
    "recall_at_200": 0.95077,
    "recall_at_300": 0.98154,
    "recall_at_500": 0.99538,
    "recall_at_1000": 0.99846,
    "precision_at_1": 0.4,
    "precision_at_3": 0.31795,
    "precision_at_5": 0.26462,
    "precision_at_10": 0.21538,
    "precision_at_20": 0.16077,
    "precision_at_100": 0.082,
    "precision_at_200": 0.04754,
    "precision_at_300": 0.03272,
    "precision_at_500": 0.01991,
    "precision_at_1000": 0.00998,
    "mrr_at_1": 0.4,
    "mrr_at_3": 0.49744,
    "mrr_at_5": 0.51282,
    "mrr_at_10": 0.52553,
    "mrr_at_20": 0.53507,
    "mrr_at_100": 0.53725,
    "mrr_at_200": 0.53725,
    "mrr_at_300": 0.53725,
    "mrr_at_500": 0.53725,
    "mrr_at_1000": 0.53725,
    "rc_at_1": {
        "relevant": 0.4,
        "distractor": 0.6
    },
    "rc_at_3": {
        "relevant": 0.95385,
        "distractor": 2.04615
    },
    "rc_at_5": {
        "relevant": 1.32308,
        "distractor": 3.66154
    },
    "rc_at_10": {
        "relevant": 2.15385,
        "distractor": 7.81538
    },
    "rc_at_20": {
        "relevant": 3.21538,
        "distractor": 16.63077
    },
    "rc_at_100": {
        "relevant": 8.2,
        "distractor": 84.13846
    },
    "rc_at_200": {
        "relevant": 9.50769,
        "distractor": 95.53846
    },
    "rc_at_300": {
        "relevant": 9.81538,
        "distractor": 96.72308
    },
    "rc_at_500": {
        "relevant": 9.95385,
        "distractor": 97.38462
    },
    "rc_at_1000": {
        "relevant": 9.98462,
        "distractor": 98.21538
    }
}