{
    "ndcg_at_1": 0.4,
    "ndcg_at_3": 0.33657,
    "ndcg_at_5": 0.29558,
    "ndcg_at_10": 0.25041,
    "ndcg_at_20": 0.30956,
    "ndcg_at_100": 0.51279,
    "ndcg_at_200": 0.55915,
    "ndcg_at_300": 0.56088,
    "ndcg_at_500": 0.56088,
    "ndcg_at_1000": 0.56088,
    "map_at_1": 0.04,
    "map_at_3": 0.08,
    "map_at_5": 0.10208,
    "map_at_10": 0.13827,
    "map_at_20": 0.1704,
    "map_at_100": 0.23085,
    "map_at_200": 0.2421,
    "map_at_300": 0.24236,
    "map_at_500": 0.24236,
    "map_at_1000": 0.24236,
    "recall_at_1": 0.04,
    "recall_at_3": 0.09538,
    "recall_at_5": 0.13231,
    "recall_at_10": 0.21538,
    "recall_at_20": 0.32154,
    "recall_at_100": 0.85077,
    "recall_at_200": 0.99385,
    "recall_at_300": 1.0,
    "recall_at_500": 1.0,
    "recall_at_1000": 1.0,
    "precision_at_1": 0.4,
    "precision_at_3": 0.31795,
    "precision_at_5": 0.26462,
    "precision_at_10": 0.21538,
    "precision_at_20": 0.16077,
    "precision_at_100": 0.08508,
    "precision_at_200": 0.04969,
    "precision_at_300": 0.03333,
    "precision_at_500": 0.02,
    "precision_at_1000": 0.01,
    "mrr_at_1": 0.4,
    "mrr_at_3": 0.49744,
    "mrr_at_5": 0.51282,
    "mrr_at_10": 0.52553,
    "mrr_at_20": 0.53507,
    "mrr_at_100": 0.53727,
    "mrr_at_200": 0.53727,
    "mrr_at_300": 0.53727,
    "mrr_at_500": 0.53727,
    "mrr_at_1000": 0.53727,
    "rc_at_1": {
        "relevant": 0.4,
        "distractor": 0.6
    },
    "rc_at_3": {
        "relevant": 0.95385,
        "distractor": 2.04615
    },
    "rc_at_5": {
        "relevant": 1.32308,
        "distractor": 3.66154
    },
    "rc_at_10": {
        "relevant": 2.15385,
        "distractor": 7.81538
    },
    "rc_at_20": {
        "relevant": 3.21538,
        "distractor": 16.70769
    },
    "rc_at_100": {
        "relevant": 8.50769,
        "distractor": 88.63077
    },
    "rc_at_200": {
        "relevant": 9.93846,
        "distractor": 98.33846
    },
    "rc_at_300": {
        "relevant": 10.0,
        "distractor": 98.84615
    },
    "rc_at_500": {
        "relevant": 10.0,
        "distractor": 99.32308
    },
    "rc_at_1000": {
        "relevant": 10.0,
        "distractor": 99.73846
    }
}