{
    "ndcg_at_1": 0.13242,
    "ndcg_at_3": 0.15467,
    "ndcg_at_5": 0.16563,
    "ndcg_at_10": 0.18513,
    "ndcg_at_20": 0.20461,
    "ndcg_at_100": 0.23588,
    "ndcg_at_200": 0.24594,
    "ndcg_at_300": 0.251,
    "ndcg_at_500": 0.25804,
    "ndcg_at_1000": 0.26682,
    "map_at_1": 0.10817,
    "map_at_3": 0.13676,
    "map_at_5": 0.14407,
    "map_at_10": 0.15276,
    "map_at_20": 0.15832,
    "map_at_100": 0.16282,
    "map_at_200": 0.16343,
    "map_at_300": 0.16362,
    "map_at_500": 0.1638,
    "map_at_1000": 0.16395,
    "recall_at_1": 0.10817,
    "recall_at_3": 0.17054,
    "recall_at_5": 0.19771,
    "recall_at_10": 0.25645,
    "recall_at_20": 0.32635,
    "recall_at_100": 0.4827,
    "recall_at_200": 0.54604,
    "recall_at_300": 0.58198,
    "recall_at_500": 0.63515,
    "recall_at_1000": 0.70773,
    "precision_at_1": 0.13242,
    "precision_at_3": 0.07306,
    "precision_at_5": 0.05297,
    "precision_at_10": 0.03459,
    "precision_at_20": 0.02289,
    "precision_at_100": 0.00711,
    "precision_at_200": 0.00413,
    "precision_at_300": 0.00297,
    "precision_at_500": 0.00198,
    "precision_at_1000": 0.00113,
    "mrr_at_1": 0.13242,
    "mrr_at_3": 0.16476,
    "mrr_at_5": 0.17184,
    "mrr_at_10": 0.18132,
    "mrr_at_20": 0.18718,
    "mrr_at_100": 0.19113,
    "mrr_at_200": 0.19164,
    "mrr_at_300": 0.19179,
    "mrr_at_500": 0.19192,
    "mrr_at_1000": 0.19201
}