{
    "ndcg_at_1": 0.17662,
    "ndcg_at_3": 0.20978,
    "ndcg_at_5": 0.23168,
    "ndcg_at_10": 0.25808,
    "ndcg_at_20": 0.27942,
    "ndcg_at_100": 0.31659,
    "ndcg_at_200": 0.32558,
    "ndcg_at_300": 0.33178,
    "ndcg_at_500": 0.33641,
    "ndcg_at_1000": 0.34604,
    "map_at_1": 0.13794,
    "map_at_3": 0.18402,
    "map_at_5": 0.19728,
    "map_at_10": 0.20917,
    "map_at_20": 0.21539,
    "map_at_100": 0.22097,
    "map_at_200": 0.22155,
    "map_at_300": 0.22182,
    "map_at_500": 0.22197,
    "map_at_1000": 0.22213,
    "recall_at_1": 0.13794,
    "recall_at_3": 0.23705,
    "recall_at_5": 0.29094,
    "recall_at_10": 0.36786,
    "recall_at_20": 0.44435,
    "recall_at_100": 0.62697,
    "recall_at_200": 0.68235,
    "recall_at_300": 0.72496,
    "recall_at_500": 0.75851,
    "recall_at_1000": 0.83932,
    "precision_at_1": 0.17662,
    "precision_at_3": 0.10199,
    "precision_at_5": 0.07612,
    "precision_at_10": 0.04925,
    "precision_at_20": 0.03078,
    "precision_at_100": 0.00907,
    "precision_at_200": 0.00504,
    "precision_at_300": 0.00364,
    "precision_at_500": 0.00232,
    "precision_at_1000": 0.00131,
    "mrr_at_1": 0.17662,
    "mrr_at_3": 0.22575,
    "mrr_at_5": 0.24049,
    "mrr_at_10": 0.25243,
    "mrr_at_20": 0.25795,
    "mrr_at_100": 0.26238,
    "mrr_at_200": 0.26272,
    "mrr_at_300": 0.26285,
    "mrr_at_500": 0.26292,
    "mrr_at_1000": 0.26302
}