{
    "ndcg_at_1": 0.3667,
    "ndcg_at_3": 0.40304,
    "ndcg_at_5": 0.42984,
    "ndcg_at_10": 0.45604,
    "ndcg_at_20": 0.47661,
    "ndcg_at_100": 0.50979,
    "ndcg_at_200": 0.51832,
    "ndcg_at_300": 0.52138,
    "ndcg_at_500": 0.52541,
    "ndcg_at_1000": 0.53121,
    "map_at_1": 0.29764,
    "map_at_3": 0.36344,
    "map_at_5": 0.38275,
    "map_at_10": 0.39638,
    "map_at_20": 0.40354,
    "map_at_100": 0.40949,
    "map_at_200": 0.41009,
    "map_at_300": 0.41024,
    "map_at_500": 0.41039,
    "map_at_1000": 0.41053,
    "recall_at_1": 0.29764,
    "recall_at_3": 0.42835,
    "recall_at_5": 0.49816,
    "recall_at_10": 0.57778,
    "recall_at_20": 0.64804,
    "recall_at_100": 0.80219,
    "recall_at_200": 0.85457,
    "recall_at_300": 0.87359,
    "recall_at_500": 0.90139,
    "recall_at_1000": 0.94657,
    "precision_at_1": 0.3667,
    "precision_at_3": 0.18832,
    "precision_at_5": 0.13532,
    "precision_at_10": 0.08142,
    "precision_at_20": 0.04779,
    "precision_at_100": 0.01276,
    "precision_at_200": 0.00694,
    "precision_at_300": 0.00482,
    "precision_at_500": 0.00306,
    "precision_at_1000": 0.00164,
    "mrr_at_1": 0.3667,
    "mrr_at_3": 0.42685,
    "mrr_at_5": 0.44447,
    "mrr_at_10": 0.45467,
    "mrr_at_20": 0.45938,
    "mrr_at_100": 0.46268,
    "mrr_at_200": 0.46299,
    "mrr_at_300": 0.46304,
    "mrr_at_500": 0.4631,
    "mrr_at_1000": 0.46315
}