{
    "ndcg_at_1": 0.475,
    "ndcg_at_3": 0.38534,
    "ndcg_at_5": 0.36245,
    "ndcg_at_10": 0.33347,
    "ndcg_at_20": 0.31849,
    "ndcg_at_100": 0.35187,
    "ndcg_at_200": 0.37535,
    "ndcg_at_300": 0.38912,
    "ndcg_at_500": 0.4047,
    "ndcg_at_1000": 0.42317,
    "map_at_1": 0.0658,
    "map_at_3": 0.10198,
    "map_at_5": 0.11935,
    "map_at_10": 0.13782,
    "map_at_20": 0.15375,
    "map_at_100": 0.18021,
    "map_at_200": 0.18608,
    "map_at_300": 0.18849,
    "map_at_500": 0.19076,
    "map_at_1000": 0.19275,
    "recall_at_1": 0.0658,
    "recall_at_3": 0.11567,
    "recall_at_5": 0.14847,
    "recall_at_10": 0.1886,
    "recall_at_20": 0.23636,
    "recall_at_100": 0.37745,
    "recall_at_200": 0.44562,
    "recall_at_300": 0.49009,
    "recall_at_500": 0.54066,
    "recall_at_1000": 0.6084,
    "precision_at_1": 0.5725,
    "precision_at_3": 0.40333,
    "precision_at_5": 0.3415,
    "precision_at_10": 0.2525,
    "precision_at_20": 0.18062,
    "precision_at_100": 0.07693,
    "precision_at_200": 0.05013,
    "precision_at_300": 0.0386,
    "precision_at_500": 0.02738,
    "precision_at_1000": 0.01683,
    "mrr_at_1": 0.5725,
    "mrr_at_3": 0.63792,
    "mrr_at_5": 0.65229,
    "mrr_at_10": 0.66206,
    "mrr_at_20": 0.66398,
    "mrr_at_100": 0.66537,
    "mrr_at_200": 0.66558,
    "mrr_at_300": 0.66561,
    "mrr_at_500": 0.66563,
    "mrr_at_1000": 0.66564
}