{
    "ndcg_at_1": 0.43827,
    "ndcg_at_3": 0.40493,
    "ndcg_at_5": 0.41405,
    "ndcg_at_10": 0.43939,
    "ndcg_at_20": 0.46794,
    "ndcg_at_100": 0.5081,
    "ndcg_at_200": 0.5194,
    "ndcg_at_300": 0.52421,
    "ndcg_at_500": 0.53063,
    "ndcg_at_1000": 0.53621,
    "map_at_1": 0.22426,
    "map_at_3": 0.31767,
    "map_at_5": 0.34168,
    "map_at_10": 0.36114,
    "map_at_20": 0.37275,
    "map_at_100": 0.38184,
    "map_at_200": 0.38283,
    "map_at_300": 0.38309,
    "map_at_500": 0.38335,
    "map_at_1000": 0.3835,
    "recall_at_1": 0.22426,
    "recall_at_3": 0.36377,
    "recall_at_5": 0.4239,
    "recall_at_10": 0.50536,
    "recall_at_20": 0.59039,
    "recall_at_100": 0.7505,
    "recall_at_200": 0.81057,
    "recall_at_300": 0.83965,
    "recall_at_500": 0.8825,
    "recall_at_1000": 0.92202,
    "precision_at_1": 0.43827,
    "precision_at_3": 0.268,
    "precision_at_5": 0.19475,
    "precision_at_10": 0.12052,
    "precision_at_20": 0.07292,
    "precision_at_100": 0.01932,
    "precision_at_200": 0.01053,
    "precision_at_300": 0.00728,
    "precision_at_500": 0.0046,
    "precision_at_1000": 0.00241,
    "mrr_at_1": 0.43827,
    "mrr_at_3": 0.49691,
    "mrr_at_5": 0.51011,
    "mrr_at_10": 0.52081,
    "mrr_at_20": 0.52599,
    "mrr_at_100": 0.52851,
    "mrr_at_200": 0.52879,
    "mrr_at_300": 0.52887,
    "mrr_at_500": 0.52892,
    "mrr_at_1000": 0.52895
}