{
    "ndcg_at_1": 0.193,
    "ndcg_at_3": 0.15866,
    "ndcg_at_5": 0.13756,
    "ndcg_at_10": 0.16462,
    "ndcg_at_20": 0.18998,
    "ndcg_at_100": 0.23585,
    "ndcg_at_200": 0.25154,
    "ndcg_at_300": 0.26061,
    "ndcg_at_500": 0.27113,
    "ndcg_at_1000": 0.28493,
    "map_at_1": 0.03938,
    "map_at_3": 0.07033,
    "map_at_5": 0.08209,
    "map_at_10": 0.09412,
    "map_at_20": 0.10256,
    "map_at_100": 0.11139,
    "map_at_200": 0.11267,
    "map_at_300": 0.11319,
    "map_at_500": 0.11361,
    "map_at_1000": 0.11395,
    "recall_at_1": 0.03938,
    "recall_at_3": 0.09087,
    "recall_at_5": 0.12207,
    "recall_at_10": 0.17157,
    "recall_at_20": 0.23135,
    "recall_at_100": 0.38053,
    "recall_at_200": 0.44732,
    "recall_at_300": 0.49002,
    "recall_at_500": 0.54353,
    "recall_at_1000": 0.62108,
    "precision_at_1": 0.193,
    "precision_at_3": 0.14867,
    "precision_at_5": 0.1202,
    "precision_at_10": 0.0846,
    "precision_at_20": 0.05705,
    "precision_at_100": 0.01876,
    "precision_at_200": 0.01102,
    "precision_at_300": 0.00805,
    "precision_at_500": 0.00536,
    "precision_at_1000": 0.00306,
    "mrr_at_1": 0.193,
    "mrr_at_3": 0.26167,
    "mrr_at_5": 0.27852,
    "mrr_at_10": 0.29342,
    "mrr_at_20": 0.30024,
    "mrr_at_100": 0.3045,
    "mrr_at_200": 0.30484,
    "mrr_at_300": 0.30496,
    "mrr_at_500": 0.30505,
    "mrr_at_1000": 0.30511
}