{
    "ndcg_at_1": 0.052,
    "ndcg_at_3": 0.03921,
    "ndcg_at_5": 0.03362,
    "ndcg_at_10": 0.0431,
    "ndcg_at_20": 0.0516,
    "ndcg_at_100": 0.07524,
    "ndcg_at_200": 0.08668,
    "ndcg_at_300": 0.09474,
    "ndcg_at_500": 0.10673,
    "ndcg_at_1000": 0.12411,
    "map_at_1": 0.0106,
    "map_at_3": 0.0163,
    "map_at_5": 0.01832,
    "map_at_10": 0.02127,
    "map_at_20": 0.02326,
    "map_at_100": 0.02627,
    "map_at_200": 0.02691,
    "map_at_300": 0.02724,
    "map_at_500": 0.02759,
    "map_at_1000": 0.02792,
    "recall_at_1": 0.0106,
    "recall_at_3": 0.02178,
    "recall_at_5": 0.02913,
    "recall_at_10": 0.04678,
    "recall_at_20": 0.06693,
    "recall_at_100": 0.14522,
    "recall_at_200": 0.19397,
    "recall_at_300": 0.23202,
    "recall_at_500": 0.29297,
    "recall_at_1000": 0.39123,
    "precision_at_1": 0.052,
    "precision_at_3": 0.03567,
    "precision_at_5": 0.0286,
    "precision_at_10": 0.023,
    "precision_at_20": 0.0165,
    "precision_at_100": 0.00716,
    "precision_at_200": 0.00478,
    "precision_at_300": 0.00381,
    "precision_at_500": 0.00289,
    "precision_at_1000": 0.00193,
    "mrr_at_1": 0.053,
    "mrr_at_3": 0.07333,
    "mrr_at_5": 0.07988,
    "mrr_at_10": 0.08834,
    "mrr_at_20": 0.09298,
    "mrr_at_100": 0.09745,
    "mrr_at_200": 0.09829,
    "mrr_at_300": 0.09856,
    "mrr_at_500": 0.09881,
    "mrr_at_1000": 0.09895
}