{
    "ndcg_at_1": 0.14108,
    "ndcg_at_3": 0.19042,
    "ndcg_at_5": 0.21384,
    "ndcg_at_10": 0.23583,
    "ndcg_at_20": 0.25391,
    "ndcg_at_100": 0.28128,
    "ndcg_at_200": 0.29071,
    "ndcg_at_300": 0.29556,
    "ndcg_at_500": 0.30019,
    "ndcg_at_1000": 0.30658,
    "map_at_1": 0.12621,
    "map_at_3": 0.17225,
    "map_at_5": 0.1856,
    "map_at_10": 0.195,
    "map_at_20": 0.20011,
    "map_at_100": 0.20405,
    "map_at_200": 0.20457,
    "map_at_300": 0.20475,
    "map_at_500": 0.20486,
    "map_at_1000": 0.20496,
    "recall_at_1": 0.12621,
    "recall_at_3": 0.22661,
    "recall_at_5": 0.28083,
    "recall_at_10": 0.34536,
    "recall_at_20": 0.41391,
    "recall_at_100": 0.5548,
    "recall_at_200": 0.61826,
    "recall_at_300": 0.65464,
    "recall_at_500": 0.69168,
    "recall_at_1000": 0.74911,
    "precision_at_1": 0.14108,
    "precision_at_3": 0.08662,
    "precision_at_5": 0.06518,
    "precision_at_10": 0.04053,
    "precision_at_20": 0.02441,
    "precision_at_100": 0.00665,
    "precision_at_200": 0.00372,
    "precision_at_300": 0.00263,
    "precision_at_500": 0.00168,
    "precision_at_1000": 0.00091,
    "mrr_at_1": 0.14137,
    "mrr_at_3": 0.18897,
    "mrr_at_5": 0.20217,
    "mrr_at_10": 0.21126,
    "mrr_at_20": 0.21615,
    "mrr_at_100": 0.21968,
    "mrr_at_200": 0.22015,
    "mrr_at_300": 0.2203,
    "mrr_at_500": 0.2204,
    "mrr_at_1000": 0.22047
}