{
    "ndcg_at_1": 0.4429,
    "ndcg_at_3": 0.40292,
    "ndcg_at_5": 0.41056,
    "ndcg_at_10": 0.43343,
    "ndcg_at_20": 0.45962,
    "ndcg_at_100": 0.50359,
    "ndcg_at_200": 0.51684,
    "ndcg_at_300": 0.52155,
    "ndcg_at_500": 0.52678,
    "ndcg_at_1000": 0.53211,
    "map_at_1": 0.21679,
    "map_at_3": 0.30996,
    "map_at_5": 0.33448,
    "map_at_10": 0.35378,
    "map_at_20": 0.36443,
    "map_at_100": 0.374,
    "map_at_200": 0.37511,
    "map_at_300": 0.37541,
    "map_at_500": 0.37563,
    "map_at_1000": 0.37577,
    "recall_at_1": 0.21679,
    "recall_at_3": 0.35539,
    "recall_at_5": 0.41666,
    "recall_at_10": 0.49395,
    "recall_at_20": 0.57608,
    "recall_at_100": 0.75372,
    "recall_at_200": 0.82663,
    "recall_at_300": 0.85386,
    "recall_at_500": 0.88931,
    "recall_at_1000": 0.92715,
    "precision_at_1": 0.4429,
    "precision_at_3": 0.27572,
    "precision_at_5": 0.19846,
    "precision_at_10": 0.1213,
    "precision_at_20": 0.07168,
    "precision_at_100": 0.01949,
    "precision_at_200": 0.01073,
    "precision_at_300": 0.00745,
    "precision_at_500": 0.00465,
    "precision_at_1000": 0.00243,
    "mrr_at_1": 0.4429,
    "mrr_at_3": 0.50231,
    "mrr_at_5": 0.51489,
    "mrr_at_10": 0.52363,
    "mrr_at_20": 0.52812,
    "mrr_at_100": 0.53104,
    "mrr_at_200": 0.53135,
    "mrr_at_300": 0.53139,
    "mrr_at_500": 0.53144,
    "mrr_at_1000": 0.53146
}