{
    "ndcg_at_1": 0.28638,
    "ndcg_at_3": 0.34491,
    "ndcg_at_5": 0.37557,
    "ndcg_at_10": 0.40468,
    "ndcg_at_20": 0.42645,
    "ndcg_at_100": 0.45989,
    "ndcg_at_200": 0.4698,
    "ndcg_at_300": 0.47418,
    "ndcg_at_500": 0.47834,
    "ndcg_at_1000": 0.48312,
    "map_at_1": 0.2451,
    "map_at_3": 0.31166,
    "map_at_5": 0.33203,
    "map_at_10": 0.346,
    "map_at_20": 0.35285,
    "map_at_100": 0.35835,
    "map_at_200": 0.35902,
    "map_at_300": 0.3592,
    "map_at_500": 0.35933,
    "map_at_1000": 0.35943,
    "recall_at_1": 0.2451,
    "recall_at_3": 0.38474,
    "recall_at_5": 0.46063,
    "recall_at_10": 0.54468,
    "recall_at_20": 0.62193,
    "recall_at_100": 0.78217,
    "recall_at_200": 0.84295,
    "recall_at_300": 0.87326,
    "recall_at_500": 0.90422,
    "recall_at_1000": 0.94201,
    "precision_at_1": 0.28638,
    "precision_at_3": 0.15858,
    "precision_at_5": 0.11698,
    "precision_at_10": 0.07146,
    "precision_at_20": 0.04212,
    "precision_at_100": 0.01111,
    "precision_at_200": 0.00612,
    "precision_at_300": 0.00428,
    "precision_at_500": 0.00268,
    "precision_at_1000": 0.00143,
    "mrr_at_1": 0.28638,
    "mrr_at_3": 0.35339,
    "mrr_at_5": 0.37149,
    "mrr_at_10": 0.38302,
    "mrr_at_20": 0.3884,
    "mrr_at_100": 0.3923,
    "mrr_at_200": 0.39268,
    "mrr_at_300": 0.3928,
    "mrr_at_500": 0.39286,
    "mrr_at_1000": 0.3929
}