{
    "ndcg_at_1": 0.4,
    "ndcg_at_3": 0.31852,
    "ndcg_at_5": 0.27511,
    "ndcg_at_10": 0.22171,
    "ndcg_at_20": 0.27543,
    "ndcg_at_100": 0.37354,
    "ndcg_at_200": 0.40193,
    "ndcg_at_300": 0.41262,
    "ndcg_at_500": 0.42646,
    "ndcg_at_1000": 0.43916,
    "map_at_1": 0.04,
    "map_at_3": 0.07615,
    "map_at_5": 0.09269,
    "map_at_10": 0.11765,
    "map_at_20": 0.14508,
    "map_at_100": 0.17026,
    "map_at_200": 0.17429,
    "map_at_300": 0.17537,
    "map_at_500": 0.17634,
    "map_at_1000": 0.17695,
    "recall_at_1": 0.04,
    "recall_at_3": 0.08769,
    "recall_at_5": 0.12,
    "recall_at_10": 0.18154,
    "recall_at_20": 0.27846,
    "recall_at_100": 0.52923,
    "recall_at_200": 0.62154,
    "recall_at_300": 0.66,
    "recall_at_500": 0.71385,
    "recall_at_1000": 0.76769,
    "precision_at_1": 0.4,
    "precision_at_3": 0.29231,
    "precision_at_5": 0.24,
    "precision_at_10": 0.18154,
    "precision_at_20": 0.13923,
    "precision_at_100": 0.05292,
    "precision_at_200": 0.03108,
    "precision_at_300": 0.022,
    "precision_at_500": 0.01428,
    "precision_at_1000": 0.00768,
    "mrr_at_1": 0.4,
    "mrr_at_3": 0.47436,
    "mrr_at_5": 0.4959,
    "mrr_at_10": 0.50801,
    "mrr_at_20": 0.51406,
    "mrr_at_100": 0.51893,
    "mrr_at_200": 0.51893,
    "mrr_at_300": 0.51893,
    "mrr_at_500": 0.51893,
    "mrr_at_1000": 0.51893,
    "rc_at_1": {
        "relevant": 0.4,
        "distractor": 0.58462
    },
    "rc_at_3": {
        "relevant": 0.87692,
        "distractor": 1.96923
    },
    "rc_at_5": {
        "relevant": 1.2,
        "distractor": 3.41538
    },
    "rc_at_10": {
        "relevant": 1.81538,
        "distractor": 7.07692
    },
    "rc_at_20": {
        "relevant": 2.78462,
        "distractor": 13.67692
    },
    "rc_at_100": {
        "relevant": 5.29231,
        "distractor": 43.72308
    },
    "rc_at_200": {
        "relevant": 6.21538,
        "distractor": 55.72308
    },
    "rc_at_300": {
        "relevant": 6.6,
        "distractor": 61.4
    },
    "rc_at_500": {
        "relevant": 7.13846,
        "distractor": 67.18462
    },
    "rc_at_1000": {
        "relevant": 7.67692,
        "distractor": 74.72308
    }
}