{
    "ndcg_at_1": 0.4,
    "ndcg_at_3": 0.33296,
    "ndcg_at_5": 0.28733,
    "ndcg_at_10": 0.23452,
    "ndcg_at_20": 0.30349,
    "ndcg_at_100": 0.49558,
    "ndcg_at_200": 0.53802,
    "ndcg_at_300": 0.54571,
    "ndcg_at_500": 0.54963,
    "ndcg_at_1000": 0.55074,
    "map_at_1": 0.04,
    "map_at_3": 0.07923,
    "map_at_5": 0.09731,
    "map_at_10": 0.12655,
    "map_at_20": 0.16146,
    "map_at_100": 0.21896,
    "map_at_200": 0.2288,
    "map_at_300": 0.22978,
    "map_at_500": 0.23012,
    "map_at_1000": 0.2302,
    "recall_at_1": 0.04,
    "recall_at_3": 0.09385,
    "recall_at_5": 0.12769,
    "recall_at_10": 0.19538,
    "recall_at_20": 0.32,
    "recall_at_100": 0.81846,
    "recall_at_200": 0.95077,
    "recall_at_300": 0.97846,
    "recall_at_500": 0.99385,
    "recall_at_1000": 0.99846,
    "precision_at_1": 0.4,
    "precision_at_3": 0.31282,
    "precision_at_5": 0.25538,
    "precision_at_10": 0.19538,
    "precision_at_20": 0.16,
    "precision_at_100": 0.08185,
    "precision_at_200": 0.04754,
    "precision_at_300": 0.03262,
    "precision_at_500": 0.01988,
    "precision_at_1000": 0.00998,
    "mrr_at_1": 0.4,
    "mrr_at_3": 0.48974,
    "mrr_at_5": 0.50667,
    "mrr_at_10": 0.51895,
    "mrr_at_20": 0.52659,
    "mrr_at_100": 0.5298,
    "mrr_at_200": 0.5298,
    "mrr_at_300": 0.5298,
    "mrr_at_500": 0.5298,
    "mrr_at_1000": 0.5298,
    "rc_at_1": {
        "relevant": 0.4,
        "distractor": 0.6
    },
    "rc_at_3": {
        "relevant": 0.93846,
        "distractor": 2.06154
    },
    "rc_at_5": {
        "relevant": 1.27692,
        "distractor": 3.70769
    },
    "rc_at_10": {
        "relevant": 1.95385,
        "distractor": 8.0
    },
    "rc_at_20": {
        "relevant": 3.2,
        "distractor": 16.70769
    },
    "rc_at_100": {
        "relevant": 8.18462,
        "distractor": 84.26154
    },
    "rc_at_200": {
        "relevant": 9.50769,
        "distractor": 95.41538
    },
    "rc_at_300": {
        "relevant": 9.78462,
        "distractor": 96.43077
    },
    "rc_at_500": {
        "relevant": 9.93846,
        "distractor": 97.43077
    },
    "rc_at_1000": {
        "relevant": 9.98462,
        "distractor": 98.24615
    }
}