{
    "ndcg_at_1": 0.2332,
    "ndcg_at_3": 0.30898,
    "ndcg_at_5": 0.33505,
    "ndcg_at_10": 0.37114,
    "ndcg_at_20": 0.39613,
    "ndcg_at_100": 0.43589,
    "ndcg_at_200": 0.4437,
    "ndcg_at_300": 0.44866,
    "ndcg_at_500": 0.45329,
    "ndcg_at_1000": 0.45853,
    "map_at_1": 0.19657,
    "map_at_3": 0.26666,
    "map_at_5": 0.28419,
    "map_at_10": 0.30193,
    "map_at_20": 0.31085,
    "map_at_100": 0.31952,
    "map_at_200": 0.32053,
    "map_at_300": 0.32095,
    "map_at_500": 0.32127,
    "map_at_1000": 0.32151,
    "recall_at_1": 0.19657,
    "recall_at_3": 0.34921,
    "recall_at_5": 0.41405,
    "recall_at_10": 0.52114,
    "recall_at_20": 0.61616,
    "recall_at_100": 0.8062,
    "recall_at_200": 0.84899,
    "recall_at_300": 0.87937,
    "recall_at_500": 0.90956,
    "recall_at_1000": 0.94744,
    "precision_at_1": 0.2332,
    "precision_at_3": 0.14954,
    "precision_at_5": 0.11383,
    "precision_at_10": 0.07727,
    "precision_at_20": 0.04921,
    "precision_at_100": 0.01565,
    "precision_at_200": 0.00908,
    "precision_at_300": 0.00661,
    "precision_at_500": 0.00435,
    "precision_at_1000": 0.0024,
    "mrr_at_1": 0.2332,
    "mrr_at_3": 0.31028,
    "mrr_at_5": 0.32619,
    "mrr_at_10": 0.34124,
    "mrr_at_20": 0.3483,
    "mrr_at_100": 0.3523,
    "mrr_at_200": 0.35254,
    "mrr_at_300": 0.35264,
    "mrr_at_500": 0.35272,
    "mrr_at_1000": 0.35277
}