{
    "ndcg_at_1": 0.06154,
    "ndcg_at_3": 0.0416,
    "ndcg_at_5": 0.04557,
    "ndcg_at_10": 0.03179,
    "ndcg_at_20": 0.03765,
    "ndcg_at_100": 0.04571,
    "ndcg_at_200": 0.0496,
    "ndcg_at_300": 0.05436,
    "ndcg_at_500": 0.05716,
    "ndcg_at_1000": 0.06361,
    "map_at_1": 0.00615,
    "map_at_3": 0.00897,
    "map_at_5": 0.01267,
    "map_at_10": 0.01386,
    "map_at_20": 0.01524,
    "map_at_100": 0.01607,
    "map_at_200": 0.01633,
    "map_at_300": 0.01649,
    "map_at_500": 0.01658,
    "map_at_1000": 0.01673,
    "recall_at_1": 0.00615,
    "recall_at_3": 0.01077,
    "recall_at_5": 0.02154,
    "recall_at_10": 0.02462,
    "recall_at_20": 0.03538,
    "recall_at_100": 0.05538,
    "recall_at_200": 0.06769,
    "recall_at_300": 0.08462,
    "recall_at_500": 0.09538,
    "recall_at_1000": 0.12308,
    "precision_at_1": 0.06154,
    "precision_at_3": 0.0359,
    "precision_at_5": 0.04308,
    "precision_at_10": 0.02462,
    "precision_at_20": 0.01769,
    "precision_at_100": 0.00554,
    "precision_at_200": 0.00338,
    "precision_at_300": 0.00282,
    "precision_at_500": 0.00191,
    "precision_at_1000": 0.00123,
    "mrr_at_1": 0.09231,
    "mrr_at_3": 0.11026,
    "mrr_at_5": 0.11795,
    "mrr_at_10": 0.12361,
    "mrr_at_20": 0.12777,
    "mrr_at_100": 0.13054,
    "mrr_at_200": 0.13091,
    "mrr_at_300": 0.13109,
    "mrr_at_500": 0.13132,
    "mrr_at_1000": 0.13132,
    "rc_at_1": {
        "relevant": 0.09231,
        "distractor": 0.24615
    },
    "rc_at_3": {
        "relevant": 0.15385,
        "distractor": 0.64615
    },
    "rc_at_5": {
        "relevant": 0.23077,
        "distractor": 0.8
    },
    "rc_at_10": {
        "relevant": 0.30769,
        "distractor": 1.46154
    },
    "rc_at_20": {
        "relevant": 0.41538,
        "distractor": 2.30769
    },
    "rc_at_100": {
        "relevant": 0.61538,
        "distractor": 4.90769
    },
    "rc_at_200": {
        "relevant": 0.8,
        "distractor": 6.50769
    },
    "rc_at_300": {
        "relevant": 0.89231,
        "distractor": 7.81538
    },
    "rc_at_500": {
        "relevant": 1.12308,
        "distractor": 9.66154
    },
    "rc_at_1000": {
        "relevant": 1.23077,
        "distractor": 11.4
    }
}