{
    "ndcg_at_1": 0.03077,
    "ndcg_at_3": 0.02527,
    "ndcg_at_5": 0.01826,
    "ndcg_at_10": 0.01389,
    "ndcg_at_20": 0.01994,
    "ndcg_at_100": 0.02287,
    "ndcg_at_200": 0.02614,
    "ndcg_at_300": 0.02614,
    "ndcg_at_500": 0.02852,
    "ndcg_at_1000": 0.03031,
    "map_at_1": 0.00308,
    "map_at_3": 0.00513,
    "map_at_5": 0.00513,
    "map_at_10": 0.00581,
    "map_at_20": 0.00712,
    "map_at_100": 0.00736,
    "map_at_200": 0.00748,
    "map_at_300": 0.00748,
    "map_at_500": 0.00753,
    "map_at_1000": 0.00754,
    "recall_at_1": 0.00308,
    "recall_at_3": 0.00769,
    "recall_at_5": 0.00769,
    "recall_at_10": 0.01077,
    "recall_at_20": 0.02154,
    "recall_at_100": 0.02923,
    "recall_at_200": 0.04,
    "recall_at_300": 0.04,
    "recall_at_500": 0.04923,
    "recall_at_1000": 0.05692,
    "precision_at_1": 0.03077,
    "precision_at_3": 0.02564,
    "precision_at_5": 0.01538,
    "precision_at_10": 0.01077,
    "precision_at_20": 0.01077,
    "precision_at_100": 0.00292,
    "precision_at_200": 0.002,
    "precision_at_300": 0.00133,
    "precision_at_500": 0.00098,
    "precision_at_1000": 0.00057,
    "mrr_at_1": 0.04615,
    "mrr_at_3": 0.05897,
    "mrr_at_5": 0.06974,
    "mrr_at_10": 0.07167,
    "mrr_at_20": 0.07388,
    "mrr_at_100": 0.07512,
    "mrr_at_200": 0.07535,
    "mrr_at_300": 0.07541,
    "mrr_at_500": 0.07554,
    "mrr_at_1000": 0.07556,
    "rc_at_1": {
        "relevant": 0.04615,
        "distractor": 0.07692
    },
    "rc_at_3": {
        "relevant": 0.09231,
        "distractor": 0.21538
    },
    "rc_at_5": {
        "relevant": 0.13846,
        "distractor": 0.32308
    },
    "rc_at_10": {
        "relevant": 0.2,
        "distractor": 0.56923
    },
    "rc_at_20": {
        "relevant": 0.23077,
        "distractor": 0.84615
    },
    "rc_at_100": {
        "relevant": 0.4,
        "distractor": 1.93846
    },
    "rc_at_200": {
        "relevant": 0.43077,
        "distractor": 2.78462
    },
    "rc_at_300": {
        "relevant": 0.50769,
        "distractor": 3.2
    },
    "rc_at_500": {
        "relevant": 0.55385,
        "distractor": 4.04615
    },
    "rc_at_1000": {
        "relevant": 0.56923,
        "distractor": 4.70769
    }
}