{
    "ndcg_at_1": 0.34849,
    "ndcg_at_3": 0.45611,
    "ndcg_at_5": 0.50078,
    "ndcg_at_10": 0.53908,
    "ndcg_at_20": 0.55963,
    "ndcg_at_100": 0.58096,
    "ndcg_at_200": 0.58449,
    "ndcg_at_300": 0.58596,
    "ndcg_at_500": 0.5872,
    "ndcg_at_1000": 0.58806,
    "map_at_1": 0.3076,
    "map_at_3": 0.41639,
    "map_at_5": 0.44328,
    "map_at_10": 0.4607,
    "map_at_20": 0.46726,
    "map_at_100": 0.47085,
    "map_at_200": 0.47106,
    "map_at_300": 0.47111,
    "map_at_500": 0.47114,
    "map_at_1000": 0.47116,
    "recall_at_1": 0.3076,
    "recall_at_3": 0.53744,
    "recall_at_5": 0.64016,
    "recall_at_10": 0.75097,
    "recall_at_20": 0.82645,
    "recall_at_100": 0.932,
    "recall_at_200": 0.95575,
    "recall_at_300": 0.9669,
    "recall_at_500": 0.97687,
    "recall_at_1000": 0.9845,
    "precision_at_1": 0.34849,
    "precision_at_3": 0.2079,
    "precision_at_5": 0.15058,
    "precision_at_10": 0.08969,
    "precision_at_20": 0.04971,
    "precision_at_100": 0.0113,
    "precision_at_200": 0.0058,
    "precision_at_300": 0.00391,
    "precision_at_500": 0.00237,
    "precision_at_1000": 0.0012,
    "mrr_at_1": 0.35052,
    "mrr_at_3": 0.45162,
    "mrr_at_5": 0.47461,
    "mrr_at_10": 0.48879,
    "mrr_at_20": 0.4935,
    "mrr_at_100": 0.49607,
    "mrr_at_200": 0.49623,
    "mrr_at_300": 0.49627,
    "mrr_at_500": 0.49629,
    "mrr_at_1000": 0.4963
}