{
    "ndcg_at_1": 0.24615,
    "ndcg_at_3": 0.21616,
    "ndcg_at_5": 0.20897,
    "ndcg_at_10": 0.19121,
    "ndcg_at_20": 0.25425,
    "ndcg_at_100": 0.46322,
    "ndcg_at_200": 0.5038,
    "ndcg_at_300": 0.50983,
    "ndcg_at_500": 0.51177,
    "ndcg_at_1000": 0.51285,
    "map_at_1": 0.02462,
    "map_at_3": 0.04872,
    "map_at_5": 0.06518,
    "map_at_10": 0.09308,
    "map_at_20": 0.12191,
    "map_at_100": 0.18509,
    "map_at_200": 0.19425,
    "map_at_300": 0.19509,
    "map_at_500": 0.19526,
    "map_at_1000": 0.19533,
    "recall_at_1": 0.02462,
    "recall_at_3": 0.06308,
    "recall_at_5": 0.10154,
    "recall_at_10": 0.18154,
    "recall_at_20": 0.29538,
    "recall_at_100": 0.83385,
    "recall_at_200": 0.96154,
    "recall_at_300": 0.98308,
    "recall_at_500": 0.99077,
    "recall_at_1000": 0.99538,
    "precision_at_1": 0.24615,
    "precision_at_3": 0.21026,
    "precision_at_5": 0.20308,
    "precision_at_10": 0.18154,
    "precision_at_20": 0.14769,
    "precision_at_100": 0.08338,
    "precision_at_200": 0.04808,
    "precision_at_300": 0.03277,
    "precision_at_500": 0.01982,
    "precision_at_1000": 0.00995,
    "mrr_at_1": 0.24615,
    "mrr_at_3": 0.32821,
    "mrr_at_5": 0.35974,
    "mrr_at_10": 0.37817,
    "mrr_at_20": 0.38557,
    "mrr_at_100": 0.38973,
    "mrr_at_200": 0.38973,
    "mrr_at_300": 0.38973,
    "mrr_at_500": 0.38973,
    "mrr_at_1000": 0.38973,
    "rc_at_1": {
        "relevant": 0.24615,
        "distractor": 0.75385
    },
    "rc_at_3": {
        "relevant": 0.63077,
        "distractor": 2.36923
    },
    "rc_at_5": {
        "relevant": 1.01538,
        "distractor": 3.96923
    },
    "rc_at_10": {
        "relevant": 1.81538,
        "distractor": 8.13846
    },
    "rc_at_20": {
        "relevant": 2.95385,
        "distractor": 16.89231
    },
    "rc_at_100": {
        "relevant": 8.33846,
        "distractor": 82.61538
    },
    "rc_at_200": {
        "relevant": 9.61538,
        "distractor": 93.56923
    },
    "rc_at_300": {
        "relevant": 9.83077,
        "distractor": 95.41538
    },
    "rc_at_500": {
        "relevant": 9.90769,
        "distractor": 96.64615
    },
    "rc_at_1000": {
        "relevant": 9.95385,
        "distractor": 98.04615
    }
}