{
    "ndcg_at_1": 0.09057,
    "ndcg_at_3": 0.11549,
    "ndcg_at_5": 0.12616,
    "ndcg_at_10": 0.14558,
    "ndcg_at_20": 0.16452,
    "ndcg_at_100": 0.19724,
    "ndcg_at_200": 0.20798,
    "ndcg_at_300": 0.21428,
    "ndcg_at_500": 0.22065,
    "ndcg_at_1000": 0.22744,
    "map_at_1": 0.08145,
    "map_at_3": 0.10446,
    "map_at_5": 0.11063,
    "map_at_10": 0.11861,
    "map_at_20": 0.12395,
    "map_at_100": 0.12833,
    "map_at_200": 0.12895,
    "map_at_300": 0.12917,
    "map_at_500": 0.12934,
    "map_at_1000": 0.12945,
    "recall_at_1": 0.08145,
    "recall_at_3": 0.1366,
    "recall_at_5": 0.16254,
    "recall_at_10": 0.21999,
    "recall_at_20": 0.29036,
    "recall_at_100": 0.46281,
    "recall_at_200": 0.53465,
    "recall_at_300": 0.58175,
    "recall_at_500": 0.63292,
    "recall_at_1000": 0.691,
    "precision_at_1": 0.09057,
    "precision_at_3": 0.04991,
    "precision_at_5": 0.03623,
    "precision_at_10": 0.02514,
    "precision_at_20": 0.01728,
    "precision_at_100": 0.00566,
    "precision_at_200": 0.00333,
    "precision_at_300": 0.00243,
    "precision_at_500": 0.00162,
    "precision_at_1000": 0.00091,
    "mrr_at_1": 0.09057,
    "mrr_at_3": 0.11522,
    "mrr_at_5": 0.1215,
    "mrr_at_10": 0.13013,
    "mrr_at_20": 0.13545,
    "mrr_at_100": 0.1397,
    "mrr_at_200": 0.14022,
    "mrr_at_300": 0.14041,
    "mrr_at_500": 0.14055,
    "mrr_at_1000": 0.14062
}