{
    "ndcg_at_1": 0.35385,
    "ndcg_at_3": 0.29781,
    "ndcg_at_5": 0.27743,
    "ndcg_at_10": 0.22328,
    "ndcg_at_20": 0.28633,
    "ndcg_at_100": 0.48102,
    "ndcg_at_200": 0.52303,
    "ndcg_at_300": 0.53028,
    "ndcg_at_500": 0.53428,
    "ndcg_at_1000": 0.53683,
    "map_at_1": 0.03538,
    "map_at_3": 0.07282,
    "map_at_5": 0.0979,
    "map_at_10": 0.1237,
    "map_at_20": 0.15344,
    "map_at_100": 0.2108,
    "map_at_200": 0.22008,
    "map_at_300": 0.2211,
    "map_at_500": 0.22148,
    "map_at_1000": 0.22162,
    "recall_at_1": 0.03538,
    "recall_at_3": 0.08308,
    "recall_at_5": 0.12769,
    "recall_at_10": 0.18923,
    "recall_at_20": 0.30462,
    "recall_at_100": 0.80769,
    "recall_at_200": 0.94,
    "recall_at_300": 0.96615,
    "recall_at_500": 0.98154,
    "recall_at_1000": 0.99231,
    "precision_at_1": 0.35385,
    "precision_at_3": 0.27692,
    "precision_at_5": 0.25538,
    "precision_at_10": 0.18923,
    "precision_at_20": 0.15231,
    "precision_at_100": 0.08077,
    "precision_at_200": 0.047,
    "precision_at_300": 0.03221,
    "precision_at_500": 0.01963,
    "precision_at_1000": 0.00992,
    "mrr_at_1": 0.35385,
    "mrr_at_3": 0.42564,
    "mrr_at_5": 0.45026,
    "mrr_at_10": 0.46184,
    "mrr_at_20": 0.4739,
    "mrr_at_100": 0.47811,
    "mrr_at_200": 0.47811,
    "mrr_at_300": 0.47811,
    "mrr_at_500": 0.47811,
    "mrr_at_1000": 0.47811,
    "rc_at_1": {
        "relevant": 0.35385,
        "distractor": 0.64615
    },
    "rc_at_3": {
        "relevant": 0.83077,
        "distractor": 2.16923
    },
    "rc_at_5": {
        "relevant": 1.27692,
        "distractor": 3.72308
    },
    "rc_at_10": {
        "relevant": 1.89231,
        "distractor": 8.07692
    },
    "rc_at_20": {
        "relevant": 3.04615,
        "distractor": 16.83077
    },
    "rc_at_100": {
        "relevant": 8.07692,
        "distractor": 81.49231
    },
    "rc_at_200": {
        "relevant": 9.4,
        "distractor": 93.6
    },
    "rc_at_300": {
        "relevant": 9.66154,
        "distractor": 95.13846
    },
    "rc_at_500": {
        "relevant": 9.81538,
        "distractor": 96.43077
    },
    "rc_at_1000": {
        "relevant": 9.92308,
        "distractor": 97.38462
    }
}