{
    "ndcg_at_1": 0.32308,
    "ndcg_at_3": 0.28698,
    "ndcg_at_5": 0.26061,
    "ndcg_at_10": 0.20301,
    "ndcg_at_20": 0.26177,
    "ndcg_at_100": 0.38452,
    "ndcg_at_200": 0.42191,
    "ndcg_at_300": 0.43466,
    "ndcg_at_500": 0.4474,
    "ndcg_at_1000": 0.45785,
    "map_at_1": 0.03231,
    "map_at_3": 0.06872,
    "map_at_5": 0.08933,
    "map_at_10": 0.10917,
    "map_at_20": 0.13609,
    "map_at_100": 0.17035,
    "map_at_200": 0.17623,
    "map_at_300": 0.17752,
    "map_at_500": 0.17863,
    "map_at_1000": 0.17913,
    "recall_at_1": 0.03231,
    "recall_at_3": 0.08154,
    "recall_at_5": 0.12,
    "recall_at_10": 0.16769,
    "recall_at_20": 0.27385,
    "recall_at_100": 0.58462,
    "recall_at_200": 0.70462,
    "recall_at_300": 0.75077,
    "recall_at_500": 0.8,
    "recall_at_1000": 0.84462,
    "precision_at_1": 0.32308,
    "precision_at_3": 0.27179,
    "precision_at_5": 0.24,
    "precision_at_10": 0.16769,
    "precision_at_20": 0.13692,
    "precision_at_100": 0.05846,
    "precision_at_200": 0.03523,
    "precision_at_300": 0.02503,
    "precision_at_500": 0.016,
    "precision_at_1000": 0.00845,
    "mrr_at_1": 0.32308,
    "mrr_at_3": 0.41026,
    "mrr_at_5": 0.4341,
    "mrr_at_10": 0.44205,
    "mrr_at_20": 0.45497,
    "mrr_at_100": 0.45979,
    "mrr_at_200": 0.45979,
    "mrr_at_300": 0.45979,
    "mrr_at_500": 0.45979,
    "mrr_at_1000": 0.45979,
    "rc_at_1": {
        "relevant": 0.32308,
        "distractor": 0.64615
    },
    "rc_at_3": {
        "relevant": 0.81538,
        "distractor": 1.98462
    },
    "rc_at_5": {
        "relevant": 1.2,
        "distractor": 3.43077
    },
    "rc_at_10": {
        "relevant": 1.67692,
        "distractor": 7.32308
    },
    "rc_at_20": {
        "relevant": 2.73846,
        "distractor": 14.41538
    },
    "rc_at_100": {
        "relevant": 5.84615,
        "distractor": 53.06154
    },
    "rc_at_200": {
        "relevant": 7.04615,
        "distractor": 66.01538
    },
    "rc_at_300": {
        "relevant": 7.50769,
        "distractor": 71.01538
    },
    "rc_at_500": {
        "relevant": 8.0,
        "distractor": 77.23077
    },
    "rc_at_1000": {
        "relevant": 8.44615,
        "distractor": 83.21538
    }
}