{
    "ndcg_at_1": 0.35385,
    "ndcg_at_3": 0.29781,
    "ndcg_at_5": 0.27518,
    "ndcg_at_10": 0.2208,
    "ndcg_at_20": 0.28078,
    "ndcg_at_100": 0.45046,
    "ndcg_at_200": 0.49085,
    "ndcg_at_300": 0.49943,
    "ndcg_at_500": 0.50659,
    "ndcg_at_1000": 0.51195,
    "map_at_1": 0.03538,
    "map_at_3": 0.07282,
    "map_at_5": 0.09682,
    "map_at_10": 0.12165,
    "map_at_20": 0.1502,
    "map_at_100": 0.19886,
    "map_at_200": 0.20663,
    "map_at_300": 0.20776,
    "map_at_500": 0.20838,
    "map_at_1000": 0.20865,
    "recall_at_1": 0.03538,
    "recall_at_3": 0.08308,
    "recall_at_5": 0.12615,
    "recall_at_10": 0.18615,
    "recall_at_20": 0.29538,
    "recall_at_100": 0.73077,
    "recall_at_200": 0.86,
    "recall_at_300": 0.89077,
    "recall_at_500": 0.91846,
    "recall_at_1000": 0.94154,
    "precision_at_1": 0.35385,
    "precision_at_3": 0.27692,
    "precision_at_5": 0.25231,
    "precision_at_10": 0.18615,
    "precision_at_20": 0.14769,
    "precision_at_100": 0.07308,
    "precision_at_200": 0.043,
    "precision_at_300": 0.02969,
    "precision_at_500": 0.01837,
    "precision_at_1000": 0.00942,
    "mrr_at_1": 0.35385,
    "mrr_at_3": 0.42564,
    "mrr_at_5": 0.45026,
    "mrr_at_10": 0.46184,
    "mrr_at_20": 0.47381,
    "mrr_at_100": 0.47792,
    "mrr_at_200": 0.47792,
    "mrr_at_300": 0.47792,
    "mrr_at_500": 0.47792,
    "mrr_at_1000": 0.47792,
    "rc_at_1": {
        "relevant": 0.35385,
        "distractor": 0.64615
    },
    "rc_at_3": {
        "relevant": 0.83077,
        "distractor": 2.15385
    },
    "rc_at_5": {
        "relevant": 1.26154,
        "distractor": 3.66154
    },
    "rc_at_10": {
        "relevant": 1.86154,
        "distractor": 7.89231
    },
    "rc_at_20": {
        "relevant": 2.95385,
        "distractor": 16.30769
    },
    "rc_at_100": {
        "relevant": 7.30769,
        "distractor": 70.16923
    },
    "rc_at_200": {
        "relevant": 8.6,
        "distractor": 84.56923
    },
    "rc_at_300": {
        "relevant": 8.90769,
        "distractor": 87.89231
    },
    "rc_at_500": {
        "relevant": 9.18462,
        "distractor": 90.70769
    },
    "rc_at_1000": {
        "relevant": 9.41538,
        "distractor": 93.38462
    }
}