{
    "ndcg_at_1": 0.35385,
    "ndcg_at_3": 0.29781,
    "ndcg_at_5": 0.27743,
    "ndcg_at_10": 0.22328,
    "ndcg_at_20": 0.2879,
    "ndcg_at_100": 0.49487,
    "ndcg_at_200": 0.54157,
    "ndcg_at_300": 0.54245,
    "ndcg_at_500": 0.54403,
    "ndcg_at_1000": 0.54403,
    "map_at_1": 0.03538,
    "map_at_3": 0.07282,
    "map_at_5": 0.0979,
    "map_at_10": 0.1237,
    "map_at_20": 0.1548,
    "map_at_100": 0.21533,
    "map_at_200": 0.22669,
    "map_at_300": 0.22683,
    "map_at_500": 0.22699,
    "map_at_1000": 0.22699,
    "recall_at_1": 0.03538,
    "recall_at_3": 0.08308,
    "recall_at_5": 0.12769,
    "recall_at_10": 0.18923,
    "recall_at_20": 0.30769,
    "recall_at_100": 0.84615,
    "recall_at_200": 0.99077,
    "recall_at_300": 0.99385,
    "recall_at_500": 1.0,
    "recall_at_1000": 1.0,
    "precision_at_1": 0.35385,
    "precision_at_3": 0.27692,
    "precision_at_5": 0.25538,
    "precision_at_10": 0.18923,
    "precision_at_20": 0.15385,
    "precision_at_100": 0.08462,
    "precision_at_200": 0.04954,
    "precision_at_300": 0.03313,
    "precision_at_500": 0.02,
    "precision_at_1000": 0.01,
    "mrr_at_1": 0.35385,
    "mrr_at_3": 0.42564,
    "mrr_at_5": 0.45026,
    "mrr_at_10": 0.46184,
    "mrr_at_20": 0.4739,
    "mrr_at_100": 0.47811,
    "mrr_at_200": 0.47811,
    "mrr_at_300": 0.47811,
    "mrr_at_500": 0.47811,
    "mrr_at_1000": 0.47811,
    "rc_at_1": {
        "relevant": 0.35385,
        "distractor": 0.64615
    },
    "rc_at_3": {
        "relevant": 0.83077,
        "distractor": 2.16923
    },
    "rc_at_5": {
        "relevant": 1.27692,
        "distractor": 3.72308
    },
    "rc_at_10": {
        "relevant": 1.89231,
        "distractor": 8.09231
    },
    "rc_at_20": {
        "relevant": 3.07692,
        "distractor": 16.86154
    },
    "rc_at_100": {
        "relevant": 8.46154,
        "distractor": 87.84615
    },
    "rc_at_200": {
        "relevant": 9.90769,
        "distractor": 97.73846
    },
    "rc_at_300": {
        "relevant": 9.93846,
        "distractor": 98.38462
    },
    "rc_at_500": {
        "relevant": 10.0,
        "distractor": 98.81538
    },
    "rc_at_1000": {
        "relevant": 10.0,
        "distractor": 99.23077
    }
}