{
    "ndcg_at_1": 0.0,
    "ndcg_at_3": 0.27121,
    "ndcg_at_5": 0.34302,
    "ndcg_at_10": 0.40316,
    "ndcg_at_20": 0.4298,
    "ndcg_at_100": 0.44122,
    "ndcg_at_200": 0.44214,
    "ndcg_at_300": 0.4424,
    "ndcg_at_500": 0.44265,
    "ndcg_at_1000": 0.4428,
    "map_at_1": 0.0,
    "map_at_3": 0.20531,
    "map_at_5": 0.24518,
    "map_at_10": 0.27032,
    "map_at_20": 0.27784,
    "map_at_100": 0.2796,
    "map_at_200": 0.27965,
    "map_at_300": 0.27966,
    "map_at_500": 0.27966,
    "map_at_1000": 0.27966,
    "recall_at_1": 0.0,
    "recall_at_3": 0.46159,
    "recall_at_5": 0.63585,
    "recall_at_10": 0.82006,
    "recall_at_20": 0.9239,
    "recall_at_100": 0.98293,
    "recall_at_200": 0.98933,
    "recall_at_300": 0.99147,
    "recall_at_500": 0.9936,
    "recall_at_1000": 0.99502,
    "precision_at_1": 0.0,
    "precision_at_3": 0.15386,
    "precision_at_5": 0.12717,
    "precision_at_10": 0.08201,
    "precision_at_20": 0.04619,
    "precision_at_100": 0.00983,
    "precision_at_200": 0.00495,
    "precision_at_300": 0.0033,
    "precision_at_500": 0.00199,
    "precision_at_1000": 0.001,
    "mrr_at_1": 0.0,
    "mrr_at_3": 0.20507,
    "mrr_at_5": 0.24512,
    "mrr_at_10": 0.27026,
    "mrr_at_20": 0.27778,
    "mrr_at_100": 0.27954,
    "mrr_at_200": 0.27959,
    "mrr_at_300": 0.2796,
    "mrr_at_500": 0.2796,
    "mrr_at_1000": 0.27961
}