{
    "ndcg_at_1": 0.41538,
    "ndcg_at_3": 0.31663,
    "ndcg_at_5": 0.26296,
    "ndcg_at_10": 0.22559,
    "ndcg_at_20": 0.2805,
    "ndcg_at_100": 0.48234,
    "ndcg_at_200": 0.5283,
    "ndcg_at_300": 0.53175,
    "ndcg_at_500": 0.53457,
    "ndcg_at_1000": 0.53819,
    "map_at_1": 0.04154,
    "map_at_3": 0.07821,
    "map_at_5": 0.09113,
    "map_at_10": 0.11961,
    "map_at_20": 0.14438,
    "map_at_100": 0.20438,
    "map_at_200": 0.21421,
    "map_at_300": 0.21469,
    "map_at_500": 0.21499,
    "map_at_1000": 0.21521,
    "recall_at_1": 0.04154,
    "recall_at_3": 0.08615,
    "recall_at_5": 0.11077,
    "recall_at_10": 0.18923,
    "recall_at_20": 0.28923,
    "recall_at_100": 0.80615,
    "recall_at_200": 0.95231,
    "recall_at_300": 0.96462,
    "recall_at_500": 0.97538,
    "recall_at_1000": 0.99077,
    "precision_at_1": 0.41538,
    "precision_at_3": 0.28718,
    "precision_at_5": 0.22154,
    "precision_at_10": 0.18923,
    "precision_at_20": 0.14462,
    "precision_at_100": 0.08062,
    "precision_at_200": 0.04762,
    "precision_at_300": 0.03215,
    "precision_at_500": 0.01951,
    "precision_at_1000": 0.00991,
    "mrr_at_1": 0.43077,
    "mrr_at_3": 0.47692,
    "mrr_at_5": 0.49154,
    "mrr_at_10": 0.51328,
    "mrr_at_20": 0.52009,
    "mrr_at_100": 0.52496,
    "mrr_at_200": 0.52496,
    "mrr_at_300": 0.52496,
    "mrr_at_500": 0.52496,
    "mrr_at_1000": 0.52496,
    "rc_at_1": {
        "relevant": 0.43077,
        "distractor": 0.56923
    },
    "rc_at_3": {
        "relevant": 0.87692,
        "distractor": 2.12308
    },
    "rc_at_5": {
        "relevant": 1.09231,
        "distractor": 3.89231
    },
    "rc_at_10": {
        "relevant": 1.90769,
        "distractor": 8.03077
    },
    "rc_at_20": {
        "relevant": 2.93846,
        "distractor": 16.90769
    },
    "rc_at_100": {
        "relevant": 8.09231,
        "distractor": 79.87692
    },
    "rc_at_200": {
        "relevant": 9.53846,
        "distractor": 92.41538
    },
    "rc_at_300": {
        "relevant": 9.66154,
        "distractor": 94.10769
    },
    "rc_at_500": {
        "relevant": 9.8,
        "distractor": 95.56923
    },
    "rc_at_1000": {
        "relevant": 9.90769,
        "distractor": 97.0
    }
}