{
    "ndcg_at_1": 0.41538,
    "ndcg_at_3": 0.31302,
    "ndcg_at_5": 0.25811,
    "ndcg_at_10": 0.21782,
    "ndcg_at_20": 0.26404,
    "ndcg_at_100": 0.38849,
    "ndcg_at_200": 0.42375,
    "ndcg_at_300": 0.43647,
    "ndcg_at_500": 0.44749,
    "ndcg_at_1000": 0.46142,
    "map_at_1": 0.04154,
    "map_at_3": 0.07769,
    "map_at_5": 0.08923,
    "map_at_10": 0.11604,
    "map_at_20": 0.13672,
    "map_at_100": 0.17021,
    "map_at_200": 0.17581,
    "map_at_300": 0.17708,
    "map_at_500": 0.17787,
    "map_at_1000": 0.17853,
    "recall_at_1": 0.04154,
    "recall_at_3": 0.08462,
    "recall_at_5": 0.10769,
    "recall_at_10": 0.18,
    "recall_at_20": 0.26462,
    "recall_at_100": 0.58,
    "recall_at_200": 0.69385,
    "recall_at_300": 0.74,
    "recall_at_500": 0.78308,
    "recall_at_1000": 0.84308,
    "precision_at_1": 0.41538,
    "precision_at_3": 0.28205,
    "precision_at_5": 0.21538,
    "precision_at_10": 0.18,
    "precision_at_20": 0.13231,
    "precision_at_100": 0.058,
    "precision_at_200": 0.03469,
    "precision_at_300": 0.02467,
    "precision_at_500": 0.01566,
    "precision_at_1000": 0.00843,
    "mrr_at_1": 0.43077,
    "mrr_at_3": 0.47179,
    "mrr_at_5": 0.48641,
    "mrr_at_10": 0.50504,
    "mrr_at_20": 0.51079,
    "mrr_at_100": 0.51691,
    "mrr_at_200": 0.51691,
    "mrr_at_300": 0.51691,
    "mrr_at_500": 0.51691,
    "mrr_at_1000": 0.51691,
    "rc_at_1": {
        "relevant": 0.43077,
        "distractor": 0.52308
    },
    "rc_at_3": {
        "relevant": 0.86154,
        "distractor": 1.95385
    },
    "rc_at_5": {
        "relevant": 1.06154,
        "distractor": 3.64615
    },
    "rc_at_10": {
        "relevant": 1.84615,
        "distractor": 7.32308
    },
    "rc_at_20": {
        "relevant": 2.67692,
        "distractor": 14.69231
    },
    "rc_at_100": {
        "relevant": 5.83077,
        "distractor": 50.44615
    },
    "rc_at_200": {
        "relevant": 6.95385,
        "distractor": 63.93846
    },
    "rc_at_300": {
        "relevant": 7.4,
        "distractor": 68.89231
    },
    "rc_at_500": {
        "relevant": 7.86154,
        "distractor": 74.92308
    },
    "rc_at_1000": {
        "relevant": 8.43077,
        "distractor": 80.73846
    }
}