{
    "ndcg_at_1": 0.41538,
    "ndcg_at_3": 0.31663,
    "ndcg_at_5": 0.26296,
    "ndcg_at_10": 0.22345,
    "ndcg_at_20": 0.27673,
    "ndcg_at_100": 0.45146,
    "ndcg_at_200": 0.48742,
    "ndcg_at_300": 0.4994,
    "ndcg_at_500": 0.50535,
    "ndcg_at_1000": 0.5139,
    "map_at_1": 0.04154,
    "map_at_3": 0.07821,
    "map_at_5": 0.09113,
    "map_at_10": 0.1184,
    "map_at_20": 0.14236,
    "map_at_100": 0.19285,
    "map_at_200": 0.19947,
    "map_at_300": 0.20102,
    "map_at_500": 0.20156,
    "map_at_1000": 0.20198,
    "recall_at_1": 0.04154,
    "recall_at_3": 0.08615,
    "recall_at_5": 0.11077,
    "recall_at_10": 0.18615,
    "recall_at_20": 0.28308,
    "recall_at_100": 0.72923,
    "recall_at_200": 0.84462,
    "recall_at_300": 0.88769,
    "recall_at_500": 0.91077,
    "recall_at_1000": 0.94769,
    "precision_at_1": 0.41538,
    "precision_at_3": 0.28718,
    "precision_at_5": 0.22154,
    "precision_at_10": 0.18615,
    "precision_at_20": 0.14154,
    "precision_at_100": 0.07292,
    "precision_at_200": 0.04223,
    "precision_at_300": 0.02959,
    "precision_at_500": 0.01822,
    "precision_at_1000": 0.00948,
    "mrr_at_1": 0.43077,
    "mrr_at_3": 0.47692,
    "mrr_at_5": 0.49154,
    "mrr_at_10": 0.51301,
    "mrr_at_20": 0.51981,
    "mrr_at_100": 0.52461,
    "mrr_at_200": 0.52461,
    "mrr_at_300": 0.52461,
    "mrr_at_500": 0.52461,
    "mrr_at_1000": 0.52461,
    "rc_at_1": {
        "relevant": 0.43077,
        "distractor": 0.56923
    },
    "rc_at_3": {
        "relevant": 0.87692,
        "distractor": 2.12308
    },
    "rc_at_5": {
        "relevant": 1.09231,
        "distractor": 3.87692
    },
    "rc_at_10": {
        "relevant": 1.87692,
        "distractor": 7.89231
    },
    "rc_at_20": {
        "relevant": 2.87692,
        "distractor": 16.35385
    },
    "rc_at_100": {
        "relevant": 7.36923,
        "distractor": 68.06154
    },
    "rc_at_200": {
        "relevant": 8.50769,
        "distractor": 81.98462
    },
    "rc_at_300": {
        "relevant": 8.90769,
        "distractor": 85.72308
    },
    "rc_at_500": {
        "relevant": 9.09231,
        "distractor": 88.86154
    },
    "rc_at_1000": {
        "relevant": 9.47692,
        "distractor": 91.95385
    }
}