{
    "ndcg_at_1": 0.33901,
    "ndcg_at_3": 0.30215,
    "ndcg_at_5": 0.28199,
    "ndcg_at_10": 0.25968,
    "ndcg_at_20": 0.24151,
    "ndcg_at_100": 0.2403,
    "ndcg_at_200": 0.25671,
    "ndcg_at_300": 0.2707,
    "ndcg_at_500": 0.29476,
    "ndcg_at_1000": 0.33333,
    "map_at_1": 0.04014,
    "map_at_3": 0.06486,
    "map_at_5": 0.07524,
    "map_at_10": 0.08994,
    "map_at_20": 0.0994,
    "map_at_100": 0.1117,
    "map_at_200": 0.11549,
    "map_at_300": 0.11749,
    "map_at_500": 0.12,
    "map_at_1000": 0.12338,
    "recall_at_1": 0.04014,
    "recall_at_3": 0.07378,
    "recall_at_5": 0.09167,
    "recall_at_10": 0.12725,
    "recall_at_20": 0.15949,
    "recall_at_100": 0.25191,
    "recall_at_200": 0.30966,
    "recall_at_300": 0.35756,
    "recall_at_500": 0.4436,
    "recall_at_1000": 0.57127,
    "precision_at_1": 0.35294,
    "precision_at_3": 0.28277,
    "precision_at_5": 0.24396,
    "precision_at_10": 0.19288,
    "precision_at_20": 0.14102,
    "precision_at_100": 0.05957,
    "precision_at_200": 0.04125,
    "precision_at_300": 0.03373,
    "precision_at_500": 0.02624,
    "precision_at_1000": 0.01888,
    "mrr_at_1": 0.35294,
    "mrr_at_3": 0.42105,
    "mrr_at_5": 0.43328,
    "mrr_at_10": 0.44293,
    "mrr_at_20": 0.44695,
    "mrr_at_100": 0.45008,
    "mrr_at_200": 0.45038,
    "mrr_at_300": 0.45051,
    "mrr_at_500": 0.45063,
    "mrr_at_1000": 0.45066
}