{
    "ndcg_at_1": 0.14787,
    "ndcg_at_3": 0.19069,
    "ndcg_at_5": 0.20776,
    "ndcg_at_10": 0.23767,
    "ndcg_at_20": 0.25807,
    "ndcg_at_100": 0.2853,
    "ndcg_at_200": 0.29601,
    "ndcg_at_300": 0.30062,
    "ndcg_at_500": 0.30699,
    "ndcg_at_1000": 0.31515,
    "map_at_1": 0.13407,
    "map_at_3": 0.17435,
    "map_at_5": 0.18401,
    "map_at_10": 0.19672,
    "map_at_20": 0.20234,
    "map_at_100": 0.20614,
    "map_at_200": 0.20677,
    "map_at_300": 0.20695,
    "map_at_500": 0.20713,
    "map_at_1000": 0.20727,
    "recall_at_1": 0.13407,
    "recall_at_3": 0.22307,
    "recall_at_5": 0.26405,
    "recall_at_10": 0.35317,
    "recall_at_20": 0.43222,
    "recall_at_100": 0.57348,
    "recall_at_200": 0.64329,
    "recall_at_300": 0.67695,
    "recall_at_500": 0.72486,
    "recall_at_1000": 0.7964,
    "precision_at_1": 0.14787,
    "precision_at_3": 0.0838,
    "precision_at_5": 0.05989,
    "precision_at_10": 0.04048,
    "precision_at_20": 0.02514,
    "precision_at_100": 0.00688,
    "precision_at_200": 0.00396,
    "precision_at_300": 0.00282,
    "precision_at_500": 0.00188,
    "precision_at_1000": 0.00106,
    "mrr_at_1": 0.14787,
    "mrr_at_3": 0.18762,
    "mrr_at_5": 0.19834,
    "mrr_at_10": 0.21092,
    "mrr_at_20": 0.2161,
    "mrr_at_100": 0.21978,
    "mrr_at_200": 0.22035,
    "mrr_at_300": 0.22047,
    "mrr_at_500": 0.2206,
    "mrr_at_1000": 0.22069
}