{
    "ndcg_at_1": 0.18367,
    "ndcg_at_3": 0.16243,
    "ndcg_at_5": 0.16665,
    "ndcg_at_10": 0.15361,
    "ndcg_at_20": 0.161,
    "ndcg_at_100": 0.23735,
    "ndcg_at_200": 0.27051,
    "ndcg_at_300": 0.29025,
    "ndcg_at_500": 0.31893,
    "ndcg_at_1000": 0.35129,
    "map_at_1": 0.01787,
    "map_at_3": 0.03496,
    "map_at_5": 0.05011,
    "map_at_10": 0.0673,
    "map_at_20": 0.07853,
    "map_at_100": 0.09804,
    "map_at_200": 0.10308,
    "map_at_300": 0.10497,
    "map_at_500": 0.1073,
    "map_at_1000": 0.10942,
    "recall_at_1": 0.01787,
    "recall_at_3": 0.04388,
    "recall_at_5": 0.07075,
    "recall_at_10": 0.10766,
    "recall_at_20": 0.14796,
    "recall_at_100": 0.30762,
    "recall_at_200": 0.39357,
    "recall_at_300": 0.45048,
    "recall_at_500": 0.53938,
    "recall_at_1000": 0.64739,
    "precision_at_1": 0.18367,
    "precision_at_3": 0.17007,
    "precision_at_5": 0.17551,
    "precision_at_10": 0.13061,
    "precision_at_20": 0.0949,
    "precision_at_100": 0.04796,
    "precision_at_200": 0.03245,
    "precision_at_300": 0.02544,
    "precision_at_500": 0.01906,
    "precision_at_1000": 0.01196,
    "mrr_at_1": 0.18367,
    "mrr_at_3": 0.2551,
    "mrr_at_5": 0.28265,
    "mrr_at_10": 0.28929,
    "mrr_at_20": 0.29573,
    "mrr_at_100": 0.3041,
    "mrr_at_200": 0.3041,
    "mrr_at_300": 0.30429,
    "mrr_at_500": 0.30433,
    "mrr_at_1000": 0.30433
}