{
    "ndcg_at_1": 0.25455,
    "ndcg_at_3": 0.21706,
    "ndcg_at_5": 0.19721,
    "ndcg_at_10": 0.15499,
    "ndcg_at_20": 0.18783,
    "ndcg_at_100": 0.25768,
    "ndcg_at_200": 0.28308,
    "ndcg_at_300": 0.29615,
    "ndcg_at_500": 0.31055,
    "ndcg_at_1000": 0.32322,
    "map_at_1": 0.02545,
    "map_at_3": 0.05424,
    "map_at_5": 0.06997,
    "map_at_10": 0.08492,
    "map_at_20": 0.09673,
    "map_at_100": 0.11356,
    "map_at_200": 0.11657,
    "map_at_300": 0.11767,
    "map_at_500": 0.11857,
    "map_at_1000": 0.11905,
    "recall_at_1": 0.02545,
    "recall_at_3": 0.06182,
    "recall_at_5": 0.09091,
    "recall_at_10": 0.12909,
    "recall_at_20": 0.18727,
    "recall_at_100": 0.36182,
    "recall_at_200": 0.44364,
    "recall_at_300": 0.49091,
    "recall_at_500": 0.54727,
    "recall_at_1000": 0.60182,
    "precision_at_1": 0.25455,
    "precision_at_3": 0.20606,
    "precision_at_5": 0.18182,
    "precision_at_10": 0.12909,
    "precision_at_20": 0.09364,
    "precision_at_100": 0.03618,
    "precision_at_200": 0.02218,
    "precision_at_300": 0.01636,
    "precision_at_500": 0.01095,
    "precision_at_1000": 0.00602,
    "mrr_at_1": 0.25455,
    "mrr_at_3": 0.3,
    "mrr_at_5": 0.32545,
    "mrr_at_10": 0.34093,
    "mrr_at_20": 0.34946,
    "mrr_at_100": 0.35412,
    "mrr_at_200": 0.35445,
    "mrr_at_300": 0.35445,
    "mrr_at_500": 0.35445,
    "mrr_at_1000": 0.35451,
    "rc_at_1": {
        "relevant": 0.25455,
        "distractor": 0.49091
    },
    "rc_at_3": {
        "relevant": 0.61818,
        "distractor": 1.41818
    },
    "rc_at_5": {
        "relevant": 0.90909,
        "distractor": 2.34545
    },
    "rc_at_10": {
        "relevant": 1.29091,
        "distractor": 4.52727
    },
    "rc_at_20": {
        "relevant": 1.87273,
        "distractor": 7.90909
    },
    "rc_at_100": {
        "relevant": 3.61818,
        "distractor": 20.05455
    },
    "rc_at_200": {
        "relevant": 4.43636,
        "distractor": 26.58182
    },
    "rc_at_300": {
        "relevant": 4.90909,
        "distractor": 30.70909
    },
    "rc_at_500": {
        "relevant": 5.47273,
        "distractor": 36.16364
    },
    "rc_at_1000": {
        "relevant": 6.01818,
        "distractor": 43.65455
    }
}