{
    "ndcg_at_1": 0.07948,
    "ndcg_at_3": 0.11425,
    "ndcg_at_5": 0.12975,
    "ndcg_at_10": 0.15203,
    "ndcg_at_20": 0.16819,
    "ndcg_at_100": 0.20802,
    "ndcg_at_200": 0.22201,
    "ndcg_at_300": 0.22778,
    "ndcg_at_500": 0.23418,
    "ndcg_at_1000": 0.24296,
    "map_at_1": 0.07579,
    "map_at_3": 0.10287,
    "map_at_5": 0.11128,
    "map_at_10": 0.12056,
    "map_at_20": 0.12504,
    "map_at_100": 0.13057,
    "map_at_200": 0.1313,
    "map_at_300": 0.1315,
    "map_at_500": 0.13166,
    "map_at_1000": 0.1318,
    "recall_at_1": 0.07579,
    "recall_at_3": 0.13814,
    "recall_at_5": 0.17542,
    "recall_at_10": 0.24301,
    "recall_at_20": 0.30388,
    "recall_at_100": 0.51086,
    "recall_at_200": 0.60789,
    "recall_at_300": 0.65101,
    "recall_at_500": 0.7021,
    "recall_at_1000": 0.77906,
    "precision_at_1": 0.07948,
    "precision_at_3": 0.05176,
    "precision_at_5": 0.03993,
    "precision_at_10": 0.02773,
    "precision_at_20": 0.01784,
    "precision_at_100": 0.00619,
    "precision_at_200": 0.00369,
    "precision_at_300": 0.00266,
    "precision_at_500": 0.00175,
    "precision_at_1000": 0.001,
    "mrr_at_1": 0.07948,
    "mrr_at_3": 0.10998,
    "mrr_at_5": 0.11996,
    "mrr_at_10": 0.12905,
    "mrr_at_20": 0.13355,
    "mrr_at_100": 0.13885,
    "mrr_at_200": 0.13952,
    "mrr_at_300": 0.1397,
    "mrr_at_500": 0.13983,
    "mrr_at_1000": 0.13993
}