{
    "ndcg_at_1": 0.19593,
    "ndcg_at_3": 0.2539,
    "ndcg_at_5": 0.282,
    "ndcg_at_10": 0.31124,
    "ndcg_at_20": 0.33116,
    "ndcg_at_100": 0.36945,
    "ndcg_at_200": 0.3787,
    "ndcg_at_300": 0.38408,
    "ndcg_at_500": 0.38978,
    "ndcg_at_1000": 0.39486,
    "map_at_1": 0.18244,
    "map_at_3": 0.23229,
    "map_at_5": 0.24834,
    "map_at_10": 0.26058,
    "map_at_20": 0.26647,
    "map_at_100": 0.27212,
    "map_at_200": 0.2727,
    "map_at_300": 0.27292,
    "map_at_500": 0.27312,
    "map_at_1000": 0.27322,
    "recall_at_1": 0.18244,
    "recall_at_3": 0.29695,
    "recall_at_5": 0.3628,
    "recall_at_10": 0.44884,
    "recall_at_20": 0.52358,
    "recall_at_100": 0.72256,
    "recall_at_200": 0.77984,
    "recall_at_300": 0.81942,
    "recall_at_500": 0.86349,
    "recall_at_1000": 0.90786,
    "precision_at_1": 0.19593,
    "precision_at_3": 0.11029,
    "precision_at_5": 0.08318,
    "precision_at_10": 0.0525,
    "precision_at_20": 0.03115,
    "precision_at_100": 0.00874,
    "precision_at_200": 0.00494,
    "precision_at_300": 0.00352,
    "precision_at_500": 0.0023,
    "precision_at_1000": 0.00123,
    "mrr_at_1": 0.19593,
    "mrr_at_3": 0.25015,
    "mrr_at_5": 0.26697,
    "mrr_at_10": 0.2799,
    "mrr_at_20": 0.28493,
    "mrr_at_100": 0.28974,
    "mrr_at_200": 0.29012,
    "mrr_at_300": 0.29026,
    "mrr_at_500": 0.29036,
    "mrr_at_1000": 0.29041
}