{
    "ndcg_at_1": 0.01875,
    "ndcg_at_3": 0.01459,
    "ndcg_at_5": 0.01402,
    "ndcg_at_10": 0.01264,
    "ndcg_at_20": 0.01274,
    "ndcg_at_100": 0.01664,
    "ndcg_at_200": 0.01991,
    "ndcg_at_300": 0.02239,
    "ndcg_at_500": 0.02464,
    "ndcg_at_1000": 0.02956,
    "map_at_1": 0.0034,
    "map_at_3": 0.00415,
    "map_at_5": 0.00429,
    "map_at_10": 0.00439,
    "map_at_20": 0.00455,
    "map_at_100": 0.00489,
    "map_at_200": 0.00503,
    "map_at_300": 0.00512,
    "map_at_500": 0.00518,
    "map_at_1000": 0.00528,
    "recall_at_1": 0.0034,
    "recall_at_3": 0.00474,
    "recall_at_5": 0.00535,
    "recall_at_10": 0.00592,
    "recall_at_20": 0.00778,
    "recall_at_100": 0.01715,
    "recall_at_200": 0.0272,
    "recall_at_300": 0.03547,
    "recall_at_500": 0.04296,
    "recall_at_1000": 0.06235,
    "precision_at_1": 0.025,
    "precision_at_3": 0.01667,
    "precision_at_5": 0.0135,
    "precision_at_10": 0.00875,
    "precision_at_20": 0.00725,
    "precision_at_100": 0.00448,
    "precision_at_200": 0.00355,
    "precision_at_300": 0.00317,
    "precision_at_500": 0.00252,
    "precision_at_1000": 0.00183,
    "mrr_at_1": 0.025,
    "mrr_at_3": 0.03292,
    "mrr_at_5": 0.03704,
    "mrr_at_10": 0.03906,
    "mrr_at_20": 0.04142,
    "mrr_at_100": 0.04448,
    "mrr_at_200": 0.04505,
    "mrr_at_300": 0.04523,
    "mrr_at_500": 0.04538,
    "mrr_at_1000": 0.04549
}