{
    "ndcg_at_1": 0.46897,
    "ndcg_at_3": 0.54336,
    "ndcg_at_5": 0.5706,
    "ndcg_at_10": 0.59421,
    "ndcg_at_20": 0.61378,
    "ndcg_at_100": 0.636,
    "ndcg_at_200": 0.64062,
    "ndcg_at_300": 0.6417,
    "ndcg_at_500": 0.64337,
    "ndcg_at_1000": 0.64537,
    "map_at_1": 0.40786,
    "map_at_3": 0.50456,
    "map_at_5": 0.52349,
    "map_at_10": 0.53635,
    "map_at_20": 0.54298,
    "map_at_100": 0.54701,
    "map_at_200": 0.54734,
    "map_at_300": 0.54738,
    "map_at_500": 0.54745,
    "map_at_1000": 0.54749,
    "recall_at_1": 0.40786,
    "recall_at_3": 0.59649,
    "recall_at_5": 0.66272,
    "recall_at_10": 0.72976,
    "recall_at_20": 0.8019,
    "recall_at_100": 0.9087,
    "recall_at_200": 0.93724,
    "recall_at_300": 0.94493,
    "recall_at_500": 0.95689,
    "recall_at_1000": 0.97348,
    "precision_at_1": 0.46897,
    "precision_at_3": 0.24284,
    "precision_at_5": 0.16602,
    "precision_at_10": 0.09461,
    "precision_at_20": 0.0531,
    "precision_at_100": 0.01246,
    "precision_at_200": 0.0065,
    "precision_at_300": 0.00437,
    "precision_at_500": 0.00268,
    "precision_at_1000": 0.00137,
    "mrr_at_1": 0.46897,
    "mrr_at_3": 0.54828,
    "mrr_at_5": 0.5627,
    "mrr_at_10": 0.57049,
    "mrr_at_20": 0.57541,
    "mrr_at_100": 0.57775,
    "mrr_at_200": 0.57792,
    "mrr_at_300": 0.57794,
    "mrr_at_500": 0.57796,
    "mrr_at_1000": 0.57798
}