{
    "ndcg_at_1": 0.19209,
    "ndcg_at_3": 0.22997,
    "ndcg_at_5": 0.2476,
    "ndcg_at_10": 0.26656,
    "ndcg_at_20": 0.28342,
    "ndcg_at_100": 0.31032,
    "ndcg_at_200": 0.3195,
    "ndcg_at_300": 0.32576,
    "ndcg_at_500": 0.33102,
    "ndcg_at_1000": 0.33857,
    "map_at_1": 0.17829,
    "map_at_3": 0.21406,
    "map_at_5": 0.2241,
    "map_at_10": 0.23229,
    "map_at_20": 0.23719,
    "map_at_100": 0.24099,
    "map_at_200": 0.24151,
    "map_at_300": 0.24172,
    "map_at_500": 0.24184,
    "map_at_1000": 0.24196,
    "recall_at_1": 0.17829,
    "recall_at_3": 0.25943,
    "recall_at_5": 0.30253,
    "recall_at_10": 0.35893,
    "recall_at_20": 0.42253,
    "recall_at_100": 0.56293,
    "recall_at_200": 0.62405,
    "recall_at_300": 0.67255,
    "recall_at_500": 0.71645,
    "recall_at_1000": 0.78355,
    "precision_at_1": 0.19209,
    "precision_at_3": 0.09642,
    "precision_at_5": 0.06757,
    "precision_at_10": 0.04079,
    "precision_at_20": 0.02424,
    "precision_at_100": 0.00658,
    "precision_at_200": 0.00369,
    "precision_at_300": 0.00265,
    "precision_at_500": 0.00169,
    "precision_at_1000": 0.00093,
    "mrr_at_1": 0.19209,
    "mrr_at_3": 0.22919,
    "mrr_at_5": 0.23908,
    "mrr_at_10": 0.24672,
    "mrr_at_20": 0.25125,
    "mrr_at_100": 0.2547,
    "mrr_at_200": 0.25517,
    "mrr_at_300": 0.25536,
    "mrr_at_500": 0.25547,
    "mrr_at_1000": 0.25556
}