{
    "ndcg_at_1": 0.19778,
    "ndcg_at_3": 0.24369,
    "ndcg_at_5": 0.26593,
    "ndcg_at_10": 0.29551,
    "ndcg_at_20": 0.3126,
    "ndcg_at_100": 0.34303,
    "ndcg_at_200": 0.35487,
    "ndcg_at_300": 0.35917,
    "ndcg_at_500": 0.36592,
    "ndcg_at_1000": 0.37211,
    "map_at_1": 0.17751,
    "map_at_3": 0.22378,
    "map_at_5": 0.23681,
    "map_at_10": 0.24998,
    "map_at_20": 0.25486,
    "map_at_100": 0.25914,
    "map_at_200": 0.25985,
    "map_at_300": 0.26001,
    "map_at_500": 0.2602,
    "map_at_1000": 0.26031,
    "recall_at_1": 0.17751,
    "recall_at_3": 0.28007,
    "recall_at_5": 0.33142,
    "recall_at_10": 0.41861,
    "recall_at_20": 0.48373,
    "recall_at_100": 0.64061,
    "recall_at_200": 0.71931,
    "recall_at_300": 0.75085,
    "recall_at_500": 0.80355,
    "recall_at_1000": 0.85802,
    "precision_at_1": 0.19778,
    "precision_at_3": 0.10536,
    "precision_at_5": 0.07689,
    "precision_at_10": 0.04935,
    "precision_at_20": 0.02874,
    "precision_at_100": 0.00786,
    "precision_at_200": 0.00455,
    "precision_at_300": 0.00321,
    "precision_at_500": 0.00209,
    "precision_at_1000": 0.00113,
    "mrr_at_1": 0.19778,
    "mrr_at_3": 0.24338,
    "mrr_at_5": 0.25715,
    "mrr_at_10": 0.26909,
    "mrr_at_20": 0.27394,
    "mrr_at_100": 0.27778,
    "mrr_at_200": 0.27828,
    "mrr_at_300": 0.27839,
    "mrr_at_500": 0.27852,
    "mrr_at_1000": 0.27859
}