{
    "ndcg_at_1": 0.31579,
    "ndcg_at_3": 0.2893,
    "ndcg_at_5": 0.27736,
    "ndcg_at_10": 0.25156,
    "ndcg_at_20": 0.23246,
    "ndcg_at_100": 0.23403,
    "ndcg_at_200": 0.25743,
    "ndcg_at_300": 0.27228,
    "ndcg_at_500": 0.29665,
    "ndcg_at_1000": 0.3392,
    "map_at_1": 0.02452,
    "map_at_3": 0.04439,
    "map_at_5": 0.05641,
    "map_at_10": 0.06841,
    "map_at_20": 0.07828,
    "map_at_100": 0.09448,
    "map_at_200": 0.10006,
    "map_at_300": 0.10274,
    "map_at_500": 0.10598,
    "map_at_1000": 0.11001,
    "recall_at_1": 0.02452,
    "recall_at_3": 0.05476,
    "recall_at_5": 0.07841,
    "recall_at_10": 0.10408,
    "recall_at_20": 0.13719,
    "recall_at_100": 0.25595,
    "recall_at_200": 0.3447,
    "recall_at_300": 0.39517,
    "recall_at_500": 0.47754,
    "recall_at_1000": 0.6292,
    "precision_at_1": 0.33437,
    "precision_at_3": 0.28277,
    "precision_at_5": 0.25573,
    "precision_at_10": 0.20526,
    "precision_at_20": 0.15279,
    "precision_at_100": 0.07046,
    "precision_at_200": 0.0494,
    "precision_at_300": 0.03974,
    "precision_at_500": 0.03042,
    "precision_at_1000": 0.02116,
    "mrr_at_1": 0.33437,
    "mrr_at_3": 0.39732,
    "mrr_at_5": 0.41063,
    "mrr_at_10": 0.41841,
    "mrr_at_20": 0.42348,
    "mrr_at_100": 0.42687,
    "mrr_at_200": 0.42728,
    "mrr_at_300": 0.42734,
    "mrr_at_500": 0.42742,
    "mrr_at_1000": 0.42747
}