{
    "ndcg_at_1": 0.19279,
    "ndcg_at_3": 0.23582,
    "ndcg_at_5": 0.25982,
    "ndcg_at_10": 0.2867,
    "ndcg_at_20": 0.30926,
    "ndcg_at_100": 0.34236,
    "ndcg_at_200": 0.35316,
    "ndcg_at_300": 0.35863,
    "ndcg_at_500": 0.36537,
    "ndcg_at_1000": 0.37261,
    "map_at_1": 0.15051,
    "map_at_3": 0.20503,
    "map_at_5": 0.22026,
    "map_at_10": 0.23215,
    "map_at_20": 0.23873,
    "map_at_100": 0.24393,
    "map_at_200": 0.24466,
    "map_at_300": 0.24489,
    "map_at_500": 0.24508,
    "map_at_1000": 0.24521,
    "recall_at_1": 0.15051,
    "recall_at_3": 0.2706,
    "recall_at_5": 0.33091,
    "recall_at_10": 0.41263,
    "recall_at_20": 0.49232,
    "recall_at_100": 0.65155,
    "recall_at_200": 0.7172,
    "recall_at_300": 0.75544,
    "recall_at_500": 0.80706,
    "recall_at_1000": 0.86707,
    "precision_at_1": 0.19279,
    "precision_at_3": 0.11733,
    "precision_at_5": 0.08657,
    "precision_at_10": 0.05435,
    "precision_at_20": 0.03371,
    "precision_at_100": 0.00948,
    "precision_at_200": 0.00539,
    "precision_at_300": 0.00381,
    "precision_at_500": 0.00247,
    "precision_at_1000": 0.00134,
    "mrr_at_1": 0.19279,
    "mrr_at_3": 0.25187,
    "mrr_at_5": 0.26629,
    "mrr_at_10": 0.27801,
    "mrr_at_20": 0.28406,
    "mrr_at_100": 0.28787,
    "mrr_at_200": 0.28828,
    "mrr_at_300": 0.28843,
    "mrr_at_500": 0.28854,
    "mrr_at_1000": 0.28861
}