{
    "ndcg_at_1": 0.2781,
    "ndcg_at_3": 0.36785,
    "ndcg_at_5": 0.40628,
    "ndcg_at_10": 0.44718,
    "ndcg_at_20": 0.47396,
    "ndcg_at_100": 0.49848,
    "ndcg_at_200": 0.50432,
    "ndcg_at_300": 0.50665,
    "ndcg_at_500": 0.5087,
    "ndcg_at_1000": 0.51108,
    "map_at_1": 0.2459,
    "map_at_3": 0.33448,
    "map_at_5": 0.35691,
    "map_at_10": 0.3753,
    "map_at_20": 0.38337,
    "map_at_100": 0.38724,
    "map_at_200": 0.38758,
    "map_at_300": 0.38766,
    "map_at_500": 0.38771,
    "map_at_1000": 0.38775,
    "recall_at_1": 0.2459,
    "recall_at_3": 0.43513,
    "recall_at_5": 0.52368,
    "recall_at_10": 0.64335,
    "recall_at_20": 0.74329,
    "recall_at_100": 0.86662,
    "recall_at_200": 0.90638,
    "recall_at_300": 0.92381,
    "recall_at_500": 0.94061,
    "recall_at_1000": 0.96195,
    "precision_at_1": 0.2781,
    "precision_at_3": 0.16869,
    "precision_at_5": 0.12341,
    "precision_at_10": 0.07645,
    "precision_at_20": 0.04441,
    "precision_at_100": 0.01051,
    "precision_at_200": 0.0055,
    "precision_at_300": 0.00374,
    "precision_at_500": 0.00228,
    "precision_at_1000": 0.00117,
    "mrr_at_1": 0.28158,
    "mrr_at_3": 0.36621,
    "mrr_at_5": 0.3872,
    "mrr_at_10": 0.40234,
    "mrr_at_20": 0.40881,
    "mrr_at_100": 0.41177,
    "mrr_at_200": 0.41202,
    "mrr_at_300": 0.41208,
    "mrr_at_500": 0.41212,
    "mrr_at_1000": 0.41215
}