{
    "ndcg_at_1": 0.5375,
    "ndcg_at_3": 0.43632,
    "ndcg_at_5": 0.40666,
    "ndcg_at_10": 0.38046,
    "ndcg_at_20": 0.36977,
    "ndcg_at_100": 0.40997,
    "ndcg_at_200": 0.43463,
    "ndcg_at_300": 0.44836,
    "ndcg_at_500": 0.46344,
    "ndcg_at_1000": 0.4804,
    "map_at_1": 0.08682,
    "map_at_3": 0.1247,
    "map_at_5": 0.14346,
    "map_at_10": 0.16736,
    "map_at_20": 0.19034,
    "map_at_100": 0.22716,
    "map_at_200": 0.23449,
    "map_at_300": 0.23751,
    "map_at_500": 0.24013,
    "map_at_1000": 0.24232,
    "recall_at_1": 0.08682,
    "recall_at_3": 0.13492,
    "recall_at_5": 0.16406,
    "recall_at_10": 0.21509,
    "recall_at_20": 0.27557,
    "recall_at_100": 0.43973,
    "recall_at_200": 0.51332,
    "recall_at_300": 0.55646,
    "recall_at_500": 0.60622,
    "recall_at_1000": 0.66841,
    "precision_at_1": 0.65,
    "precision_at_3": 0.45333,
    "precision_at_5": 0.3815,
    "precision_at_10": 0.2915,
    "precision_at_20": 0.21587,
    "precision_at_100": 0.09113,
    "precision_at_200": 0.05895,
    "precision_at_300": 0.04518,
    "precision_at_500": 0.03186,
    "precision_at_1000": 0.01923,
    "mrr_at_1": 0.65,
    "mrr_at_3": 0.70833,
    "mrr_at_5": 0.71596,
    "mrr_at_10": 0.72482,
    "mrr_at_20": 0.72726,
    "mrr_at_100": 0.72808,
    "mrr_at_200": 0.72815,
    "mrr_at_300": 0.72817,
    "mrr_at_500": 0.72819,
    "mrr_at_1000": 0.7282
}