{
    "ndcg_at_1": 0.21929,
    "ndcg_at_3": 0.2895,
    "ndcg_at_5": 0.32458,
    "ndcg_at_10": 0.36073,
    "ndcg_at_20": 0.38661,
    "ndcg_at_100": 0.41604,
    "ndcg_at_200": 0.42369,
    "ndcg_at_300": 0.42705,
    "ndcg_at_500": 0.43056,
    "ndcg_at_1000": 0.43403,
    "map_at_1": 0.19349,
    "map_at_3": 0.26209,
    "map_at_5": 0.28233,
    "map_at_10": 0.2981,
    "map_at_20": 0.30589,
    "map_at_100": 0.31038,
    "map_at_200": 0.31082,
    "map_at_300": 0.31094,
    "map_at_500": 0.31103,
    "map_at_1000": 0.31109,
    "recall_at_1": 0.19349,
    "recall_at_3": 0.34234,
    "recall_at_5": 0.42381,
    "recall_at_10": 0.52998,
    "recall_at_20": 0.62633,
    "recall_at_100": 0.77622,
    "recall_at_200": 0.8279,
    "recall_at_300": 0.85313,
    "recall_at_500": 0.88176,
    "recall_at_1000": 0.9129,
    "precision_at_1": 0.21929,
    "precision_at_3": 0.13326,
    "precision_at_5": 0.09977,
    "precision_at_10": 0.06298,
    "precision_at_20": 0.0375,
    "precision_at_100": 0.00938,
    "precision_at_200": 0.00501,
    "precision_at_300": 0.00345,
    "precision_at_500": 0.00214,
    "precision_at_1000": 0.00111,
    "mrr_at_1": 0.21987,
    "mrr_at_3": 0.2893,
    "mrr_at_5": 0.3083,
    "mrr_at_10": 0.32269,
    "mrr_at_20": 0.32925,
    "mrr_at_100": 0.33288,
    "mrr_at_200": 0.33322,
    "mrr_at_300": 0.33332,
    "mrr_at_500": 0.33339,
    "mrr_at_1000": 0.33343
}