{
    "ndcg_at_1": 0.10909,
    "ndcg_at_3": 0.08867,
    "ndcg_at_5": 0.08637,
    "ndcg_at_10": 0.07215,
    "ndcg_at_20": 0.08735,
    "ndcg_at_100": 0.11405,
    "ndcg_at_200": 0.12844,
    "ndcg_at_300": 0.14148,
    "ndcg_at_500": 0.15125,
    "ndcg_at_1000": 0.16633,
    "map_at_1": 0.01091,
    "map_at_3": 0.02091,
    "map_at_5": 0.02855,
    "map_at_10": 0.03767,
    "map_at_20": 0.04145,
    "map_at_100": 0.04566,
    "map_at_200": 0.04666,
    "map_at_300": 0.04749,
    "map_at_500": 0.04794,
    "map_at_1000": 0.04828,
    "recall_at_1": 0.01091,
    "recall_at_3": 0.02545,
    "recall_at_5": 0.04182,
    "recall_at_10": 0.06545,
    "recall_at_20": 0.09273,
    "recall_at_100": 0.15818,
    "recall_at_200": 0.20545,
    "recall_at_300": 0.25273,
    "recall_at_500": 0.29091,
    "recall_at_1000": 0.35636,
    "precision_at_1": 0.10909,
    "precision_at_3": 0.08485,
    "precision_at_5": 0.08364,
    "precision_at_10": 0.06545,
    "precision_at_20": 0.04636,
    "precision_at_100": 0.01582,
    "precision_at_200": 0.01027,
    "precision_at_300": 0.00842,
    "precision_at_500": 0.00582,
    "precision_at_1000": 0.00356,
    "mrr_at_1": 0.10909,
    "mrr_at_3": 0.1303,
    "mrr_at_5": 0.14939,
    "mrr_at_10": 0.15778,
    "mrr_at_20": 0.16531,
    "mrr_at_100": 0.17023,
    "mrr_at_200": 0.17073,
    "mrr_at_300": 0.17107,
    "mrr_at_500": 0.17116,
    "mrr_at_1000": 0.17123,
    "rc_at_1": {
        "relevant": 0.10909,
        "distractor": 0.14545
    },
    "rc_at_3": {
        "relevant": 0.25455,
        "distractor": 0.49091
    },
    "rc_at_5": {
        "relevant": 0.41818,
        "distractor": 0.83636
    },
    "rc_at_10": {
        "relevant": 0.65455,
        "distractor": 1.52727
    },
    "rc_at_20": {
        "relevant": 0.92727,
        "distractor": 2.8
    },
    "rc_at_100": {
        "relevant": 1.58182,
        "distractor": 7.2
    },
    "rc_at_200": {
        "relevant": 2.05455,
        "distractor": 10.23636
    },
    "rc_at_300": {
        "relevant": 2.52727,
        "distractor": 12.05455
    },
    "rc_at_500": {
        "relevant": 2.90909,
        "distractor": 15.47273
    },
    "rc_at_1000": {
        "relevant": 3.56364,
        "distractor": 20.65455
    }
}