{
    "ndcg_at_1": 0.16364,
    "ndcg_at_3": 0.15287,
    "ndcg_at_5": 0.1487,
    "ndcg_at_10": 0.12526,
    "ndcg_at_20": 0.14638,
    "ndcg_at_100": 0.21372,
    "ndcg_at_200": 0.23938,
    "ndcg_at_300": 0.25292,
    "ndcg_at_500": 0.26773,
    "ndcg_at_1000": 0.28132,
    "map_at_1": 0.01636,
    "map_at_3": 0.03515,
    "map_at_5": 0.04915,
    "map_at_10": 0.06371,
    "map_at_20": 0.07109,
    "map_at_100": 0.08498,
    "map_at_200": 0.08753,
    "map_at_300": 0.08862,
    "map_at_500": 0.08944,
    "map_at_1000": 0.08997,
    "recall_at_1": 0.01636,
    "recall_at_3": 0.04545,
    "recall_at_5": 0.07273,
    "recall_at_10": 0.11273,
    "recall_at_20": 0.15091,
    "recall_at_100": 0.32,
    "recall_at_200": 0.40364,
    "recall_at_300": 0.45273,
    "recall_at_500": 0.51091,
    "recall_at_1000": 0.56909,
    "precision_at_1": 0.16364,
    "precision_at_3": 0.15152,
    "precision_at_5": 0.14545,
    "precision_at_10": 0.11273,
    "precision_at_20": 0.07545,
    "precision_at_100": 0.032,
    "precision_at_200": 0.02018,
    "precision_at_300": 0.01509,
    "precision_at_500": 0.01022,
    "precision_at_1000": 0.00569,
    "mrr_at_1": 0.16364,
    "mrr_at_3": 0.22424,
    "mrr_at_5": 0.24515,
    "mrr_at_10": 0.26146,
    "mrr_at_20": 0.26755,
    "mrr_at_100": 0.27388,
    "mrr_at_200": 0.2746,
    "mrr_at_300": 0.2746,
    "mrr_at_500": 0.27469,
    "mrr_at_1000": 0.27469,
    "rc_at_1": {
        "relevant": 0.16364,
        "distractor": 0.34545
    },
    "rc_at_3": {
        "relevant": 0.45455,
        "distractor": 1.16364
    },
    "rc_at_5": {
        "relevant": 0.72727,
        "distractor": 1.98182
    },
    "rc_at_10": {
        "relevant": 1.12727,
        "distractor": 3.50909
    },
    "rc_at_20": {
        "relevant": 1.50909,
        "distractor": 6.45455
    },
    "rc_at_100": {
        "relevant": 3.2,
        "distractor": 17.54545
    },
    "rc_at_200": {
        "relevant": 4.03636,
        "distractor": 24.43636
    },
    "rc_at_300": {
        "relevant": 4.52727,
        "distractor": 28.32727
    },
    "rc_at_500": {
        "relevant": 5.10909,
        "distractor": 32.98182
    },
    "rc_at_1000": {
        "relevant": 5.69091,
        "distractor": 39.6
    }
}