{
    "ndcg_at_1": 0.17347,
    "ndcg_at_3": 0.19035,
    "ndcg_at_5": 0.19386,
    "ndcg_at_10": 0.17805,
    "ndcg_at_20": 0.19205,
    "ndcg_at_100": 0.27256,
    "ndcg_at_200": 0.30968,
    "ndcg_at_300": 0.33384,
    "ndcg_at_500": 0.36594,
    "ndcg_at_1000": 0.39595,
    "map_at_1": 0.01495,
    "map_at_3": 0.03391,
    "map_at_5": 0.05067,
    "map_at_10": 0.06821,
    "map_at_20": 0.08837,
    "map_at_100": 0.10984,
    "map_at_200": 0.11552,
    "map_at_300": 0.11837,
    "map_at_500": 0.12139,
    "map_at_1000": 0.12343,
    "recall_at_1": 0.01495,
    "recall_at_3": 0.04729,
    "recall_at_5": 0.07846,
    "recall_at_10": 0.12181,
    "recall_at_20": 0.1877,
    "recall_at_100": 0.35918,
    "recall_at_200": 0.46435,
    "recall_at_300": 0.53166,
    "recall_at_500": 0.62692,
    "recall_at_1000": 0.73082,
    "precision_at_1": 0.18367,
    "precision_at_3": 0.20408,
    "precision_at_5": 0.20408,
    "precision_at_10": 0.15918,
    "precision_at_20": 0.12653,
    "precision_at_100": 0.05551,
    "precision_at_200": 0.03816,
    "precision_at_300": 0.03027,
    "precision_at_500": 0.02245,
    "precision_at_1000": 0.01349,
    "mrr_at_1": 0.20408,
    "mrr_at_3": 0.31293,
    "mrr_at_5": 0.33027,
    "mrr_at_10": 0.34685,
    "mrr_at_20": 0.3526,
    "mrr_at_100": 0.35866,
    "mrr_at_200": 0.35866,
    "mrr_at_300": 0.35866,
    "mrr_at_500": 0.3587,
    "mrr_at_1000": 0.35873
}