{
    "ndcg_at_1": 0.02168,
    "ndcg_at_3": 0.03128,
    "ndcg_at_5": 0.03736,
    "ndcg_at_10": 0.04487,
    "ndcg_at_20": 0.05368,
    "ndcg_at_100": 0.07766,
    "ndcg_at_200": 0.08757,
    "ndcg_at_300": 0.09407,
    "ndcg_at_500": 0.10312,
    "ndcg_at_1000": 0.11518,
    "map_at_1": 0.016,
    "map_at_3": 0.02552,
    "map_at_5": 0.02902,
    "map_at_10": 0.03211,
    "map_at_20": 0.03452,
    "map_at_100": 0.03758,
    "map_at_200": 0.03811,
    "map_at_300": 0.03834,
    "map_at_500": 0.03856,
    "map_at_1000": 0.03876,
    "recall_at_1": 0.016,
    "recall_at_3": 0.03738,
    "recall_at_5": 0.05253,
    "recall_at_10": 0.07489,
    "recall_at_20": 0.10775,
    "recall_at_100": 0.2309,
    "recall_at_200": 0.29602,
    "recall_at_300": 0.34248,
    "recall_at_500": 0.41391,
    "recall_at_1000": 0.51641,
    "precision_at_1": 0.02168,
    "precision_at_3": 0.01698,
    "precision_at_5": 0.01432,
    "precision_at_10": 0.01039,
    "precision_at_20": 0.00754,
    "precision_at_100": 0.00342,
    "precision_at_200": 0.00222,
    "precision_at_300": 0.00175,
    "precision_at_500": 0.00128,
    "precision_at_1000": 0.00083,
    "mrr_at_1": 0.02134,
    "mrr_at_3": 0.0316,
    "mrr_at_5": 0.03542,
    "mrr_at_10": 0.03951,
    "mrr_at_20": 0.04238,
    "mrr_at_100": 0.04559,
    "mrr_at_200": 0.04618,
    "mrr_at_300": 0.04638,
    "mrr_at_500": 0.04656,
    "mrr_at_1000": 0.04672
}