{
    "ndcg_at_1": 0.20028,
    "ndcg_at_3": 0.24525,
    "ndcg_at_5": 0.26339,
    "ndcg_at_10": 0.29244,
    "ndcg_at_20": 0.31483,
    "ndcg_at_100": 0.35331,
    "ndcg_at_200": 0.36425,
    "ndcg_at_300": 0.36993,
    "ndcg_at_500": 0.37565,
    "ndcg_at_1000": 0.38225,
    "map_at_1": 0.16593,
    "map_at_3": 0.21649,
    "map_at_5": 0.2288,
    "map_at_10": 0.24215,
    "map_at_20": 0.24919,
    "map_at_100": 0.25521,
    "map_at_200": 0.25593,
    "map_at_300": 0.25619,
    "map_at_500": 0.25638,
    "map_at_1000": 0.25652,
    "recall_at_1": 0.16593,
    "recall_at_3": 0.27578,
    "recall_at_5": 0.32176,
    "recall_at_10": 0.40825,
    "recall_at_20": 0.48978,
    "recall_at_100": 0.67918,
    "recall_at_200": 0.74781,
    "recall_at_300": 0.78694,
    "recall_at_500": 0.82912,
    "recall_at_1000": 0.88221,
    "precision_at_1": 0.20028,
    "precision_at_3": 0.11643,
    "precision_at_5": 0.08451,
    "precision_at_10": 0.05478,
    "precision_at_20": 0.03395,
    "precision_at_100": 0.01008,
    "precision_at_200": 0.00575,
    "precision_at_300": 0.0041,
    "precision_at_500": 0.00265,
    "precision_at_1000": 0.00145,
    "mrr_at_1": 0.20028,
    "mrr_at_3": 0.25505,
    "mrr_at_5": 0.26704,
    "mrr_at_10": 0.27919,
    "mrr_at_20": 0.28505,
    "mrr_at_100": 0.28976,
    "mrr_at_200": 0.29022,
    "mrr_at_300": 0.29035,
    "mrr_at_500": 0.29045,
    "mrr_at_1000": 0.29052
}