{
    "ndcg_at_1": 0.29427,
    "ndcg_at_3": 0.32447,
    "ndcg_at_5": 0.33805,
    "ndcg_at_10": 0.35751,
    "ndcg_at_20": 0.37264,
    "ndcg_at_100": 0.39913,
    "ndcg_at_200": 0.40642,
    "ndcg_at_300": 0.41099,
    "ndcg_at_500": 0.41576,
    "ndcg_at_1000": 0.42179,
    "map_at_1": 0.23634,
    "map_at_3": 0.28971,
    "map_at_5": 0.3006,
    "map_at_10": 0.31072,
    "map_at_20": 0.31617,
    "map_at_100": 0.32061,
    "map_at_200": 0.32114,
    "map_at_300": 0.32136,
    "map_at_500": 0.32152,
    "map_at_1000": 0.32166,
    "recall_at_1": 0.23634,
    "recall_at_3": 0.34197,
    "recall_at_5": 0.38029,
    "recall_at_10": 0.43975,
    "recall_at_20": 0.49657,
    "recall_at_100": 0.6257,
    "recall_at_200": 0.66822,
    "recall_at_300": 0.69815,
    "recall_at_500": 0.73134,
    "recall_at_1000": 0.7766,
    "precision_at_1": 0.29427,
    "precision_at_3": 0.15435,
    "precision_at_5": 0.10777,
    "precision_at_10": 0.06624,
    "precision_at_20": 0.03898,
    "precision_at_100": 0.01069,
    "precision_at_200": 0.00598,
    "precision_at_300": 0.00424,
    "precision_at_500": 0.00274,
    "precision_at_1000": 0.00152,
    "mrr_at_1": 0.29427,
    "mrr_at_3": 0.3431,
    "mrr_at_5": 0.35316,
    "mrr_at_10": 0.36218,
    "mrr_at_20": 0.36611,
    "mrr_at_100": 0.36921,
    "mrr_at_200": 0.3695,
    "mrr_at_300": 0.36959,
    "mrr_at_500": 0.36966,
    "mrr_at_1000": 0.36972
}