{
    "ndcg_at_1": 0.55333,
    "ndcg_at_3": 0.61977,
    "ndcg_at_5": 0.64241,
    "ndcg_at_10": 0.67074,
    "ndcg_at_20": 0.68779,
    "ndcg_at_100": 0.70039,
    "ndcg_at_200": 0.70399,
    "ndcg_at_300": 0.70466,
    "ndcg_at_500": 0.70542,
    "ndcg_at_1000": 0.7065,
    "map_at_1": 0.52411,
    "map_at_3": 0.59459,
    "map_at_5": 0.61082,
    "map_at_10": 0.62414,
    "map_at_20": 0.62965,
    "map_at_100": 0.63134,
    "map_at_200": 0.63154,
    "map_at_300": 0.63157,
    "map_at_500": 0.63158,
    "map_at_1000": 0.6316,
    "recall_at_1": 0.52411,
    "recall_at_3": 0.66644,
    "recall_at_5": 0.72011,
    "recall_at_10": 0.80189,
    "recall_at_20": 0.86533,
    "recall_at_100": 0.93333,
    "recall_at_200": 0.95833,
    "recall_at_300": 0.96333,
    "recall_at_500": 0.97,
    "recall_at_1000": 0.98,
    "precision_at_1": 0.55333,
    "precision_at_3": 0.24,
    "precision_at_5": 0.16133,
    "precision_at_10": 0.09067,
    "precision_at_20": 0.04917,
    "precision_at_100": 0.0106,
    "precision_at_200": 0.00543,
    "precision_at_300": 0.00364,
    "precision_at_500": 0.0022,
    "precision_at_1000": 0.00111,
    "mrr_at_1": 0.55333,
    "mrr_at_3": 0.61389,
    "mrr_at_5": 0.62522,
    "mrr_at_10": 0.63578,
    "mrr_at_20": 0.63996,
    "mrr_at_100": 0.64159,
    "mrr_at_200": 0.64177,
    "mrr_at_300": 0.64179,
    "mrr_at_500": 0.6418,
    "mrr_at_1000": 0.64182
}