{
    "ndcg_at_1": 0.06019,
    "ndcg_at_3": 0.08052,
    "ndcg_at_5": 0.08969,
    "ndcg_at_10": 0.10188,
    "ndcg_at_20": 0.11458,
    "ndcg_at_100": 0.14264,
    "ndcg_at_200": 0.15552,
    "ndcg_at_300": 0.16072,
    "ndcg_at_500": 0.16825,
    "ndcg_at_1000": 0.17815,
    "map_at_1": 0.04976,
    "map_at_3": 0.06977,
    "map_at_5": 0.0751,
    "map_at_10": 0.08021,
    "map_at_20": 0.08374,
    "map_at_100": 0.08744,
    "map_at_200": 0.08814,
    "map_at_300": 0.08833,
    "map_at_500": 0.08851,
    "map_at_1000": 0.08867,
    "recall_at_1": 0.04976,
    "recall_at_3": 0.09645,
    "recall_at_5": 0.11849,
    "recall_at_10": 0.15514,
    "recall_at_20": 0.20419,
    "recall_at_100": 0.35034,
    "recall_at_200": 0.43659,
    "recall_at_300": 0.47413,
    "recall_at_500": 0.53476,
    "recall_at_1000": 0.62126,
    "precision_at_1": 0.06019,
    "precision_at_3": 0.03866,
    "precision_at_5": 0.02922,
    "precision_at_10": 0.01944,
    "precision_at_20": 0.01276,
    "precision_at_100": 0.00449,
    "precision_at_200": 0.00283,
    "precision_at_300": 0.00208,
    "precision_at_500": 0.00141,
    "precision_at_1000": 0.00083,
    "mrr_at_1": 0.06019,
    "mrr_at_3": 0.08328,
    "mrr_at_5": 0.08899,
    "mrr_at_10": 0.09448,
    "mrr_at_20": 0.09801,
    "mrr_at_100": 0.10169,
    "mrr_at_200": 0.10234,
    "mrr_at_300": 0.10249,
    "mrr_at_500": 0.10266,
    "mrr_at_1000": 0.10278
}