{
    "ndcg_at_1": 0.13184,
    "ndcg_at_3": 0.1605,
    "ndcg_at_5": 0.17478,
    "ndcg_at_10": 0.20152,
    "ndcg_at_20": 0.22539,
    "ndcg_at_100": 0.26324,
    "ndcg_at_200": 0.27728,
    "ndcg_at_300": 0.28605,
    "ndcg_at_500": 0.29458,
    "ndcg_at_1000": 0.30353,
    "map_at_1": 0.10788,
    "map_at_3": 0.14065,
    "map_at_5": 0.14957,
    "map_at_10": 0.16116,
    "map_at_20": 0.16788,
    "map_at_100": 0.17317,
    "map_at_200": 0.17408,
    "map_at_300": 0.17442,
    "map_at_500": 0.17466,
    "map_at_1000": 0.17481,
    "recall_at_1": 0.10788,
    "recall_at_3": 0.1823,
    "recall_at_5": 0.21832,
    "recall_at_10": 0.29748,
    "recall_at_20": 0.3847,
    "recall_at_100": 0.57139,
    "recall_at_200": 0.66135,
    "recall_at_300": 0.72512,
    "recall_at_500": 0.78857,
    "recall_at_1000": 0.86256,
    "precision_at_1": 0.13184,
    "precision_at_3": 0.07711,
    "precision_at_5": 0.05697,
    "precision_at_10": 0.0393,
    "precision_at_20": 0.02618,
    "precision_at_100": 0.00842,
    "precision_at_200": 0.00491,
    "precision_at_300": 0.00359,
    "precision_at_500": 0.00239,
    "precision_at_1000": 0.00133,
    "mrr_at_1": 0.13184,
    "mrr_at_3": 0.17102,
    "mrr_at_5": 0.17979,
    "mrr_at_10": 0.19164,
    "mrr_at_20": 0.19817,
    "mrr_at_100": 0.20278,
    "mrr_at_200": 0.20338,
    "mrr_at_300": 0.20363,
    "mrr_at_500": 0.20376,
    "mrr_at_1000": 0.20386
}