{
    "ndcg_at_1": 0.19435,
    "ndcg_at_3": 0.24853,
    "ndcg_at_5": 0.27113,
    "ndcg_at_10": 0.2913,
    "ndcg_at_20": 0.31718,
    "ndcg_at_100": 0.35288,
    "ndcg_at_200": 0.36393,
    "ndcg_at_300": 0.36867,
    "ndcg_at_500": 0.37442,
    "ndcg_at_1000": 0.37934,
    "map_at_1": 0.17864,
    "map_at_3": 0.22824,
    "map_at_5": 0.2416,
    "map_at_10": 0.25024,
    "map_at_20": 0.25746,
    "map_at_100": 0.26256,
    "map_at_200": 0.26318,
    "map_at_300": 0.26336,
    "map_at_500": 0.26351,
    "map_at_1000": 0.26359,
    "recall_at_1": 0.17864,
    "recall_at_3": 0.28806,
    "recall_at_5": 0.34243,
    "recall_at_10": 0.4017,
    "recall_at_20": 0.49982,
    "recall_at_100": 0.68376,
    "recall_at_200": 0.75895,
    "recall_at_300": 0.79462,
    "recall_at_500": 0.84118,
    "recall_at_1000": 0.88381,
    "precision_at_1": 0.19435,
    "precision_at_3": 0.10697,
    "precision_at_5": 0.07706,
    "precision_at_10": 0.0461,
    "precision_at_20": 0.0291,
    "precision_at_100": 0.0082,
    "precision_at_200": 0.00457,
    "precision_at_300": 0.0032,
    "precision_at_500": 0.00204,
    "precision_at_1000": 0.00109,
    "mrr_at_1": 0.19435,
    "mrr_at_3": 0.24482,
    "mrr_at_5": 0.25793,
    "mrr_at_10": 0.26646,
    "mrr_at_20": 0.27372,
    "mrr_at_100": 0.27822,
    "mrr_at_200": 0.27874,
    "mrr_at_300": 0.27888,
    "mrr_at_500": 0.27898,
    "mrr_at_1000": 0.27903
}