{
    "ndcg_at_1": 0.18462,
    "ndcg_at_3": 0.14835,
    "ndcg_at_5": 0.13349,
    "ndcg_at_10": 0.11712,
    "ndcg_at_20": 0.14659,
    "ndcg_at_100": 0.22687,
    "ndcg_at_200": 0.25167,
    "ndcg_at_300": 0.26103,
    "ndcg_at_500": 0.27241,
    "ndcg_at_1000": 0.2896,
    "map_at_1": 0.01846,
    "map_at_3": 0.03359,
    "map_at_5": 0.04182,
    "map_at_10": 0.05586,
    "map_at_20": 0.06692,
    "map_at_100": 0.08336,
    "map_at_200": 0.08652,
    "map_at_300": 0.08729,
    "map_at_500": 0.08802,
    "map_at_1000": 0.08865,
    "recall_at_1": 0.01846,
    "recall_at_3": 0.04154,
    "recall_at_5": 0.06,
    "recall_at_10": 0.10308,
    "recall_at_20": 0.15692,
    "recall_at_100": 0.35692,
    "recall_at_200": 0.43692,
    "recall_at_300": 0.47077,
    "recall_at_500": 0.51538,
    "recall_at_1000": 0.58923,
    "precision_at_1": 0.18462,
    "precision_at_3": 0.13846,
    "precision_at_5": 0.12,
    "precision_at_10": 0.10308,
    "precision_at_20": 0.07846,
    "precision_at_100": 0.03569,
    "precision_at_200": 0.02185,
    "precision_at_300": 0.01569,
    "precision_at_500": 0.01031,
    "precision_at_1000": 0.00589,
    "mrr_at_1": 0.18462,
    "mrr_at_3": 0.24615,
    "mrr_at_5": 0.26538,
    "mrr_at_10": 0.28247,
    "mrr_at_20": 0.29553,
    "mrr_at_100": 0.30212,
    "mrr_at_200": 0.30212,
    "mrr_at_300": 0.30225,
    "mrr_at_500": 0.30225,
    "mrr_at_1000": 0.30225,
    "rc_at_1": {
        "relevant": 0.18462,
        "distractor": 0.63077
    },
    "rc_at_3": {
        "relevant": 0.46154,
        "distractor": 1.81538
    },
    "rc_at_5": {
        "relevant": 0.70769,
        "distractor": 2.93846
    },
    "rc_at_10": {
        "relevant": 1.10769,
        "distractor": 5.89231
    },
    "rc_at_20": {
        "relevant": 1.70769,
        "distractor": 10.89231
    },
    "rc_at_100": {
        "relevant": 3.86154,
        "distractor": 31.52308
    },
    "rc_at_200": {
        "relevant": 4.55385,
        "distractor": 40.15385
    },
    "rc_at_300": {
        "relevant": 4.92308,
        "distractor": 44.95385
    },
    "rc_at_500": {
        "relevant": 5.46154,
        "distractor": 51.26154
    },
    "rc_at_1000": {
        "relevant": 5.89231,
        "distractor": 57.12308
    }
}