{
    "ndcg_at_1": 0.2,
    "ndcg_at_3": 0.16012,
    "ndcg_at_5": 0.15907,
    "ndcg_at_10": 0.1414,
    "ndcg_at_20": 0.1861,
    "ndcg_at_100": 0.3073,
    "ndcg_at_200": 0.33724,
    "ndcg_at_300": 0.35313,
    "ndcg_at_500": 0.36856,
    "ndcg_at_1000": 0.38244,
    "map_at_1": 0.02,
    "map_at_3": 0.0359,
    "map_at_5": 0.04959,
    "map_at_10": 0.0673,
    "map_at_20": 0.08312,
    "map_at_100": 0.11404,
    "map_at_200": 0.11851,
    "map_at_300": 0.12016,
    "map_at_500": 0.12124,
    "map_at_1000": 0.12185,
    "recall_at_1": 0.02,
    "recall_at_3": 0.04462,
    "recall_at_5": 0.07538,
    "recall_at_10": 0.12923,
    "recall_at_20": 0.20923,
    "recall_at_100": 0.51385,
    "recall_at_200": 0.61077,
    "recall_at_300": 0.66769,
    "recall_at_500": 0.72769,
    "recall_at_1000": 0.78769,
    "precision_at_1": 0.2,
    "precision_at_3": 0.14872,
    "precision_at_5": 0.15077,
    "precision_at_10": 0.12923,
    "precision_at_20": 0.10462,
    "precision_at_100": 0.05138,
    "precision_at_200": 0.03054,
    "precision_at_300": 0.02226,
    "precision_at_500": 0.01455,
    "precision_at_1000": 0.00788,
    "mrr_at_1": 0.21538,
    "mrr_at_3": 0.28718,
    "mrr_at_5": 0.31872,
    "mrr_at_10": 0.33466,
    "mrr_at_20": 0.35022,
    "mrr_at_100": 0.3528,
    "mrr_at_200": 0.3528,
    "mrr_at_300": 0.3528,
    "mrr_at_500": 0.3528,
    "mrr_at_1000": 0.3528,
    "rc_at_1": {
        "relevant": 0.21538,
        "distractor": 0.75385
    },
    "rc_at_3": {
        "relevant": 0.53846,
        "distractor": 2.29231
    },
    "rc_at_5": {
        "relevant": 0.92308,
        "distractor": 3.67692
    },
    "rc_at_10": {
        "relevant": 1.36923,
        "distractor": 7.6
    },
    "rc_at_20": {
        "relevant": 2.27692,
        "distractor": 14.69231
    },
    "rc_at_100": {
        "relevant": 5.29231,
        "distractor": 50.47692
    },
    "rc_at_200": {
        "relevant": 6.44615,
        "distractor": 62.0
    },
    "rc_at_300": {
        "relevant": 6.96923,
        "distractor": 67.61538
    },
    "rc_at_500": {
        "relevant": 7.52308,
        "distractor": 74.24615
    },
    "rc_at_1000": {
        "relevant": 7.87692,
        "distractor": 79.90769
    }
}