{
    "ndcg_at_1": 0.10909,
    "ndcg_at_3": 0.09741,
    "ndcg_at_5": 0.09349,
    "ndcg_at_10": 0.07262,
    "ndcg_at_20": 0.0795,
    "ndcg_at_100": 0.11325,
    "ndcg_at_200": 0.12782,
    "ndcg_at_300": 0.13137,
    "ndcg_at_500": 0.13969,
    "ndcg_at_1000": 0.14775,
    "map_at_1": 0.01091,
    "map_at_3": 0.02,
    "map_at_5": 0.02555,
    "map_at_10": 0.03094,
    "map_at_20": 0.03237,
    "map_at_100": 0.03742,
    "map_at_200": 0.03874,
    "map_at_300": 0.03889,
    "map_at_500": 0.03922,
    "map_at_1000": 0.03947,
    "recall_at_1": 0.01091,
    "recall_at_3": 0.02727,
    "recall_at_5": 0.04364,
    "recall_at_10": 0.06,
    "recall_at_20": 0.07273,
    "recall_at_100": 0.15818,
    "recall_at_200": 0.20545,
    "recall_at_300": 0.21818,
    "recall_at_500": 0.25091,
    "recall_at_1000": 0.28545,
    "precision_at_1": 0.10909,
    "precision_at_3": 0.09091,
    "precision_at_5": 0.08727,
    "precision_at_10": 0.06,
    "precision_at_20": 0.03636,
    "precision_at_100": 0.01582,
    "precision_at_200": 0.01027,
    "precision_at_300": 0.00727,
    "precision_at_500": 0.00502,
    "precision_at_1000": 0.00285,
    "mrr_at_1": 0.12727,
    "mrr_at_3": 0.20606,
    "mrr_at_5": 0.21879,
    "mrr_at_10": 0.22929,
    "mrr_at_20": 0.23468,
    "mrr_at_100": 0.23843,
    "mrr_at_200": 0.23868,
    "mrr_at_300": 0.23898,
    "mrr_at_500": 0.23902,
    "mrr_at_1000": 0.23907,
    "rc_at_1": {
        "relevant": 0.12727,
        "distractor": 0.27273
    },
    "rc_at_3": {
        "relevant": 0.32727,
        "distractor": 0.72727
    },
    "rc_at_5": {
        "relevant": 0.45455,
        "distractor": 0.96364
    },
    "rc_at_10": {
        "relevant": 0.63636,
        "distractor": 1.63636
    },
    "rc_at_20": {
        "relevant": 0.81818,
        "distractor": 2.49091
    },
    "rc_at_100": {
        "relevant": 1.69091,
        "distractor": 6.21818
    },
    "rc_at_200": {
        "relevant": 2.05455,
        "distractor": 8.36364
    },
    "rc_at_300": {
        "relevant": 2.29091,
        "distractor": 9.83636
    },
    "rc_at_500": {
        "relevant": 2.63636,
        "distractor": 12.43636
    },
    "rc_at_1000": {
        "relevant": 2.85455,
        "distractor": 16.05455
    }
}