{
    "ndcg_at_1": 0.2,
    "ndcg_at_3": 0.18294,
    "ndcg_at_5": 0.16723,
    "ndcg_at_10": 0.11841,
    "ndcg_at_20": 0.15058,
    "ndcg_at_100": 0.20303,
    "ndcg_at_200": 0.2152,
    "ndcg_at_300": 0.22126,
    "ndcg_at_500": 0.23479,
    "ndcg_at_1000": 0.25049,
    "map_at_1": 0.02,
    "map_at_3": 0.0403,
    "map_at_5": 0.05194,
    "map_at_10": 0.05554,
    "map_at_20": 0.06709,
    "map_at_100": 0.07976,
    "map_at_200": 0.08101,
    "map_at_300": 0.08148,
    "map_at_500": 0.08224,
    "map_at_1000": 0.08276,
    "recall_at_1": 0.02,
    "recall_at_3": 0.05273,
    "recall_at_5": 0.07818,
    "recall_at_10": 0.09273,
    "recall_at_20": 0.14909,
    "recall_at_100": 0.27818,
    "recall_at_200": 0.31818,
    "recall_at_300": 0.34,
    "recall_at_500": 0.39273,
    "recall_at_1000": 0.46,
    "precision_at_1": 0.2,
    "precision_at_3": 0.17576,
    "precision_at_5": 0.15636,
    "precision_at_10": 0.09273,
    "precision_at_20": 0.07455,
    "precision_at_100": 0.02782,
    "precision_at_200": 0.01591,
    "precision_at_300": 0.01133,
    "precision_at_500": 0.00785,
    "precision_at_1000": 0.0046,
    "mrr_at_1": 0.21818,
    "mrr_at_3": 0.31212,
    "mrr_at_5": 0.3303,
    "mrr_at_10": 0.34126,
    "mrr_at_20": 0.34682,
    "mrr_at_100": 0.34985,
    "mrr_at_200": 0.35014,
    "mrr_at_300": 0.35014,
    "mrr_at_500": 0.35019,
    "mrr_at_1000": 0.35023,
    "rc_at_1": {
        "relevant": 0.21818,
        "distractor": 0.45455
    },
    "rc_at_3": {
        "relevant": 0.52727,
        "distractor": 1.21818
    },
    "rc_at_5": {
        "relevant": 0.78182,
        "distractor": 2.0
    },
    "rc_at_10": {
        "relevant": 1.09091,
        "distractor": 3.58182
    },
    "rc_at_20": {
        "relevant": 1.56364,
        "distractor": 6.01818
    },
    "rc_at_100": {
        "relevant": 2.78182,
        "distractor": 14.54545
    },
    "rc_at_200": {
        "relevant": 3.21818,
        "distractor": 19.94545
    },
    "rc_at_300": {
        "relevant": 3.54545,
        "distractor": 22.78182
    },
    "rc_at_500": {
        "relevant": 4.07273,
        "distractor": 27.01818
    },
    "rc_at_1000": {
        "relevant": 4.6,
        "distractor": 32.47273
    }
}