{
    "ndcg_at_1": 0.32727,
    "ndcg_at_3": 0.26288,
    "ndcg_at_5": 0.22289,
    "ndcg_at_10": 0.18891,
    "ndcg_at_20": 0.24357,
    "ndcg_at_100": 0.3683,
    "ndcg_at_200": 0.39267,
    "ndcg_at_300": 0.40936,
    "ndcg_at_500": 0.42602,
    "ndcg_at_1000": 0.4396,
    "map_at_1": 0.03273,
    "map_at_3": 0.06091,
    "map_at_5": 0.07327,
    "map_at_10": 0.09355,
    "map_at_20": 0.12108,
    "map_at_100": 0.15766,
    "map_at_200": 0.16124,
    "map_at_300": 0.16305,
    "map_at_500": 0.16416,
    "map_at_1000": 0.16478,
    "recall_at_1": 0.03273,
    "recall_at_3": 0.07455,
    "recall_at_5": 0.09818,
    "recall_at_10": 0.16182,
    "recall_at_20": 0.26,
    "recall_at_100": 0.56909,
    "recall_at_200": 0.64727,
    "recall_at_300": 0.70727,
    "recall_at_500": 0.77273,
    "recall_at_1000": 0.83091,
    "precision_at_1": 0.32727,
    "precision_at_3": 0.24848,
    "precision_at_5": 0.19636,
    "precision_at_10": 0.16182,
    "precision_at_20": 0.13,
    "precision_at_100": 0.05691,
    "precision_at_200": 0.03236,
    "precision_at_300": 0.02358,
    "precision_at_500": 0.01545,
    "precision_at_1000": 0.00831,
    "mrr_at_1": 0.32727,
    "mrr_at_3": 0.42121,
    "mrr_at_5": 0.42485,
    "mrr_at_10": 0.44873,
    "mrr_at_20": 0.45413,
    "mrr_at_100": 0.45843,
    "mrr_at_200": 0.45843,
    "mrr_at_300": 0.45851,
    "mrr_at_500": 0.45855,
    "mrr_at_1000": 0.45855,
    "rc_at_1": {
        "relevant": 0.32727,
        "distractor": 0.61818
    },
    "rc_at_3": {
        "relevant": 0.74545,
        "distractor": 2.03636
    },
    "rc_at_5": {
        "relevant": 0.94545,
        "distractor": 3.61818
    },
    "rc_at_10": {
        "relevant": 1.6,
        "distractor": 7.47273
    },
    "rc_at_20": {
        "relevant": 2.72727,
        "distractor": 14.14545
    },
    "rc_at_100": {
        "relevant": 5.74545,
        "distractor": 45.09091
    },
    "rc_at_200": {
        "relevant": 6.58182,
        "distractor": 56.6
    },
    "rc_at_300": {
        "relevant": 7.05455,
        "distractor": 61.72727
    },
    "rc_at_500": {
        "relevant": 7.78182,
        "distractor": 68.50909
    },
    "rc_at_1000": {
        "relevant": 8.30909,
        "distractor": 75.94545
    }
}