{
    "ndcg_at_1": 0.0411,
    "ndcg_at_3": 0.05009,
    "ndcg_at_5": 0.05817,
    "ndcg_at_10": 0.06917,
    "ndcg_at_20": 0.07945,
    "ndcg_at_100": 0.10481,
    "ndcg_at_200": 0.11661,
    "ndcg_at_300": 0.1235,
    "ndcg_at_500": 0.13078,
    "ndcg_at_1000": 0.14172,
    "map_at_1": 0.03328,
    "map_at_3": 0.0426,
    "map_at_5": 0.04761,
    "map_at_10": 0.05235,
    "map_at_20": 0.0553,
    "map_at_100": 0.05851,
    "map_at_200": 0.05914,
    "map_at_300": 0.05939,
    "map_at_500": 0.05957,
    "map_at_1000": 0.05974,
    "recall_at_1": 0.03328,
    "recall_at_3": 0.05505,
    "recall_at_5": 0.07539,
    "recall_at_10": 0.10935,
    "recall_at_20": 0.14689,
    "recall_at_100": 0.27656,
    "recall_at_200": 0.35322,
    "recall_at_300": 0.40341,
    "recall_at_500": 0.45814,
    "recall_at_1000": 0.5501,
    "precision_at_1": 0.0411,
    "precision_at_3": 0.02511,
    "precision_at_5": 0.02078,
    "precision_at_10": 0.0145,
    "precision_at_20": 0.00999,
    "precision_at_100": 0.004,
    "precision_at_200": 0.00261,
    "precision_at_300": 0.002,
    "precision_at_500": 0.00141,
    "precision_at_1000": 0.00087,
    "mrr_at_1": 0.04224,
    "mrr_at_3": 0.05689,
    "mrr_at_5": 0.0626,
    "mrr_at_10": 0.06752,
    "mrr_at_20": 0.07046,
    "mrr_at_100": 0.07383,
    "mrr_at_200": 0.07449,
    "mrr_at_300": 0.0747,
    "mrr_at_500": 0.07486,
    "mrr_at_1000": 0.07499
}