{
    "ndcg_at_1": 0.09718,
    "ndcg_at_3": 0.12478,
    "ndcg_at_5": 0.13758,
    "ndcg_at_10": 0.15538,
    "ndcg_at_20": 0.16936,
    "ndcg_at_100": 0.19921,
    "ndcg_at_200": 0.2097,
    "ndcg_at_300": 0.2166,
    "ndcg_at_500": 0.22369,
    "ndcg_at_1000": 0.23326,
    "map_at_1": 0.08386,
    "map_at_3": 0.11113,
    "map_at_5": 0.11877,
    "map_at_10": 0.12648,
    "map_at_20": 0.1304,
    "map_at_100": 0.13448,
    "map_at_200": 0.13507,
    "map_at_300": 0.13532,
    "map_at_500": 0.1355,
    "map_at_1000": 0.13565,
    "recall_at_1": 0.08386,
    "recall_at_3": 0.14497,
    "recall_at_5": 0.1765,
    "recall_at_10": 0.22906,
    "recall_at_20": 0.28136,
    "recall_at_100": 0.43504,
    "recall_at_200": 0.5051,
    "recall_at_300": 0.55603,
    "recall_at_500": 0.61135,
    "recall_at_1000": 0.69495,
    "precision_at_1": 0.09718,
    "precision_at_3": 0.05852,
    "precision_at_5": 0.04238,
    "precision_at_10": 0.02796,
    "precision_at_20": 0.01755,
    "precision_at_100": 0.00564,
    "precision_at_200": 0.0033,
    "precision_at_300": 0.00244,
    "precision_at_500": 0.00164,
    "precision_at_1000": 0.00094,
    "mrr_at_1": 0.09718,
    "mrr_at_3": 0.12759,
    "mrr_at_5": 0.13508,
    "mrr_at_10": 0.14278,
    "mrr_at_20": 0.14701,
    "mrr_at_100": 0.15081,
    "mrr_at_200": 0.15133,
    "mrr_at_300": 0.15155,
    "mrr_at_500": 0.15168,
    "mrr_at_1000": 0.15179
}