{
    "ndcg_at_1": 0.29384,
    "ndcg_at_3": 0.34862,
    "ndcg_at_5": 0.38051,
    "ndcg_at_10": 0.4091,
    "ndcg_at_20": 0.43158,
    "ndcg_at_100": 0.46417,
    "ndcg_at_200": 0.47448,
    "ndcg_at_300": 0.47817,
    "ndcg_at_500": 0.48316,
    "ndcg_at_1000": 0.48755,
    "map_at_1": 0.25095,
    "map_at_3": 0.31559,
    "map_at_5": 0.33673,
    "map_at_10": 0.35056,
    "map_at_20": 0.35772,
    "map_at_100": 0.36308,
    "map_at_200": 0.36379,
    "map_at_300": 0.36395,
    "map_at_500": 0.3641,
    "map_at_1000": 0.36419,
    "recall_at_1": 0.25095,
    "recall_at_3": 0.38553,
    "recall_at_5": 0.46586,
    "recall_at_10": 0.5494,
    "recall_at_20": 0.6291,
    "recall_at_100": 0.78379,
    "recall_at_200": 0.84738,
    "recall_at_300": 0.87277,
    "recall_at_500": 0.90954,
    "recall_at_1000": 0.94493,
    "precision_at_1": 0.29384,
    "precision_at_3": 0.16045,
    "precision_at_5": 0.11903,
    "precision_at_10": 0.07211,
    "precision_at_20": 0.0424,
    "precision_at_100": 0.01117,
    "precision_at_200": 0.00617,
    "precision_at_300": 0.00427,
    "precision_at_500": 0.00271,
    "precision_at_1000": 0.00143,
    "mrr_at_1": 0.29384,
    "mrr_at_3": 0.35805,
    "mrr_at_5": 0.37722,
    "mrr_at_10": 0.38792,
    "mrr_at_20": 0.3935,
    "mrr_at_100": 0.39744,
    "mrr_at_200": 0.39782,
    "mrr_at_300": 0.39791,
    "mrr_at_500": 0.39799,
    "mrr_at_1000": 0.39803
}