{
    "ndcg_at_1": 0.21937,
    "ndcg_at_3": 0.25375,
    "ndcg_at_5": 0.27305,
    "ndcg_at_10": 0.29985,
    "ndcg_at_20": 0.32364,
    "ndcg_at_100": 0.35861,
    "ndcg_at_200": 0.36887,
    "ndcg_at_300": 0.37368,
    "ndcg_at_500": 0.37905,
    "ndcg_at_1000": 0.38707,
    "map_at_1": 0.17952,
    "map_at_3": 0.22402,
    "map_at_5": 0.23681,
    "map_at_10": 0.24928,
    "map_at_20": 0.25698,
    "map_at_100": 0.26322,
    "map_at_200": 0.26417,
    "map_at_300": 0.2645,
    "map_at_500": 0.26484,
    "map_at_1000": 0.26506,
    "recall_at_1": 0.17952,
    "recall_at_3": 0.26977,
    "recall_at_5": 0.3199,
    "recall_at_10": 0.40103,
    "recall_at_20": 0.49353,
    "recall_at_100": 0.66564,
    "recall_at_200": 0.72732,
    "recall_at_300": 0.75737,
    "recall_at_500": 0.78806,
    "recall_at_1000": 0.8516,
    "precision_at_1": 0.21937,
    "precision_at_3": 0.11858,
    "precision_at_5": 0.08972,
    "precision_at_10": 0.06028,
    "precision_at_20": 0.03883,
    "precision_at_100": 0.01229,
    "precision_at_200": 0.00731,
    "precision_at_300": 0.00534,
    "precision_at_500": 0.00361,
    "precision_at_1000": 0.00203,
    "mrr_at_1": 0.21937,
    "mrr_at_3": 0.26318,
    "mrr_at_5": 0.27839,
    "mrr_at_10": 0.29077,
    "mrr_at_20": 0.29771,
    "mrr_at_100": 0.30143,
    "mrr_at_200": 0.3018,
    "mrr_at_300": 0.30191,
    "mrr_at_500": 0.30197,
    "mrr_at_1000": 0.30205
}