{
    "ndcg_at_1": 0.21066,
    "ndcg_at_3": 0.25937,
    "ndcg_at_5": 0.2789,
    "ndcg_at_10": 0.30364,
    "ndcg_at_20": 0.32557,
    "ndcg_at_100": 0.36086,
    "ndcg_at_200": 0.37115,
    "ndcg_at_300": 0.37611,
    "ndcg_at_500": 0.38172,
    "ndcg_at_1000": 0.38813,
    "map_at_1": 0.17986,
    "map_at_3": 0.23418,
    "map_at_5": 0.24636,
    "map_at_10": 0.25717,
    "map_at_20": 0.26379,
    "map_at_100": 0.26908,
    "map_at_200": 0.26971,
    "map_at_300": 0.2699,
    "map_at_500": 0.27006,
    "map_at_1000": 0.27018,
    "recall_at_1": 0.17986,
    "recall_at_3": 0.29413,
    "recall_at_5": 0.34289,
    "recall_at_10": 0.41657,
    "recall_at_20": 0.49821,
    "recall_at_100": 0.67802,
    "recall_at_200": 0.74409,
    "recall_at_300": 0.78019,
    "recall_at_500": 0.82368,
    "recall_at_1000": 0.87851,
    "precision_at_1": 0.21066,
    "precision_at_3": 0.11954,
    "precision_at_5": 0.08439,
    "precision_at_10": 0.05248,
    "precision_at_20": 0.03223,
    "precision_at_100": 0.00908,
    "precision_at_200": 0.00505,
    "precision_at_300": 0.00355,
    "precision_at_500": 0.00227,
    "precision_at_1000": 0.00122,
    "mrr_at_1": 0.21066,
    "mrr_at_3": 0.26437,
    "mrr_at_5": 0.27606,
    "mrr_at_10": 0.28639,
    "mrr_at_20": 0.2924,
    "mrr_at_100": 0.29661,
    "mrr_at_200": 0.29707,
    "mrr_at_300": 0.2972,
    "mrr_at_500": 0.2973,
    "mrr_at_1000": 0.29736
}