{
    "ndcg_at_1": 0.44272,
    "ndcg_at_3": 0.40387,
    "ndcg_at_5": 0.38828,
    "ndcg_at_10": 0.35989,
    "ndcg_at_20": 0.33865,
    "ndcg_at_100": 0.33442,
    "ndcg_at_200": 0.3527,
    "ndcg_at_300": 0.36733,
    "ndcg_at_500": 0.38829,
    "ndcg_at_1000": 0.42444,
    "map_at_1": 0.05094,
    "map_at_3": 0.08835,
    "map_at_5": 0.10775,
    "map_at_10": 0.1292,
    "map_at_20": 0.14662,
    "map_at_100": 0.17047,
    "map_at_200": 0.177,
    "map_at_300": 0.1801,
    "map_at_500": 0.18347,
    "map_at_1000": 0.18742,
    "recall_at_1": 0.05094,
    "recall_at_3": 0.09739,
    "recall_at_5": 0.1326,
    "recall_at_10": 0.17187,
    "recall_at_20": 0.21439,
    "recall_at_100": 0.34397,
    "recall_at_200": 0.42286,
    "recall_at_300": 0.47639,
    "recall_at_500": 0.54423,
    "recall_at_1000": 0.6664,
    "precision_at_1": 0.4644,
    "precision_at_3": 0.387,
    "precision_at_5": 0.34613,
    "precision_at_10": 0.27585,
    "precision_at_20": 0.20991,
    "precision_at_100": 0.09043,
    "precision_at_200": 0.05972,
    "precision_at_300": 0.0466,
    "precision_at_500": 0.03427,
    "precision_at_1000": 0.02261,
    "mrr_at_1": 0.4644,
    "mrr_at_3": 0.53096,
    "mrr_at_5": 0.54303,
    "mrr_at_10": 0.55046,
    "mrr_at_20": 0.55362,
    "mrr_at_100": 0.556,
    "mrr_at_200": 0.55629,
    "mrr_at_300": 0.55635,
    "mrr_at_500": 0.55638,
    "mrr_at_1000": 0.55643
}