{
    "ndcg_at_1": 0.14667,
    "ndcg_at_3": 0.17124,
    "ndcg_at_5": 0.18177,
    "ndcg_at_10": 0.19983,
    "ndcg_at_20": 0.21791,
    "ndcg_at_100": 0.25697,
    "ndcg_at_200": 0.26702,
    "ndcg_at_300": 0.27315,
    "ndcg_at_500": 0.28217,
    "ndcg_at_1000": 0.29489,
    "map_at_1": 0.13333,
    "map_at_3": 0.1592,
    "map_at_5": 0.16537,
    "map_at_10": 0.17282,
    "map_at_20": 0.17806,
    "map_at_100": 0.18363,
    "map_at_200": 0.1842,
    "map_at_300": 0.18441,
    "map_at_500": 0.18462,
    "map_at_1000": 0.18481,
    "recall_at_1": 0.13333,
    "recall_at_3": 0.18983,
    "recall_at_5": 0.21817,
    "recall_at_10": 0.272,
    "recall_at_20": 0.34117,
    "recall_at_100": 0.54722,
    "recall_at_200": 0.61589,
    "recall_at_300": 0.66322,
    "recall_at_500": 0.73989,
    "recall_at_1000": 0.85767,
    "precision_at_1": 0.14667,
    "precision_at_3": 0.07222,
    "precision_at_5": 0.05,
    "precision_at_10": 0.03167,
    "precision_at_20": 0.01967,
    "precision_at_100": 0.00637,
    "precision_at_200": 0.0036,
    "precision_at_300": 0.00258,
    "precision_at_500": 0.00171,
    "precision_at_1000": 0.00098,
    "mrr_at_1": 0.14667,
    "mrr_at_3": 0.17278,
    "mrr_at_5": 0.17894,
    "mrr_at_10": 0.18679,
    "mrr_at_20": 0.19161,
    "mrr_at_100": 0.19652,
    "mrr_at_200": 0.197,
    "mrr_at_300": 0.1972,
    "mrr_at_500": 0.1974,
    "mrr_at_1000": 0.19756
}