{
    "ndcg_at_1": 0.43323,
    "ndcg_at_3": 0.50754,
    "ndcg_at_5": 0.53534,
    "ndcg_at_10": 0.56477,
    "ndcg_at_20": 0.58093,
    "ndcg_at_100": 0.60653,
    "ndcg_at_200": 0.61142,
    "ndcg_at_300": 0.61341,
    "ndcg_at_500": 0.61574,
    "ndcg_at_1000": 0.61761,
    "map_at_1": 0.37923,
    "map_at_3": 0.47073,
    "map_at_5": 0.48945,
    "map_at_10": 0.50383,
    "map_at_20": 0.50959,
    "map_at_100": 0.51431,
    "map_at_200": 0.51466,
    "map_at_300": 0.51475,
    "map_at_500": 0.51482,
    "map_at_1000": 0.51486,
    "recall_at_1": 0.37923,
    "recall_at_3": 0.55761,
    "recall_at_5": 0.62591,
    "recall_at_10": 0.71185,
    "recall_at_20": 0.76976,
    "recall_at_100": 0.89206,
    "recall_at_200": 0.92337,
    "recall_at_300": 0.93735,
    "recall_at_500": 0.95569,
    "recall_at_1000": 0.97138,
    "precision_at_1": 0.43323,
    "precision_at_3": 0.22717,
    "precision_at_5": 0.15699,
    "precision_at_10": 0.0916,
    "precision_at_20": 0.05107,
    "precision_at_100": 0.01229,
    "precision_at_200": 0.00641,
    "precision_at_300": 0.00436,
    "precision_at_500": 0.00267,
    "precision_at_1000": 0.00136,
    "mrr_at_1": 0.43323,
    "mrr_at_3": 0.51139,
    "mrr_at_5": 0.52659,
    "mrr_at_10": 0.53805,
    "mrr_at_20": 0.5418,
    "mrr_at_100": 0.54455,
    "mrr_at_200": 0.54474,
    "mrr_at_300": 0.54479,
    "mrr_at_500": 0.54483,
    "mrr_at_1000": 0.54485
}