{
    "ndcg_at_1": 0.231,
    "ndcg_at_3": 0.18085,
    "ndcg_at_5": 0.15712,
    "ndcg_at_10": 0.18872,
    "ndcg_at_20": 0.21633,
    "ndcg_at_100": 0.26535,
    "ndcg_at_200": 0.28238,
    "ndcg_at_300": 0.29071,
    "ndcg_at_500": 0.30127,
    "ndcg_at_1000": 0.31459,
    "map_at_1": 0.04693,
    "map_at_3": 0.08064,
    "map_at_5": 0.0945,
    "map_at_10": 0.11019,
    "map_at_20": 0.11986,
    "map_at_100": 0.12955,
    "map_at_200": 0.13104,
    "map_at_300": 0.1315,
    "map_at_500": 0.13194,
    "map_at_1000": 0.1323,
    "recall_at_1": 0.04693,
    "recall_at_3": 0.10178,
    "recall_at_5": 0.13817,
    "recall_at_10": 0.1965,
    "recall_at_20": 0.26143,
    "recall_at_100": 0.42043,
    "recall_at_200": 0.49265,
    "recall_at_300": 0.5319,
    "recall_at_500": 0.58605,
    "recall_at_1000": 0.66085,
    "precision_at_1": 0.231,
    "precision_at_3": 0.167,
    "precision_at_5": 0.136,
    "precision_at_10": 0.0966,
    "precision_at_20": 0.06435,
    "precision_at_100": 0.02072,
    "precision_at_200": 0.01214,
    "precision_at_300": 0.00874,
    "precision_at_500": 0.00577,
    "precision_at_1000": 0.00325,
    "mrr_at_1": 0.231,
    "mrr_at_3": 0.29933,
    "mrr_at_5": 0.32008,
    "mrr_at_10": 0.33374,
    "mrr_at_20": 0.34017,
    "mrr_at_100": 0.34429,
    "mrr_at_200": 0.34467,
    "mrr_at_300": 0.34478,
    "mrr_at_500": 0.34486,
    "mrr_at_1000": 0.3449
}