{
    "ndcg_at_1": 0.03125,
    "ndcg_at_3": 0.02305,
    "ndcg_at_5": 0.02068,
    "ndcg_at_10": 0.02085,
    "ndcg_at_20": 0.02143,
    "ndcg_at_100": 0.02591,
    "ndcg_at_200": 0.03077,
    "ndcg_at_300": 0.03359,
    "ndcg_at_500": 0.03877,
    "ndcg_at_1000": 0.04624,
    "map_at_1": 0.00333,
    "map_at_3": 0.00412,
    "map_at_5": 0.00444,
    "map_at_10": 0.00507,
    "map_at_20": 0.00556,
    "map_at_100": 0.00621,
    "map_at_200": 0.00643,
    "map_at_300": 0.00656,
    "map_at_500": 0.00672,
    "map_at_1000": 0.0069,
    "recall_at_1": 0.00333,
    "recall_at_3": 0.00494,
    "recall_at_5": 0.00605,
    "recall_at_10": 0.00925,
    "recall_at_20": 0.01491,
    "recall_at_100": 0.03168,
    "recall_at_200": 0.04617,
    "recall_at_300": 0.05549,
    "recall_at_500": 0.07434,
    "recall_at_1000": 0.10461,
    "precision_at_1": 0.045,
    "precision_at_3": 0.02583,
    "precision_at_5": 0.0195,
    "precision_at_10": 0.01725,
    "precision_at_20": 0.014,
    "precision_at_100": 0.0071,
    "precision_at_200": 0.00535,
    "precision_at_300": 0.00438,
    "precision_at_500": 0.00365,
    "precision_at_1000": 0.00262,
    "mrr_at_1": 0.045,
    "mrr_at_3": 0.05917,
    "mrr_at_5": 0.06142,
    "mrr_at_10": 0.06735,
    "mrr_at_20": 0.07188,
    "mrr_at_100": 0.07528,
    "mrr_at_200": 0.07594,
    "mrr_at_300": 0.07609,
    "mrr_at_500": 0.07625,
    "mrr_at_1000": 0.07635
}