{
    "ndcg_at_1": 0.46333,
    "ndcg_at_3": 0.52014,
    "ndcg_at_5": 0.53637,
    "ndcg_at_10": 0.56621,
    "ndcg_at_20": 0.57734,
    "ndcg_at_100": 0.59989,
    "ndcg_at_200": 0.6046,
    "ndcg_at_300": 0.60937,
    "ndcg_at_500": 0.61186,
    "ndcg_at_1000": 0.61561,
    "map_at_1": 0.43911,
    "map_at_3": 0.49819,
    "map_at_5": 0.50955,
    "map_at_10": 0.52301,
    "map_at_20": 0.52653,
    "map_at_100": 0.53,
    "map_at_200": 0.53025,
    "map_at_300": 0.53042,
    "map_at_500": 0.53048,
    "map_at_1000": 0.53053,
    "recall_at_1": 0.43911,
    "recall_at_3": 0.55572,
    "recall_at_5": 0.59733,
    "recall_at_10": 0.6865,
    "recall_at_20": 0.72728,
    "recall_at_100": 0.84533,
    "recall_at_200": 0.87867,
    "recall_at_300": 0.916,
    "recall_at_500": 0.93667,
    "recall_at_1000": 0.97167,
    "precision_at_1": 0.46333,
    "precision_at_3": 0.20444,
    "precision_at_5": 0.13467,
    "precision_at_10": 0.078,
    "precision_at_20": 0.04167,
    "precision_at_100": 0.00967,
    "precision_at_200": 0.005,
    "precision_at_300": 0.00347,
    "precision_at_500": 0.00213,
    "precision_at_1000": 0.0011,
    "mrr_at_1": 0.46333,
    "mrr_at_3": 0.51611,
    "mrr_at_5": 0.52594,
    "mrr_at_10": 0.53701,
    "mrr_at_20": 0.53976,
    "mrr_at_100": 0.54258,
    "mrr_at_200": 0.54283,
    "mrr_at_300": 0.54299,
    "mrr_at_500": 0.54304,
    "mrr_at_1000": 0.54309
}