{
    "ndcg_at_1": 0.67,
    "ndcg_at_3": 0.67542,
    "ndcg_at_5": 0.66939,
    "ndcg_at_10": 0.6531,
    "ndcg_at_20": 0.61678,
    "ndcg_at_100": 0.481,
    "ndcg_at_200": 0.40526,
    "ndcg_at_300": 0.37467,
    "ndcg_at_500": 0.37101,
    "ndcg_at_1000": 0.42239,
    "map_at_1": 0.00186,
    "map_at_3": 0.00526,
    "map_at_5": 0.00858,
    "map_at_10": 0.01582,
    "map_at_20": 0.02758,
    "map_at_100": 0.08485,
    "map_at_200": 0.1194,
    "map_at_300": 0.13898,
    "map_at_500": 0.16207,
    "map_at_1000": 0.18821,
    "recall_at_1": 0.00186,
    "recall_at_3": 0.00578,
    "recall_at_5": 0.00981,
    "recall_at_10": 0.0186,
    "recall_at_20": 0.03389,
    "recall_at_100": 0.11934,
    "recall_at_200": 0.18427,
    "recall_at_300": 0.22971,
    "recall_at_500": 0.29553,
    "recall_at_1000": 0.3968,
    "precision_at_1": 0.76,
    "precision_at_3": 0.74,
    "precision_at_5": 0.728,
    "precision_at_10": 0.702,
    "precision_at_20": 0.659,
    "precision_at_100": 0.4928,
    "precision_at_200": 0.3949,
    "precision_at_300": 0.3332,
    "precision_at_500": 0.2642,
    "precision_at_1000": 0.1812,
    "mrr_at_1": 0.78,
    "mrr_at_3": 0.85333,
    "mrr_at_5": 0.86233,
    "mrr_at_10": 0.86456,
    "mrr_at_20": 0.86456,
    "mrr_at_100": 0.86456,
    "mrr_at_200": 0.86456,
    "mrr_at_300": 0.86456,
    "mrr_at_500": 0.86456,
    "mrr_at_1000": 0.86456
}