{
    "ndcg_at_1": 0.069,
    "ndcg_at_3": 0.05134,
    "ndcg_at_5": 0.04361,
    "ndcg_at_10": 0.05295,
    "ndcg_at_20": 0.06249,
    "ndcg_at_100": 0.08597,
    "ndcg_at_200": 0.098,
    "ndcg_at_300": 0.10524,
    "ndcg_at_500": 0.11647,
    "ndcg_at_1000": 0.13054,
    "map_at_1": 0.01418,
    "map_at_3": 0.02192,
    "map_at_5": 0.02455,
    "map_at_10": 0.02762,
    "map_at_20": 0.03009,
    "map_at_100": 0.03338,
    "map_at_200": 0.03408,
    "map_at_300": 0.03436,
    "map_at_500": 0.0347,
    "map_at_1000": 0.03498,
    "recall_at_1": 0.01418,
    "recall_at_3": 0.02823,
    "recall_at_5": 0.03678,
    "recall_at_10": 0.05408,
    "recall_at_20": 0.07658,
    "recall_at_100": 0.15308,
    "recall_at_200": 0.20435,
    "recall_at_300": 0.23858,
    "recall_at_500": 0.29592,
    "recall_at_1000": 0.37512,
    "precision_at_1": 0.069,
    "precision_at_3": 0.046,
    "precision_at_5": 0.036,
    "precision_at_10": 0.0265,
    "precision_at_20": 0.0188,
    "precision_at_100": 0.00755,
    "precision_at_200": 0.00502,
    "precision_at_300": 0.00391,
    "precision_at_500": 0.00291,
    "precision_at_1000": 0.00184,
    "mrr_at_1": 0.069,
    "mrr_at_3": 0.09217,
    "mrr_at_5": 0.09927,
    "mrr_at_10": 0.1074,
    "mrr_at_20": 0.11123,
    "mrr_at_100": 0.11559,
    "mrr_at_200": 0.11638,
    "mrr_at_300": 0.11663,
    "mrr_at_500": 0.11687,
    "mrr_at_1000": 0.11699
}