{
    "ndcg_at_1": 0.04481,
    "ndcg_at_3": 0.16009,
    "ndcg_at_5": 0.21064,
    "ndcg_at_10": 0.28276,
    "ndcg_at_20": 0.32919,
    "ndcg_at_100": 0.35961,
    "ndcg_at_200": 0.36311,
    "ndcg_at_300": 0.36471,
    "ndcg_at_500": 0.36588,
    "ndcg_at_1000": 0.36671,
    "map_at_1": 0.04481,
    "map_at_3": 0.13075,
    "map_at_5": 0.15838,
    "map_at_10": 0.18795,
    "map_at_20": 0.2009,
    "map_at_100": 0.20553,
    "map_at_200": 0.20571,
    "map_at_300": 0.20576,
    "map_at_500": 0.20579,
    "map_at_1000": 0.2058,
    "recall_at_1": 0.04481,
    "recall_at_3": 0.24538,
    "recall_at_5": 0.36984,
    "recall_at_10": 0.59388,
    "recall_at_20": 0.77596,
    "recall_at_100": 0.93385,
    "recall_at_200": 0.95875,
    "recall_at_300": 0.97155,
    "recall_at_500": 0.98151,
    "recall_at_1000": 0.98933,
    "precision_at_1": 0.04481,
    "precision_at_3": 0.08179,
    "precision_at_5": 0.07397,
    "precision_at_10": 0.05939,
    "precision_at_20": 0.0388,
    "precision_at_100": 0.00934,
    "precision_at_200": 0.00479,
    "precision_at_300": 0.00324,
    "precision_at_500": 0.00196,
    "precision_at_1000": 0.00099,
    "mrr_at_1": 0.04481,
    "mrr_at_3": 0.13075,
    "mrr_at_5": 0.15838,
    "mrr_at_10": 0.18795,
    "mrr_at_20": 0.2009,
    "mrr_at_100": 0.20553,
    "mrr_at_200": 0.20571,
    "mrr_at_300": 0.20576,
    "mrr_at_500": 0.20579,
    "mrr_at_1000": 0.2058
}