{
    "ndcg_at_1": 0.29041,
    "ndcg_at_3": 0.33767,
    "ndcg_at_5": 0.35797,
    "ndcg_at_10": 0.38497,
    "ndcg_at_20": 0.40666,
    "ndcg_at_100": 0.43969,
    "ndcg_at_200": 0.44993,
    "ndcg_at_300": 0.45509,
    "ndcg_at_500": 0.45999,
    "ndcg_at_1000": 0.46639,
    "map_at_1": 0.23968,
    "map_at_3": 0.29744,
    "map_at_5": 0.31363,
    "map_at_10": 0.32814,
    "map_at_20": 0.33552,
    "map_at_100": 0.34148,
    "map_at_200": 0.34228,
    "map_at_300": 0.34254,
    "map_at_500": 0.34272,
    "map_at_1000": 0.34288,
    "recall_at_1": 0.23968,
    "recall_at_3": 0.35684,
    "recall_at_5": 0.41194,
    "recall_at_10": 0.49604,
    "recall_at_20": 0.57676,
    "recall_at_100": 0.73121,
    "recall_at_200": 0.79136,
    "recall_at_300": 0.82625,
    "recall_at_500": 0.85987,
    "recall_at_1000": 0.90859,
    "precision_at_1": 0.29041,
    "precision_at_3": 0.16309,
    "precision_at_5": 0.11989,
    "precision_at_10": 0.07482,
    "precision_at_20": 0.04521,
    "precision_at_100": 0.01272,
    "precision_at_200": 0.00724,
    "precision_at_300": 0.00515,
    "precision_at_500": 0.00334,
    "precision_at_1000": 0.00182,
    "mrr_at_1": 0.29041,
    "mrr_at_3": 0.35455,
    "mrr_at_5": 0.36907,
    "mrr_at_10": 0.38019,
    "mrr_at_20": 0.38632,
    "mrr_at_100": 0.38975,
    "mrr_at_200": 0.39017,
    "mrr_at_300": 0.39026,
    "mrr_at_500": 0.39034,
    "mrr_at_1000": 0.39039
}