{
    "ndcg_at_1": 0.34545,
    "ndcg_at_3": 0.27029,
    "ndcg_at_5": 0.24337,
    "ndcg_at_10": 0.19767,
    "ndcg_at_20": 0.25712,
    "ndcg_at_100": 0.38412,
    "ndcg_at_200": 0.40999,
    "ndcg_at_300": 0.41604,
    "ndcg_at_500": 0.42861,
    "ndcg_at_1000": 0.44166,
    "map_at_1": 0.03455,
    "map_at_3": 0.06303,
    "map_at_5": 0.0813,
    "map_at_10": 0.10265,
    "map_at_20": 0.12988,
    "map_at_100": 0.16887,
    "map_at_200": 0.17313,
    "map_at_300": 0.17373,
    "map_at_500": 0.17462,
    "map_at_1000": 0.17526,
    "recall_at_1": 0.03455,
    "recall_at_3": 0.07636,
    "recall_at_5": 0.11091,
    "recall_at_10": 0.16727,
    "recall_at_20": 0.27455,
    "recall_at_100": 0.58727,
    "recall_at_200": 0.67091,
    "recall_at_300": 0.69273,
    "recall_at_500": 0.74182,
    "recall_at_1000": 0.79818,
    "precision_at_1": 0.34545,
    "precision_at_3": 0.25455,
    "precision_at_5": 0.22182,
    "precision_at_10": 0.16727,
    "precision_at_20": 0.13727,
    "precision_at_100": 0.05873,
    "precision_at_200": 0.03355,
    "precision_at_300": 0.02309,
    "precision_at_500": 0.01484,
    "precision_at_1000": 0.00798,
    "mrr_at_1": 0.34545,
    "mrr_at_3": 0.42424,
    "mrr_at_5": 0.43515,
    "mrr_at_10": 0.44929,
    "mrr_at_20": 0.46062,
    "mrr_at_100": 0.46241,
    "mrr_at_200": 0.46241,
    "mrr_at_300": 0.46241,
    "mrr_at_500": 0.46241,
    "mrr_at_1000": 0.46241,
    "rc_at_1": {
        "relevant": 0.34545,
        "distractor": 0.58182
    },
    "rc_at_3": {
        "relevant": 0.8,
        "distractor": 1.90909
    },
    "rc_at_5": {
        "relevant": 1.10909,
        "distractor": 3.43636
    },
    "rc_at_10": {
        "relevant": 1.69091,
        "distractor": 7.01818
    },
    "rc_at_20": {
        "relevant": 2.85455,
        "distractor": 13.61818
    },
    "rc_at_100": {
        "relevant": 5.90909,
        "distractor": 42.27273
    },
    "rc_at_200": {
        "relevant": 6.72727,
        "distractor": 52.16364
    },
    "rc_at_300": {
        "relevant": 6.94545,
        "distractor": 57.38182
    },
    "rc_at_500": {
        "relevant": 7.45455,
        "distractor": 62.38182
    },
    "rc_at_1000": {
        "relevant": 7.98182,
        "distractor": 67.92727
    }
}