{
    "ndcg_at_1": 0.36364,
    "ndcg_at_3": 0.28106,
    "ndcg_at_5": 0.24877,
    "ndcg_at_10": 0.20987,
    "ndcg_at_20": 0.27707,
    "ndcg_at_100": 0.44364,
    "ndcg_at_200": 0.4722,
    "ndcg_at_300": 0.48085,
    "ndcg_at_500": 0.4883,
    "ndcg_at_1000": 0.49763,
    "map_at_1": 0.03636,
    "map_at_3": 0.06636,
    "map_at_5": 0.08391,
    "map_at_10": 0.10882,
    "map_at_20": 0.13956,
    "map_at_100": 0.19487,
    "map_at_200": 0.20019,
    "map_at_300": 0.20118,
    "map_at_500": 0.20175,
    "map_at_1000": 0.20214,
    "recall_at_1": 0.03636,
    "recall_at_3": 0.07818,
    "recall_at_5": 0.11091,
    "recall_at_10": 0.18,
    "recall_at_20": 0.30182,
    "recall_at_100": 0.71455,
    "recall_at_200": 0.80727,
    "recall_at_300": 0.83818,
    "recall_at_500": 0.86727,
    "recall_at_1000": 0.90727,
    "precision_at_1": 0.36364,
    "precision_at_3": 0.26061,
    "precision_at_5": 0.22182,
    "precision_at_10": 0.18,
    "precision_at_20": 0.15091,
    "precision_at_100": 0.07145,
    "precision_at_200": 0.04036,
    "precision_at_300": 0.02794,
    "precision_at_500": 0.01735,
    "precision_at_1000": 0.00907,
    "mrr_at_1": 0.36364,
    "mrr_at_3": 0.43939,
    "mrr_at_5": 0.4503,
    "mrr_at_10": 0.46716,
    "mrr_at_20": 0.47986,
    "mrr_at_100": 0.48209,
    "mrr_at_200": 0.48209,
    "mrr_at_300": 0.48209,
    "mrr_at_500": 0.48218,
    "mrr_at_1000": 0.48218,
    "rc_at_1": {
        "relevant": 0.36364,
        "distractor": 0.63636
    },
    "rc_at_3": {
        "relevant": 0.81818,
        "distractor": 2.12727
    },
    "rc_at_5": {
        "relevant": 1.12727,
        "distractor": 3.72727
    },
    "rc_at_10": {
        "relevant": 1.8,
        "distractor": 7.81818
    },
    "rc_at_20": {
        "relevant": 3.09091,
        "distractor": 15.61818
    },
    "rc_at_100": {
        "relevant": 7.14545,
        "distractor": 58.21818
    },
    "rc_at_200": {
        "relevant": 8.09091,
        "distractor": 70.43636
    },
    "rc_at_300": {
        "relevant": 8.38182,
        "distractor": 74.92727
    },
    "rc_at_500": {
        "relevant": 8.67273,
        "distractor": 78.94545
    },
    "rc_at_1000": {
        "relevant": 9.07273,
        "distractor": 84.27273
    }
}