{
    "ndcg_at_1": 0.149,
    "ndcg_at_3": 0.12485,
    "ndcg_at_5": 0.10814,
    "ndcg_at_10": 0.13083,
    "ndcg_at_20": 0.14998,
    "ndcg_at_100": 0.19108,
    "ndcg_at_200": 0.20638,
    "ndcg_at_300": 0.21487,
    "ndcg_at_500": 0.2261,
    "ndcg_at_1000": 0.24114,
    "map_at_1": 0.03025,
    "map_at_3": 0.05494,
    "map_at_5": 0.06421,
    "map_at_10": 0.07387,
    "map_at_20": 0.07999,
    "map_at_100": 0.08694,
    "map_at_200": 0.08813,
    "map_at_300": 0.08859,
    "map_at_500": 0.08901,
    "map_at_1000": 0.08937,
    "recall_at_1": 0.03025,
    "recall_at_3": 0.07178,
    "recall_at_5": 0.09623,
    "recall_at_10": 0.13793,
    "recall_at_20": 0.18313,
    "recall_at_100": 0.31723,
    "recall_at_200": 0.38235,
    "recall_at_300": 0.42263,
    "recall_at_500": 0.47983,
    "recall_at_1000": 0.56422,
    "precision_at_1": 0.149,
    "precision_at_3": 0.11767,
    "precision_at_5": 0.0948,
    "precision_at_10": 0.0681,
    "precision_at_20": 0.04515,
    "precision_at_100": 0.01564,
    "precision_at_200": 0.00941,
    "precision_at_300": 0.00693,
    "precision_at_500": 0.00472,
    "precision_at_1000": 0.00278,
    "mrr_at_1": 0.149,
    "mrr_at_3": 0.20483,
    "mrr_at_5": 0.21948,
    "mrr_at_10": 0.23259,
    "mrr_at_20": 0.2386,
    "mrr_at_100": 0.24381,
    "mrr_at_200": 0.24432,
    "mrr_at_300": 0.24444,
    "mrr_at_500": 0.24455,
    "mrr_at_1000": 0.24462
}