{
    "ndcg_at_1": 0.36923,
    "ndcg_at_3": 0.31302,
    "ndcg_at_5": 0.29471,
    "ndcg_at_10": 0.23575,
    "ndcg_at_20": 0.29681,
    "ndcg_at_100": 0.48894,
    "ndcg_at_200": 0.53937,
    "ndcg_at_300": 0.54283,
    "ndcg_at_500": 0.546,
    "ndcg_at_1000": 0.546,
    "map_at_1": 0.03692,
    "map_at_3": 0.07615,
    "map_at_5": 0.10415,
    "map_at_10": 0.13265,
    "map_at_20": 0.16074,
    "map_at_100": 0.21638,
    "map_at_200": 0.22734,
    "map_at_300": 0.22783,
    "map_at_500": 0.22813,
    "map_at_1000": 0.22813,
    "recall_at_1": 0.03692,
    "recall_at_3": 0.08923,
    "recall_at_5": 0.13846,
    "recall_at_10": 0.20154,
    "recall_at_20": 0.31231,
    "recall_at_100": 0.81538,
    "recall_at_200": 0.97385,
    "recall_at_300": 0.98615,
    "recall_at_500": 0.99846,
    "recall_at_1000": 0.99846,
    "precision_at_1": 0.36923,
    "precision_at_3": 0.29744,
    "precision_at_5": 0.27692,
    "precision_at_10": 0.20154,
    "precision_at_20": 0.15615,
    "precision_at_100": 0.08154,
    "precision_at_200": 0.04869,
    "precision_at_300": 0.03287,
    "precision_at_500": 0.01997,
    "precision_at_1000": 0.00998,
    "mrr_at_1": 0.36923,
    "mrr_at_3": 0.44872,
    "mrr_at_5": 0.48026,
    "mrr_at_10": 0.494,
    "mrr_at_20": 0.49856,
    "mrr_at_100": 0.50231,
    "mrr_at_200": 0.50231,
    "mrr_at_300": 0.50231,
    "mrr_at_500": 0.50231,
    "mrr_at_1000": 0.50231,
    "rc_at_1": {
        "relevant": 0.36923,
        "distractor": 0.63077
    },
    "rc_at_3": {
        "relevant": 0.89231,
        "distractor": 2.10769
    },
    "rc_at_5": {
        "relevant": 1.38462,
        "distractor": 3.58462
    },
    "rc_at_10": {
        "relevant": 2.01538,
        "distractor": 7.93846
    },
    "rc_at_20": {
        "relevant": 3.12308,
        "distractor": 16.75385
    },
    "rc_at_100": {
        "relevant": 8.15385,
        "distractor": 86.32308
    },
    "rc_at_200": {
        "relevant": 9.75385,
        "distractor": 96.83077
    },
    "rc_at_300": {
        "relevant": 9.86154,
        "distractor": 97.84615
    },
    "rc_at_500": {
        "relevant": 9.98462,
        "distractor": 98.53846
    },
    "rc_at_1000": {
        "relevant": 9.98462,
        "distractor": 99.10769
    }
}