{
    "ndcg_at_1": 0.36923,
    "ndcg_at_3": 0.29764,
    "ndcg_at_5": 0.28538,
    "ndcg_at_10": 0.22561,
    "ndcg_at_20": 0.27572,
    "ndcg_at_100": 0.38213,
    "ndcg_at_200": 0.41391,
    "ndcg_at_300": 0.42669,
    "ndcg_at_500": 0.43704,
    "ndcg_at_1000": 0.44769,
    "map_at_1": 0.03692,
    "map_at_3": 0.07179,
    "map_at_5": 0.10041,
    "map_at_10": 0.12494,
    "map_at_20": 0.14785,
    "map_at_100": 0.17541,
    "map_at_200": 0.18021,
    "map_at_300": 0.18162,
    "map_at_500": 0.18246,
    "map_at_1000": 0.18295,
    "recall_at_1": 0.03692,
    "recall_at_3": 0.08308,
    "recall_at_5": 0.13385,
    "recall_at_10": 0.19231,
    "recall_at_20": 0.28308,
    "recall_at_100": 0.55692,
    "recall_at_200": 0.66,
    "recall_at_300": 0.70615,
    "recall_at_500": 0.74615,
    "recall_at_1000": 0.79231,
    "precision_at_1": 0.36923,
    "precision_at_3": 0.27692,
    "precision_at_5": 0.26769,
    "precision_at_10": 0.19231,
    "precision_at_20": 0.14154,
    "precision_at_100": 0.05569,
    "precision_at_200": 0.033,
    "precision_at_300": 0.02354,
    "precision_at_500": 0.01492,
    "precision_at_1000": 0.00792,
    "mrr_at_1": 0.36923,
    "mrr_at_3": 0.44103,
    "mrr_at_5": 0.46949,
    "mrr_at_10": 0.48659,
    "mrr_at_20": 0.48916,
    "mrr_at_100": 0.49287,
    "mrr_at_200": 0.49287,
    "mrr_at_300": 0.49287,
    "mrr_at_500": 0.49287,
    "mrr_at_1000": 0.49287,
    "rc_at_1": {
        "relevant": 0.36923,
        "distractor": 0.61538
    },
    "rc_at_3": {
        "relevant": 0.83077,
        "distractor": 1.98462
    },
    "rc_at_5": {
        "relevant": 1.33846,
        "distractor": 3.30769
    },
    "rc_at_10": {
        "relevant": 1.92308,
        "distractor": 7.09231
    },
    "rc_at_20": {
        "relevant": 2.83077,
        "distractor": 13.86154
    },
    "rc_at_100": {
        "relevant": 5.56923,
        "distractor": 50.44615
    },
    "rc_at_200": {
        "relevant": 6.6,
        "distractor": 62.76923
    },
    "rc_at_300": {
        "relevant": 7.06154,
        "distractor": 68.63077
    },
    "rc_at_500": {
        "relevant": 7.46154,
        "distractor": 74.26154
    },
    "rc_at_1000": {
        "relevant": 7.92308,
        "distractor": 81.06154
    }
}