{
    "ndcg_at_1": 0.36923,
    "ndcg_at_3": 0.31302,
    "ndcg_at_5": 0.29471,
    "ndcg_at_10": 0.23575,
    "ndcg_at_20": 0.29353,
    "ndcg_at_100": 0.44662,
    "ndcg_at_200": 0.48201,
    "ndcg_at_300": 0.4931,
    "ndcg_at_500": 0.50224,
    "ndcg_at_1000": 0.50934,
    "map_at_1": 0.03692,
    "map_at_3": 0.07615,
    "map_at_5": 0.10415,
    "map_at_10": 0.13265,
    "map_at_20": 0.15937,
    "map_at_100": 0.20293,
    "map_at_200": 0.20986,
    "map_at_300": 0.21095,
    "map_at_500": 0.2117,
    "map_at_1000": 0.21204,
    "recall_at_1": 0.03692,
    "recall_at_3": 0.08923,
    "recall_at_5": 0.13846,
    "recall_at_10": 0.20154,
    "recall_at_20": 0.30615,
    "recall_at_100": 0.7,
    "recall_at_200": 0.81385,
    "recall_at_300": 0.85385,
    "recall_at_500": 0.88923,
    "recall_at_1000": 0.92,
    "precision_at_1": 0.36923,
    "precision_at_3": 0.29744,
    "precision_at_5": 0.27692,
    "precision_at_10": 0.20154,
    "precision_at_20": 0.15308,
    "precision_at_100": 0.07,
    "precision_at_200": 0.04069,
    "precision_at_300": 0.02846,
    "precision_at_500": 0.01778,
    "precision_at_1000": 0.0092,
    "mrr_at_1": 0.36923,
    "mrr_at_3": 0.44872,
    "mrr_at_5": 0.48026,
    "mrr_at_10": 0.494,
    "mrr_at_20": 0.4983,
    "mrr_at_100": 0.50181,
    "mrr_at_200": 0.50181,
    "mrr_at_300": 0.50188,
    "mrr_at_500": 0.50188,
    "mrr_at_1000": 0.50188,
    "rc_at_1": {
        "relevant": 0.36923,
        "distractor": 0.63077
    },
    "rc_at_3": {
        "relevant": 0.89231,
        "distractor": 2.09231
    },
    "rc_at_5": {
        "relevant": 1.38462,
        "distractor": 3.55385
    },
    "rc_at_10": {
        "relevant": 2.01538,
        "distractor": 7.86154
    },
    "rc_at_20": {
        "relevant": 3.06154,
        "distractor": 16.38462
    },
    "rc_at_100": {
        "relevant": 7.0,
        "distractor": 70.23077
    },
    "rc_at_200": {
        "relevant": 8.13846,
        "distractor": 83.52308
    },
    "rc_at_300": {
        "relevant": 8.53846,
        "distractor": 86.87692
    },
    "rc_at_500": {
        "relevant": 8.89231,
        "distractor": 90.33846
    },
    "rc_at_1000": {
        "relevant": 9.2,
        "distractor": 93.15385
    }
}