{
    "ndcg_at_1": 0.06154,
    "ndcg_at_3": 0.10786,
    "ndcg_at_5": 0.10759,
    "ndcg_at_10": 0.09409,
    "ndcg_at_20": 0.12275,
    "ndcg_at_100": 0.20533,
    "ndcg_at_200": 0.23454,
    "ndcg_at_300": 0.25539,
    "ndcg_at_500": 0.28062,
    "ndcg_at_1000": 0.2989,
    "map_at_1": 0.00615,
    "map_at_3": 0.02179,
    "map_at_5": 0.02956,
    "map_at_10": 0.04066,
    "map_at_20": 0.04863,
    "map_at_100": 0.06571,
    "map_at_200": 0.06927,
    "map_at_300": 0.07087,
    "map_at_500": 0.07244,
    "map_at_1000": 0.0732,
    "recall_at_1": 0.00615,
    "recall_at_3": 0.03538,
    "recall_at_5": 0.05692,
    "recall_at_10": 0.09077,
    "recall_at_20": 0.14308,
    "recall_at_100": 0.35077,
    "recall_at_200": 0.44615,
    "recall_at_300": 0.52154,
    "recall_at_500": 0.62,
    "recall_at_1000": 0.69846,
    "precision_at_1": 0.06154,
    "precision_at_3": 0.11795,
    "precision_at_5": 0.11385,
    "precision_at_10": 0.09077,
    "precision_at_20": 0.07154,
    "precision_at_100": 0.03508,
    "precision_at_200": 0.02231,
    "precision_at_300": 0.01738,
    "precision_at_500": 0.0124,
    "precision_at_1000": 0.00698,
    "mrr_at_1": 0.06154,
    "mrr_at_3": 0.15641,
    "mrr_at_5": 0.18026,
    "mrr_at_10": 0.19771,
    "mrr_at_20": 0.21049,
    "mrr_at_100": 0.2155,
    "mrr_at_200": 0.2161,
    "mrr_at_300": 0.21628,
    "mrr_at_500": 0.21628,
    "mrr_at_1000": 0.21628,
    "rc_at_1": {
        "relevant": 0.06154,
        "distractor": 0.6
    },
    "rc_at_3": {
        "relevant": 0.35385,
        "distractor": 1.63077
    },
    "rc_at_5": {
        "relevant": 0.56923,
        "distractor": 2.6
    },
    "rc_at_10": {
        "relevant": 0.90769,
        "distractor": 5.16923
    },
    "rc_at_20": {
        "relevant": 1.43077,
        "distractor": 9.58462
    },
    "rc_at_100": {
        "relevant": 3.50769,
        "distractor": 29.87692
    },
    "rc_at_200": {
        "relevant": 4.46154,
        "distractor": 39.72308
    },
    "rc_at_300": {
        "relevant": 5.21538,
        "distractor": 45.55385
    },
    "rc_at_500": {
        "relevant": 6.2,
        "distractor": 52.46154
    },
    "rc_at_1000": {
        "relevant": 6.98462,
        "distractor": 62.10769
    }
}