{
    "ndcg_at_1": 0.04615,
    "ndcg_at_3": 0.06704,
    "ndcg_at_5": 0.0635,
    "ndcg_at_10": 0.06327,
    "ndcg_at_20": 0.0774,
    "ndcg_at_100": 0.11315,
    "ndcg_at_200": 0.13514,
    "ndcg_at_300": 0.14622,
    "ndcg_at_500": 0.15764,
    "ndcg_at_1000": 0.17125,
    "map_at_1": 0.00462,
    "map_at_3": 0.01308,
    "map_at_5": 0.01754,
    "map_at_10": 0.02533,
    "map_at_20": 0.02942,
    "map_at_100": 0.03506,
    "map_at_200": 0.03692,
    "map_at_300": 0.03767,
    "map_at_500": 0.03819,
    "map_at_1000": 0.03859,
    "recall_at_1": 0.00462,
    "recall_at_3": 0.02154,
    "recall_at_5": 0.03231,
    "recall_at_10": 0.06308,
    "recall_at_20": 0.08923,
    "recall_at_100": 0.18154,
    "recall_at_200": 0.25231,
    "recall_at_300": 0.29231,
    "recall_at_500": 0.33692,
    "recall_at_1000": 0.39538,
    "precision_at_1": 0.04615,
    "precision_at_3": 0.07179,
    "precision_at_5": 0.06462,
    "precision_at_10": 0.06308,
    "precision_at_20": 0.04462,
    "precision_at_100": 0.01815,
    "precision_at_200": 0.01262,
    "precision_at_300": 0.00974,
    "precision_at_500": 0.00674,
    "precision_at_1000": 0.00395,
    "mrr_at_1": 0.04615,
    "mrr_at_3": 0.10513,
    "mrr_at_5": 0.1159,
    "mrr_at_10": 0.13433,
    "mrr_at_20": 0.13998,
    "mrr_at_100": 0.14426,
    "mrr_at_200": 0.14535,
    "mrr_at_300": 0.14542,
    "mrr_at_500": 0.14559,
    "mrr_at_1000": 0.14561,
    "rc_at_1": {
        "relevant": 0.04615,
        "distractor": 0.47692
    },
    "rc_at_3": {
        "relevant": 0.21538,
        "distractor": 1.12308
    },
    "rc_at_5": {
        "relevant": 0.32308,
        "distractor": 1.76923
    },
    "rc_at_10": {
        "relevant": 0.63077,
        "distractor": 3.06154
    },
    "rc_at_20": {
        "relevant": 0.89231,
        "distractor": 5.52308
    },
    "rc_at_100": {
        "relevant": 1.81538,
        "distractor": 15.13846
    },
    "rc_at_200": {
        "relevant": 2.52308,
        "distractor": 20.46154
    },
    "rc_at_300": {
        "relevant": 2.92308,
        "distractor": 24.15385
    },
    "rc_at_500": {
        "relevant": 3.36923,
        "distractor": 28.56923
    },
    "rc_at_1000": {
        "relevant": 3.95385,
        "distractor": 35.66154
    }
}