{
    "ndcg_at_1": 0.01538,
    "ndcg_at_3": 0.01083,
    "ndcg_at_5": 0.00783,
    "ndcg_at_10": 0.00708,
    "ndcg_at_20": 0.01062,
    "ndcg_at_100": 0.02149,
    "ndcg_at_200": 0.02385,
    "ndcg_at_300": 0.02598,
    "ndcg_at_500": 0.03108,
    "ndcg_at_1000": 0.0382,
    "map_at_1": 0.00154,
    "map_at_3": 0.00256,
    "map_at_5": 0.00256,
    "map_at_10": 0.00323,
    "map_at_20": 0.00384,
    "map_at_100": 0.00476,
    "map_at_200": 0.00484,
    "map_at_300": 0.00492,
    "map_at_500": 0.00506,
    "map_at_1000": 0.00515,
    "recall_at_1": 0.00154,
    "recall_at_3": 0.00308,
    "recall_at_5": 0.00308,
    "recall_at_10": 0.00615,
    "recall_at_20": 0.01231,
    "recall_at_100": 0.04,
    "recall_at_200": 0.04769,
    "recall_at_300": 0.05538,
    "recall_at_500": 0.07538,
    "recall_at_1000": 0.10615,
    "precision_at_1": 0.01538,
    "precision_at_3": 0.01026,
    "precision_at_5": 0.00615,
    "precision_at_10": 0.00615,
    "precision_at_20": 0.00615,
    "precision_at_100": 0.004,
    "precision_at_200": 0.00238,
    "precision_at_300": 0.00185,
    "precision_at_500": 0.00151,
    "precision_at_1000": 0.00106,
    "mrr_at_1": 0.01538,
    "mrr_at_3": 0.01538,
    "mrr_at_5": 0.01538,
    "mrr_at_10": 0.01692,
    "mrr_at_20": 0.02021,
    "mrr_at_100": 0.02404,
    "mrr_at_200": 0.02443,
    "mrr_at_300": 0.02456,
    "mrr_at_500": 0.02459,
    "mrr_at_1000": 0.02477,
    "rc_at_1": {
        "relevant": 0.01538,
        "distractor": 0.10769
    },
    "rc_at_3": {
        "relevant": 0.03077,
        "distractor": 0.21538
    },
    "rc_at_5": {
        "relevant": 0.03077,
        "distractor": 0.33846
    },
    "rc_at_10": {
        "relevant": 0.06154,
        "distractor": 0.58462
    },
    "rc_at_20": {
        "relevant": 0.12308,
        "distractor": 0.81538
    },
    "rc_at_100": {
        "relevant": 0.4,
        "distractor": 2.35385
    },
    "rc_at_200": {
        "relevant": 0.47692,
        "distractor": 3.18462
    },
    "rc_at_300": {
        "relevant": 0.55385,
        "distractor": 4.36923
    },
    "rc_at_500": {
        "relevant": 0.75385,
        "distractor": 5.41538
    },
    "rc_at_1000": {
        "relevant": 1.06154,
        "distractor": 7.41538
    }
}