{
    "ndcg_at_1": 0.08156,
    "ndcg_at_3": 0.09652,
    "ndcg_at_5": 0.10439,
    "ndcg_at_10": 0.11801,
    "ndcg_at_20": 0.12724,
    "ndcg_at_100": 0.15266,
    "ndcg_at_200": 0.16289,
    "ndcg_at_300": 0.16915,
    "ndcg_at_500": 0.17516,
    "ndcg_at_1000": 0.18534,
    "map_at_1": 0.06359,
    "map_at_3": 0.08373,
    "map_at_5": 0.08879,
    "map_at_10": 0.09478,
    "map_at_20": 0.09737,
    "map_at_100": 0.10078,
    "map_at_200": 0.10134,
    "map_at_300": 0.10157,
    "map_at_500": 0.10172,
    "map_at_1000": 0.10189,
    "recall_at_1": 0.06359,
    "recall_at_3": 0.10685,
    "recall_at_5": 0.12808,
    "recall_at_10": 0.16886,
    "recall_at_20": 0.2041,
    "recall_at_100": 0.33414,
    "recall_at_200": 0.40077,
    "recall_at_300": 0.44612,
    "recall_at_500": 0.49156,
    "recall_at_1000": 0.57757,
    "precision_at_1": 0.08156,
    "precision_at_3": 0.04714,
    "precision_at_5": 0.03407,
    "precision_at_10": 0.02281,
    "precision_at_20": 0.01392,
    "precision_at_100": 0.00473,
    "precision_at_200": 0.0029,
    "precision_at_300": 0.00219,
    "precision_at_500": 0.00149,
    "precision_at_1000": 0.0009,
    "mrr_at_1": 0.08156,
    "mrr_at_3": 0.10484,
    "mrr_at_5": 0.11059,
    "mrr_at_10": 0.11653,
    "mrr_at_20": 0.11918,
    "mrr_at_100": 0.12274,
    "mrr_at_200": 0.12326,
    "mrr_at_300": 0.12345,
    "mrr_at_500": 0.12357,
    "mrr_at_1000": 0.12369
}