{
    "ndcg_at_1": 0.29231,
    "ndcg_at_3": 0.26876,
    "ndcg_at_5": 0.24566,
    "ndcg_at_10": 0.20324,
    "ndcg_at_20": 0.27256,
    "ndcg_at_100": 0.46806,
    "ndcg_at_200": 0.50638,
    "ndcg_at_300": 0.512,
    "ndcg_at_500": 0.51675,
    "ndcg_at_1000": 0.52138,
    "map_at_1": 0.02923,
    "map_at_3": 0.06436,
    "map_at_5": 0.08113,
    "map_at_10": 0.10528,
    "map_at_20": 0.13793,
    "map_at_100": 0.1996,
    "map_at_200": 0.20761,
    "map_at_300": 0.20835,
    "map_at_500": 0.20874,
    "map_at_1000": 0.20899,
    "recall_at_1": 0.02923,
    "recall_at_3": 0.07846,
    "recall_at_5": 0.11538,
    "recall_at_10": 0.17692,
    "recall_at_20": 0.30154,
    "recall_at_100": 0.8,
    "recall_at_200": 0.92154,
    "recall_at_300": 0.94154,
    "recall_at_500": 0.96,
    "recall_at_1000": 0.98,
    "precision_at_1": 0.29231,
    "precision_at_3": 0.26154,
    "precision_at_5": 0.23077,
    "precision_at_10": 0.17692,
    "precision_at_20": 0.15077,
    "precision_at_100": 0.08,
    "precision_at_200": 0.04608,
    "precision_at_300": 0.03138,
    "precision_at_500": 0.0192,
    "precision_at_1000": 0.0098,
    "mrr_at_1": 0.29231,
    "mrr_at_3": 0.38205,
    "mrr_at_5": 0.41205,
    "mrr_at_10": 0.43166,
    "mrr_at_20": 0.4413,
    "mrr_at_100": 0.44531,
    "mrr_at_200": 0.44531,
    "mrr_at_300": 0.44531,
    "mrr_at_500": 0.44531,
    "mrr_at_1000": 0.44531,
    "rc_at_1": {
        "relevant": 0.29231,
        "distractor": 0.69231
    },
    "rc_at_3": {
        "relevant": 0.78462,
        "distractor": 2.2
    },
    "rc_at_5": {
        "relevant": 1.15385,
        "distractor": 3.81538
    },
    "rc_at_10": {
        "relevant": 1.76923,
        "distractor": 8.12308
    },
    "rc_at_20": {
        "relevant": 3.01538,
        "distractor": 16.81538
    },
    "rc_at_100": {
        "relevant": 8.0,
        "distractor": 79.66154
    },
    "rc_at_200": {
        "relevant": 9.21538,
        "distractor": 91.26154
    },
    "rc_at_300": {
        "relevant": 9.41538,
        "distractor": 93.23077
    },
    "rc_at_500": {
        "relevant": 9.6,
        "distractor": 94.8
    },
    "rc_at_1000": {
        "relevant": 9.8,
        "distractor": 96.56923
    }
}