{
    "ndcg_at_1": 0.44514,
    "ndcg_at_3": 0.51497,
    "ndcg_at_5": 0.54342,
    "ndcg_at_10": 0.56914,
    "ndcg_at_20": 0.58626,
    "ndcg_at_100": 0.60917,
    "ndcg_at_200": 0.61434,
    "ndcg_at_300": 0.61673,
    "ndcg_at_500": 0.61903,
    "ndcg_at_1000": 0.62117,
    "map_at_1": 0.39124,
    "map_at_3": 0.47857,
    "map_at_5": 0.49837,
    "map_at_10": 0.51201,
    "map_at_20": 0.51775,
    "map_at_100": 0.5219,
    "map_at_200": 0.52224,
    "map_at_300": 0.52235,
    "map_at_500": 0.52242,
    "map_at_1000": 0.52246,
    "recall_at_1": 0.39124,
    "recall_at_3": 0.56223,
    "recall_at_5": 0.63107,
    "recall_at_10": 0.70326,
    "recall_at_20": 0.7683,
    "recall_at_100": 0.87711,
    "recall_at_200": 0.91061,
    "recall_at_300": 0.9268,
    "recall_at_500": 0.94455,
    "recall_at_1000": 0.96279,
    "precision_at_1": 0.44514,
    "precision_at_3": 0.22821,
    "precision_at_5": 0.15762,
    "precision_at_10": 0.09135,
    "precision_at_20": 0.05063,
    "precision_at_100": 0.01201,
    "precision_at_200": 0.00627,
    "precision_at_300": 0.00428,
    "precision_at_500": 0.00263,
    "precision_at_1000": 0.00135,
    "mrr_at_1": 0.44514,
    "mrr_at_3": 0.52069,
    "mrr_at_5": 0.5358,
    "mrr_at_10": 0.54467,
    "mrr_at_20": 0.54892,
    "mrr_at_100": 0.55151,
    "mrr_at_200": 0.55173,
    "mrr_at_300": 0.55177,
    "mrr_at_500": 0.5518,
    "mrr_at_1000": 0.55182
}