{
    "ndcg_at_1": 0.41176,
    "ndcg_at_3": 0.37836,
    "ndcg_at_5": 0.3607,
    "ndcg_at_10": 0.33562,
    "ndcg_at_20": 0.31538,
    "ndcg_at_100": 0.31004,
    "ndcg_at_200": 0.32648,
    "ndcg_at_300": 0.33965,
    "ndcg_at_500": 0.36181,
    "ndcg_at_1000": 0.39822,
    "map_at_1": 0.04457,
    "map_at_3": 0.07874,
    "map_at_5": 0.09437,
    "map_at_10": 0.11492,
    "map_at_20": 0.13107,
    "map_at_100": 0.15219,
    "map_at_200": 0.15781,
    "map_at_300": 0.16059,
    "map_at_500": 0.1638,
    "map_at_1000": 0.16767,
    "recall_at_1": 0.04457,
    "recall_at_3": 0.09014,
    "recall_at_5": 0.11735,
    "recall_at_10": 0.15564,
    "recall_at_20": 0.20086,
    "recall_at_100": 0.3235,
    "recall_at_200": 0.39215,
    "recall_at_300": 0.4396,
    "recall_at_500": 0.51725,
    "recall_at_1000": 0.64021,
    "precision_at_1": 0.43034,
    "precision_at_3": 0.36842,
    "precision_at_5": 0.32632,
    "precision_at_10": 0.2644,
    "precision_at_20": 0.19907,
    "precision_at_100": 0.08557,
    "precision_at_200": 0.05628,
    "precision_at_300": 0.04409,
    "precision_at_500": 0.03257,
    "precision_at_1000": 0.02179,
    "mrr_at_1": 0.43034,
    "mrr_at_3": 0.49948,
    "mrr_at_5": 0.51109,
    "mrr_at_10": 0.5189,
    "mrr_at_20": 0.52248,
    "mrr_at_100": 0.52554,
    "mrr_at_200": 0.52578,
    "mrr_at_300": 0.5259,
    "mrr_at_500": 0.52595,
    "mrr_at_1000": 0.526
}