{
    "ndcg_at_1": 0.76,
    "ndcg_at_3": 0.70877,
    "ndcg_at_5": 0.69292,
    "ndcg_at_10": 0.65871,
    "ndcg_at_20": 0.62635,
    "ndcg_at_100": 0.49135,
    "ndcg_at_200": 0.41915,
    "ndcg_at_300": 0.39144,
    "ndcg_at_500": 0.38723,
    "ndcg_at_1000": 0.43772,
    "map_at_1": 0.00211,
    "map_at_3": 0.00542,
    "map_at_5": 0.00834,
    "map_at_10": 0.0147,
    "map_at_20": 0.02655,
    "map_at_100": 0.08668,
    "map_at_200": 0.12513,
    "map_at_300": 0.14692,
    "map_at_500": 0.17217,
    "map_at_1000": 0.19925,
    "recall_at_1": 0.00211,
    "recall_at_3": 0.00572,
    "recall_at_5": 0.00922,
    "recall_at_10": 0.01741,
    "recall_at_20": 0.03337,
    "recall_at_100": 0.12376,
    "recall_at_200": 0.19457,
    "recall_at_300": 0.24428,
    "recall_at_500": 0.31288,
    "recall_at_1000": 0.41333,
    "precision_at_1": 0.82,
    "precision_at_3": 0.75333,
    "precision_at_5": 0.728,
    "precision_at_10": 0.686,
    "precision_at_20": 0.652,
    "precision_at_100": 0.502,
    "precision_at_200": 0.4068,
    "precision_at_300": 0.34933,
    "precision_at_500": 0.2754,
    "precision_at_1000": 0.18822,
    "mrr_at_1": 0.82,
    "mrr_at_3": 0.88333,
    "mrr_at_5": 0.88833,
    "mrr_at_10": 0.89167,
    "mrr_at_20": 0.89167,
    "mrr_at_100": 0.89167,
    "mrr_at_200": 0.89167,
    "mrr_at_300": 0.89167,
    "mrr_at_500": 0.89167,
    "mrr_at_1000": 0.89167
}