{
    "ndcg_at_1": 0.2666,
    "ndcg_at_3": 0.31483,
    "ndcg_at_5": 0.34114,
    "ndcg_at_10": 0.36753,
    "ndcg_at_20": 0.39207,
    "ndcg_at_100": 0.42761,
    "ndcg_at_200": 0.43725,
    "ndcg_at_300": 0.44174,
    "ndcg_at_500": 0.4464,
    "ndcg_at_1000": 0.45129,
    "map_at_1": 0.21321,
    "map_at_3": 0.27708,
    "map_at_5": 0.29447,
    "map_at_10": 0.30812,
    "map_at_20": 0.31623,
    "map_at_100": 0.32216,
    "map_at_200": 0.32285,
    "map_at_300": 0.32306,
    "map_at_500": 0.32322,
    "map_at_1000": 0.32334,
    "recall_at_1": 0.21321,
    "recall_at_3": 0.34793,
    "recall_at_5": 0.4122,
    "recall_at_10": 0.49157,
    "recall_at_20": 0.57859,
    "recall_at_100": 0.74723,
    "recall_at_200": 0.80564,
    "recall_at_300": 0.83564,
    "recall_at_500": 0.86862,
    "recall_at_1000": 0.905,
    "precision_at_1": 0.2666,
    "precision_at_3": 0.15239,
    "precision_at_5": 0.11357,
    "precision_at_10": 0.07055,
    "precision_at_20": 0.04264,
    "precision_at_100": 0.01171,
    "precision_at_200": 0.00652,
    "precision_at_300": 0.00457,
    "precision_at_500": 0.0029,
    "precision_at_1000": 0.00156,
    "mrr_at_1": 0.2666,
    "mrr_at_3": 0.33397,
    "mrr_at_5": 0.35101,
    "mrr_at_10": 0.36203,
    "mrr_at_20": 0.36783,
    "mrr_at_100": 0.37159,
    "mrr_at_200": 0.37196,
    "mrr_at_300": 0.37206,
    "mrr_at_500": 0.37212,
    "mrr_at_1000": 0.37216
}