{
    "ndcg_at_1": 0.1996,
    "ndcg_at_3": 0.24614,
    "ndcg_at_5": 0.26296,
    "ndcg_at_10": 0.28277,
    "ndcg_at_20": 0.30496,
    "ndcg_at_100": 0.34847,
    "ndcg_at_200": 0.3597,
    "ndcg_at_300": 0.36443,
    "ndcg_at_500": 0.37125,
    "ndcg_at_1000": 0.37847,
    "map_at_1": 0.16854,
    "map_at_3": 0.2173,
    "map_at_5": 0.22804,
    "map_at_10": 0.23824,
    "map_at_20": 0.24618,
    "map_at_100": 0.25351,
    "map_at_200": 0.25448,
    "map_at_300": 0.25481,
    "map_at_500": 0.2551,
    "map_at_1000": 0.25538,
    "recall_at_1": 0.16854,
    "recall_at_3": 0.26937,
    "recall_at_5": 0.31065,
    "recall_at_10": 0.36882,
    "recall_at_20": 0.45083,
    "recall_at_100": 0.66902,
    "recall_at_200": 0.73506,
    "recall_at_300": 0.7636,
    "recall_at_500": 0.81282,
    "recall_at_1000": 0.86373,
    "precision_at_1": 0.1996,
    "precision_at_3": 0.11528,
    "precision_at_5": 0.08538,
    "precision_at_10": 0.05534,
    "precision_at_20": 0.03666,
    "precision_at_100": 0.01241,
    "precision_at_200": 0.00743,
    "precision_at_300": 0.00543,
    "precision_at_500": 0.00365,
    "precision_at_1000": 0.00211,
    "mrr_at_1": 0.1996,
    "mrr_at_3": 0.25165,
    "mrr_at_5": 0.2643,
    "mrr_at_10": 0.27255,
    "mrr_at_20": 0.27841,
    "mrr_at_100": 0.28368,
    "mrr_at_200": 0.28406,
    "mrr_at_300": 0.28418,
    "mrr_at_500": 0.28426,
    "mrr_at_1000": 0.28433
}