{
    "ndcg_at_1": 0.26154,
    "ndcg_at_3": 0.20077,
    "ndcg_at_5": 0.18776,
    "ndcg_at_10": 0.16537,
    "ndcg_at_20": 0.19975,
    "ndcg_at_100": 0.25173,
    "ndcg_at_200": 0.2731,
    "ndcg_at_300": 0.28586,
    "ndcg_at_500": 0.30508,
    "ndcg_at_1000": 0.31844,
    "map_at_1": 0.02615,
    "map_at_3": 0.04846,
    "map_at_5": 0.06254,
    "map_at_10": 0.08747,
    "map_at_20": 0.1021,
    "map_at_100": 0.11525,
    "map_at_200": 0.11765,
    "map_at_300": 0.11869,
    "map_at_500": 0.11971,
    "map_at_1000": 0.12024,
    "recall_at_1": 0.02615,
    "recall_at_3": 0.05538,
    "recall_at_5": 0.08615,
    "recall_at_10": 0.14769,
    "recall_at_20": 0.20923,
    "recall_at_100": 0.33692,
    "recall_at_200": 0.40615,
    "recall_at_300": 0.45231,
    "recall_at_500": 0.52769,
    "recall_at_1000": 0.58462,
    "precision_at_1": 0.26154,
    "precision_at_3": 0.18462,
    "precision_at_5": 0.17231,
    "precision_at_10": 0.14769,
    "precision_at_20": 0.10462,
    "precision_at_100": 0.03369,
    "precision_at_200": 0.02031,
    "precision_at_300": 0.01508,
    "precision_at_500": 0.01055,
    "precision_at_1000": 0.00585,
    "mrr_at_1": 0.26154,
    "mrr_at_3": 0.3,
    "mrr_at_5": 0.32846,
    "mrr_at_10": 0.34882,
    "mrr_at_20": 0.35431,
    "mrr_at_100": 0.35856,
    "mrr_at_200": 0.35903,
    "mrr_at_300": 0.35908,
    "mrr_at_500": 0.3592,
    "mrr_at_1000": 0.3592,
    "rc_at_1": {
        "relevant": 0.26154,
        "distractor": 0.38462
    },
    "rc_at_3": {
        "relevant": 0.55385,
        "distractor": 1.15385
    },
    "rc_at_5": {
        "relevant": 0.86154,
        "distractor": 1.98462
    },
    "rc_at_10": {
        "relevant": 1.47692,
        "distractor": 3.8
    },
    "rc_at_20": {
        "relevant": 2.09231,
        "distractor": 7.01538
    },
    "rc_at_100": {
        "relevant": 3.36923,
        "distractor": 23.89231
    },
    "rc_at_200": {
        "relevant": 4.06154,
        "distractor": 33.84615
    },
    "rc_at_300": {
        "relevant": 4.52308,
        "distractor": 39.92308
    },
    "rc_at_500": {
        "relevant": 5.27692,
        "distractor": 47.30769
    },
    "rc_at_1000": {
        "relevant": 5.84615,
        "distractor": 55.72308
    }
}