{
    "ndcg_at_1": 0.32308,
    "ndcg_at_3": 0.29858,
    "ndcg_at_5": 0.28923,
    "ndcg_at_10": 0.25218,
    "ndcg_at_20": 0.29505,
    "ndcg_at_100": 0.48239,
    "ndcg_at_200": 0.53303,
    "ndcg_at_300": 0.53858,
    "ndcg_at_500": 0.54016,
    "ndcg_at_1000": 0.54193,
    "map_at_1": 0.03231,
    "map_at_3": 0.0741,
    "map_at_5": 0.10187,
    "map_at_10": 0.14368,
    "map_at_20": 0.16183,
    "map_at_100": 0.21843,
    "map_at_200": 0.22913,
    "map_at_300": 0.22983,
    "map_at_500": 0.22998,
    "map_at_1000": 0.23008,
    "recall_at_1": 0.03231,
    "recall_at_3": 0.08769,
    "recall_at_5": 0.14,
    "recall_at_10": 0.23077,
    "recall_at_20": 0.30769,
    "recall_at_100": 0.79538,
    "recall_at_200": 0.95538,
    "recall_at_300": 0.97538,
    "recall_at_500": 0.98154,
    "recall_at_1000": 0.98923,
    "precision_at_1": 0.32308,
    "precision_at_3": 0.29231,
    "precision_at_5": 0.28,
    "precision_at_10": 0.23077,
    "precision_at_20": 0.15385,
    "precision_at_100": 0.07954,
    "precision_at_200": 0.04777,
    "precision_at_300": 0.03251,
    "precision_at_500": 0.01963,
    "precision_at_1000": 0.00989,
    "mrr_at_1": 0.32308,
    "mrr_at_3": 0.39744,
    "mrr_at_5": 0.44128,
    "mrr_at_10": 0.46137,
    "mrr_at_20": 0.46821,
    "mrr_at_100": 0.47022,
    "mrr_at_200": 0.47022,
    "mrr_at_300": 0.47022,
    "mrr_at_500": 0.47022,
    "mrr_at_1000": 0.47022,
    "rc_at_1": {
        "relevant": 0.32308,
        "distractor": 0.67692
    },
    "rc_at_3": {
        "relevant": 0.87692,
        "distractor": 2.12308
    },
    "rc_at_5": {
        "relevant": 1.4,
        "distractor": 3.58462
    },
    "rc_at_10": {
        "relevant": 2.30769,
        "distractor": 7.63077
    },
    "rc_at_20": {
        "relevant": 3.07692,
        "distractor": 16.76923
    },
    "rc_at_100": {
        "relevant": 7.95385,
        "distractor": 84.24615
    },
    "rc_at_200": {
        "relevant": 9.55385,
        "distractor": 95.30769
    },
    "rc_at_300": {
        "relevant": 9.75385,
        "distractor": 96.72308
    },
    "rc_at_500": {
        "relevant": 9.81538,
        "distractor": 97.44615
    },
    "rc_at_1000": {
        "relevant": 9.89231,
        "distractor": 98.12308
    }
}