{
    "ndcg_at_1": 0.32308,
    "ndcg_at_3": 0.29858,
    "ndcg_at_5": 0.28923,
    "ndcg_at_10": 0.25218,
    "ndcg_at_20": 0.29508,
    "ndcg_at_100": 0.49322,
    "ndcg_at_200": 0.5422,
    "ndcg_at_300": 0.54689,
    "ndcg_at_500": 0.54767,
    "ndcg_at_1000": 0.54767,
    "map_at_1": 0.03231,
    "map_at_3": 0.0741,
    "map_at_5": 0.10187,
    "map_at_10": 0.14368,
    "map_at_20": 0.16185,
    "map_at_100": 0.22138,
    "map_at_200": 0.23271,
    "map_at_300": 0.23335,
    "map_at_500": 0.23343,
    "map_at_1000": 0.23343,
    "recall_at_1": 0.03231,
    "recall_at_3": 0.08769,
    "recall_at_5": 0.14,
    "recall_at_10": 0.23077,
    "recall_at_20": 0.30769,
    "recall_at_100": 0.82615,
    "recall_at_200": 0.97846,
    "recall_at_300": 0.99538,
    "recall_at_500": 0.99846,
    "recall_at_1000": 0.99846,
    "precision_at_1": 0.32308,
    "precision_at_3": 0.29231,
    "precision_at_5": 0.28,
    "precision_at_10": 0.23077,
    "precision_at_20": 0.15385,
    "precision_at_100": 0.08262,
    "precision_at_200": 0.04892,
    "precision_at_300": 0.03318,
    "precision_at_500": 0.01997,
    "precision_at_1000": 0.00998,
    "mrr_at_1": 0.32308,
    "mrr_at_3": 0.39744,
    "mrr_at_5": 0.44128,
    "mrr_at_10": 0.46137,
    "mrr_at_20": 0.46821,
    "mrr_at_100": 0.47023,
    "mrr_at_200": 0.47023,
    "mrr_at_300": 0.47023,
    "mrr_at_500": 0.47023,
    "mrr_at_1000": 0.47023,
    "rc_at_1": {
        "relevant": 0.32308,
        "distractor": 0.67692
    },
    "rc_at_3": {
        "relevant": 0.87692,
        "distractor": 2.12308
    },
    "rc_at_5": {
        "relevant": 1.4,
        "distractor": 3.58462
    },
    "rc_at_10": {
        "relevant": 2.30769,
        "distractor": 7.64615
    },
    "rc_at_20": {
        "relevant": 3.07692,
        "distractor": 16.78462
    },
    "rc_at_100": {
        "relevant": 8.26154,
        "distractor": 87.76923
    },
    "rc_at_200": {
        "relevant": 9.78462,
        "distractor": 97.61538
    },
    "rc_at_300": {
        "relevant": 9.95385,
        "distractor": 98.27692
    },
    "rc_at_500": {
        "relevant": 9.98462,
        "distractor": 98.76923
    },
    "rc_at_1000": {
        "relevant": 9.98462,
        "distractor": 99.24615
    }
}