{
    "ndcg_at_1": 0.0,
    "ndcg_at_3": 0.00361,
    "ndcg_at_5": 0.00486,
    "ndcg_at_10": 0.00315,
    "ndcg_at_20": 0.00315,
    "ndcg_at_100": 0.00533,
    "ndcg_at_200": 0.00674,
    "ndcg_at_300": 0.00717,
    "ndcg_at_500": 0.00876,
    "ndcg_at_1000": 0.01272,
    "map_at_1": 0.0,
    "map_at_3": 0.00051,
    "map_at_5": 0.0009,
    "map_at_10": 0.0009,
    "map_at_20": 0.0009,
    "map_at_100": 0.00098,
    "map_at_200": 0.00104,
    "map_at_300": 0.00105,
    "map_at_500": 0.00107,
    "map_at_1000": 0.00113,
    "recall_at_1": 0.0,
    "recall_at_3": 0.00154,
    "recall_at_5": 0.00308,
    "recall_at_10": 0.00308,
    "recall_at_20": 0.00308,
    "recall_at_100": 0.00923,
    "recall_at_200": 0.01385,
    "recall_at_300": 0.01538,
    "recall_at_500": 0.02154,
    "recall_at_1000": 0.03846,
    "precision_at_1": 0.0,
    "precision_at_3": 0.00513,
    "precision_at_5": 0.00615,
    "precision_at_10": 0.00308,
    "precision_at_20": 0.00154,
    "precision_at_100": 0.00092,
    "precision_at_200": 0.00069,
    "precision_at_300": 0.00051,
    "precision_at_500": 0.00043,
    "precision_at_1000": 0.00038,
    "mrr_at_1": 0.01538,
    "mrr_at_3": 0.02308,
    "mrr_at_5": 0.02308,
    "mrr_at_10": 0.02308,
    "mrr_at_20": 0.02308,
    "mrr_at_100": 0.02472,
    "mrr_at_200": 0.02501,
    "mrr_at_300": 0.02522,
    "mrr_at_500": 0.02522,
    "mrr_at_1000": 0.02524,
    "rc_at_1": {
        "relevant": 0.01538,
        "distractor": 0.12308
    },
    "rc_at_3": {
        "relevant": 0.03077,
        "distractor": 0.21538
    },
    "rc_at_5": {
        "relevant": 0.03077,
        "distractor": 0.26154
    },
    "rc_at_10": {
        "relevant": 0.03077,
        "distractor": 0.38462
    },
    "rc_at_20": {
        "relevant": 0.03077,
        "distractor": 0.55385
    },
    "rc_at_100": {
        "relevant": 0.12308,
        "distractor": 1.29231
    },
    "rc_at_200": {
        "relevant": 0.21538,
        "distractor": 1.72308
    },
    "rc_at_300": {
        "relevant": 0.32308,
        "distractor": 2.03077
    },
    "rc_at_500": {
        "relevant": 0.35385,
        "distractor": 2.43077
    },
    "rc_at_1000": {
        "relevant": 0.38462,
        "distractor": 3.13846
    }
}