{
    "ndcg_at_1": 0.23744,
    "ndcg_at_3": 0.27031,
    "ndcg_at_5": 0.29488,
    "ndcg_at_10": 0.31626,
    "ndcg_at_20": 0.33101,
    "ndcg_at_100": 0.36361,
    "ndcg_at_200": 0.37533,
    "ndcg_at_300": 0.3798,
    "ndcg_at_500": 0.38499,
    "ndcg_at_1000": 0.39258,
    "map_at_1": 0.19188,
    "map_at_3": 0.23987,
    "map_at_5": 0.25697,
    "map_at_10": 0.26747,
    "map_at_20": 0.27225,
    "map_at_100": 0.27731,
    "map_at_200": 0.27806,
    "map_at_300": 0.27824,
    "map_at_500": 0.27839,
    "map_at_1000": 0.27854,
    "recall_at_1": 0.19188,
    "recall_at_3": 0.29165,
    "recall_at_5": 0.35285,
    "recall_at_10": 0.41677,
    "recall_at_20": 0.46984,
    "recall_at_100": 0.62659,
    "recall_at_200": 0.70134,
    "recall_at_300": 0.73303,
    "recall_at_500": 0.77063,
    "recall_at_1000": 0.83201,
    "precision_at_1": 0.23744,
    "precision_at_3": 0.12671,
    "precision_at_5": 0.09566,
    "precision_at_10": 0.05811,
    "precision_at_20": 0.03345,
    "precision_at_100": 0.00962,
    "precision_at_200": 0.00549,
    "precision_at_300": 0.00384,
    "precision_at_500": 0.00247,
    "precision_at_1000": 0.00137,
    "mrr_at_1": 0.23744,
    "mrr_at_3": 0.28919,
    "mrr_at_5": 0.30529,
    "mrr_at_10": 0.31455,
    "mrr_at_20": 0.31805,
    "mrr_at_100": 0.32187,
    "mrr_at_200": 0.32239,
    "mrr_at_300": 0.3225,
    "mrr_at_500": 0.32259,
    "mrr_at_1000": 0.32266
}