{
    "ndcg_at_1": 0.32353,
    "ndcg_at_3": 0.30819,
    "ndcg_at_5": 0.29605,
    "ndcg_at_10": 0.27117,
    "ndcg_at_20": 0.25305,
    "ndcg_at_100": 0.25542,
    "ndcg_at_200": 0.27146,
    "ndcg_at_300": 0.28469,
    "ndcg_at_500": 0.30769,
    "ndcg_at_1000": 0.34472,
    "map_at_1": 0.03159,
    "map_at_3": 0.05856,
    "map_at_5": 0.07116,
    "map_at_10": 0.08567,
    "map_at_20": 0.09563,
    "map_at_100": 0.11258,
    "map_at_200": 0.1173,
    "map_at_300": 0.11957,
    "map_at_500": 0.12232,
    "map_at_1000": 0.12582,
    "recall_at_1": 0.03159,
    "recall_at_3": 0.0677,
    "recall_at_5": 0.0902,
    "recall_at_10": 0.11927,
    "recall_at_20": 0.15561,
    "recall_at_100": 0.28752,
    "recall_at_200": 0.34826,
    "recall_at_300": 0.39543,
    "recall_at_500": 0.47928,
    "recall_at_1000": 0.60094,
    "precision_at_1": 0.33746,
    "precision_at_3": 0.30753,
    "precision_at_5": 0.2743,
    "precision_at_10": 0.21734,
    "precision_at_20": 0.16192,
    "precision_at_100": 0.0709,
    "precision_at_200": 0.04768,
    "precision_at_300": 0.03797,
    "precision_at_500": 0.02869,
    "precision_at_1000": 0.02,
    "mrr_at_1": 0.33746,
    "mrr_at_3": 0.41331,
    "mrr_at_5": 0.42833,
    "mrr_at_10": 0.43289,
    "mrr_at_20": 0.4378,
    "mrr_at_100": 0.4413,
    "mrr_at_200": 0.44171,
    "mrr_at_300": 0.44177,
    "mrr_at_500": 0.4419,
    "mrr_at_1000": 0.44193
}