{
    "ndcg_at_1": 0.44272,
    "ndcg_at_3": 0.40165,
    "ndcg_at_5": 0.37967,
    "ndcg_at_10": 0.34602,
    "ndcg_at_20": 0.31881,
    "ndcg_at_100": 0.31251,
    "ndcg_at_200": 0.33124,
    "ndcg_at_300": 0.34251,
    "ndcg_at_500": 0.36305,
    "ndcg_at_1000": 0.40129,
    "map_at_1": 0.05447,
    "map_at_3": 0.09381,
    "map_at_5": 0.10853,
    "map_at_10": 0.12773,
    "map_at_20": 0.14132,
    "map_at_100": 0.15897,
    "map_at_200": 0.16429,
    "map_at_300": 0.16655,
    "map_at_500": 0.16932,
    "map_at_1000": 0.17291,
    "recall_at_1": 0.05447,
    "recall_at_3": 0.1063,
    "recall_at_5": 0.13076,
    "recall_at_10": 0.17171,
    "recall_at_20": 0.20654,
    "recall_at_100": 0.31815,
    "recall_at_200": 0.39204,
    "recall_at_300": 0.43148,
    "recall_at_500": 0.50286,
    "recall_at_1000": 0.63875,
    "precision_at_1": 0.4582,
    "precision_at_3": 0.37874,
    "precision_at_5": 0.33003,
    "precision_at_10": 0.25666,
    "precision_at_20": 0.18421,
    "precision_at_100": 0.07805,
    "precision_at_200": 0.05268,
    "precision_at_300": 0.04085,
    "precision_at_500": 0.03038,
    "precision_at_1000": 0.02067,
    "mrr_at_1": 0.4582,
    "mrr_at_3": 0.52425,
    "mrr_at_5": 0.53509,
    "mrr_at_10": 0.54378,
    "mrr_at_20": 0.54618,
    "mrr_at_100": 0.54901,
    "mrr_at_200": 0.54921,
    "mrr_at_300": 0.54926,
    "mrr_at_500": 0.5493,
    "mrr_at_1000": 0.54935
}