{
    "ndcg_at_1": 0.3133,
    "ndcg_at_3": 0.3738,
    "ndcg_at_5": 0.40241,
    "ndcg_at_10": 0.43211,
    "ndcg_at_20": 0.45384,
    "ndcg_at_100": 0.49091,
    "ndcg_at_200": 0.50018,
    "ndcg_at_300": 0.50446,
    "ndcg_at_500": 0.50706,
    "ndcg_at_1000": 0.5108,
    "map_at_1": 0.25214,
    "map_at_3": 0.32524,
    "map_at_5": 0.34734,
    "map_at_10": 0.36326,
    "map_at_20": 0.3714,
    "map_at_100": 0.37837,
    "map_at_200": 0.37912,
    "map_at_300": 0.3794,
    "map_at_500": 0.37952,
    "map_at_1000": 0.37965,
    "recall_at_1": 0.25214,
    "recall_at_3": 0.40667,
    "recall_at_5": 0.48255,
    "recall_at_10": 0.57679,
    "recall_at_20": 0.65471,
    "recall_at_100": 0.82784,
    "recall_at_200": 0.88343,
    "recall_at_300": 0.9103,
    "recall_at_500": 0.92642,
    "recall_at_1000": 0.95131,
    "precision_at_1": 0.3133,
    "precision_at_3": 0.18598,
    "precision_at_5": 0.13848,
    "precision_at_10": 0.08584,
    "precision_at_20": 0.05215,
    "precision_at_100": 0.01456,
    "precision_at_200": 0.00801,
    "precision_at_300": 0.00567,
    "precision_at_500": 0.00357,
    "precision_at_1000": 0.00194,
    "mrr_at_1": 0.3133,
    "mrr_at_3": 0.39199,
    "mrr_at_5": 0.40866,
    "mrr_at_10": 0.4209,
    "mrr_at_20": 0.42581,
    "mrr_at_100": 0.42929,
    "mrr_at_200": 0.4296,
    "mrr_at_300": 0.42967,
    "mrr_at_500": 0.4297,
    "mrr_at_1000": 0.42972
}