{
    "ndcg_at_1": 0.10909,
    "ndcg_at_3": 0.09832,
    "ndcg_at_5": 0.0838,
    "ndcg_at_10": 0.06989,
    "ndcg_at_20": 0.08688,
    "ndcg_at_100": 0.11865,
    "ndcg_at_200": 0.13239,
    "ndcg_at_300": 0.1404,
    "ndcg_at_500": 0.15059,
    "ndcg_at_1000": 0.16161,
    "map_at_1": 0.01091,
    "map_at_3": 0.01879,
    "map_at_5": 0.02224,
    "map_at_10": 0.02717,
    "map_at_20": 0.03204,
    "map_at_100": 0.03791,
    "map_at_200": 0.03883,
    "map_at_300": 0.03925,
    "map_at_500": 0.03968,
    "map_at_1000": 0.04001,
    "recall_at_1": 0.01091,
    "recall_at_3": 0.02909,
    "recall_at_5": 0.03818,
    "recall_at_10": 0.06,
    "recall_at_20": 0.09091,
    "recall_at_100": 0.16909,
    "recall_at_200": 0.21455,
    "recall_at_300": 0.24364,
    "recall_at_500": 0.28364,
    "recall_at_1000": 0.33091,
    "precision_at_1": 0.10909,
    "precision_at_3": 0.09697,
    "precision_at_5": 0.07636,
    "precision_at_10": 0.06,
    "precision_at_20": 0.04545,
    "precision_at_100": 0.01691,
    "precision_at_200": 0.01073,
    "precision_at_300": 0.00812,
    "precision_at_500": 0.00567,
    "precision_at_1000": 0.00331,
    "mrr_at_1": 0.10909,
    "mrr_at_3": 0.17273,
    "mrr_at_5": 0.19182,
    "mrr_at_10": 0.19883,
    "mrr_at_20": 0.20314,
    "mrr_at_100": 0.20886,
    "mrr_at_200": 0.20931,
    "mrr_at_300": 0.20938,
    "mrr_at_500": 0.20949,
    "mrr_at_1000": 0.20962,
    "rc_at_1": {
        "relevant": 0.10909,
        "distractor": 0.34545
    },
    "rc_at_3": {
        "relevant": 0.27273,
        "distractor": 1.0
    },
    "rc_at_5": {
        "relevant": 0.4,
        "distractor": 1.49091
    },
    "rc_at_10": {
        "relevant": 0.6,
        "distractor": 2.65455
    },
    "rc_at_20": {
        "relevant": 0.92727,
        "distractor": 4.36364
    },
    "rc_at_100": {
        "relevant": 1.76364,
        "distractor": 10.72727
    },
    "rc_at_200": {
        "relevant": 2.21818,
        "distractor": 14.4
    },
    "rc_at_300": {
        "relevant": 2.43636,
        "distractor": 16.74545
    },
    "rc_at_500": {
        "relevant": 2.85455,
        "distractor": 20.41818
    },
    "rc_at_1000": {
        "relevant": 3.30909,
        "distractor": 25.69091
    }
}