{
    "ndcg_at_1": 0.18182,
    "ndcg_at_3": 0.14769,
    "ndcg_at_5": 0.13672,
    "ndcg_at_10": 0.11458,
    "ndcg_at_20": 0.14716,
    "ndcg_at_100": 0.20725,
    "ndcg_at_200": 0.24116,
    "ndcg_at_300": 0.25233,
    "ndcg_at_500": 0.26935,
    "ndcg_at_1000": 0.29505,
    "map_at_1": 0.01818,
    "map_at_3": 0.03061,
    "map_at_5": 0.03942,
    "map_at_10": 0.04948,
    "map_at_20": 0.06016,
    "map_at_100": 0.07232,
    "map_at_200": 0.07603,
    "map_at_300": 0.07704,
    "map_at_500": 0.07802,
    "map_at_1000": 0.0789,
    "recall_at_1": 0.01818,
    "recall_at_3": 0.04,
    "recall_at_5": 0.06182,
    "recall_at_10": 0.09818,
    "recall_at_20": 0.15636,
    "recall_at_100": 0.30727,
    "recall_at_200": 0.41818,
    "recall_at_300": 0.45818,
    "recall_at_500": 0.52545,
    "recall_at_1000": 0.63636,
    "precision_at_1": 0.18182,
    "precision_at_3": 0.13333,
    "precision_at_5": 0.12364,
    "precision_at_10": 0.09818,
    "precision_at_20": 0.07818,
    "precision_at_100": 0.03073,
    "precision_at_200": 0.02091,
    "precision_at_300": 0.01527,
    "precision_at_500": 0.01051,
    "precision_at_1000": 0.00636,
    "mrr_at_1": 0.18182,
    "mrr_at_3": 0.24545,
    "mrr_at_5": 0.27818,
    "mrr_at_10": 0.29151,
    "mrr_at_20": 0.30192,
    "mrr_at_100": 0.30625,
    "mrr_at_200": 0.30646,
    "mrr_at_300": 0.30646,
    "mrr_at_500": 0.30646,
    "mrr_at_1000": 0.30654,
    "rc_at_1": {
        "relevant": 0.18182,
        "distractor": 0.6
    },
    "rc_at_3": {
        "relevant": 0.36364,
        "distractor": 1.70909
    },
    "rc_at_5": {
        "relevant": 0.61818,
        "distractor": 2.70909
    },
    "rc_at_10": {
        "relevant": 1.0,
        "distractor": 4.83636
    },
    "rc_at_20": {
        "relevant": 1.6,
        "distractor": 8.38182
    },
    "rc_at_100": {
        "relevant": 3.09091,
        "distractor": 23.05455
    },
    "rc_at_200": {
        "relevant": 4.27273,
        "distractor": 30.78182
    },
    "rc_at_300": {
        "relevant": 4.58182,
        "distractor": 36.70909
    },
    "rc_at_500": {
        "relevant": 5.32727,
        "distractor": 43.85455
    },
    "rc_at_1000": {
        "relevant": 6.36364,
        "distractor": 55.8
    }
}