{
    "ndcg_at_1": 0.76,
    "ndcg_at_3": 0.72765,
    "ndcg_at_5": 0.70451,
    "ndcg_at_10": 0.65828,
    "ndcg_at_20": 0.60899,
    "ndcg_at_100": 0.44575,
    "ndcg_at_200": 0.37652,
    "ndcg_at_300": 0.3526,
    "ndcg_at_500": 0.35286,
    "ndcg_at_1000": 0.40734,
    "map_at_1": 0.0022,
    "map_at_3": 0.00601,
    "map_at_5": 0.00882,
    "map_at_10": 0.01507,
    "map_at_20": 0.02533,
    "map_at_100": 0.07122,
    "map_at_200": 0.10001,
    "map_at_300": 0.11834,
    "map_at_500": 0.14072,
    "map_at_1000": 0.16608,
    "recall_at_1": 0.0022,
    "recall_at_3": 0.00634,
    "recall_at_5": 0.00968,
    "recall_at_10": 0.01774,
    "recall_at_20": 0.03152,
    "recall_at_100": 0.10491,
    "recall_at_200": 0.16588,
    "recall_at_300": 0.21272,
    "recall_at_500": 0.28186,
    "recall_at_1000": 0.38539,
    "precision_at_1": 0.82,
    "precision_at_3": 0.77333,
    "precision_at_5": 0.74,
    "precision_at_10": 0.682,
    "precision_at_20": 0.627,
    "precision_at_100": 0.4388,
    "precision_at_200": 0.3585,
    "precision_at_300": 0.31207,
    "precision_at_500": 0.25316,
    "precision_at_1000": 0.17808,
    "mrr_at_1": 0.82,
    "mrr_at_3": 0.88333,
    "mrr_at_5": 0.89233,
    "mrr_at_10": 0.89233,
    "mrr_at_20": 0.89233,
    "mrr_at_100": 0.89233,
    "mrr_at_200": 0.89233,
    "mrr_at_300": 0.89233,
    "mrr_at_500": 0.89233,
    "mrr_at_1000": 0.89233
}