{
    "ndcg_at_1": 0.30769,
    "ndcg_at_3": 0.2587,
    "ndcg_at_5": 0.23389,
    "ndcg_at_10": 0.19819,
    "ndcg_at_20": 0.24341,
    "ndcg_at_100": 0.45069,
    "ndcg_at_200": 0.49191,
    "ndcg_at_300": 0.50003,
    "ndcg_at_500": 0.50563,
    "ndcg_at_1000": 0.50847,
    "map_at_1": 0.03077,
    "map_at_3": 0.05949,
    "map_at_5": 0.07856,
    "map_at_10": 0.1021,
    "map_at_20": 0.12003,
    "map_at_100": 0.18052,
    "map_at_200": 0.18925,
    "map_at_300": 0.19033,
    "map_at_500": 0.19088,
    "map_at_1000": 0.19099,
    "recall_at_1": 0.03077,
    "recall_at_3": 0.07385,
    "recall_at_5": 0.10769,
    "recall_at_10": 0.17231,
    "recall_at_20": 0.25538,
    "recall_at_100": 0.78615,
    "recall_at_200": 0.91692,
    "recall_at_300": 0.94615,
    "recall_at_500": 0.96769,
    "recall_at_1000": 0.98,
    "precision_at_1": 0.30769,
    "precision_at_3": 0.24615,
    "precision_at_5": 0.21538,
    "precision_at_10": 0.17231,
    "precision_at_20": 0.12769,
    "precision_at_100": 0.07862,
    "precision_at_200": 0.04585,
    "precision_at_300": 0.03154,
    "precision_at_500": 0.01935,
    "precision_at_1000": 0.0098,
    "mrr_at_1": 0.30769,
    "mrr_at_3": 0.39487,
    "mrr_at_5": 0.41487,
    "mrr_at_10": 0.44167,
    "mrr_at_20": 0.44602,
    "mrr_at_100": 0.44997,
    "mrr_at_200": 0.44997,
    "mrr_at_300": 0.44997,
    "mrr_at_500": 0.44997,
    "mrr_at_1000": 0.44997,
    "rc_at_1": {
        "relevant": 0.30769,
        "distractor": 0.69231
    },
    "rc_at_3": {
        "relevant": 0.73846,
        "distractor": 2.24615
    },
    "rc_at_5": {
        "relevant": 1.07692,
        "distractor": 3.90769
    },
    "rc_at_10": {
        "relevant": 1.72308,
        "distractor": 8.2
    },
    "rc_at_20": {
        "relevant": 2.55385,
        "distractor": 17.16923
    },
    "rc_at_100": {
        "relevant": 7.86154,
        "distractor": 78.43077
    },
    "rc_at_200": {
        "relevant": 9.16923,
        "distractor": 90.61538
    },
    "rc_at_300": {
        "relevant": 9.46154,
        "distractor": 93.49231
    },
    "rc_at_500": {
        "relevant": 9.67692,
        "distractor": 95.87692
    },
    "rc_at_1000": {
        "relevant": 9.8,
        "distractor": 97.69231
    }
}