{
    "ndcg_at_1": 0.20127,
    "ndcg_at_3": 0.23597,
    "ndcg_at_5": 0.25513,
    "ndcg_at_10": 0.2747,
    "ndcg_at_20": 0.2944,
    "ndcg_at_100": 0.33088,
    "ndcg_at_200": 0.34339,
    "ndcg_at_300": 0.34899,
    "ndcg_at_500": 0.35577,
    "ndcg_at_1000": 0.36373,
    "map_at_1": 0.162,
    "map_at_3": 0.20559,
    "map_at_5": 0.21864,
    "map_at_10": 0.22858,
    "map_at_20": 0.23543,
    "map_at_100": 0.24188,
    "map_at_200": 0.2428,
    "map_at_300": 0.2431,
    "map_at_500": 0.24335,
    "map_at_1000": 0.24355,
    "recall_at_1": 0.162,
    "recall_at_3": 0.25298,
    "recall_at_5": 0.30242,
    "recall_at_10": 0.36214,
    "recall_at_20": 0.43341,
    "recall_at_100": 0.60863,
    "recall_at_200": 0.68442,
    "recall_at_300": 0.72035,
    "recall_at_500": 0.76842,
    "recall_at_1000": 0.82979,
    "precision_at_1": 0.20127,
    "precision_at_3": 0.11677,
    "precision_at_5": 0.08815,
    "precision_at_10": 0.0565,
    "precision_at_20": 0.03618,
    "precision_at_100": 0.01135,
    "precision_at_200": 0.00665,
    "precision_at_300": 0.0048,
    "precision_at_500": 0.00316,
    "precision_at_1000": 0.00178,
    "mrr_at_1": 0.20127,
    "mrr_at_3": 0.24958,
    "mrr_at_5": 0.26311,
    "mrr_at_10": 0.27161,
    "mrr_at_20": 0.27679,
    "mrr_at_100": 0.28101,
    "mrr_at_200": 0.28151,
    "mrr_at_300": 0.28162,
    "mrr_at_500": 0.28174,
    "mrr_at_1000": 0.28181
}