{
    "ndcg_at_1": 0.44138,
    "ndcg_at_3": 0.51468,
    "ndcg_at_5": 0.54107,
    "ndcg_at_10": 0.57219,
    "ndcg_at_20": 0.59068,
    "ndcg_at_100": 0.61394,
    "ndcg_at_200": 0.61857,
    "ndcg_at_300": 0.62053,
    "ndcg_at_500": 0.62255,
    "ndcg_at_1000": 0.62399,
    "map_at_1": 0.38646,
    "map_at_3": 0.47717,
    "map_at_5": 0.49549,
    "map_at_10": 0.51092,
    "map_at_20": 0.51735,
    "map_at_100": 0.52154,
    "map_at_200": 0.52186,
    "map_at_300": 0.52195,
    "map_at_500": 0.52201,
    "map_at_1000": 0.52204,
    "recall_at_1": 0.38646,
    "recall_at_3": 0.56441,
    "recall_at_5": 0.62948,
    "recall_at_10": 0.71993,
    "recall_at_20": 0.78734,
    "recall_at_100": 0.89918,
    "recall_at_200": 0.92935,
    "recall_at_300": 0.94343,
    "recall_at_500": 0.95889,
    "recall_at_1000": 0.97121,
    "precision_at_1": 0.44138,
    "precision_at_3": 0.2303,
    "precision_at_5": 0.15774,
    "precision_at_10": 0.09292,
    "precision_at_20": 0.05219,
    "precision_at_100": 0.01241,
    "precision_at_200": 0.00646,
    "precision_at_300": 0.00438,
    "precision_at_500": 0.00268,
    "precision_at_1000": 0.00136,
    "mrr_at_1": 0.44138,
    "mrr_at_3": 0.51933,
    "mrr_at_5": 0.53391,
    "mrr_at_10": 0.54545,
    "mrr_at_20": 0.54986,
    "mrr_at_100": 0.55214,
    "mrr_at_200": 0.55231,
    "mrr_at_300": 0.55236,
    "mrr_at_500": 0.5524,
    "mrr_at_1000": 0.55241
}