{
    "ndcg_at_1": 0.25455,
    "ndcg_at_3": 0.24266,
    "ndcg_at_5": 0.21863,
    "ndcg_at_10": 0.19022,
    "ndcg_at_20": 0.2575,
    "ndcg_at_100": 0.40527,
    "ndcg_at_200": 0.43815,
    "ndcg_at_300": 0.4553,
    "ndcg_at_500": 0.4655,
    "ndcg_at_1000": 0.47572,
    "map_at_1": 0.02545,
    "map_at_3": 0.05879,
    "map_at_5": 0.0777,
    "map_at_10": 0.10084,
    "map_at_20": 0.12648,
    "map_at_100": 0.17376,
    "map_at_200": 0.17962,
    "map_at_300": 0.18147,
    "map_at_500": 0.18224,
    "map_at_1000": 0.18279,
    "recall_at_1": 0.02545,
    "recall_at_3": 0.07273,
    "recall_at_5": 0.10364,
    "recall_at_10": 0.17273,
    "recall_at_20": 0.29455,
    "recall_at_100": 0.66545,
    "recall_at_200": 0.77091,
    "recall_at_300": 0.83273,
    "recall_at_500": 0.87273,
    "recall_at_1000": 0.91636,
    "precision_at_1": 0.25455,
    "precision_at_3": 0.24242,
    "precision_at_5": 0.20727,
    "precision_at_10": 0.17273,
    "precision_at_20": 0.14727,
    "precision_at_100": 0.06655,
    "precision_at_200": 0.03855,
    "precision_at_300": 0.02776,
    "precision_at_500": 0.01745,
    "precision_at_1000": 0.00916,
    "mrr_at_1": 0.25455,
    "mrr_at_3": 0.32727,
    "mrr_at_5": 0.34636,
    "mrr_at_10": 0.37315,
    "mrr_at_20": 0.38848,
    "mrr_at_100": 0.38869,
    "mrr_at_200": 0.38882,
    "mrr_at_300": 0.38882,
    "mrr_at_500": 0.38882,
    "mrr_at_1000": 0.38882,
    "rc_at_1": {
        "relevant": 0.25455,
        "distractor": 0.70909
    },
    "rc_at_3": {
        "relevant": 0.72727,
        "distractor": 2.14545
    },
    "rc_at_5": {
        "relevant": 1.03636,
        "distractor": 3.6
    },
    "rc_at_10": {
        "relevant": 1.72727,
        "distractor": 7.27273
    },
    "rc_at_20": {
        "relevant": 2.94545,
        "distractor": 14.47273
    },
    "rc_at_100": {
        "relevant": 6.65455,
        "distractor": 51.10909
    },
    "rc_at_200": {
        "relevant": 7.70909,
        "distractor": 63.90909
    },
    "rc_at_300": {
        "relevant": 8.32727,
        "distractor": 69.89091
    },
    "rc_at_500": {
        "relevant": 8.72727,
        "distractor": 77.07273
    },
    "rc_at_1000": {
        "relevant": 9.16364,
        "distractor": 84.61818
    }
}