{
    "ndcg_at_1": 0.3595,
    "ndcg_at_3": 0.46708,
    "ndcg_at_5": 0.5085,
    "ndcg_at_10": 0.54935,
    "ndcg_at_20": 0.57112,
    "ndcg_at_100": 0.59077,
    "ndcg_at_200": 0.59369,
    "ndcg_at_300": 0.59508,
    "ndcg_at_500": 0.59639,
    "ndcg_at_1000": 0.59713,
    "map_at_1": 0.31692,
    "map_at_3": 0.4273,
    "map_at_5": 0.45265,
    "map_at_10": 0.47145,
    "map_at_20": 0.47826,
    "map_at_100": 0.48158,
    "map_at_200": 0.48175,
    "map_at_300": 0.4818,
    "map_at_500": 0.48184,
    "map_at_1000": 0.48185,
    "recall_at_1": 0.31692,
    "recall_at_3": 0.54739,
    "recall_at_5": 0.64219,
    "recall_at_10": 0.7599,
    "recall_at_20": 0.84033,
    "recall_at_100": 0.9375,
    "recall_at_200": 0.95715,
    "recall_at_300": 0.96768,
    "recall_at_500": 0.97832,
    "recall_at_1000": 0.98489,
    "precision_at_1": 0.3595,
    "precision_at_3": 0.21205,
    "precision_at_5": 0.15127,
    "precision_at_10": 0.0907,
    "precision_at_20": 0.05058,
    "precision_at_100": 0.01137,
    "precision_at_200": 0.00581,
    "precision_at_300": 0.00392,
    "precision_at_500": 0.00238,
    "precision_at_1000": 0.0012,
    "mrr_at_1": 0.35979,
    "mrr_at_3": 0.46253,
    "mrr_at_5": 0.48304,
    "mrr_at_10": 0.49822,
    "mrr_at_20": 0.50331,
    "mrr_at_100": 0.50565,
    "mrr_at_200": 0.50577,
    "mrr_at_300": 0.5058,
    "mrr_at_500": 0.50583,
    "mrr_at_1000": 0.50584
}