{
    "ndcg_at_1": 0.09807,
    "ndcg_at_3": 0.12906,
    "ndcg_at_5": 0.14233,
    "ndcg_at_10": 0.16328,
    "ndcg_at_20": 0.18056,
    "ndcg_at_100": 0.21621,
    "ndcg_at_200": 0.228,
    "ndcg_at_300": 0.23462,
    "ndcg_at_500": 0.24364,
    "ndcg_at_1000": 0.25353,
    "map_at_1": 0.08026,
    "map_at_3": 0.11127,
    "map_at_5": 0.11964,
    "map_at_10": 0.12843,
    "map_at_20": 0.13342,
    "map_at_100": 0.13848,
    "map_at_200": 0.13919,
    "map_at_300": 0.13946,
    "map_at_500": 0.13972,
    "map_at_1000": 0.1399,
    "recall_at_1": 0.08026,
    "recall_at_3": 0.15014,
    "recall_at_5": 0.18389,
    "recall_at_10": 0.2464,
    "recall_at_20": 0.3108,
    "recall_at_100": 0.49028,
    "recall_at_200": 0.56563,
    "recall_at_300": 0.61147,
    "recall_at_500": 0.68099,
    "recall_at_1000": 0.76371,
    "precision_at_1": 0.09807,
    "precision_at_3": 0.06263,
    "precision_at_5": 0.04735,
    "precision_at_10": 0.03262,
    "precision_at_20": 0.02111,
    "precision_at_100": 0.00722,
    "precision_at_200": 0.0043,
    "precision_at_300": 0.00317,
    "precision_at_500": 0.00215,
    "precision_at_1000": 0.00124,
    "mrr_at_1": 0.09807,
    "mrr_at_3": 0.13363,
    "mrr_at_5": 0.14265,
    "mrr_at_10": 0.15253,
    "mrr_at_20": 0.15751,
    "mrr_at_100": 0.16197,
    "mrr_at_200": 0.1625,
    "mrr_at_300": 0.16268,
    "mrr_at_500": 0.16285,
    "mrr_at_1000": 0.16296
}