{
    "ndcg_at_1": 0.21404,
    "ndcg_at_3": 0.25477,
    "ndcg_at_5": 0.27108,
    "ndcg_at_10": 0.29606,
    "ndcg_at_20": 0.31544,
    "ndcg_at_100": 0.34769,
    "ndcg_at_200": 0.35785,
    "ndcg_at_300": 0.36385,
    "ndcg_at_500": 0.37044,
    "ndcg_at_1000": 0.37784,
    "map_at_1": 0.17704,
    "map_at_3": 0.22637,
    "map_at_5": 0.23824,
    "map_at_10": 0.24968,
    "map_at_20": 0.25557,
    "map_at_100": 0.26042,
    "map_at_200": 0.26108,
    "map_at_300": 0.26134,
    "map_at_500": 0.26154,
    "map_at_1000": 0.26169,
    "recall_at_1": 0.17704,
    "recall_at_3": 0.27978,
    "recall_at_5": 0.32318,
    "recall_at_10": 0.39748,
    "recall_at_20": 0.46889,
    "recall_at_100": 0.6295,
    "recall_at_200": 0.69329,
    "recall_at_300": 0.73503,
    "recall_at_500": 0.785,
    "recall_at_1000": 0.84608,
    "precision_at_1": 0.21404,
    "precision_at_3": 0.12147,
    "precision_at_5": 0.08637,
    "precision_at_10": 0.0542,
    "precision_at_20": 0.03276,
    "precision_at_100": 0.00929,
    "precision_at_200": 0.00527,
    "precision_at_300": 0.0038,
    "precision_at_500": 0.00248,
    "precision_at_1000": 0.00137,
    "mrr_at_1": 0.21404,
    "mrr_at_3": 0.26726,
    "mrr_at_5": 0.27729,
    "mrr_at_10": 0.28812,
    "mrr_at_20": 0.29332,
    "mrr_at_100": 0.29729,
    "mrr_at_200": 0.29772,
    "mrr_at_300": 0.29786,
    "mrr_at_500": 0.29798,
    "mrr_at_1000": 0.29805
}