{
    "ndcg_at_1": 0.094,
    "ndcg_at_3": 0.08053,
    "ndcg_at_5": 0.0698,
    "ndcg_at_10": 0.08373,
    "ndcg_at_20": 0.09764,
    "ndcg_at_100": 0.13034,
    "ndcg_at_200": 0.1449,
    "ndcg_at_300": 0.15266,
    "ndcg_at_500": 0.16312,
    "ndcg_at_1000": 0.17903,
    "map_at_1": 0.01938,
    "map_at_3": 0.0348,
    "map_at_5": 0.04024,
    "map_at_10": 0.04502,
    "map_at_20": 0.04891,
    "map_at_100": 0.05382,
    "map_at_200": 0.0548,
    "map_at_300": 0.05516,
    "map_at_500": 0.05551,
    "map_at_1000": 0.05586,
    "recall_at_1": 0.01938,
    "recall_at_3": 0.04638,
    "recall_at_5": 0.06198,
    "recall_at_10": 0.08798,
    "recall_at_20": 0.12073,
    "recall_at_100": 0.22753,
    "recall_at_200": 0.28968,
    "recall_at_300": 0.32635,
    "recall_at_500": 0.3797,
    "recall_at_1000": 0.46902,
    "precision_at_1": 0.094,
    "precision_at_3": 0.076,
    "precision_at_5": 0.061,
    "precision_at_10": 0.0434,
    "precision_at_20": 0.02975,
    "precision_at_100": 0.01122,
    "precision_at_200": 0.00713,
    "precision_at_300": 0.00535,
    "precision_at_500": 0.00374,
    "precision_at_1000": 0.00231,
    "mrr_at_1": 0.094,
    "mrr_at_3": 0.136,
    "mrr_at_5": 0.1466,
    "mrr_at_10": 0.15719,
    "mrr_at_20": 0.16254,
    "mrr_at_100": 0.1677,
    "mrr_at_200": 0.16835,
    "mrr_at_300": 0.16852,
    "mrr_at_500": 0.16867,
    "mrr_at_1000": 0.16878
}