{
    "ndcg_at_1": 0.30909,
    "ndcg_at_3": 0.20406,
    "ndcg_at_5": 0.17719,
    "ndcg_at_10": 0.13514,
    "ndcg_at_20": 0.15859,
    "ndcg_at_100": 0.2032,
    "ndcg_at_200": 0.22345,
    "ndcg_at_300": 0.23356,
    "ndcg_at_500": 0.24381,
    "ndcg_at_1000": 0.25596,
    "map_at_1": 0.03091,
    "map_at_3": 0.04576,
    "map_at_5": 0.05521,
    "map_at_10": 0.06634,
    "map_at_20": 0.07608,
    "map_at_100": 0.08501,
    "map_at_200": 0.08699,
    "map_at_300": 0.08786,
    "map_at_500": 0.08834,
    "map_at_1000": 0.08873,
    "recall_at_1": 0.03091,
    "recall_at_3": 0.05273,
    "recall_at_5": 0.07455,
    "recall_at_10": 0.10182,
    "recall_at_20": 0.14364,
    "recall_at_100": 0.25636,
    "recall_at_200": 0.32182,
    "recall_at_300": 0.35818,
    "recall_at_500": 0.39818,
    "recall_at_1000": 0.45091,
    "precision_at_1": 0.30909,
    "precision_at_3": 0.17576,
    "precision_at_5": 0.14909,
    "precision_at_10": 0.10182,
    "precision_at_20": 0.07182,
    "precision_at_100": 0.02564,
    "precision_at_200": 0.01609,
    "precision_at_300": 0.01194,
    "precision_at_500": 0.00796,
    "precision_at_1000": 0.00451,
    "mrr_at_1": 0.30909,
    "mrr_at_3": 0.34848,
    "mrr_at_5": 0.37212,
    "mrr_at_10": 0.37934,
    "mrr_at_20": 0.38597,
    "mrr_at_100": 0.38967,
    "mrr_at_200": 0.3902,
    "mrr_at_300": 0.3902,
    "mrr_at_500": 0.3902,
    "mrr_at_1000": 0.39024,
    "rc_at_1": {
        "relevant": 0.30909,
        "distractor": 0.27273
    },
    "rc_at_3": {
        "relevant": 0.52727,
        "distractor": 0.94545
    },
    "rc_at_5": {
        "relevant": 0.74545,
        "distractor": 1.41818
    },
    "rc_at_10": {
        "relevant": 1.01818,
        "distractor": 2.45455
    },
    "rc_at_20": {
        "relevant": 1.43636,
        "distractor": 4.0
    },
    "rc_at_100": {
        "relevant": 2.56364,
        "distractor": 10.10909
    },
    "rc_at_200": {
        "relevant": 3.21818,
        "distractor": 13.90909
    },
    "rc_at_300": {
        "relevant": 3.58182,
        "distractor": 16.49091
    },
    "rc_at_500": {
        "relevant": 3.98182,
        "distractor": 20.32727
    },
    "rc_at_1000": {
        "relevant": 4.50909,
        "distractor": 26.01818
    }
}