{
    "ndcg_at_1": 0.32727,
    "ndcg_at_3": 0.26399,
    "ndcg_at_5": 0.23405,
    "ndcg_at_10": 0.18683,
    "ndcg_at_20": 0.24006,
    "ndcg_at_100": 0.38021,
    "ndcg_at_200": 0.40011,
    "ndcg_at_300": 0.41069,
    "ndcg_at_500": 0.42652,
    "ndcg_at_1000": 0.43373,
    "map_at_1": 0.03273,
    "map_at_3": 0.06455,
    "map_at_5": 0.08582,
    "map_at_10": 0.10106,
    "map_at_20": 0.1234,
    "map_at_100": 0.1662,
    "map_at_200": 0.16967,
    "map_at_300": 0.17073,
    "map_at_500": 0.1719,
    "map_at_1000": 0.17224,
    "recall_at_1": 0.03273,
    "recall_at_3": 0.07455,
    "recall_at_5": 0.10545,
    "recall_at_10": 0.15455,
    "recall_at_20": 0.25091,
    "recall_at_100": 0.59455,
    "recall_at_200": 0.65818,
    "recall_at_300": 0.69636,
    "recall_at_500": 0.75818,
    "recall_at_1000": 0.78909,
    "precision_at_1": 0.32727,
    "precision_at_3": 0.24848,
    "precision_at_5": 0.21091,
    "precision_at_10": 0.15455,
    "precision_at_20": 0.12545,
    "precision_at_100": 0.05945,
    "precision_at_200": 0.03291,
    "precision_at_300": 0.02321,
    "precision_at_500": 0.01516,
    "precision_at_1000": 0.00789,
    "mrr_at_1": 0.32727,
    "mrr_at_3": 0.38788,
    "mrr_at_5": 0.39879,
    "mrr_at_10": 0.42718,
    "mrr_at_20": 0.43391,
    "mrr_at_100": 0.43839,
    "mrr_at_200": 0.43839,
    "mrr_at_300": 0.43846,
    "mrr_at_500": 0.4385,
    "mrr_at_1000": 0.4385,
    "rc_at_1": {
        "relevant": 0.32727,
        "distractor": 0.6
    },
    "rc_at_3": {
        "relevant": 0.78182,
        "distractor": 1.98182
    },
    "rc_at_5": {
        "relevant": 1.07273,
        "distractor": 3.50909
    },
    "rc_at_10": {
        "relevant": 1.56364,
        "distractor": 7.2
    },
    "rc_at_20": {
        "relevant": 2.56364,
        "distractor": 13.54545
    },
    "rc_at_100": {
        "relevant": 5.96364,
        "distractor": 42.25455
    },
    "rc_at_200": {
        "relevant": 6.58182,
        "distractor": 52.07273
    },
    "rc_at_300": {
        "relevant": 7.0,
        "distractor": 57.09091
    },
    "rc_at_500": {
        "relevant": 7.58182,
        "distractor": 61.89091
    },
    "rc_at_1000": {
        "relevant": 7.89091,
        "distractor": 67.87273
    }
}