{
    "ndcg_at_1": 0.30909,
    "ndcg_at_3": 0.22875,
    "ndcg_at_5": 0.21546,
    "ndcg_at_10": 0.16734,
    "ndcg_at_20": 0.19916,
    "ndcg_at_100": 0.28821,
    "ndcg_at_200": 0.31235,
    "ndcg_at_300": 0.32546,
    "ndcg_at_500": 0.33474,
    "ndcg_at_1000": 0.3488,
    "map_at_1": 0.03091,
    "map_at_3": 0.05455,
    "map_at_5": 0.07782,
    "map_at_10": 0.09112,
    "map_at_20": 0.10227,
    "map_at_100": 0.12508,
    "map_at_200": 0.12833,
    "map_at_300": 0.12951,
    "map_at_500": 0.13003,
    "map_at_1000": 0.13062,
    "recall_at_1": 0.03091,
    "recall_at_3": 0.06182,
    "recall_at_5": 0.09818,
    "recall_at_10": 0.13636,
    "recall_at_20": 0.19455,
    "recall_at_100": 0.41818,
    "recall_at_200": 0.49636,
    "recall_at_300": 0.54364,
    "recall_at_500": 0.58,
    "recall_at_1000": 0.64,
    "precision_at_1": 0.30909,
    "precision_at_3": 0.20606,
    "precision_at_5": 0.19636,
    "precision_at_10": 0.13636,
    "precision_at_20": 0.09727,
    "precision_at_100": 0.04182,
    "precision_at_200": 0.02482,
    "precision_at_300": 0.01812,
    "precision_at_500": 0.0116,
    "precision_at_1000": 0.0064,
    "mrr_at_1": 0.30909,
    "mrr_at_3": 0.35758,
    "mrr_at_5": 0.36485,
    "mrr_at_10": 0.39191,
    "mrr_at_20": 0.39867,
    "mrr_at_100": 0.40221,
    "mrr_at_200": 0.40231,
    "mrr_at_300": 0.40231,
    "mrr_at_500": 0.40235,
    "mrr_at_1000": 0.40235,
    "rc_at_1": {
        "relevant": 0.30909,
        "distractor": 0.49091
    },
    "rc_at_3": {
        "relevant": 0.63636,
        "distractor": 1.6
    },
    "rc_at_5": {
        "relevant": 0.98182,
        "distractor": 2.58182
    },
    "rc_at_10": {
        "relevant": 1.38182,
        "distractor": 5.07273
    },
    "rc_at_20": {
        "relevant": 2.0,
        "distractor": 9.21818
    },
    "rc_at_100": {
        "relevant": 4.21818,
        "distractor": 24.38182
    },
    "rc_at_200": {
        "relevant": 4.98182,
        "distractor": 32.47273
    },
    "rc_at_300": {
        "relevant": 5.45455,
        "distractor": 36.85455
    },
    "rc_at_500": {
        "relevant": 5.85455,
        "distractor": 42.23636
    },
    "rc_at_1000": {
        "relevant": 6.4,
        "distractor": 49.23636
    }
}