{
    "ndcg_at_1": 0.1319,
    "ndcg_at_3": 0.15167,
    "ndcg_at_5": 0.16104,
    "ndcg_at_10": 0.17418,
    "ndcg_at_20": 0.18557,
    "ndcg_at_100": 0.21033,
    "ndcg_at_200": 0.22002,
    "ndcg_at_300": 0.2248,
    "ndcg_at_500": 0.23163,
    "ndcg_at_1000": 0.24101,
    "map_at_1": 0.11765,
    "map_at_3": 0.14001,
    "map_at_5": 0.14586,
    "map_at_10": 0.1514,
    "map_at_20": 0.15481,
    "map_at_100": 0.15824,
    "map_at_200": 0.15875,
    "map_at_300": 0.1589,
    "map_at_500": 0.15907,
    "map_at_1000": 0.15922,
    "recall_at_1": 0.11765,
    "recall_at_3": 0.16582,
    "recall_at_5": 0.18978,
    "recall_at_10": 0.23183,
    "recall_at_20": 0.27375,
    "recall_at_100": 0.3994,
    "recall_at_200": 0.46531,
    "recall_at_300": 0.50047,
    "recall_at_500": 0.55553,
    "recall_at_1000": 0.63732,
    "precision_at_1": 0.1319,
    "precision_at_3": 0.06544,
    "precision_at_5": 0.0454,
    "precision_at_10": 0.02776,
    "precision_at_20": 0.01649,
    "precision_at_100": 0.00498,
    "precision_at_200": 0.00291,
    "precision_at_300": 0.00212,
    "precision_at_500": 0.00142,
    "precision_at_1000": 0.00083,
    "mrr_at_1": 0.1319,
    "mrr_at_3": 0.15465,
    "mrr_at_5": 0.16117,
    "mrr_at_10": 0.16669,
    "mrr_at_20": 0.17002,
    "mrr_at_100": 0.17356,
    "mrr_at_200": 0.17408,
    "mrr_at_300": 0.17424,
    "mrr_at_500": 0.17439,
    "mrr_at_1000": 0.17449
}