{
    "ndcg_at_1": 0.46759,
    "ndcg_at_3": 0.42526,
    "ndcg_at_5": 0.43202,
    "ndcg_at_10": 0.4557,
    "ndcg_at_20": 0.48649,
    "ndcg_at_100": 0.52901,
    "ndcg_at_200": 0.5405,
    "ndcg_at_300": 0.54486,
    "ndcg_at_500": 0.54881,
    "ndcg_at_1000": 0.55438,
    "map_at_1": 0.22807,
    "map_at_3": 0.33154,
    "map_at_5": 0.35627,
    "map_at_10": 0.3763,
    "map_at_20": 0.38875,
    "map_at_100": 0.39797,
    "map_at_200": 0.39898,
    "map_at_300": 0.39924,
    "map_at_500": 0.39942,
    "map_at_1000": 0.39955,
    "recall_at_1": 0.22807,
    "recall_at_3": 0.37851,
    "recall_at_5": 0.43877,
    "recall_at_10": 0.51716,
    "recall_at_20": 0.61145,
    "recall_at_100": 0.7838,
    "recall_at_200": 0.84705,
    "recall_at_300": 0.8733,
    "recall_at_500": 0.89872,
    "recall_at_1000": 0.94057,
    "precision_at_1": 0.46759,
    "precision_at_3": 0.28704,
    "precision_at_5": 0.20617,
    "precision_at_10": 0.12654,
    "precision_at_20": 0.07616,
    "precision_at_100": 0.02043,
    "precision_at_200": 0.01103,
    "precision_at_300": 0.0076,
    "precision_at_500": 0.00471,
    "precision_at_1000": 0.00246,
    "mrr_at_1": 0.46759,
    "mrr_at_3": 0.52238,
    "mrr_at_5": 0.5338,
    "mrr_at_10": 0.54344,
    "mrr_at_20": 0.54977,
    "mrr_at_100": 0.55202,
    "mrr_at_200": 0.55233,
    "mrr_at_300": 0.55238,
    "mrr_at_500": 0.55241,
    "mrr_at_1000": 0.55245
}