{
    "ndcg_at_1": 0.17786,
    "ndcg_at_3": 0.21244,
    "ndcg_at_5": 0.23295,
    "ndcg_at_10": 0.25918,
    "ndcg_at_20": 0.28189,
    "ndcg_at_100": 0.31865,
    "ndcg_at_200": 0.3281,
    "ndcg_at_300": 0.33344,
    "ndcg_at_500": 0.33765,
    "ndcg_at_1000": 0.34713,
    "map_at_1": 0.13908,
    "map_at_3": 0.18625,
    "map_at_5": 0.19881,
    "map_at_10": 0.21063,
    "map_at_20": 0.21738,
    "map_at_100": 0.2227,
    "map_at_200": 0.2233,
    "map_at_300": 0.22354,
    "map_at_500": 0.22367,
    "map_at_1000": 0.22384,
    "recall_at_1": 0.13908,
    "recall_at_3": 0.24043,
    "recall_at_5": 0.29208,
    "recall_at_10": 0.36744,
    "recall_at_20": 0.44898,
    "recall_at_100": 0.63188,
    "recall_at_200": 0.691,
    "recall_at_300": 0.72713,
    "recall_at_500": 0.7568,
    "recall_at_1000": 0.83697,
    "precision_at_1": 0.17786,
    "precision_at_3": 0.10365,
    "precision_at_5": 0.07612,
    "precision_at_10": 0.04963,
    "precision_at_20": 0.03122,
    "precision_at_100": 0.00913,
    "precision_at_200": 0.00509,
    "precision_at_300": 0.00364,
    "precision_at_500": 0.00233,
    "precision_at_1000": 0.00131,
    "mrr_at_1": 0.17786,
    "mrr_at_3": 0.22803,
    "mrr_at_5": 0.24152,
    "mrr_at_10": 0.25372,
    "mrr_at_20": 0.25949,
    "mrr_at_100": 0.26384,
    "mrr_at_200": 0.2642,
    "mrr_at_300": 0.2643,
    "mrr_at_500": 0.26436,
    "mrr_at_1000": 0.26446
}