{
    "ndcg_at_1": 0.26154,
    "ndcg_at_3": 0.22982,
    "ndcg_at_5": 0.20449,
    "ndcg_at_10": 0.17977,
    "ndcg_at_20": 0.23124,
    "ndcg_at_100": 0.37985,
    "ndcg_at_200": 0.41697,
    "ndcg_at_300": 0.42641,
    "ndcg_at_500": 0.44015,
    "ndcg_at_1000": 0.44946,
    "map_at_1": 0.02615,
    "map_at_3": 0.05051,
    "map_at_5": 0.06205,
    "map_at_10": 0.08797,
    "map_at_20": 0.11152,
    "map_at_100": 0.15197,
    "map_at_200": 0.15836,
    "map_at_300": 0.15954,
    "map_at_500": 0.16054,
    "map_at_1000": 0.16099,
    "recall_at_1": 0.02615,
    "recall_at_3": 0.06615,
    "recall_at_5": 0.09385,
    "recall_at_10": 0.16,
    "recall_at_20": 0.25231,
    "recall_at_100": 0.62923,
    "recall_at_200": 0.74923,
    "recall_at_300": 0.78308,
    "recall_at_500": 0.83692,
    "recall_at_1000": 0.87692,
    "precision_at_1": 0.26154,
    "precision_at_3": 0.22051,
    "precision_at_5": 0.18769,
    "precision_at_10": 0.16,
    "precision_at_20": 0.12615,
    "precision_at_100": 0.06292,
    "precision_at_200": 0.03746,
    "precision_at_300": 0.0261,
    "precision_at_500": 0.01674,
    "precision_at_1000": 0.00877,
    "mrr_at_1": 0.26154,
    "mrr_at_3": 0.36154,
    "mrr_at_5": 0.39231,
    "mrr_at_10": 0.39833,
    "mrr_at_20": 0.40567,
    "mrr_at_100": 0.41273,
    "mrr_at_200": 0.41273,
    "mrr_at_300": 0.41273,
    "mrr_at_500": 0.41277,
    "mrr_at_1000": 0.41277,
    "rc_at_1": {
        "relevant": 0.26154,
        "distractor": 0.69231
    },
    "rc_at_3": {
        "relevant": 0.66154,
        "distractor": 2.16923
    },
    "rc_at_5": {
        "relevant": 0.93846,
        "distractor": 3.73846
    },
    "rc_at_10": {
        "relevant": 1.6,
        "distractor": 7.55385
    },
    "rc_at_20": {
        "relevant": 2.52308,
        "distractor": 15.32308
    },
    "rc_at_100": {
        "relevant": 6.29231,
        "distractor": 56.92308
    },
    "rc_at_200": {
        "relevant": 7.49231,
        "distractor": 69.84615
    },
    "rc_at_300": {
        "relevant": 7.83077,
        "distractor": 74.26154
    },
    "rc_at_500": {
        "relevant": 8.36923,
        "distractor": 78.76923
    },
    "rc_at_1000": {
        "relevant": 8.76923,
        "distractor": 83.67692
    }
}