{
    "ndcg_at_1": 0.26154,
    "ndcg_at_3": 0.23343,
    "ndcg_at_5": 0.21361,
    "ndcg_at_10": 0.18568,
    "ndcg_at_20": 0.24978,
    "ndcg_at_100": 0.47108,
    "ndcg_at_200": 0.5067,
    "ndcg_at_300": 0.51103,
    "ndcg_at_500": 0.51224,
    "ndcg_at_1000": 0.51369,
    "map_at_1": 0.02615,
    "map_at_3": 0.05103,
    "map_at_5": 0.06464,
    "map_at_10": 0.09123,
    "map_at_20": 0.11972,
    "map_at_100": 0.18554,
    "map_at_200": 0.19359,
    "map_at_300": 0.19423,
    "map_at_500": 0.19436,
    "map_at_1000": 0.19445,
    "recall_at_1": 0.02615,
    "recall_at_3": 0.06769,
    "recall_at_5": 0.1,
    "recall_at_10": 0.16615,
    "recall_at_20": 0.28154,
    "recall_at_100": 0.85385,
    "recall_at_200": 0.96615,
    "recall_at_300": 0.98154,
    "recall_at_500": 0.98615,
    "recall_at_1000": 0.99231,
    "precision_at_1": 0.26154,
    "precision_at_3": 0.22564,
    "precision_at_5": 0.2,
    "precision_at_10": 0.16615,
    "precision_at_20": 0.14077,
    "precision_at_100": 0.08538,
    "precision_at_200": 0.04831,
    "precision_at_300": 0.03272,
    "precision_at_500": 0.01972,
    "precision_at_1000": 0.00992,
    "mrr_at_1": 0.26154,
    "mrr_at_3": 0.36667,
    "mrr_at_5": 0.39821,
    "mrr_at_10": 0.40423,
    "mrr_at_20": 0.41552,
    "mrr_at_100": 0.42049,
    "mrr_at_200": 0.42049,
    "mrr_at_300": 0.42049,
    "mrr_at_500": 0.42049,
    "mrr_at_1000": 0.42049,
    "rc_at_1": {
        "relevant": 0.26154,
        "distractor": 0.73846
    },
    "rc_at_3": {
        "relevant": 0.67692,
        "distractor": 2.32308
    },
    "rc_at_5": {
        "relevant": 1.0,
        "distractor": 3.98462
    },
    "rc_at_10": {
        "relevant": 1.66154,
        "distractor": 8.30769
    },
    "rc_at_20": {
        "relevant": 2.81538,
        "distractor": 17.01538
    },
    "rc_at_100": {
        "relevant": 8.53846,
        "distractor": 82.15385
    },
    "rc_at_200": {
        "relevant": 9.66154,
        "distractor": 94.06154
    },
    "rc_at_300": {
        "relevant": 9.81538,
        "distractor": 95.64615
    },
    "rc_at_500": {
        "relevant": 9.86154,
        "distractor": 97.03077
    },
    "rc_at_1000": {
        "relevant": 9.92308,
        "distractor": 98.30769
    }
}