{
    "ndcg_at_1": 0.29141,
    "ndcg_at_3": 0.33764,
    "ndcg_at_5": 0.35576,
    "ndcg_at_10": 0.37583,
    "ndcg_at_20": 0.39349,
    "ndcg_at_100": 0.4207,
    "ndcg_at_200": 0.4291,
    "ndcg_at_300": 0.43456,
    "ndcg_at_500": 0.43908,
    "ndcg_at_1000": 0.44428,
    "map_at_1": 0.25734,
    "map_at_3": 0.3123,
    "map_at_5": 0.3236,
    "map_at_10": 0.33314,
    "map_at_20": 0.33831,
    "map_at_100": 0.34244,
    "map_at_200": 0.34292,
    "map_at_300": 0.34314,
    "map_at_500": 0.34325,
    "map_at_1000": 0.34333,
    "recall_at_1": 0.25734,
    "recall_at_3": 0.37221,
    "recall_at_5": 0.41942,
    "recall_at_10": 0.47842,
    "recall_at_20": 0.54269,
    "recall_at_100": 0.67947,
    "recall_at_200": 0.73545,
    "recall_at_300": 0.77406,
    "recall_at_500": 0.81073,
    "recall_at_1000": 0.8548,
    "precision_at_1": 0.29141,
    "precision_at_3": 0.14673,
    "precision_at_5": 0.09939,
    "precision_at_10": 0.05798,
    "precision_at_20": 0.03367,
    "precision_at_100": 0.0087,
    "precision_at_200": 0.00474,
    "precision_at_300": 0.00337,
    "precision_at_500": 0.00213,
    "precision_at_1000": 0.00114,
    "mrr_at_1": 0.29141,
    "mrr_at_3": 0.34356,
    "mrr_at_5": 0.3546,
    "mrr_at_10": 0.3623,
    "mrr_at_20": 0.36731,
    "mrr_at_100": 0.37061,
    "mrr_at_200": 0.37101,
    "mrr_at_300": 0.37115,
    "mrr_at_500": 0.37123,
    "mrr_at_1000": 0.37129
}