{
    "ndcg_at_1": 0.44898,
    "ndcg_at_3": 0.31152,
    "ndcg_at_5": 0.28831,
    "ndcg_at_10": 0.26425,
    "ndcg_at_20": 0.26863,
    "ndcg_at_100": 0.37304,
    "ndcg_at_200": 0.40985,
    "ndcg_at_300": 0.42971,
    "ndcg_at_500": 0.45479,
    "ndcg_at_1000": 0.48815,
    "map_at_1": 0.03638,
    "map_at_3": 0.05657,
    "map_at_5": 0.07577,
    "map_at_10": 0.10405,
    "map_at_20": 0.12723,
    "map_at_100": 0.16222,
    "map_at_200": 0.16863,
    "map_at_300": 0.17126,
    "map_at_500": 0.17364,
    "map_at_1000": 0.17626,
    "recall_at_1": 0.03638,
    "recall_at_3": 0.06306,
    "recall_at_5": 0.09837,
    "recall_at_10": 0.16129,
    "recall_at_20": 0.23469,
    "recall_at_100": 0.46061,
    "recall_at_200": 0.56352,
    "recall_at_300": 0.61914,
    "recall_at_500": 0.69061,
    "recall_at_1000": 0.81269,
    "precision_at_1": 0.46939,
    "precision_at_3": 0.29252,
    "precision_at_5": 0.26531,
    "precision_at_10": 0.21837,
    "precision_at_20": 0.16327,
    "precision_at_100": 0.07286,
    "precision_at_200": 0.04633,
    "precision_at_300": 0.0349,
    "precision_at_500": 0.02437,
    "precision_at_1000": 0.0149,
    "mrr_at_1": 0.46939,
    "mrr_at_3": 0.54082,
    "mrr_at_5": 0.5602,
    "mrr_at_10": 0.57369,
    "mrr_at_20": 0.57554,
    "mrr_at_100": 0.57949,
    "mrr_at_200": 0.57967,
    "mrr_at_300": 0.57967,
    "mrr_at_500": 0.57972,
    "mrr_at_1000": 0.57972
}