{
    "ndcg_at_1": 0.26935,
    "ndcg_at_3": 0.24681,
    "ndcg_at_5": 0.23232,
    "ndcg_at_10": 0.21039,
    "ndcg_at_20": 0.19604,
    "ndcg_at_100": 0.20385,
    "ndcg_at_200": 0.22294,
    "ndcg_at_300": 0.24021,
    "ndcg_at_500": 0.26537,
    "ndcg_at_1000": 0.30867,
    "map_at_1": 0.02059,
    "map_at_3": 0.03605,
    "map_at_5": 0.04297,
    "map_at_10": 0.05279,
    "map_at_20": 0.06062,
    "map_at_100": 0.0749,
    "map_at_200": 0.07973,
    "map_at_300": 0.08244,
    "map_at_500": 0.08551,
    "map_at_1000": 0.0894,
    "recall_at_1": 0.02059,
    "recall_at_3": 0.0445,
    "recall_at_5": 0.05817,
    "recall_at_10": 0.0838,
    "recall_at_20": 0.11503,
    "recall_at_100": 0.23753,
    "recall_at_200": 0.30491,
    "recall_at_300": 0.36228,
    "recall_at_500": 0.44958,
    "recall_at_1000": 0.60274,
    "precision_at_1": 0.28483,
    "precision_at_3": 0.24355,
    "precision_at_5": 0.21486,
    "precision_at_10": 0.17183,
    "precision_at_20": 0.13096,
    "precision_at_100": 0.06344,
    "precision_at_200": 0.04517,
    "precision_at_300": 0.03729,
    "precision_at_500": 0.02887,
    "precision_at_1000": 0.0204,
    "mrr_at_1": 0.28483,
    "mrr_at_3": 0.34727,
    "mrr_at_5": 0.36336,
    "mrr_at_10": 0.37252,
    "mrr_at_20": 0.37688,
    "mrr_at_100": 0.38101,
    "mrr_at_200": 0.38129,
    "mrr_at_300": 0.38138,
    "mrr_at_500": 0.38147,
    "mrr_at_1000": 0.38154
}