{
    "ndcg_at_1": 0.49,
    "ndcg_at_3": 0.48961,
    "ndcg_at_5": 0.47132,
    "ndcg_at_10": 0.46575,
    "ndcg_at_20": 0.44551,
    "ndcg_at_100": 0.33119,
    "ndcg_at_200": 0.27541,
    "ndcg_at_300": 0.25703,
    "ndcg_at_500": 0.25534,
    "ndcg_at_1000": 0.29777,
    "map_at_1": 0.0013,
    "map_at_3": 0.00342,
    "map_at_5": 0.00527,
    "map_at_10": 0.00944,
    "map_at_20": 0.01694,
    "map_at_100": 0.04894,
    "map_at_200": 0.06622,
    "map_at_300": 0.07695,
    "map_at_500": 0.0894,
    "map_at_1000": 0.10402,
    "recall_at_1": 0.0013,
    "recall_at_3": 0.00392,
    "recall_at_5": 0.00649,
    "recall_at_10": 0.01269,
    "recall_at_20": 0.02418,
    "recall_at_100": 0.0813,
    "recall_at_200": 0.12302,
    "recall_at_300": 0.15637,
    "recall_at_500": 0.20267,
    "recall_at_1000": 0.28094,
    "precision_at_1": 0.54,
    "precision_at_3": 0.52,
    "precision_at_5": 0.504,
    "precision_at_10": 0.498,
    "precision_at_20": 0.47,
    "precision_at_100": 0.3312,
    "precision_at_200": 0.2613,
    "precision_at_300": 0.22507,
    "precision_at_500": 0.17956,
    "precision_at_1000": 0.12762,
    "mrr_at_1": 0.54,
    "mrr_at_3": 0.65333,
    "mrr_at_5": 0.67233,
    "mrr_at_10": 0.68386,
    "mrr_at_20": 0.68673,
    "mrr_at_100": 0.68673,
    "mrr_at_200": 0.68673,
    "mrr_at_300": 0.68673,
    "mrr_at_500": 0.68673,
    "mrr_at_1000": 0.68673
}