{
    "ndcg_at_1": 0.19778,
    "ndcg_at_3": 0.24958,
    "ndcg_at_5": 0.2744,
    "ndcg_at_10": 0.30663,
    "ndcg_at_20": 0.3314,
    "ndcg_at_100": 0.37012,
    "ndcg_at_200": 0.37871,
    "ndcg_at_300": 0.3834,
    "ndcg_at_500": 0.38826,
    "ndcg_at_1000": 0.39358,
    "map_at_1": 0.18429,
    "map_at_3": 0.23015,
    "map_at_5": 0.24437,
    "map_at_10": 0.25842,
    "map_at_20": 0.26538,
    "map_at_100": 0.271,
    "map_at_200": 0.27152,
    "map_at_300": 0.27171,
    "map_at_500": 0.2719,
    "map_at_1000": 0.272,
    "recall_at_1": 0.18429,
    "recall_at_3": 0.28725,
    "recall_at_5": 0.3451,
    "recall_at_10": 0.4399,
    "recall_at_20": 0.53356,
    "recall_at_100": 0.7338,
    "recall_at_200": 0.78913,
    "recall_at_300": 0.82335,
    "recall_at_500": 0.85936,
    "recall_at_1000": 0.90494,
    "precision_at_1": 0.19778,
    "precision_at_3": 0.10659,
    "precision_at_5": 0.07911,
    "precision_at_10": 0.05083,
    "precision_at_20": 0.03142,
    "precision_at_100": 0.00898,
    "precision_at_200": 0.00496,
    "precision_at_300": 0.0035,
    "precision_at_500": 0.00228,
    "precision_at_1000": 0.00122,
    "mrr_at_1": 0.19778,
    "mrr_at_3": 0.24677,
    "mrr_at_5": 0.26211,
    "mrr_at_10": 0.27568,
    "mrr_at_20": 0.28232,
    "mrr_at_100": 0.28715,
    "mrr_at_200": 0.28752,
    "mrr_at_300": 0.28763,
    "mrr_at_500": 0.2877,
    "mrr_at_1000": 0.28777
}