{
    "ndcg_at_1": 0.38462,
    "ndcg_at_3": 0.31019,
    "ndcg_at_5": 0.30096,
    "ndcg_at_10": 0.24294,
    "ndcg_at_20": 0.2896,
    "ndcg_at_100": 0.44411,
    "ndcg_at_200": 0.48209,
    "ndcg_at_300": 0.49196,
    "ndcg_at_500": 0.50187,
    "ndcg_at_1000": 0.50729,
    "map_at_1": 0.03846,
    "map_at_3": 0.07538,
    "map_at_5": 0.10569,
    "map_at_10": 0.13553,
    "map_at_20": 0.15664,
    "map_at_100": 0.20151,
    "map_at_200": 0.20886,
    "map_at_300": 0.2099,
    "map_at_500": 0.21069,
    "map_at_1000": 0.21099,
    "recall_at_1": 0.03846,
    "recall_at_3": 0.08769,
    "recall_at_5": 0.14308,
    "recall_at_10": 0.21077,
    "recall_at_20": 0.29538,
    "recall_at_100": 0.69231,
    "recall_at_200": 0.81385,
    "recall_at_300": 0.84923,
    "recall_at_500": 0.88769,
    "recall_at_1000": 0.91077,
    "precision_at_1": 0.38462,
    "precision_at_3": 0.29231,
    "precision_at_5": 0.28615,
    "precision_at_10": 0.21077,
    "precision_at_20": 0.14769,
    "precision_at_100": 0.06923,
    "precision_at_200": 0.04069,
    "precision_at_300": 0.02831,
    "precision_at_500": 0.01775,
    "precision_at_1000": 0.00911,
    "mrr_at_1": 0.38462,
    "mrr_at_3": 0.44615,
    "mrr_at_5": 0.48538,
    "mrr_at_10": 0.49839,
    "mrr_at_20": 0.50539,
    "mrr_at_100": 0.50731,
    "mrr_at_200": 0.50731,
    "mrr_at_300": 0.50731,
    "mrr_at_500": 0.50731,
    "mrr_at_1000": 0.50731,
    "rc_at_1": {
        "relevant": 0.38462,
        "distractor": 0.6
    },
    "rc_at_3": {
        "relevant": 0.87692,
        "distractor": 2.09231
    },
    "rc_at_5": {
        "relevant": 1.43077,
        "distractor": 3.50769
    },
    "rc_at_10": {
        "relevant": 2.10769,
        "distractor": 7.70769
    },
    "rc_at_20": {
        "relevant": 2.95385,
        "distractor": 16.36923
    },
    "rc_at_100": {
        "relevant": 6.92308,
        "distractor": 69.6
    },
    "rc_at_200": {
        "relevant": 8.13846,
        "distractor": 83.12308
    },
    "rc_at_300": {
        "relevant": 8.49231,
        "distractor": 86.55385
    },
    "rc_at_500": {
        "relevant": 8.87692,
        "distractor": 89.75385
    },
    "rc_at_1000": {
        "relevant": 9.10769,
        "distractor": 92.78462
    }
}