{
    "ndcg_at_1": 0.38462,
    "ndcg_at_3": 0.29841,
    "ndcg_at_5": 0.29043,
    "ndcg_at_10": 0.237,
    "ndcg_at_20": 0.27542,
    "ndcg_at_100": 0.3886,
    "ndcg_at_200": 0.41811,
    "ndcg_at_300": 0.43086,
    "ndcg_at_500": 0.444,
    "ndcg_at_1000": 0.45582,
    "map_at_1": 0.03846,
    "map_at_3": 0.07282,
    "map_at_5": 0.10259,
    "map_at_10": 0.13195,
    "map_at_20": 0.14926,
    "map_at_100": 0.18033,
    "map_at_200": 0.18493,
    "map_at_300": 0.18637,
    "map_at_500": 0.18734,
    "map_at_1000": 0.18793,
    "recall_at_1": 0.03846,
    "recall_at_3": 0.08308,
    "recall_at_5": 0.13692,
    "recall_at_10": 0.20615,
    "recall_at_20": 0.27538,
    "recall_at_100": 0.56308,
    "recall_at_200": 0.65846,
    "recall_at_300": 0.70462,
    "recall_at_500": 0.75538,
    "recall_at_1000": 0.80615,
    "precision_at_1": 0.38462,
    "precision_at_3": 0.27692,
    "precision_at_5": 0.27385,
    "precision_at_10": 0.20615,
    "precision_at_20": 0.13769,
    "precision_at_100": 0.05631,
    "precision_at_200": 0.03292,
    "precision_at_300": 0.02349,
    "precision_at_500": 0.01511,
    "precision_at_1000": 0.00806,
    "mrr_at_1": 0.38462,
    "mrr_at_3": 0.4359,
    "mrr_at_5": 0.47436,
    "mrr_at_10": 0.49112,
    "mrr_at_20": 0.49569,
    "mrr_at_100": 0.49841,
    "mrr_at_200": 0.49841,
    "mrr_at_300": 0.49841,
    "mrr_at_500": 0.49846,
    "mrr_at_1000": 0.49846,
    "rc_at_1": {
        "relevant": 0.38462,
        "distractor": 0.6
    },
    "rc_at_3": {
        "relevant": 0.83077,
        "distractor": 2.03077
    },
    "rc_at_5": {
        "relevant": 1.36923,
        "distractor": 3.32308
    },
    "rc_at_10": {
        "relevant": 2.06154,
        "distractor": 7.18462
    },
    "rc_at_20": {
        "relevant": 2.75385,
        "distractor": 14.61538
    },
    "rc_at_100": {
        "relevant": 5.63077,
        "distractor": 52.4
    },
    "rc_at_200": {
        "relevant": 6.58462,
        "distractor": 64.27692
    },
    "rc_at_300": {
        "relevant": 7.04615,
        "distractor": 69.4
    },
    "rc_at_500": {
        "relevant": 7.55385,
        "distractor": 75.27692
    },
    "rc_at_1000": {
        "relevant": 8.06154,
        "distractor": 81.63077
    }
}