{
    "ndcg_at_1": 0.38462,
    "ndcg_at_3": 0.31113,
    "ndcg_at_5": 0.30165,
    "ndcg_at_10": 0.24357,
    "ndcg_at_20": 0.29204,
    "ndcg_at_100": 0.47643,
    "ndcg_at_200": 0.51972,
    "ndcg_at_300": 0.52612,
    "ndcg_at_500": 0.53325,
    "ndcg_at_1000": 0.53612,
    "map_at_1": 0.03846,
    "map_at_3": 0.07564,
    "map_at_5": 0.10595,
    "map_at_10": 0.13598,
    "map_at_20": 0.15802,
    "map_at_100": 0.21246,
    "map_at_200": 0.22126,
    "map_at_300": 0.22202,
    "map_at_500": 0.22265,
    "map_at_1000": 0.2228,
    "recall_at_1": 0.03846,
    "recall_at_3": 0.08769,
    "recall_at_5": 0.14308,
    "recall_at_10": 0.21077,
    "recall_at_20": 0.29846,
    "recall_at_100": 0.77692,
    "recall_at_200": 0.91385,
    "recall_at_300": 0.93692,
    "recall_at_500": 0.96462,
    "recall_at_1000": 0.97692,
    "precision_at_1": 0.38462,
    "precision_at_3": 0.29231,
    "precision_at_5": 0.28615,
    "precision_at_10": 0.21077,
    "precision_at_20": 0.14923,
    "precision_at_100": 0.07769,
    "precision_at_200": 0.04569,
    "precision_at_300": 0.03123,
    "precision_at_500": 0.01929,
    "precision_at_1000": 0.00977,
    "mrr_at_1": 0.38462,
    "mrr_at_3": 0.44872,
    "mrr_at_5": 0.48795,
    "mrr_at_10": 0.50095,
    "mrr_at_20": 0.50817,
    "mrr_at_100": 0.51021,
    "mrr_at_200": 0.51021,
    "mrr_at_300": 0.51021,
    "mrr_at_500": 0.51021,
    "mrr_at_1000": 0.51021,
    "rc_at_1": {
        "relevant": 0.38462,
        "distractor": 0.61538
    },
    "rc_at_3": {
        "relevant": 0.87692,
        "distractor": 2.12308
    },
    "rc_at_5": {
        "relevant": 1.43077,
        "distractor": 3.53846
    },
    "rc_at_10": {
        "relevant": 2.10769,
        "distractor": 7.78462
    },
    "rc_at_20": {
        "relevant": 2.98462,
        "distractor": 16.72308
    },
    "rc_at_100": {
        "relevant": 7.76923,
        "distractor": 80.75385
    },
    "rc_at_200": {
        "relevant": 9.13846,
        "distractor": 92.72308
    },
    "rc_at_300": {
        "relevant": 9.36923,
        "distractor": 94.66154
    },
    "rc_at_500": {
        "relevant": 9.64615,
        "distractor": 96.06154
    },
    "rc_at_1000": {
        "relevant": 9.76923,
        "distractor": 97.12308
    }
}