{
    "ndcg_at_1": 0.17309,
    "ndcg_at_3": 0.21641,
    "ndcg_at_5": 0.23762,
    "ndcg_at_10": 0.26331,
    "ndcg_at_20": 0.28318,
    "ndcg_at_100": 0.31978,
    "ndcg_at_200": 0.33195,
    "ndcg_at_300": 0.33725,
    "ndcg_at_500": 0.34457,
    "ndcg_at_1000": 0.35214,
    "map_at_1": 0.14537,
    "map_at_3": 0.19067,
    "map_at_5": 0.20433,
    "map_at_10": 0.21566,
    "map_at_20": 0.22178,
    "map_at_100": 0.22748,
    "map_at_200": 0.22827,
    "map_at_300": 0.2285,
    "map_at_500": 0.22873,
    "map_at_1000": 0.22887,
    "recall_at_1": 0.14537,
    "recall_at_3": 0.24581,
    "recall_at_5": 0.29861,
    "recall_at_10": 0.37613,
    "recall_at_20": 0.44886,
    "recall_at_100": 0.62663,
    "recall_at_200": 0.70483,
    "recall_at_300": 0.74097,
    "recall_at_500": 0.79641,
    "recall_at_1000": 0.85893,
    "precision_at_1": 0.17309,
    "precision_at_3": 0.10289,
    "precision_at_5": 0.07708,
    "precision_at_10": 0.04972,
    "precision_at_20": 0.0307,
    "precision_at_100": 0.0093,
    "precision_at_200": 0.00537,
    "precision_at_300": 0.00384,
    "precision_at_500": 0.00253,
    "precision_at_1000": 0.0014,
    "mrr_at_1": 0.17309,
    "mrr_at_3": 0.22345,
    "mrr_at_5": 0.23652,
    "mrr_at_10": 0.24784,
    "mrr_at_20": 0.25311,
    "mrr_at_100": 0.25785,
    "mrr_at_200": 0.25836,
    "mrr_at_300": 0.25849,
    "mrr_at_500": 0.25861,
    "mrr_at_1000": 0.25869
}