{
    "ndcg_at_1": 0.37755,
    "ndcg_at_3": 0.31295,
    "ndcg_at_5": 0.28531,
    "ndcg_at_10": 0.2629,
    "ndcg_at_20": 0.27049,
    "ndcg_at_100": 0.3712,
    "ndcg_at_200": 0.41669,
    "ndcg_at_300": 0.43461,
    "ndcg_at_500": 0.46067,
    "ndcg_at_1000": 0.49097,
    "map_at_1": 0.03417,
    "map_at_3": 0.05963,
    "map_at_5": 0.07795,
    "map_at_10": 0.10519,
    "map_at_20": 0.12706,
    "map_at_100": 0.15864,
    "map_at_200": 0.16706,
    "map_at_300": 0.16984,
    "map_at_500": 0.17265,
    "map_at_1000": 0.17504,
    "recall_at_1": 0.03417,
    "recall_at_3": 0.06736,
    "recall_at_5": 0.09811,
    "recall_at_10": 0.15838,
    "recall_at_20": 0.22914,
    "recall_at_100": 0.4484,
    "recall_at_200": 0.57357,
    "recall_at_300": 0.63137,
    "recall_at_500": 0.71497,
    "recall_at_1000": 0.81791,
    "precision_at_1": 0.38776,
    "precision_at_3": 0.29932,
    "precision_at_5": 0.26531,
    "precision_at_10": 0.21633,
    "precision_at_20": 0.16633,
    "precision_at_100": 0.07286,
    "precision_at_200": 0.04857,
    "precision_at_300": 0.03619,
    "precision_at_500": 0.02547,
    "precision_at_1000": 0.01512,
    "mrr_at_1": 0.38776,
    "mrr_at_3": 0.4898,
    "mrr_at_5": 0.50918,
    "mrr_at_10": 0.52502,
    "mrr_at_20": 0.53209,
    "mrr_at_100": 0.5342,
    "mrr_at_200": 0.5342,
    "mrr_at_300": 0.5342,
    "mrr_at_500": 0.5342,
    "mrr_at_1000": 0.5342
}