{
    "ndcg_at_1": 0.07846,
    "ndcg_at_3": 0.09532,
    "ndcg_at_5": 0.10562,
    "ndcg_at_10": 0.1175,
    "ndcg_at_20": 0.12919,
    "ndcg_at_100": 0.1521,
    "ndcg_at_200": 0.16182,
    "ndcg_at_300": 0.16754,
    "ndcg_at_500": 0.17421,
    "ndcg_at_1000": 0.18424,
    "map_at_1": 0.06336,
    "map_at_3": 0.0833,
    "map_at_5": 0.08955,
    "map_at_10": 0.09466,
    "map_at_20": 0.09795,
    "map_at_100": 0.10105,
    "map_at_200": 0.10158,
    "map_at_300": 0.10178,
    "map_at_500": 0.10195,
    "map_at_1000": 0.10212,
    "recall_at_1": 0.06336,
    "recall_at_3": 0.10739,
    "recall_at_5": 0.13286,
    "recall_at_10": 0.16814,
    "recall_at_20": 0.212,
    "recall_at_100": 0.32859,
    "recall_at_200": 0.39206,
    "recall_at_300": 0.43295,
    "recall_at_500": 0.48486,
    "recall_at_1000": 0.5687,
    "precision_at_1": 0.07846,
    "precision_at_3": 0.04565,
    "precision_at_5": 0.03476,
    "precision_at_10": 0.02254,
    "precision_at_20": 0.01442,
    "precision_at_100": 0.00468,
    "precision_at_200": 0.00285,
    "precision_at_300": 0.00213,
    "precision_at_500": 0.00145,
    "precision_at_1000": 0.00088,
    "mrr_at_1": 0.07846,
    "mrr_at_3": 0.10134,
    "mrr_at_5": 0.10855,
    "mrr_at_10": 0.11402,
    "mrr_at_20": 0.11751,
    "mrr_at_100": 0.12077,
    "mrr_at_200": 0.12126,
    "mrr_at_300": 0.12145,
    "mrr_at_500": 0.12158,
    "mrr_at_1000": 0.1217
}