{
    "ndcg_at_1": 0.04713,
    "ndcg_at_3": 0.05442,
    "ndcg_at_5": 0.06007,
    "ndcg_at_10": 0.06983,
    "ndcg_at_20": 0.07856,
    "ndcg_at_100": 0.09621,
    "ndcg_at_200": 0.10459,
    "ndcg_at_300": 0.10935,
    "ndcg_at_500": 0.11605,
    "ndcg_at_1000": 0.12607,
    "map_at_1": 0.0371,
    "map_at_3": 0.04691,
    "map_at_5": 0.05035,
    "map_at_10": 0.05453,
    "map_at_20": 0.05689,
    "map_at_100": 0.05916,
    "map_at_200": 0.05962,
    "map_at_300": 0.05979,
    "map_at_500": 0.05996,
    "map_at_1000": 0.06012,
    "recall_at_1": 0.0371,
    "recall_at_3": 0.05922,
    "recall_at_5": 0.07326,
    "recall_at_10": 0.10235,
    "recall_at_20": 0.13497,
    "recall_at_100": 0.22362,
    "recall_at_200": 0.27657,
    "recall_at_300": 0.31004,
    "recall_at_500": 0.36095,
    "recall_at_1000": 0.44324,
    "precision_at_1": 0.04713,
    "precision_at_3": 0.02633,
    "precision_at_5": 0.02013,
    "precision_at_10": 0.0142,
    "precision_at_20": 0.00965,
    "precision_at_100": 0.00362,
    "precision_at_200": 0.00235,
    "precision_at_300": 0.00179,
    "precision_at_500": 0.00128,
    "precision_at_1000": 0.00082,
    "mrr_at_1": 0.04713,
    "mrr_at_3": 0.06062,
    "mrr_at_5": 0.06495,
    "mrr_at_10": 0.06976,
    "mrr_at_20": 0.07271,
    "mrr_at_100": 0.07511,
    "mrr_at_200": 0.07555,
    "mrr_at_300": 0.07571,
    "mrr_at_500": 0.07585,
    "mrr_at_1000": 0.07598
}