{
    "ndcg_at_1": 0.34365,
    "ndcg_at_3": 0.29884,
    "ndcg_at_5": 0.27588,
    "ndcg_at_10": 0.25889,
    "ndcg_at_20": 0.24463,
    "ndcg_at_100": 0.25128,
    "ndcg_at_200": 0.27261,
    "ndcg_at_300": 0.28834,
    "ndcg_at_500": 0.31304,
    "ndcg_at_1000": 0.35425,
    "map_at_1": 0.02636,
    "map_at_3": 0.04634,
    "map_at_5": 0.05729,
    "map_at_10": 0.07171,
    "map_at_20": 0.08373,
    "map_at_100": 0.10229,
    "map_at_200": 0.10811,
    "map_at_300": 0.11083,
    "map_at_500": 0.11409,
    "map_at_1000": 0.11818,
    "recall_at_1": 0.02636,
    "recall_at_3": 0.05907,
    "recall_at_5": 0.07984,
    "recall_at_10": 0.1144,
    "recall_at_20": 0.15377,
    "recall_at_100": 0.28729,
    "recall_at_200": 0.3647,
    "recall_at_300": 0.41973,
    "recall_at_500": 0.50382,
    "recall_at_1000": 0.64466,
    "precision_at_1": 0.35913,
    "precision_at_3": 0.28896,
    "precision_at_5": 0.25015,
    "precision_at_10": 0.21115,
    "precision_at_20": 0.16146,
    "precision_at_100": 0.07372,
    "precision_at_200": 0.05128,
    "precision_at_300": 0.04083,
    "precision_at_500": 0.03108,
    "precision_at_1000": 0.02156,
    "mrr_at_1": 0.35913,
    "mrr_at_3": 0.4226,
    "mrr_at_5": 0.43313,
    "mrr_at_10": 0.44331,
    "mrr_at_20": 0.44641,
    "mrr_at_100": 0.4497,
    "mrr_at_200": 0.45013,
    "mrr_at_300": 0.45021,
    "mrr_at_500": 0.45027,
    "mrr_at_1000": 0.45031
}