{
    "ndcg_at_1": 0.02041,
    "ndcg_at_3": 0.02522,
    "ndcg_at_5": 0.04223,
    "ndcg_at_10": 0.04223,
    "ndcg_at_20": 0.05267,
    "ndcg_at_100": 0.10162,
    "ndcg_at_200": 0.11999,
    "ndcg_at_300": 0.13661,
    "ndcg_at_500": 0.15258,
    "ndcg_at_1000": 0.17311,
    "map_at_1": 0.0034,
    "map_at_3": 0.00452,
    "map_at_5": 0.0073,
    "map_at_10": 0.00985,
    "map_at_20": 0.01554,
    "map_at_100": 0.02296,
    "map_at_200": 0.02478,
    "map_at_300": 0.02608,
    "map_at_500": 0.02702,
    "map_at_1000": 0.02783,
    "recall_at_1": 0.0034,
    "recall_at_3": 0.00676,
    "recall_at_5": 0.01745,
    "recall_at_10": 0.02931,
    "recall_at_20": 0.05701,
    "recall_at_100": 0.15958,
    "recall_at_200": 0.20467,
    "recall_at_300": 0.25096,
    "recall_at_500": 0.30059,
    "recall_at_1000": 0.37464,
    "precision_at_1": 0.02041,
    "precision_at_3": 0.02721,
    "precision_at_5": 0.05306,
    "precision_at_10": 0.0449,
    "precision_at_20": 0.04388,
    "precision_at_100": 0.02694,
    "precision_at_200": 0.01827,
    "precision_at_300": 0.01531,
    "precision_at_500": 0.0111,
    "precision_at_1000": 0.007,
    "mrr_at_1": 0.02041,
    "mrr_at_3": 0.04082,
    "mrr_at_5": 0.07959,
    "mrr_at_10": 0.09274,
    "mrr_at_20": 0.09855,
    "mrr_at_100": 0.10848,
    "mrr_at_200": 0.10866,
    "mrr_at_300": 0.10889,
    "mrr_at_500": 0.10895,
    "mrr_at_1000": 0.10898
}