{
    "ndcg_at_1": 0.30769,
    "ndcg_at_3": 0.26326,
    "ndcg_at_5": 0.25829,
    "ndcg_at_10": 0.22144,
    "ndcg_at_20": 0.27709,
    "ndcg_at_100": 0.4534,
    "ndcg_at_200": 0.50006,
    "ndcg_at_300": 0.50998,
    "ndcg_at_500": 0.51466,
    "ndcg_at_1000": 0.51824,
    "map_at_1": 0.03077,
    "map_at_3": 0.06513,
    "map_at_5": 0.08905,
    "map_at_10": 0.12419,
    "map_at_20": 0.14996,
    "map_at_100": 0.19921,
    "map_at_200": 0.20902,
    "map_at_300": 0.21016,
    "map_at_500": 0.21057,
    "map_at_1000": 0.21076,
    "recall_at_1": 0.03077,
    "recall_at_3": 0.07538,
    "recall_at_5": 0.12462,
    "recall_at_10": 0.2,
    "recall_at_20": 0.3,
    "recall_at_100": 0.76154,
    "recall_at_200": 0.90923,
    "recall_at_300": 0.94462,
    "recall_at_500": 0.96308,
    "recall_at_1000": 0.97846,
    "precision_at_1": 0.30769,
    "precision_at_3": 0.25128,
    "precision_at_5": 0.24923,
    "precision_at_10": 0.2,
    "precision_at_20": 0.15,
    "precision_at_100": 0.07615,
    "precision_at_200": 0.04546,
    "precision_at_300": 0.03149,
    "precision_at_500": 0.01926,
    "precision_at_1000": 0.00978,
    "mrr_at_1": 0.30769,
    "mrr_at_3": 0.3641,
    "mrr_at_5": 0.40564,
    "mrr_at_10": 0.4175,
    "mrr_at_20": 0.42922,
    "mrr_at_100": 0.43199,
    "mrr_at_200": 0.43199,
    "mrr_at_300": 0.43199,
    "mrr_at_500": 0.43199,
    "mrr_at_1000": 0.43199,
    "rc_at_1": {
        "relevant": 0.30769,
        "distractor": 0.69231
    },
    "rc_at_3": {
        "relevant": 0.75385,
        "distractor": 2.23077
    },
    "rc_at_5": {
        "relevant": 1.24615,
        "distractor": 3.73846
    },
    "rc_at_10": {
        "relevant": 2.0,
        "distractor": 7.92308
    },
    "rc_at_20": {
        "relevant": 3.0,
        "distractor": 16.75385
    },
    "rc_at_100": {
        "relevant": 7.61538,
        "distractor": 80.83077
    },
    "rc_at_200": {
        "relevant": 9.09231,
        "distractor": 92.18462
    },
    "rc_at_300": {
        "relevant": 9.44615,
        "distractor": 94.09231
    },
    "rc_at_500": {
        "relevant": 9.63077,
        "distractor": 95.49231
    },
    "rc_at_1000": {
        "relevant": 9.78462,
        "distractor": 96.87692
    }
}