{
    "ndcg_at_1": 0.30769,
    "ndcg_at_3": 0.24426,
    "ndcg_at_5": 0.23759,
    "ndcg_at_10": 0.19724,
    "ndcg_at_20": 0.24076,
    "ndcg_at_100": 0.29917,
    "ndcg_at_200": 0.32648,
    "ndcg_at_300": 0.33888,
    "ndcg_at_500": 0.34985,
    "ndcg_at_1000": 0.3591,
    "map_at_1": 0.03077,
    "map_at_3": 0.06103,
    "map_at_5": 0.08226,
    "map_at_10": 0.11037,
    "map_at_20": 0.12959,
    "map_at_100": 0.14539,
    "map_at_200": 0.14887,
    "map_at_300": 0.14986,
    "map_at_500": 0.15046,
    "map_at_1000": 0.15081,
    "recall_at_1": 0.03077,
    "recall_at_3": 0.06769,
    "recall_at_5": 0.11231,
    "recall_at_10": 0.17231,
    "recall_at_20": 0.25077,
    "recall_at_100": 0.39692,
    "recall_at_200": 0.48462,
    "recall_at_300": 0.52923,
    "recall_at_500": 0.57231,
    "recall_at_1000": 0.61231,
    "precision_at_1": 0.30769,
    "precision_at_3": 0.22564,
    "precision_at_5": 0.22462,
    "precision_at_10": 0.17231,
    "precision_at_20": 0.12538,
    "precision_at_100": 0.03969,
    "precision_at_200": 0.02423,
    "precision_at_300": 0.01764,
    "precision_at_500": 0.01145,
    "precision_at_1000": 0.00612,
    "mrr_at_1": 0.30769,
    "mrr_at_3": 0.34872,
    "mrr_at_5": 0.38564,
    "mrr_at_10": 0.39639,
    "mrr_at_20": 0.40555,
    "mrr_at_100": 0.40864,
    "mrr_at_200": 0.40893,
    "mrr_at_300": 0.40893,
    "mrr_at_500": 0.40893,
    "mrr_at_1000": 0.40895,
    "rc_at_1": {
        "relevant": 0.30769,
        "distractor": 0.58462
    },
    "rc_at_3": {
        "relevant": 0.67692,
        "distractor": 1.90769
    },
    "rc_at_5": {
        "relevant": 1.12308,
        "distractor": 3.06154
    },
    "rc_at_10": {
        "relevant": 1.72308,
        "distractor": 6.07692
    },
    "rc_at_20": {
        "relevant": 2.50769,
        "distractor": 11.41538
    },
    "rc_at_100": {
        "relevant": 3.96923,
        "distractor": 34.63077
    },
    "rc_at_200": {
        "relevant": 4.84615,
        "distractor": 44.29231
    },
    "rc_at_300": {
        "relevant": 5.29231,
        "distractor": 49.58462
    },
    "rc_at_500": {
        "relevant": 5.72308,
        "distractor": 55.70769
    },
    "rc_at_1000": {
        "relevant": 6.12308,
        "distractor": 62.96923
    }
}