{
    "ndcg_at_1": 0.34531,
    "ndcg_at_3": 0.44358,
    "ndcg_at_5": 0.48517,
    "ndcg_at_10": 0.52728,
    "ndcg_at_20": 0.54946,
    "ndcg_at_100": 0.57096,
    "ndcg_at_200": 0.57412,
    "ndcg_at_300": 0.57558,
    "ndcg_at_500": 0.57737,
    "ndcg_at_1000": 0.57855,
    "map_at_1": 0.30432,
    "map_at_3": 0.40619,
    "map_at_5": 0.43104,
    "map_at_10": 0.45055,
    "map_at_20": 0.45741,
    "map_at_100": 0.46095,
    "map_at_200": 0.46114,
    "map_at_300": 0.4612,
    "map_at_500": 0.46124,
    "map_at_1000": 0.46126,
    "recall_at_1": 0.30432,
    "recall_at_3": 0.51808,
    "recall_at_5": 0.61346,
    "recall_at_10": 0.73511,
    "recall_at_20": 0.81723,
    "recall_at_100": 0.9241,
    "recall_at_200": 0.94532,
    "recall_at_300": 0.95652,
    "recall_at_500": 0.97125,
    "recall_at_1000": 0.98141,
    "precision_at_1": 0.34531,
    "precision_at_3": 0.20037,
    "precision_at_5": 0.14421,
    "precision_at_10": 0.08772,
    "precision_at_20": 0.04916,
    "precision_at_100": 0.01122,
    "precision_at_200": 0.00574,
    "precision_at_300": 0.00387,
    "precision_at_500": 0.00236,
    "precision_at_1000": 0.00119,
    "mrr_at_1": 0.34531,
    "mrr_at_3": 0.44057,
    "mrr_at_5": 0.46231,
    "mrr_at_10": 0.47745,
    "mrr_at_20": 0.48271,
    "mrr_at_100": 0.48529,
    "mrr_at_200": 0.48543,
    "mrr_at_300": 0.48547,
    "mrr_at_500": 0.4855,
    "mrr_at_1000": 0.48552
}