{
    "ndcg_at_1": 0.27692,
    "ndcg_at_3": 0.20533,
    "ndcg_at_5": 0.18477,
    "ndcg_at_10": 0.14954,
    "ndcg_at_20": 0.18653,
    "ndcg_at_100": 0.24516,
    "ndcg_at_200": 0.26117,
    "ndcg_at_300": 0.27309,
    "ndcg_at_500": 0.2841,
    "ndcg_at_1000": 0.30321,
    "map_at_1": 0.02769,
    "map_at_3": 0.04564,
    "map_at_5": 0.05918,
    "map_at_10": 0.07598,
    "map_at_20": 0.09004,
    "map_at_100": 0.10399,
    "map_at_200": 0.10572,
    "map_at_300": 0.1065,
    "map_at_500": 0.10703,
    "map_at_1000": 0.1077,
    "recall_at_1": 0.02769,
    "recall_at_3": 0.05538,
    "recall_at_5": 0.08154,
    "recall_at_10": 0.12462,
    "recall_at_20": 0.19077,
    "recall_at_100": 0.33692,
    "recall_at_200": 0.38923,
    "recall_at_300": 0.43231,
    "recall_at_500": 0.47538,
    "recall_at_1000": 0.55692,
    "precision_at_1": 0.27692,
    "precision_at_3": 0.18462,
    "precision_at_5": 0.16308,
    "precision_at_10": 0.12462,
    "precision_at_20": 0.09538,
    "precision_at_100": 0.03369,
    "precision_at_200": 0.01946,
    "precision_at_300": 0.01441,
    "precision_at_500": 0.00951,
    "precision_at_1000": 0.00557,
    "mrr_at_1": 0.27692,
    "mrr_at_3": 0.33846,
    "mrr_at_5": 0.34923,
    "mrr_at_10": 0.37266,
    "mrr_at_20": 0.38303,
    "mrr_at_100": 0.3858,
    "mrr_at_200": 0.38602,
    "mrr_at_300": 0.38602,
    "mrr_at_500": 0.3861,
    "mrr_at_1000": 0.38614,
    "rc_at_1": {
        "relevant": 0.27692,
        "distractor": 0.56923
    },
    "rc_at_3": {
        "relevant": 0.56923,
        "distractor": 1.95385
    },
    "rc_at_5": {
        "relevant": 0.83077,
        "distractor": 3.2
    },
    "rc_at_10": {
        "relevant": 1.32308,
        "distractor": 6.06154
    },
    "rc_at_20": {
        "relevant": 2.0,
        "distractor": 10.90769
    },
    "rc_at_100": {
        "relevant": 3.43077,
        "distractor": 32.26154
    },
    "rc_at_200": {
        "relevant": 4.03077,
        "distractor": 41.06154
    },
    "rc_at_300": {
        "relevant": 4.46154,
        "distractor": 45.69231
    },
    "rc_at_500": {
        "relevant": 5.03077,
        "distractor": 51.47692
    },
    "rc_at_1000": {
        "relevant": 5.56923,
        "distractor": 57.26154
    }
}