{
    "ndcg_at_1": 0.38384,
    "ndcg_at_3": 0.48941,
    "ndcg_at_5": 0.5332,
    "ndcg_at_10": 0.56949,
    "ndcg_at_20": 0.59181,
    "ndcg_at_100": 0.6106,
    "ndcg_at_200": 0.61319,
    "ndcg_at_300": 0.61413,
    "ndcg_at_500": 0.615,
    "ndcg_at_1000": 0.61596,
    "map_at_1": 0.34067,
    "map_at_3": 0.45091,
    "map_at_5": 0.47728,
    "map_at_10": 0.49406,
    "map_at_20": 0.50106,
    "map_at_100": 0.50422,
    "map_at_200": 0.50439,
    "map_at_300": 0.50442,
    "map_at_500": 0.50445,
    "map_at_1000": 0.50446,
    "recall_at_1": 0.34067,
    "recall_at_3": 0.56873,
    "recall_at_5": 0.67024,
    "recall_at_10": 0.77455,
    "recall_at_20": 0.85714,
    "recall_at_100": 0.94952,
    "recall_at_200": 0.96647,
    "recall_at_300": 0.97361,
    "recall_at_500": 0.98081,
    "recall_at_1000": 0.98945,
    "precision_at_1": 0.38384,
    "precision_at_3": 0.22161,
    "precision_at_5": 0.15805,
    "precision_at_10": 0.09256,
    "precision_at_20": 0.05158,
    "precision_at_100": 0.01153,
    "precision_at_200": 0.00588,
    "precision_at_300": 0.00395,
    "precision_at_500": 0.00239,
    "precision_at_1000": 0.0012,
    "mrr_at_1": 0.38413,
    "mrr_at_3": 0.4831,
    "mrr_at_5": 0.50509,
    "mrr_at_10": 0.51845,
    "mrr_at_20": 0.52359,
    "mrr_at_100": 0.52591,
    "mrr_at_200": 0.52601,
    "mrr_at_300": 0.52603,
    "mrr_at_500": 0.52605,
    "mrr_at_1000": 0.52606
}