{
    "ndcg_at_1": 0.22374,
    "ndcg_at_3": 0.2575,
    "ndcg_at_5": 0.2773,
    "ndcg_at_10": 0.29816,
    "ndcg_at_20": 0.31549,
    "ndcg_at_100": 0.34972,
    "ndcg_at_200": 0.36112,
    "ndcg_at_300": 0.36616,
    "ndcg_at_500": 0.37366,
    "ndcg_at_1000": 0.37993,
    "map_at_1": 0.17836,
    "map_at_3": 0.22786,
    "map_at_5": 0.24179,
    "map_at_10": 0.25215,
    "map_at_20": 0.25758,
    "map_at_100": 0.26275,
    "map_at_200": 0.26348,
    "map_at_300": 0.2637,
    "map_at_500": 0.26391,
    "map_at_1000": 0.26403,
    "recall_at_1": 0.17836,
    "recall_at_3": 0.2777,
    "recall_at_5": 0.32869,
    "recall_at_10": 0.39156,
    "recall_at_20": 0.45409,
    "recall_at_100": 0.62219,
    "recall_at_200": 0.69404,
    "recall_at_300": 0.72863,
    "recall_at_500": 0.78475,
    "recall_at_1000": 0.83535,
    "precision_at_1": 0.22374,
    "precision_at_3": 0.12253,
    "precision_at_5": 0.09018,
    "precision_at_10": 0.05537,
    "precision_at_20": 0.03265,
    "precision_at_100": 0.00942,
    "precision_at_200": 0.00538,
    "precision_at_300": 0.00382,
    "precision_at_500": 0.0025,
    "precision_at_1000": 0.00136,
    "mrr_at_1": 0.22374,
    "mrr_at_3": 0.27759,
    "mrr_at_5": 0.2902,
    "mrr_at_10": 0.29841,
    "mrr_at_20": 0.30309,
    "mrr_at_100": 0.3072,
    "mrr_at_200": 0.30767,
    "mrr_at_300": 0.30782,
    "mrr_at_500": 0.30794,
    "mrr_at_1000": 0.30801
}