{
    "ndcg_at_1": 0.08672,
    "ndcg_at_3": 0.1139,
    "ndcg_at_5": 0.12733,
    "ndcg_at_10": 0.14477,
    "ndcg_at_20": 0.16377,
    "ndcg_at_100": 0.19724,
    "ndcg_at_200": 0.21032,
    "ndcg_at_300": 0.21777,
    "ndcg_at_500": 0.22627,
    "ndcg_at_1000": 0.23638,
    "map_at_1": 0.07035,
    "map_at_3": 0.09724,
    "map_at_5": 0.10593,
    "map_at_10": 0.11346,
    "map_at_20": 0.11878,
    "map_at_100": 0.12353,
    "map_at_200": 0.12432,
    "map_at_300": 0.1246,
    "map_at_500": 0.12485,
    "map_at_1000": 0.12503,
    "recall_at_1": 0.07035,
    "recall_at_3": 0.13198,
    "recall_at_5": 0.16662,
    "recall_at_10": 0.21877,
    "recall_at_20": 0.28982,
    "recall_at_100": 0.45803,
    "recall_at_200": 0.54148,
    "recall_at_300": 0.59502,
    "recall_at_500": 0.65951,
    "recall_at_1000": 0.74437,
    "precision_at_1": 0.08672,
    "precision_at_3": 0.05655,
    "precision_at_5": 0.04343,
    "precision_at_10": 0.02935,
    "precision_at_20": 0.01994,
    "precision_at_100": 0.00678,
    "precision_at_200": 0.00415,
    "precision_at_300": 0.00307,
    "precision_at_500": 0.00209,
    "precision_at_1000": 0.00121,
    "mrr_at_1": 0.08672,
    "mrr_at_3": 0.11849,
    "mrr_at_5": 0.12725,
    "mrr_at_10": 0.13543,
    "mrr_at_20": 0.14112,
    "mrr_at_100": 0.14539,
    "mrr_at_200": 0.14598,
    "mrr_at_300": 0.14619,
    "mrr_at_500": 0.14634,
    "mrr_at_1000": 0.14645
}