{
    "ndcg_at_1": 0.5048,
    "ndcg_at_3": 0.54864,
    "ndcg_at_5": 0.56903,
    "ndcg_at_10": 0.58895,
    "ndcg_at_20": 0.60506,
    "ndcg_at_100": 0.62485,
    "ndcg_at_200": 0.63048,
    "ndcg_at_300": 0.63301,
    "ndcg_at_500": 0.63602,
    "ndcg_at_1000": 0.6389,
    "map_at_1": 0.43914,
    "map_at_3": 0.51418,
    "map_at_5": 0.52975,
    "map_at_10": 0.54028,
    "map_at_20": 0.54607,
    "map_at_100": 0.5496,
    "map_at_200": 0.55,
    "map_at_300": 0.55012,
    "map_at_500": 0.55022,
    "map_at_1000": 0.55028,
    "recall_at_1": 0.43914,
    "recall_at_3": 0.57776,
    "recall_at_5": 0.63183,
    "recall_at_10": 0.69114,
    "recall_at_20": 0.74881,
    "recall_at_100": 0.84246,
    "recall_at_200": 0.87685,
    "recall_at_300": 0.89373,
    "recall_at_500": 0.91577,
    "recall_at_1000": 0.93836,
    "precision_at_1": 0.5048,
    "precision_at_3": 0.23733,
    "precision_at_5": 0.15982,
    "precision_at_10": 0.09036,
    "precision_at_20": 0.05055,
    "precision_at_100": 0.01195,
    "precision_at_200": 0.00633,
    "precision_at_300": 0.00435,
    "precision_at_500": 0.0027,
    "precision_at_1000": 0.00141,
    "mrr_at_1": 0.5048,
    "mrr_at_3": 0.56335,
    "mrr_at_5": 0.57507,
    "mrr_at_10": 0.5828,
    "mrr_at_20": 0.58648,
    "mrr_at_100": 0.58861,
    "mrr_at_200": 0.58884,
    "mrr_at_300": 0.58889,
    "mrr_at_500": 0.58894,
    "mrr_at_1000": 0.58897
}