{
    "ndcg_at_1": 0.18364,
    "ndcg_at_3": 0.17974,
    "ndcg_at_5": 0.18607,
    "ndcg_at_10": 0.20438,
    "ndcg_at_20": 0.22679,
    "ndcg_at_100": 0.26577,
    "ndcg_at_200": 0.28037,
    "ndcg_at_300": 0.28841,
    "ndcg_at_500": 0.2984,
    "ndcg_at_1000": 0.30899,
    "map_at_1": 0.08994,
    "map_at_3": 0.13023,
    "map_at_5": 0.14073,
    "map_at_10": 0.15155,
    "map_at_20": 0.15896,
    "map_at_100": 0.16541,
    "map_at_200": 0.16646,
    "map_at_300": 0.16685,
    "map_at_500": 0.16721,
    "map_at_1000": 0.16746,
    "recall_at_1": 0.08994,
    "recall_at_3": 0.16593,
    "recall_at_5": 0.19793,
    "recall_at_10": 0.25099,
    "recall_at_20": 0.32042,
    "recall_at_100": 0.48365,
    "recall_at_200": 0.56538,
    "recall_at_300": 0.61211,
    "recall_at_500": 0.67788,
    "recall_at_1000": 0.75454,
    "precision_at_1": 0.18364,
    "precision_at_3": 0.12551,
    "precision_at_5": 0.09383,
    "precision_at_10": 0.06111,
    "precision_at_20": 0.03927,
    "precision_at_100": 0.01242,
    "precision_at_200": 0.00725,
    "precision_at_300": 0.00529,
    "precision_at_500": 0.00352,
    "precision_at_1000": 0.00197,
    "mrr_at_1": 0.17901,
    "mrr_at_3": 0.23174,
    "mrr_at_5": 0.24756,
    "mrr_at_10": 0.25577,
    "mrr_at_20": 0.26125,
    "mrr_at_100": 0.26556,
    "mrr_at_200": 0.26611,
    "mrr_at_300": 0.26628,
    "mrr_at_500": 0.26638,
    "mrr_at_1000": 0.26645
}