{
    "ndcg_at_1": 0.21234,
    "ndcg_at_3": 0.27819,
    "ndcg_at_5": 0.31375,
    "ndcg_at_10": 0.34705,
    "ndcg_at_20": 0.3724,
    "ndcg_at_100": 0.40452,
    "ndcg_at_200": 0.41191,
    "ndcg_at_300": 0.4146,
    "ndcg_at_500": 0.41778,
    "ndcg_at_1000": 0.4217,
    "map_at_1": 0.18624,
    "map_at_3": 0.25146,
    "map_at_5": 0.27201,
    "map_at_10": 0.28652,
    "map_at_20": 0.29399,
    "map_at_100": 0.29895,
    "map_at_200": 0.29937,
    "map_at_300": 0.29947,
    "map_at_500": 0.29955,
    "map_at_1000": 0.29961,
    "recall_at_1": 0.18624,
    "recall_at_3": 0.32812,
    "recall_at_5": 0.4115,
    "recall_at_10": 0.51043,
    "recall_at_20": 0.60554,
    "recall_at_100": 0.76779,
    "recall_at_200": 0.81774,
    "recall_at_300": 0.83802,
    "recall_at_500": 0.8638,
    "recall_at_1000": 0.89878,
    "precision_at_1": 0.21234,
    "precision_at_3": 0.12901,
    "precision_at_5": 0.09722,
    "precision_at_10": 0.06043,
    "precision_at_20": 0.03602,
    "precision_at_100": 0.00926,
    "precision_at_200": 0.00494,
    "precision_at_300": 0.00338,
    "precision_at_500": 0.00209,
    "precision_at_1000": 0.00109,
    "mrr_at_1": 0.2164,
    "mrr_at_3": 0.28211,
    "mrr_at_5": 0.3,
    "mrr_at_10": 0.3132,
    "mrr_at_20": 0.31978,
    "mrr_at_100": 0.32368,
    "mrr_at_200": 0.32401,
    "mrr_at_300": 0.32411,
    "mrr_at_500": 0.32417,
    "mrr_at_1000": 0.32422
}