{
    "ndcg_at_1": 0.4606,
    "ndcg_at_3": 0.57265,
    "ndcg_at_5": 0.61087,
    "ndcg_at_10": 0.64139,
    "ndcg_at_20": 0.65689,
    "ndcg_at_100": 0.67131,
    "ndcg_at_200": 0.67359,
    "ndcg_at_300": 0.67477,
    "ndcg_at_500": 0.67545,
    "ndcg_at_1000": 0.67602,
    "map_at_1": 0.41305,
    "map_at_3": 0.53249,
    "map_at_5": 0.5562,
    "map_at_10": 0.57068,
    "map_at_20": 0.5757,
    "map_at_100": 0.57816,
    "map_at_200": 0.57831,
    "map_at_300": 0.57835,
    "map_at_500": 0.57837,
    "map_at_1000": 0.57838,
    "recall_at_1": 0.41305,
    "recall_at_3": 0.65394,
    "recall_at_5": 0.74032,
    "recall_at_10": 0.82785,
    "recall_at_20": 0.88432,
    "recall_at_100": 0.95546,
    "recall_at_200": 0.97033,
    "recall_at_300": 0.97924,
    "recall_at_500": 0.98474,
    "recall_at_1000": 0.98967,
    "precision_at_1": 0.4606,
    "precision_at_3": 0.25261,
    "precision_at_5": 0.17422,
    "precision_at_10": 0.09875,
    "precision_at_20": 0.05323,
    "precision_at_100": 0.01158,
    "precision_at_200": 0.0059,
    "precision_at_300": 0.00397,
    "precision_at_500": 0.00239,
    "precision_at_1000": 0.0012,
    "mrr_at_1": 0.4606,
    "mrr_at_3": 0.5673,
    "mrr_at_5": 0.58618,
    "mrr_at_10": 0.5966,
    "mrr_at_20": 0.6,
    "mrr_at_100": 0.60163,
    "mrr_at_200": 0.60171,
    "mrr_at_300": 0.60174,
    "mrr_at_500": 0.60175,
    "mrr_at_1000": 0.60176
}