{
    "ndcg_at_1": 0.51125,
    "ndcg_at_3": 0.44229,
    "ndcg_at_5": 0.41721,
    "ndcg_at_10": 0.39903,
    "ndcg_at_20": 0.39401,
    "ndcg_at_100": 0.45351,
    "ndcg_at_200": 0.48353,
    "ndcg_at_300": 0.49881,
    "ndcg_at_500": 0.5132,
    "ndcg_at_1000": 0.53222,
    "map_at_1": 0.08495,
    "map_at_3": 0.13115,
    "map_at_5": 0.15291,
    "map_at_10": 0.1831,
    "map_at_20": 0.21374,
    "map_at_100": 0.26448,
    "map_at_200": 0.2739,
    "map_at_300": 0.27743,
    "map_at_500": 0.28016,
    "map_at_1000": 0.28276,
    "recall_at_1": 0.08495,
    "recall_at_3": 0.14543,
    "recall_at_5": 0.18365,
    "recall_at_10": 0.24539,
    "recall_at_20": 0.31974,
    "recall_at_100": 0.53504,
    "recall_at_200": 0.62224,
    "recall_at_300": 0.66952,
    "recall_at_500": 0.71488,
    "recall_at_1000": 0.7825,
    "precision_at_1": 0.6425,
    "precision_at_3": 0.48083,
    "precision_at_5": 0.402,
    "precision_at_10": 0.3165,
    "precision_at_20": 0.241,
    "precision_at_100": 0.10645,
    "precision_at_200": 0.06831,
    "precision_at_300": 0.05216,
    "precision_at_500": 0.03622,
    "precision_at_1000": 0.02195,
    "mrr_at_1": 0.6425,
    "mrr_at_3": 0.71333,
    "mrr_at_5": 0.72496,
    "mrr_at_10": 0.73175,
    "mrr_at_20": 0.73432,
    "mrr_at_100": 0.73539,
    "mrr_at_200": 0.73543,
    "mrr_at_300": 0.73543,
    "mrr_at_500": 0.73543,
    "mrr_at_1000": 0.73545
}