{
    "ndcg_at_1": 0.25508,
    "ndcg_at_3": 0.31561,
    "ndcg_at_5": 0.33415,
    "ndcg_at_10": 0.36104,
    "ndcg_at_20": 0.38017,
    "ndcg_at_100": 0.41354,
    "ndcg_at_200": 0.42176,
    "ndcg_at_300": 0.42726,
    "ndcg_at_500": 0.4333,
    "ndcg_at_1000": 0.43829,
    "map_at_1": 0.23158,
    "map_at_3": 0.29056,
    "map_at_5": 0.30209,
    "map_at_10": 0.31391,
    "map_at_20": 0.31933,
    "map_at_100": 0.32418,
    "map_at_200": 0.32466,
    "map_at_300": 0.32488,
    "map_at_500": 0.32507,
    "map_at_1000": 0.32517,
    "recall_at_1": 0.23158,
    "recall_at_3": 0.36023,
    "recall_at_5": 0.40558,
    "recall_at_10": 0.48611,
    "recall_at_20": 0.55801,
    "recall_at_100": 0.72866,
    "recall_at_200": 0.78271,
    "recall_at_300": 0.82196,
    "recall_at_500": 0.86972,
    "recall_at_1000": 0.91126,
    "precision_at_1": 0.25508,
    "precision_at_3": 0.13494,
    "precision_at_5": 0.09279,
    "precision_at_10": 0.05601,
    "precision_at_20": 0.03262,
    "precision_at_100": 0.00893,
    "precision_at_200": 0.00492,
    "precision_at_300": 0.00351,
    "precision_at_500": 0.00228,
    "precision_at_1000": 0.00123,
    "mrr_at_1": 0.25508,
    "mrr_at_3": 0.31547,
    "mrr_at_5": 0.32554,
    "mrr_at_10": 0.33606,
    "mrr_at_20": 0.3414,
    "mrr_at_100": 0.34559,
    "mrr_at_200": 0.34597,
    "mrr_at_300": 0.34612,
    "mrr_at_500": 0.34622,
    "mrr_at_1000": 0.34627
}