{
    "ndcg_at_1": 0.39938,
    "ndcg_at_3": 0.37233,
    "ndcg_at_5": 0.34903,
    "ndcg_at_10": 0.32277,
    "ndcg_at_20": 0.30072,
    "ndcg_at_100": 0.29666,
    "ndcg_at_200": 0.3161,
    "ndcg_at_300": 0.32888,
    "ndcg_at_500": 0.35081,
    "ndcg_at_1000": 0.3879,
    "map_at_1": 0.05119,
    "map_at_3": 0.0845,
    "map_at_5": 0.09807,
    "map_at_10": 0.11655,
    "map_at_20": 0.13053,
    "map_at_100": 0.14809,
    "map_at_200": 0.15327,
    "map_at_300": 0.15563,
    "map_at_500": 0.15849,
    "map_at_1000": 0.16205,
    "recall_at_1": 0.05119,
    "recall_at_3": 0.09337,
    "recall_at_5": 0.1149,
    "recall_at_10": 0.15474,
    "recall_at_20": 0.19633,
    "recall_at_100": 0.30434,
    "recall_at_200": 0.38875,
    "recall_at_300": 0.43238,
    "recall_at_500": 0.51079,
    "recall_at_1000": 0.63866,
    "precision_at_1": 0.42105,
    "precision_at_3": 0.36017,
    "precision_at_5": 0.30898,
    "precision_at_10": 0.24458,
    "precision_at_20": 0.17926,
    "precision_at_100": 0.07675,
    "precision_at_200": 0.05133,
    "precision_at_300": 0.04043,
    "precision_at_500": 0.03022,
    "precision_at_1000": 0.02061,
    "mrr_at_1": 0.42105,
    "mrr_at_3": 0.48658,
    "mrr_at_5": 0.49819,
    "mrr_at_10": 0.50729,
    "mrr_at_20": 0.51051,
    "mrr_at_100": 0.51339,
    "mrr_at_200": 0.51387,
    "mrr_at_300": 0.51395,
    "mrr_at_500": 0.514,
    "mrr_at_1000": 0.51404
}