{
    "ndcg_at_1": 0.4,
    "ndcg_at_3": 0.33107,
    "ndcg_at_5": 0.29248,
    "ndcg_at_10": 0.22869,
    "ndcg_at_20": 0.28486,
    "ndcg_at_100": 0.41335,
    "ndcg_at_200": 0.44868,
    "ndcg_at_300": 0.46235,
    "ndcg_at_500": 0.47616,
    "ndcg_at_1000": 0.48361,
    "map_at_1": 0.04,
    "map_at_3": 0.07974,
    "map_at_5": 0.10136,
    "map_at_10": 0.12399,
    "map_at_20": 0.15239,
    "map_at_100": 0.18873,
    "map_at_200": 0.19453,
    "map_at_300": 0.19602,
    "map_at_500": 0.19708,
    "map_at_1000": 0.19742,
    "recall_at_1": 0.04,
    "recall_at_3": 0.09385,
    "recall_at_5": 0.13231,
    "recall_at_10": 0.18769,
    "recall_at_20": 0.29077,
    "recall_at_100": 0.61692,
    "recall_at_200": 0.73077,
    "recall_at_300": 0.78,
    "recall_at_500": 0.83385,
    "recall_at_1000": 0.86615,
    "precision_at_1": 0.4,
    "precision_at_3": 0.31282,
    "precision_at_5": 0.26462,
    "precision_at_10": 0.18769,
    "precision_at_20": 0.14538,
    "precision_at_100": 0.06169,
    "precision_at_200": 0.03654,
    "precision_at_300": 0.026,
    "precision_at_500": 0.01668,
    "precision_at_1000": 0.00866,
    "mrr_at_1": 0.4,
    "mrr_at_3": 0.47949,
    "mrr_at_5": 0.49641,
    "mrr_at_10": 0.5081,
    "mrr_at_20": 0.51401,
    "mrr_at_100": 0.51875,
    "mrr_at_200": 0.51875,
    "mrr_at_300": 0.51875,
    "mrr_at_500": 0.51875,
    "mrr_at_1000": 0.51875,
    "rc_at_1": {
        "relevant": 0.4,
        "distractor": 0.56923
    },
    "rc_at_3": {
        "relevant": 0.93846,
        "distractor": 1.93846
    },
    "rc_at_5": {
        "relevant": 1.32308,
        "distractor": 3.41538
    },
    "rc_at_10": {
        "relevant": 1.87692,
        "distractor": 7.41538
    },
    "rc_at_20": {
        "relevant": 2.90769,
        "distractor": 14.67692
    },
    "rc_at_100": {
        "relevant": 6.16923,
        "distractor": 55.8
    },
    "rc_at_200": {
        "relevant": 7.30769,
        "distractor": 69.06154
    },
    "rc_at_300": {
        "relevant": 7.8,
        "distractor": 75.0
    },
    "rc_at_500": {
        "relevant": 8.33846,
        "distractor": 80.23077
    },
    "rc_at_1000": {
        "relevant": 8.66154,
        "distractor": 85.73846
    }
}