{
    "ndcg_at_1": 0.41538,
    "ndcg_at_3": 0.33829,
    "ndcg_at_5": 0.30219,
    "ndcg_at_10": 0.23755,
    "ndcg_at_20": 0.30502,
    "ndcg_at_100": 0.49806,
    "ndcg_at_200": 0.53863,
    "ndcg_at_300": 0.54415,
    "ndcg_at_500": 0.54891,
    "ndcg_at_1000": 0.55072,
    "map_at_1": 0.04154,
    "map_at_3": 0.08256,
    "map_at_5": 0.10587,
    "map_at_10": 0.13126,
    "map_at_20": 0.16643,
    "map_at_100": 0.22361,
    "map_at_200": 0.23266,
    "map_at_300": 0.23336,
    "map_at_500": 0.23379,
    "map_at_1000": 0.2339,
    "recall_at_1": 0.04154,
    "recall_at_3": 0.09538,
    "recall_at_5": 0.13692,
    "recall_at_10": 0.19538,
    "recall_at_20": 0.31846,
    "recall_at_100": 0.81846,
    "recall_at_200": 0.94615,
    "recall_at_300": 0.96615,
    "recall_at_500": 0.98462,
    "recall_at_1000": 0.99231,
    "precision_at_1": 0.41538,
    "precision_at_3": 0.31795,
    "precision_at_5": 0.27385,
    "precision_at_10": 0.19538,
    "precision_at_20": 0.15923,
    "precision_at_100": 0.08185,
    "precision_at_200": 0.04731,
    "precision_at_300": 0.03221,
    "precision_at_500": 0.01969,
    "precision_at_1000": 0.00992,
    "mrr_at_1": 0.41538,
    "mrr_at_3": 0.48718,
    "mrr_at_5": 0.5041,
    "mrr_at_10": 0.51579,
    "mrr_at_20": 0.52337,
    "mrr_at_100": 0.52783,
    "mrr_at_200": 0.52783,
    "mrr_at_300": 0.52783,
    "mrr_at_500": 0.52783,
    "mrr_at_1000": 0.52783,
    "rc_at_1": {
        "relevant": 0.41538,
        "distractor": 0.58462
    },
    "rc_at_3": {
        "relevant": 0.95385,
        "distractor": 2.04615
    },
    "rc_at_5": {
        "relevant": 1.36923,
        "distractor": 3.63077
    },
    "rc_at_10": {
        "relevant": 1.95385,
        "distractor": 8.01538
    },
    "rc_at_20": {
        "relevant": 3.18462,
        "distractor": 16.70769
    },
    "rc_at_100": {
        "relevant": 8.18462,
        "distractor": 82.81538
    },
    "rc_at_200": {
        "relevant": 9.46154,
        "distractor": 94.55385
    },
    "rc_at_300": {
        "relevant": 9.66154,
        "distractor": 95.8
    },
    "rc_at_500": {
        "relevant": 9.84615,
        "distractor": 96.84615
    },
    "rc_at_1000": {
        "relevant": 9.92308,
        "distractor": 97.8
    }
}