{
    "ndcg_at_1": 0.09235,
    "ndcg_at_3": 0.12493,
    "ndcg_at_5": 0.13953,
    "ndcg_at_10": 0.16343,
    "ndcg_at_20": 0.18549,
    "ndcg_at_100": 0.22471,
    "ndcg_at_200": 0.23858,
    "ndcg_at_300": 0.24568,
    "ndcg_at_500": 0.25382,
    "ndcg_at_1000": 0.26333,
    "map_at_1": 0.07934,
    "map_at_3": 0.10928,
    "map_at_5": 0.11769,
    "map_at_10": 0.1277,
    "map_at_20": 0.13422,
    "map_at_100": 0.13982,
    "map_at_200": 0.14062,
    "map_at_300": 0.1409,
    "map_at_500": 0.14112,
    "map_at_1000": 0.14129,
    "recall_at_1": 0.07934,
    "recall_at_3": 0.14876,
    "recall_at_5": 0.18382,
    "recall_at_10": 0.25418,
    "recall_at_20": 0.33507,
    "recall_at_100": 0.5305,
    "recall_at_200": 0.6192,
    "recall_at_300": 0.66976,
    "recall_at_500": 0.73183,
    "recall_at_1000": 0.81099,
    "precision_at_1": 0.09235,
    "precision_at_3": 0.05908,
    "precision_at_5": 0.04552,
    "precision_at_10": 0.03218,
    "precision_at_20": 0.02174,
    "precision_at_100": 0.00725,
    "precision_at_200": 0.00435,
    "precision_at_300": 0.00318,
    "precision_at_500": 0.00212,
    "precision_at_1000": 0.0012,
    "mrr_at_1": 0.09235,
    "mrr_at_3": 0.12842,
    "mrr_at_5": 0.13798,
    "mrr_at_10": 0.14842,
    "mrr_at_20": 0.15421,
    "mrr_at_100": 0.15967,
    "mrr_at_200": 0.1603,
    "mrr_at_300": 0.1605,
    "mrr_at_500": 0.16065,
    "mrr_at_1000": 0.16075
}