{
    "ndcg_at_1": 0.02132,
    "ndcg_at_3": 0.02644,
    "ndcg_at_5": 0.03189,
    "ndcg_at_10": 0.03802,
    "ndcg_at_20": 0.04539,
    "ndcg_at_100": 0.06663,
    "ndcg_at_200": 0.07659,
    "ndcg_at_300": 0.08266,
    "ndcg_at_500": 0.09149,
    "ndcg_at_1000": 0.10154,
    "map_at_1": 0.01659,
    "map_at_3": 0.02261,
    "map_at_5": 0.02579,
    "map_at_10": 0.02815,
    "map_at_20": 0.03011,
    "map_at_100": 0.03281,
    "map_at_200": 0.03334,
    "map_at_300": 0.03354,
    "map_at_500": 0.03375,
    "map_at_1000": 0.0339,
    "recall_at_1": 0.01659,
    "recall_at_3": 0.03127,
    "recall_at_5": 0.04466,
    "recall_at_10": 0.06371,
    "recall_at_20": 0.09203,
    "recall_at_100": 0.20219,
    "recall_at_200": 0.26914,
    "recall_at_300": 0.31427,
    "recall_at_500": 0.38602,
    "recall_at_1000": 0.47453,
    "precision_at_1": 0.02132,
    "precision_at_3": 0.01275,
    "precision_at_5": 0.01091,
    "precision_at_10": 0.0079,
    "precision_at_20": 0.00577,
    "precision_at_100": 0.00266,
    "precision_at_200": 0.00178,
    "precision_at_300": 0.00139,
    "precision_at_500": 0.00103,
    "precision_at_1000": 0.00064,
    "mrr_at_1": 0.01944,
    "mrr_at_3": 0.02759,
    "mrr_at_5": 0.03019,
    "mrr_at_10": 0.03307,
    "mrr_at_20": 0.0353,
    "mrr_at_100": 0.03801,
    "mrr_at_200": 0.03861,
    "mrr_at_300": 0.03877,
    "mrr_at_500": 0.03896,
    "mrr_at_1000": 0.03911
}