{
    "ndcg_at_1": 0.26154,
    "ndcg_at_3": 0.21177,
    "ndcg_at_5": 0.19617,
    "ndcg_at_10": 0.17049,
    "ndcg_at_20": 0.20284,
    "ndcg_at_100": 0.28795,
    "ndcg_at_200": 0.31069,
    "ndcg_at_300": 0.32313,
    "ndcg_at_500": 0.33858,
    "ndcg_at_1000": 0.35422,
    "map_at_1": 0.02615,
    "map_at_3": 0.04821,
    "map_at_5": 0.06397,
    "map_at_10": 0.08828,
    "map_at_20": 0.10244,
    "map_at_100": 0.12233,
    "map_at_200": 0.12528,
    "map_at_300": 0.12643,
    "map_at_500": 0.12743,
    "map_at_1000": 0.12803,
    "recall_at_1": 0.02615,
    "recall_at_3": 0.05846,
    "recall_at_5": 0.08923,
    "recall_at_10": 0.15077,
    "recall_at_20": 0.20769,
    "recall_at_100": 0.42,
    "recall_at_200": 0.49385,
    "recall_at_300": 0.53846,
    "recall_at_500": 0.59846,
    "recall_at_1000": 0.66615,
    "precision_at_1": 0.26154,
    "precision_at_3": 0.19487,
    "precision_at_5": 0.17846,
    "precision_at_10": 0.15077,
    "precision_at_20": 0.10385,
    "precision_at_100": 0.042,
    "precision_at_200": 0.02469,
    "precision_at_300": 0.01795,
    "precision_at_500": 0.01197,
    "precision_at_1000": 0.00666,
    "mrr_at_1": 0.26154,
    "mrr_at_3": 0.34359,
    "mrr_at_5": 0.36128,
    "mrr_at_10": 0.38266,
    "mrr_at_20": 0.39267,
    "mrr_at_100": 0.39707,
    "mrr_at_200": 0.39719,
    "mrr_at_300": 0.39719,
    "mrr_at_500": 0.39719,
    "mrr_at_1000": 0.39719,
    "rc_at_1": {
        "relevant": 0.26154,
        "distractor": 0.50769
    },
    "rc_at_3": {
        "relevant": 0.58462,
        "distractor": 1.72308
    },
    "rc_at_5": {
        "relevant": 0.89231,
        "distractor": 2.81538
    },
    "rc_at_10": {
        "relevant": 1.50769,
        "distractor": 5.38462
    },
    "rc_at_20": {
        "relevant": 2.07692,
        "distractor": 10.56923
    },
    "rc_at_100": {
        "relevant": 4.2,
        "distractor": 33.66154
    },
    "rc_at_200": {
        "relevant": 4.93846,
        "distractor": 43.24615
    },
    "rc_at_300": {
        "relevant": 5.38462,
        "distractor": 48.52308
    },
    "rc_at_500": {
        "relevant": 5.98462,
        "distractor": 54.89231
    },
    "rc_at_1000": {
        "relevant": 6.66154,
        "distractor": 62.29231
    }
}