{
    "ndcg_at_1": 0.36923,
    "ndcg_at_3": 0.2777,
    "ndcg_at_5": 0.26156,
    "ndcg_at_10": 0.22412,
    "ndcg_at_20": 0.26936,
    "ndcg_at_100": 0.44523,
    "ndcg_at_200": 0.47852,
    "ndcg_at_300": 0.48623,
    "ndcg_at_500": 0.49493,
    "ndcg_at_1000": 0.50164,
    "map_at_1": 0.03692,
    "map_at_3": 0.06564,
    "map_at_5": 0.08795,
    "map_at_10": 0.12117,
    "map_at_20": 0.13973,
    "map_at_100": 0.1892,
    "map_at_200": 0.1957,
    "map_at_300": 0.19672,
    "map_at_500": 0.19737,
    "map_at_1000": 0.1977,
    "recall_at_1": 0.03692,
    "recall_at_3": 0.07538,
    "recall_at_5": 0.11846,
    "recall_at_10": 0.19692,
    "recall_at_20": 0.27846,
    "recall_at_100": 0.73385,
    "recall_at_200": 0.84,
    "recall_at_300": 0.86769,
    "recall_at_500": 0.90154,
    "recall_at_1000": 0.93077,
    "precision_at_1": 0.36923,
    "precision_at_3": 0.25128,
    "precision_at_5": 0.23692,
    "precision_at_10": 0.19692,
    "precision_at_20": 0.13923,
    "precision_at_100": 0.07338,
    "precision_at_200": 0.042,
    "precision_at_300": 0.02892,
    "precision_at_500": 0.01803,
    "precision_at_1000": 0.00931,
    "mrr_at_1": 0.36923,
    "mrr_at_3": 0.4359,
    "mrr_at_5": 0.46513,
    "mrr_at_10": 0.48076,
    "mrr_at_20": 0.49095,
    "mrr_at_100": 0.4942,
    "mrr_at_200": 0.49432,
    "mrr_at_300": 0.49432,
    "mrr_at_500": 0.49432,
    "mrr_at_1000": 0.49432,
    "rc_at_1": {
        "relevant": 0.36923,
        "distractor": 0.61538
    },
    "rc_at_3": {
        "relevant": 0.75385,
        "distractor": 2.2
    },
    "rc_at_5": {
        "relevant": 1.18462,
        "distractor": 3.73846
    },
    "rc_at_10": {
        "relevant": 1.96923,
        "distractor": 7.81538
    },
    "rc_at_20": {
        "relevant": 2.78462,
        "distractor": 16.35385
    },
    "rc_at_100": {
        "relevant": 7.33846,
        "distractor": 69.50769
    },
    "rc_at_200": {
        "relevant": 8.4,
        "distractor": 82.6
    },
    "rc_at_300": {
        "relevant": 8.67692,
        "distractor": 86.76923
    },
    "rc_at_500": {
        "relevant": 9.01538,
        "distractor": 90.36923
    },
    "rc_at_1000": {
        "relevant": 9.30769,
        "distractor": 93.58462
    }
}