{
    "ndcg_at_1": 0.33846,
    "ndcg_at_3": 0.26781,
    "ndcg_at_5": 0.24791,
    "ndcg_at_10": 0.20925,
    "ndcg_at_20": 0.254,
    "ndcg_at_100": 0.37589,
    "ndcg_at_200": 0.4177,
    "ndcg_at_300": 0.43046,
    "ndcg_at_500": 0.44236,
    "ndcg_at_1000": 0.45068,
    "map_at_1": 0.03385,
    "map_at_3": 0.06205,
    "map_at_5": 0.08205,
    "map_at_10": 0.11154,
    "map_at_20": 0.13052,
    "map_at_100": 0.16312,
    "map_at_200": 0.17011,
    "map_at_300": 0.17136,
    "map_at_500": 0.17227,
    "map_at_1000": 0.17271,
    "recall_at_1": 0.03385,
    "recall_at_3": 0.07385,
    "recall_at_5": 0.11231,
    "recall_at_10": 0.18154,
    "recall_at_20": 0.26154,
    "recall_at_100": 0.56923,
    "recall_at_200": 0.70462,
    "recall_at_300": 0.75077,
    "recall_at_500": 0.79692,
    "recall_at_1000": 0.83231,
    "precision_at_1": 0.33846,
    "precision_at_3": 0.24615,
    "precision_at_5": 0.22462,
    "precision_at_10": 0.18154,
    "precision_at_20": 0.13077,
    "precision_at_100": 0.05692,
    "precision_at_200": 0.03523,
    "precision_at_300": 0.02503,
    "precision_at_500": 0.01594,
    "precision_at_1000": 0.00832,
    "mrr_at_1": 0.33846,
    "mrr_at_3": 0.42051,
    "mrr_at_5": 0.4459,
    "mrr_at_10": 0.46279,
    "mrr_at_20": 0.47184,
    "mrr_at_100": 0.47533,
    "mrr_at_200": 0.47533,
    "mrr_at_300": 0.47533,
    "mrr_at_500": 0.47537,
    "mrr_at_1000": 0.47538,
    "rc_at_1": {
        "relevant": 0.33846,
        "distractor": 0.61538
    },
    "rc_at_3": {
        "relevant": 0.73846,
        "distractor": 2.09231
    },
    "rc_at_5": {
        "relevant": 1.12308,
        "distractor": 3.49231
    },
    "rc_at_10": {
        "relevant": 1.81538,
        "distractor": 7.29231
    },
    "rc_at_20": {
        "relevant": 2.61538,
        "distractor": 14.58462
    },
    "rc_at_100": {
        "relevant": 5.69231,
        "distractor": 53.89231
    },
    "rc_at_200": {
        "relevant": 7.04615,
        "distractor": 66.06154
    },
    "rc_at_300": {
        "relevant": 7.50769,
        "distractor": 71.15385
    },
    "rc_at_500": {
        "relevant": 7.96923,
        "distractor": 76.35385
    },
    "rc_at_1000": {
        "relevant": 8.32308,
        "distractor": 81.81538
    }
}