{
    "ndcg_at_1": 0.20191,
    "ndcg_at_3": 0.27684,
    "ndcg_at_5": 0.30835,
    "ndcg_at_10": 0.34351,
    "ndcg_at_20": 0.36851,
    "ndcg_at_100": 0.40083,
    "ndcg_at_200": 0.40845,
    "ndcg_at_300": 0.41208,
    "ndcg_at_500": 0.4157,
    "ndcg_at_1000": 0.4197,
    "map_at_1": 0.17615,
    "map_at_3": 0.2487,
    "map_at_5": 0.26709,
    "map_at_10": 0.28248,
    "map_at_20": 0.28989,
    "map_at_100": 0.29477,
    "map_at_200": 0.29521,
    "map_at_300": 0.29534,
    "map_at_500": 0.29543,
    "map_at_1000": 0.29549,
    "recall_at_1": 0.17615,
    "recall_at_3": 0.33411,
    "recall_at_5": 0.40713,
    "recall_at_10": 0.5098,
    "recall_at_20": 0.60294,
    "recall_at_100": 0.76789,
    "recall_at_200": 0.81904,
    "recall_at_300": 0.84637,
    "recall_at_500": 0.87594,
    "recall_at_1000": 0.91189,
    "precision_at_1": 0.20191,
    "precision_at_3": 0.1293,
    "precision_at_5": 0.09565,
    "precision_at_10": 0.06043,
    "precision_at_20": 0.03604,
    "precision_at_100": 0.00927,
    "precision_at_200": 0.00496,
    "precision_at_300": 0.00342,
    "precision_at_500": 0.00213,
    "precision_at_1000": 0.00111,
    "mrr_at_1": 0.20307,
    "mrr_at_3": 0.27351,
    "mrr_at_5": 0.29166,
    "mrr_at_10": 0.30525,
    "mrr_at_20": 0.31155,
    "mrr_at_100": 0.31565,
    "mrr_at_200": 0.31595,
    "mrr_at_300": 0.31607,
    "mrr_at_500": 0.31614,
    "mrr_at_1000": 0.31619
}