{
    "ndcg_at_1": 0.38462,
    "ndcg_at_3": 0.32574,
    "ndcg_at_5": 0.28954,
    "ndcg_at_10": 0.24298,
    "ndcg_at_20": 0.30864,
    "ndcg_at_100": 0.50422,
    "ndcg_at_200": 0.54606,
    "ndcg_at_300": 0.55202,
    "ndcg_at_500": 0.55398,
    "ndcg_at_1000": 0.55472,
    "map_at_1": 0.03846,
    "map_at_3": 0.08205,
    "map_at_5": 0.10013,
    "map_at_10": 0.13394,
    "map_at_20": 0.16786,
    "map_at_100": 0.22715,
    "map_at_200": 0.23652,
    "map_at_300": 0.23734,
    "map_at_500": 0.2375,
    "map_at_1000": 0.23756,
    "recall_at_1": 0.03846,
    "recall_at_3": 0.09231,
    "recall_at_5": 0.13077,
    "recall_at_10": 0.20923,
    "recall_at_20": 0.32769,
    "recall_at_100": 0.83538,
    "recall_at_200": 0.96615,
    "recall_at_300": 0.98769,
    "recall_at_500": 0.99538,
    "recall_at_1000": 0.99846,
    "precision_at_1": 0.38462,
    "precision_at_3": 0.30769,
    "precision_at_5": 0.26154,
    "precision_at_10": 0.20923,
    "precision_at_20": 0.16385,
    "precision_at_100": 0.08354,
    "precision_at_200": 0.04831,
    "precision_at_300": 0.03292,
    "precision_at_500": 0.01991,
    "precision_at_1000": 0.00998,
    "mrr_at_1": 0.38462,
    "mrr_at_3": 0.45128,
    "mrr_at_5": 0.49051,
    "mrr_at_10": 0.50098,
    "mrr_at_20": 0.51225,
    "mrr_at_100": 0.51397,
    "mrr_at_200": 0.51397,
    "mrr_at_300": 0.51397,
    "mrr_at_500": 0.51397,
    "mrr_at_1000": 0.51397,
    "rc_at_1": {
        "relevant": 0.38462,
        "distractor": 0.61538
    },
    "rc_at_3": {
        "relevant": 0.92308,
        "distractor": 2.07692
    },
    "rc_at_5": {
        "relevant": 1.30769,
        "distractor": 3.66154
    },
    "rc_at_10": {
        "relevant": 2.09231,
        "distractor": 7.86154
    },
    "rc_at_20": {
        "relevant": 3.27692,
        "distractor": 16.56923
    },
    "rc_at_100": {
        "relevant": 8.35385,
        "distractor": 85.43077
    },
    "rc_at_200": {
        "relevant": 9.66154,
        "distractor": 96.16923
    },
    "rc_at_300": {
        "relevant": 9.87692,
        "distractor": 97.13846
    },
    "rc_at_500": {
        "relevant": 9.95385,
        "distractor": 98.03077
    },
    "rc_at_1000": {
        "relevant": 9.98462,
        "distractor": 98.67692
    }
}