{
    "ndcg_at_1": 0.0172,
    "ndcg_at_3": 0.02308,
    "ndcg_at_5": 0.02596,
    "ndcg_at_10": 0.02913,
    "ndcg_at_20": 0.03499,
    "ndcg_at_100": 0.04896,
    "ndcg_at_200": 0.05584,
    "ndcg_at_300": 0.06104,
    "ndcg_at_500": 0.06758,
    "ndcg_at_1000": 0.07634,
    "map_at_1": 0.01247,
    "map_at_3": 0.01858,
    "map_at_5": 0.02038,
    "map_at_10": 0.02179,
    "map_at_20": 0.02337,
    "map_at_100": 0.02506,
    "map_at_200": 0.02541,
    "map_at_300": 0.02558,
    "map_at_500": 0.02573,
    "map_at_1000": 0.02586,
    "recall_at_1": 0.01247,
    "recall_at_3": 0.02729,
    "recall_at_5": 0.03428,
    "recall_at_10": 0.04433,
    "recall_at_20": 0.06692,
    "recall_at_100": 0.13878,
    "recall_at_200": 0.18241,
    "recall_at_300": 0.2193,
    "recall_at_500": 0.26926,
    "recall_at_1000": 0.34215,
    "precision_at_1": 0.0172,
    "precision_at_3": 0.0121,
    "precision_at_5": 0.00981,
    "precision_at_10": 0.00656,
    "precision_at_20": 0.00487,
    "precision_at_100": 0.0022,
    "precision_at_200": 0.00154,
    "precision_at_300": 0.00125,
    "precision_at_500": 0.00095,
    "precision_at_1000": 0.00063,
    "mrr_at_1": 0.0172,
    "mrr_at_3": 0.02357,
    "mrr_at_5": 0.02653,
    "mrr_at_10": 0.02908,
    "mrr_at_20": 0.0307,
    "mrr_at_100": 0.03247,
    "mrr_at_200": 0.03291,
    "mrr_at_300": 0.03307,
    "mrr_at_500": 0.03322,
    "mrr_at_1000": 0.03334
}