{
    "ndcg_at_1": 0.49091,
    "ndcg_at_3": 0.36658,
    "ndcg_at_5": 0.31535,
    "ndcg_at_10": 0.26105,
    "ndcg_at_20": 0.34077,
    "ndcg_at_100": 0.50699,
    "ndcg_at_200": 0.52896,
    "ndcg_at_300": 0.53653,
    "ndcg_at_500": 0.54636,
    "ndcg_at_1000": 0.55318,
    "map_at_1": 0.04909,
    "map_at_3": 0.0897,
    "map_at_5": 0.1127,
    "map_at_10": 0.14396,
    "map_at_20": 0.18146,
    "map_at_100": 0.2372,
    "map_at_200": 0.24133,
    "map_at_300": 0.24226,
    "map_at_500": 0.24305,
    "map_at_1000": 0.24341,
    "recall_at_1": 0.04909,
    "recall_at_3": 0.1,
    "recall_at_5": 0.13636,
    "recall_at_10": 0.21636,
    "recall_at_20": 0.36,
    "recall_at_100": 0.78182,
    "recall_at_200": 0.85273,
    "recall_at_300": 0.88,
    "recall_at_500": 0.91818,
    "recall_at_1000": 0.94727,
    "precision_at_1": 0.49091,
    "precision_at_3": 0.33333,
    "precision_at_5": 0.27273,
    "precision_at_10": 0.21636,
    "precision_at_20": 0.18,
    "precision_at_100": 0.07818,
    "precision_at_200": 0.04264,
    "precision_at_300": 0.02933,
    "precision_at_500": 0.01836,
    "precision_at_1000": 0.00947,
    "mrr_at_1": 0.49091,
    "mrr_at_3": 0.55152,
    "mrr_at_5": 0.56424,
    "mrr_at_10": 0.58659,
    "mrr_at_20": 0.59273,
    "mrr_at_100": 0.59354,
    "mrr_at_200": 0.59354,
    "mrr_at_300": 0.59361,
    "mrr_at_500": 0.59361,
    "mrr_at_1000": 0.59361,
    "rc_at_1": {
        "relevant": 0.49091,
        "distractor": 0.50909
    },
    "rc_at_3": {
        "relevant": 1.0,
        "distractor": 1.98182
    },
    "rc_at_5": {
        "relevant": 1.36364,
        "distractor": 3.58182
    },
    "rc_at_10": {
        "relevant": 2.16364,
        "distractor": 7.67273
    },
    "rc_at_20": {
        "relevant": 3.6,
        "distractor": 15.70909
    },
    "rc_at_100": {
        "relevant": 7.81818,
        "distractor": 63.07273
    },
    "rc_at_200": {
        "relevant": 8.52727,
        "distractor": 74.85455
    },
    "rc_at_300": {
        "relevant": 8.8,
        "distractor": 79.78182
    },
    "rc_at_500": {
        "relevant": 9.18182,
        "distractor": 84.12727
    },
    "rc_at_1000": {
        "relevant": 9.47273,
        "distractor": 88.8
    }
}