{
    "ndcg_at_1": 0.43636,
    "ndcg_at_3": 0.31204,
    "ndcg_at_5": 0.25392,
    "ndcg_at_10": 0.18834,
    "ndcg_at_20": 0.2285,
    "ndcg_at_100": 0.29201,
    "ndcg_at_200": 0.30498,
    "ndcg_at_300": 0.3145,
    "ndcg_at_500": 0.32566,
    "ndcg_at_1000": 0.33632,
    "map_at_1": 0.04364,
    "map_at_3": 0.07606,
    "map_at_5": 0.09224,
    "map_at_10": 0.10484,
    "map_at_20": 0.12153,
    "map_at_100": 0.13569,
    "map_at_200": 0.13729,
    "map_at_300": 0.13806,
    "map_at_500": 0.13868,
    "map_at_1000": 0.13905,
    "recall_at_1": 0.04364,
    "recall_at_3": 0.08364,
    "recall_at_5": 0.10364,
    "recall_at_10": 0.13636,
    "recall_at_20": 0.20909,
    "recall_at_100": 0.37091,
    "recall_at_200": 0.41273,
    "recall_at_300": 0.44727,
    "recall_at_500": 0.49091,
    "recall_at_1000": 0.53636,
    "precision_at_1": 0.43636,
    "precision_at_3": 0.27879,
    "precision_at_5": 0.20727,
    "precision_at_10": 0.13636,
    "precision_at_20": 0.10455,
    "precision_at_100": 0.03709,
    "precision_at_200": 0.02064,
    "precision_at_300": 0.01491,
    "precision_at_500": 0.00982,
    "precision_at_1000": 0.00536,
    "mrr_at_1": 0.43636,
    "mrr_at_3": 0.48182,
    "mrr_at_5": 0.48636,
    "mrr_at_10": 0.4947,
    "mrr_at_20": 0.50476,
    "mrr_at_100": 0.50829,
    "mrr_at_200": 0.50845,
    "mrr_at_300": 0.50845,
    "mrr_at_500": 0.50851,
    "mrr_at_1000": 0.50853,
    "rc_at_1": {
        "relevant": 0.43636,
        "distractor": 0.36364
    },
    "rc_at_3": {
        "relevant": 0.83636,
        "distractor": 1.12727
    },
    "rc_at_5": {
        "relevant": 1.03636,
        "distractor": 1.89091
    },
    "rc_at_10": {
        "relevant": 1.36364,
        "distractor": 3.72727
    },
    "rc_at_20": {
        "relevant": 2.09091,
        "distractor": 6.4
    },
    "rc_at_100": {
        "relevant": 3.70909,
        "distractor": 15.78182
    },
    "rc_at_200": {
        "relevant": 4.12727,
        "distractor": 21.43636
    },
    "rc_at_300": {
        "relevant": 4.47273,
        "distractor": 25.14545
    },
    "rc_at_500": {
        "relevant": 4.90909,
        "distractor": 30.16364
    },
    "rc_at_1000": {
        "relevant": 5.36364,
        "distractor": 36.25455
    }
}