{
    "ndcg_at_1": 0.39873,
    "ndcg_at_3": 0.44132,
    "ndcg_at_5": 0.46439,
    "ndcg_at_10": 0.48727,
    "ndcg_at_20": 0.50378,
    "ndcg_at_100": 0.52913,
    "ndcg_at_200": 0.53647,
    "ndcg_at_300": 0.53964,
    "ndcg_at_500": 0.5435,
    "ndcg_at_1000": 0.54789,
    "map_at_1": 0.32084,
    "map_at_3": 0.39452,
    "map_at_5": 0.41395,
    "map_at_10": 0.42755,
    "map_at_20": 0.43423,
    "map_at_100": 0.43936,
    "map_at_200": 0.44009,
    "map_at_300": 0.44029,
    "map_at_500": 0.44048,
    "map_at_1000": 0.44062,
    "recall_at_1": 0.32084,
    "recall_at_3": 0.458,
    "recall_at_5": 0.5225,
    "recall_at_10": 0.59304,
    "recall_at_20": 0.65351,
    "recall_at_100": 0.77244,
    "recall_at_200": 0.81202,
    "recall_at_300": 0.83093,
    "recall_at_500": 0.85479,
    "recall_at_1000": 0.88672,
    "precision_at_1": 0.39873,
    "precision_at_3": 0.21338,
    "precision_at_5": 0.15236,
    "precision_at_10": 0.09223,
    "precision_at_20": 0.05334,
    "precision_at_100": 0.01415,
    "precision_at_200": 0.00784,
    "precision_at_300": 0.0055,
    "precision_at_500": 0.00352,
    "precision_at_1000": 0.00189,
    "mrr_at_1": 0.39873,
    "mrr_at_3": 0.46454,
    "mrr_at_5": 0.47923,
    "mrr_at_10": 0.48823,
    "mrr_at_20": 0.49201,
    "mrr_at_100": 0.49452,
    "mrr_at_200": 0.49473,
    "mrr_at_300": 0.49479,
    "mrr_at_500": 0.49484,
    "mrr_at_1000": 0.49487
}