{
    "ndcg_at_1": 0.31633,
    "ndcg_at_3": 0.28969,
    "ndcg_at_5": 0.26237,
    "ndcg_at_10": 0.23273,
    "ndcg_at_20": 0.25085,
    "ndcg_at_100": 0.33079,
    "ndcg_at_200": 0.36667,
    "ndcg_at_300": 0.38688,
    "ndcg_at_500": 0.41243,
    "ndcg_at_1000": 0.44315,
    "map_at_1": 0.02833,
    "map_at_3": 0.05357,
    "map_at_5": 0.0697,
    "map_at_10": 0.0904,
    "map_at_20": 0.11509,
    "map_at_100": 0.1394,
    "map_at_200": 0.14546,
    "map_at_300": 0.14813,
    "map_at_500": 0.15059,
    "map_at_1000": 0.15289,
    "recall_at_1": 0.02833,
    "recall_at_3": 0.06501,
    "recall_at_5": 0.09681,
    "recall_at_10": 0.14697,
    "recall_at_20": 0.23169,
    "recall_at_100": 0.41248,
    "recall_at_200": 0.5132,
    "recall_at_300": 0.57265,
    "recall_at_500": 0.65333,
    "recall_at_1000": 0.75848,
    "precision_at_1": 0.34694,
    "precision_at_3": 0.30612,
    "precision_at_5": 0.26531,
    "precision_at_10": 0.20408,
    "precision_at_20": 0.16735,
    "precision_at_100": 0.06592,
    "precision_at_200": 0.04235,
    "precision_at_300": 0.03245,
    "precision_at_500": 0.02306,
    "precision_at_1000": 0.01402,
    "mrr_at_1": 0.34694,
    "mrr_at_3": 0.46939,
    "mrr_at_5": 0.49184,
    "mrr_at_10": 0.50042,
    "mrr_at_20": 0.51113,
    "mrr_at_100": 0.51244,
    "mrr_at_200": 0.51262,
    "mrr_at_300": 0.51262,
    "mrr_at_500": 0.51262,
    "mrr_at_1000": 0.51262
}