{
    "ndcg_at_1": 0.04851,
    "ndcg_at_3": 0.05743,
    "ndcg_at_5": 0.06418,
    "ndcg_at_10": 0.07471,
    "ndcg_at_20": 0.08245,
    "ndcg_at_100": 0.10379,
    "ndcg_at_200": 0.1123,
    "ndcg_at_300": 0.11804,
    "ndcg_at_500": 0.1264,
    "ndcg_at_1000": 0.13697,
    "map_at_1": 0.0417,
    "map_at_3": 0.05155,
    "map_at_5": 0.05556,
    "map_at_10": 0.05979,
    "map_at_20": 0.06184,
    "map_at_100": 0.06451,
    "map_at_200": 0.06495,
    "map_at_300": 0.06515,
    "map_at_500": 0.06534,
    "map_at_1000": 0.0655,
    "recall_at_1": 0.0417,
    "recall_at_3": 0.06412,
    "recall_at_5": 0.08113,
    "recall_at_10": 0.11216,
    "recall_at_20": 0.14096,
    "recall_at_100": 0.25348,
    "recall_at_200": 0.31071,
    "recall_at_300": 0.35174,
    "recall_at_500": 0.41769,
    "recall_at_1000": 0.50836,
    "precision_at_1": 0.04851,
    "precision_at_3": 0.02581,
    "precision_at_5": 0.01959,
    "precision_at_10": 0.01371,
    "precision_at_20": 0.00882,
    "precision_at_100": 0.00323,
    "precision_at_200": 0.00201,
    "precision_at_300": 0.00155,
    "precision_at_500": 0.00113,
    "precision_at_1000": 0.00071,
    "mrr_at_1": 0.04851,
    "mrr_at_3": 0.06079,
    "mrr_at_5": 0.06503,
    "mrr_at_10": 0.0702,
    "mrr_at_20": 0.07267,
    "mrr_at_100": 0.07559,
    "mrr_at_200": 0.07599,
    "mrr_at_300": 0.07618,
    "mrr_at_500": 0.07638,
    "mrr_at_1000": 0.07652
}