{
    "ndcg_at_1": 0.30333,
    "ndcg_at_3": 0.35993,
    "ndcg_at_5": 0.37232,
    "ndcg_at_10": 0.39433,
    "ndcg_at_20": 0.41989,
    "ndcg_at_100": 0.44528,
    "ndcg_at_200": 0.4532,
    "ndcg_at_300": 0.45751,
    "ndcg_at_500": 0.46272,
    "ndcg_at_1000": 0.46875,
    "map_at_1": 0.28133,
    "map_at_3": 0.33562,
    "map_at_5": 0.34476,
    "map_at_10": 0.35388,
    "map_at_20": 0.3616,
    "map_at_100": 0.36499,
    "map_at_200": 0.36537,
    "map_at_300": 0.36551,
    "map_at_500": 0.36563,
    "map_at_1000": 0.36572,
    "recall_at_1": 0.28133,
    "recall_at_3": 0.40144,
    "recall_at_5": 0.43572,
    "recall_at_10": 0.50156,
    "recall_at_20": 0.599,
    "recall_at_100": 0.73689,
    "recall_at_200": 0.79422,
    "recall_at_300": 0.82756,
    "recall_at_500": 0.872,
    "recall_at_1000": 0.92767,
    "precision_at_1": 0.30333,
    "precision_at_3": 0.15,
    "precision_at_5": 0.09933,
    "precision_at_10": 0.05733,
    "precision_at_20": 0.0345,
    "precision_at_100": 0.00847,
    "precision_at_200": 0.00453,
    "precision_at_300": 0.00314,
    "precision_at_500": 0.00198,
    "precision_at_1000": 0.00105,
    "mrr_at_1": 0.30333,
    "mrr_at_3": 0.35667,
    "mrr_at_5": 0.363,
    "mrr_at_10": 0.37243,
    "mrr_at_20": 0.37871,
    "mrr_at_100": 0.38159,
    "mrr_at_200": 0.38196,
    "mrr_at_300": 0.38211,
    "mrr_at_500": 0.38223,
    "mrr_at_1000": 0.38231
}