{
    "ndcg_at_1": 0.23319,
    "ndcg_at_3": 0.27967,
    "ndcg_at_5": 0.30795,
    "ndcg_at_10": 0.34093,
    "ndcg_at_20": 0.36623,
    "ndcg_at_100": 0.40289,
    "ndcg_at_200": 0.41344,
    "ndcg_at_300": 0.41904,
    "ndcg_at_500": 0.42413,
    "ndcg_at_1000": 0.42985,
    "map_at_1": 0.18545,
    "map_at_3": 0.24163,
    "map_at_5": 0.26154,
    "map_at_10": 0.27786,
    "map_at_20": 0.2865,
    "map_at_100": 0.29271,
    "map_at_200": 0.29353,
    "map_at_300": 0.29379,
    "map_at_500": 0.29399,
    "map_at_1000": 0.29413,
    "recall_at_1": 0.18545,
    "recall_at_3": 0.30466,
    "recall_at_5": 0.37922,
    "recall_at_10": 0.48122,
    "recall_at_20": 0.57169,
    "recall_at_100": 0.74328,
    "recall_at_200": 0.80576,
    "recall_at_300": 0.84368,
    "recall_at_500": 0.87771,
    "recall_at_1000": 0.91957,
    "precision_at_1": 0.23319,
    "precision_at_3": 0.13972,
    "precision_at_5": 0.1073,
    "precision_at_10": 0.0701,
    "precision_at_20": 0.04356,
    "precision_at_100": 0.01249,
    "precision_at_200": 0.00708,
    "precision_at_300": 0.00504,
    "precision_at_500": 0.00326,
    "precision_at_1000": 0.00179,
    "mrr_at_1": 0.23319,
    "mrr_at_3": 0.29733,
    "mrr_at_5": 0.31485,
    "mrr_at_10": 0.32841,
    "mrr_at_20": 0.33479,
    "mrr_at_100": 0.33897,
    "mrr_at_200": 0.33929,
    "mrr_at_300": 0.33941,
    "mrr_at_500": 0.33947,
    "mrr_at_1000": 0.33952
}