{
    "ndcg_at_1": 0.32435,
    "ndcg_at_3": 0.38303,
    "ndcg_at_5": 0.40854,
    "ndcg_at_10": 0.44106,
    "ndcg_at_20": 0.46079,
    "ndcg_at_100": 0.49399,
    "ndcg_at_200": 0.50169,
    "ndcg_at_300": 0.50602,
    "ndcg_at_500": 0.51075,
    "ndcg_at_1000": 0.51448,
    "map_at_1": 0.2634,
    "map_at_3": 0.34069,
    "map_at_5": 0.35922,
    "map_at_10": 0.37578,
    "map_at_20": 0.38273,
    "map_at_100": 0.3885,
    "map_at_200": 0.38908,
    "map_at_300": 0.3893,
    "map_at_500": 0.38948,
    "map_at_1000": 0.38958,
    "recall_at_1": 0.2634,
    "recall_at_3": 0.41696,
    "recall_at_5": 0.48611,
    "recall_at_10": 0.58478,
    "recall_at_20": 0.65226,
    "recall_at_100": 0.80503,
    "recall_at_200": 0.85108,
    "recall_at_300": 0.87922,
    "recall_at_500": 0.91174,
    "recall_at_1000": 0.9397,
    "precision_at_1": 0.32435,
    "precision_at_3": 0.18672,
    "precision_at_5": 0.13263,
    "precision_at_10": 0.08258,
    "precision_at_20": 0.04793,
    "precision_at_100": 0.01282,
    "precision_at_200": 0.00694,
    "precision_at_300": 0.00487,
    "precision_at_500": 0.00311,
    "precision_at_1000": 0.00164,
    "mrr_at_1": 0.32435,
    "mrr_at_3": 0.40199,
    "mrr_at_5": 0.41801,
    "mrr_at_10": 0.43019,
    "mrr_at_20": 0.43465,
    "mrr_at_100": 0.43811,
    "mrr_at_200": 0.4384,
    "mrr_at_300": 0.43849,
    "mrr_at_500": 0.43854,
    "mrr_at_1000": 0.43857
}