{
    "ndcg_at_1": 0.3105,
    "ndcg_at_3": 0.34363,
    "ndcg_at_5": 0.36684,
    "ndcg_at_10": 0.3847,
    "ndcg_at_20": 0.40971,
    "ndcg_at_100": 0.44329,
    "ndcg_at_200": 0.45301,
    "ndcg_at_300": 0.45884,
    "ndcg_at_500": 0.4628,
    "ndcg_at_1000": 0.46852,
    "map_at_1": 0.25158,
    "map_at_3": 0.30872,
    "map_at_5": 0.32563,
    "map_at_10": 0.3356,
    "map_at_20": 0.34316,
    "map_at_100": 0.34877,
    "map_at_200": 0.3494,
    "map_at_300": 0.34966,
    "map_at_500": 0.34978,
    "map_at_1000": 0.3499,
    "recall_at_1": 0.25158,
    "recall_at_3": 0.36613,
    "recall_at_5": 0.42921,
    "recall_at_10": 0.48263,
    "recall_at_20": 0.57343,
    "recall_at_100": 0.7322,
    "recall_at_200": 0.79261,
    "recall_at_300": 0.83258,
    "recall_at_500": 0.86195,
    "recall_at_1000": 0.90596,
    "precision_at_1": 0.3105,
    "precision_at_3": 0.16058,
    "precision_at_5": 0.11553,
    "precision_at_10": 0.06735,
    "precision_at_20": 0.04092,
    "precision_at_100": 0.01127,
    "precision_at_200": 0.00623,
    "precision_at_300": 0.00443,
    "precision_at_500": 0.00278,
    "precision_at_1000": 0.00151,
    "mrr_at_1": 0.3105,
    "mrr_at_3": 0.36549,
    "mrr_at_5": 0.38033,
    "mrr_at_10": 0.38638,
    "mrr_at_20": 0.39288,
    "mrr_at_100": 0.39668,
    "mrr_at_200": 0.39705,
    "mrr_at_300": 0.3972,
    "mrr_at_500": 0.39727,
    "mrr_at_1000": 0.39731
}