{
    "ndcg_at_1": 0.27301,
    "ndcg_at_3": 0.32023,
    "ndcg_at_5": 0.33587,
    "ndcg_at_10": 0.35681,
    "ndcg_at_20": 0.37405,
    "ndcg_at_100": 0.40174,
    "ndcg_at_200": 0.4094,
    "ndcg_at_300": 0.4132,
    "ndcg_at_500": 0.41958,
    "ndcg_at_1000": 0.42636,
    "map_at_1": 0.24118,
    "map_at_3": 0.29543,
    "map_at_5": 0.30609,
    "map_at_10": 0.31548,
    "map_at_20": 0.32029,
    "map_at_100": 0.3243,
    "map_at_200": 0.32477,
    "map_at_300": 0.32491,
    "map_at_500": 0.32507,
    "map_at_1000": 0.32518,
    "recall_at_1": 0.24118,
    "recall_at_3": 0.35618,
    "recall_at_5": 0.39442,
    "recall_at_10": 0.45738,
    "recall_at_20": 0.52282,
    "recall_at_100": 0.66348,
    "recall_at_200": 0.71317,
    "recall_at_300": 0.74058,
    "recall_at_500": 0.79196,
    "recall_at_1000": 0.85038,
    "precision_at_1": 0.27301,
    "precision_at_3": 0.13906,
    "precision_at_5": 0.09448,
    "precision_at_10": 0.05537,
    "precision_at_20": 0.0319,
    "precision_at_100": 0.0084,
    "precision_at_200": 0.00459,
    "precision_at_300": 0.0032,
    "precision_at_500": 0.00206,
    "precision_at_1000": 0.00112,
    "mrr_at_1": 0.27301,
    "mrr_at_3": 0.32515,
    "mrr_at_5": 0.33413,
    "mrr_at_10": 0.34288,
    "mrr_at_20": 0.34748,
    "mrr_at_100": 0.35082,
    "mrr_at_200": 0.35117,
    "mrr_at_300": 0.35129,
    "mrr_at_500": 0.35141,
    "mrr_at_1000": 0.35149
}