{
    "ndcg_at_1": 0.43034,
    "ndcg_at_3": 0.39765,
    "ndcg_at_5": 0.37912,
    "ndcg_at_10": 0.35579,
    "ndcg_at_20": 0.33385,
    "ndcg_at_100": 0.3272,
    "ndcg_at_200": 0.3456,
    "ndcg_at_300": 0.36011,
    "ndcg_at_500": 0.38235,
    "ndcg_at_1000": 0.41733,
    "map_at_1": 0.05234,
    "map_at_3": 0.08824,
    "map_at_5": 0.10513,
    "map_at_10": 0.12788,
    "map_at_20": 0.14444,
    "map_at_100": 0.16672,
    "map_at_200": 0.17302,
    "map_at_300": 0.17593,
    "map_at_500": 0.17917,
    "map_at_1000": 0.18301,
    "recall_at_1": 0.05234,
    "recall_at_3": 0.09874,
    "recall_at_5": 0.12702,
    "recall_at_10": 0.17072,
    "recall_at_20": 0.20921,
    "recall_at_100": 0.33347,
    "recall_at_200": 0.41079,
    "recall_at_300": 0.46693,
    "recall_at_500": 0.54455,
    "recall_at_1000": 0.65868,
    "precision_at_1": 0.45201,
    "precision_at_3": 0.38184,
    "precision_at_5": 0.33808,
    "precision_at_10": 0.27461,
    "precision_at_20": 0.20789,
    "precision_at_100": 0.08839,
    "precision_at_200": 0.05847,
    "precision_at_300": 0.04557,
    "precision_at_500": 0.03355,
    "precision_at_1000": 0.02221,
    "mrr_at_1": 0.45201,
    "mrr_at_3": 0.52219,
    "mrr_at_5": 0.53271,
    "mrr_at_10": 0.53974,
    "mrr_at_20": 0.54321,
    "mrr_at_100": 0.54598,
    "mrr_at_200": 0.54636,
    "mrr_at_300": 0.54643,
    "mrr_at_500": 0.54649,
    "mrr_at_1000": 0.54651
}