{
    "ndcg_at_1": 0.25392,
    "ndcg_at_3": 0.30152,
    "ndcg_at_5": 0.32173,
    "ndcg_at_10": 0.34411,
    "ndcg_at_20": 0.36031,
    "ndcg_at_100": 0.39108,
    "ndcg_at_200": 0.39965,
    "ndcg_at_300": 0.40438,
    "ndcg_at_500": 0.41091,
    "ndcg_at_1000": 0.41612,
    "map_at_1": 0.21771,
    "map_at_3": 0.27526,
    "map_at_5": 0.28795,
    "map_at_10": 0.2983,
    "map_at_20": 0.30339,
    "map_at_100": 0.30815,
    "map_at_200": 0.30868,
    "map_at_300": 0.30887,
    "map_at_500": 0.30904,
    "map_at_1000": 0.30913,
    "recall_at_1": 0.21771,
    "recall_at_3": 0.3365,
    "recall_at_5": 0.38592,
    "recall_at_10": 0.45229,
    "recall_at_20": 0.51282,
    "recall_at_100": 0.66726,
    "recall_at_200": 0.72273,
    "recall_at_300": 0.75711,
    "recall_at_500": 0.80836,
    "recall_at_1000": 0.85323,
    "precision_at_1": 0.25392,
    "precision_at_3": 0.13626,
    "precision_at_5": 0.09567,
    "precision_at_10": 0.05737,
    "precision_at_20": 0.03332,
    "precision_at_100": 0.00893,
    "precision_at_200": 0.0049,
    "precision_at_300": 0.00344,
    "precision_at_500": 0.00222,
    "precision_at_1000": 0.00118,
    "mrr_at_1": 0.25392,
    "mrr_at_3": 0.30711,
    "mrr_at_5": 0.31977,
    "mrr_at_10": 0.32875,
    "mrr_at_20": 0.33297,
    "mrr_at_100": 0.33659,
    "mrr_at_200": 0.33697,
    "mrr_at_300": 0.3371,
    "mrr_at_500": 0.33723,
    "mrr_at_1000": 0.33729
}