{
    "ndcg_at_1": 0.15414,
    "ndcg_at_3": 0.17173,
    "ndcg_at_5": 0.18264,
    "ndcg_at_10": 0.19397,
    "ndcg_at_20": 0.20611,
    "ndcg_at_100": 0.22902,
    "ndcg_at_200": 0.23789,
    "ndcg_at_300": 0.24355,
    "ndcg_at_500": 0.25073,
    "ndcg_at_1000": 0.2599,
    "map_at_1": 0.12386,
    "map_at_3": 0.15071,
    "map_at_5": 0.15847,
    "map_at_10": 0.16428,
    "map_at_20": 0.16813,
    "map_at_100": 0.17154,
    "map_at_200": 0.17207,
    "map_at_300": 0.17228,
    "map_at_500": 0.17248,
    "map_at_1000": 0.17264,
    "recall_at_1": 0.12386,
    "recall_at_3": 0.18337,
    "recall_at_5": 0.21202,
    "recall_at_10": 0.24725,
    "recall_at_20": 0.29347,
    "recall_at_100": 0.40668,
    "recall_at_200": 0.46173,
    "recall_at_300": 0.50127,
    "recall_at_500": 0.55545,
    "recall_at_1000": 0.63068,
    "precision_at_1": 0.15414,
    "precision_at_3": 0.08195,
    "precision_at_5": 0.05962,
    "precision_at_10": 0.03631,
    "precision_at_20": 0.02229,
    "precision_at_100": 0.0068,
    "precision_at_200": 0.00398,
    "precision_at_300": 0.00292,
    "precision_at_500": 0.00199,
    "precision_at_1000": 0.00116,
    "mrr_at_1": 0.15414,
    "mrr_at_3": 0.18461,
    "mrr_at_5": 0.19212,
    "mrr_at_10": 0.19756,
    "mrr_at_20": 0.2011,
    "mrr_at_100": 0.20423,
    "mrr_at_200": 0.20466,
    "mrr_at_300": 0.20483,
    "mrr_at_500": 0.20497,
    "mrr_at_1000": 0.20507
}