{
    "ndcg_at_1": 0.25,
    "ndcg_at_3": 0.29024,
    "ndcg_at_5": 0.30708,
    "ndcg_at_10": 0.32781,
    "ndcg_at_20": 0.35201,
    "ndcg_at_100": 0.38134,
    "ndcg_at_200": 0.39041,
    "ndcg_at_300": 0.3952,
    "ndcg_at_500": 0.40046,
    "ndcg_at_1000": 0.40647,
    "map_at_1": 0.21646,
    "map_at_3": 0.26564,
    "map_at_5": 0.27668,
    "map_at_10": 0.28658,
    "map_at_20": 0.29387,
    "map_at_100": 0.2983,
    "map_at_200": 0.29886,
    "map_at_300": 0.29904,
    "map_at_500": 0.29918,
    "map_at_1000": 0.29929,
    "recall_at_1": 0.21646,
    "recall_at_3": 0.31781,
    "recall_at_5": 0.36066,
    "recall_at_10": 0.42334,
    "recall_at_20": 0.51429,
    "recall_at_100": 0.66104,
    "recall_at_200": 0.72122,
    "recall_at_300": 0.75542,
    "recall_at_500": 0.7967,
    "recall_at_1000": 0.84885,
    "precision_at_1": 0.25,
    "precision_at_3": 0.12986,
    "precision_at_5": 0.08957,
    "precision_at_10": 0.05307,
    "precision_at_20": 0.03221,
    "precision_at_100": 0.0086,
    "precision_at_200": 0.00475,
    "precision_at_300": 0.00335,
    "precision_at_500": 0.00214,
    "precision_at_1000": 0.00115,
    "mrr_at_1": 0.25,
    "mrr_at_3": 0.29806,
    "mrr_at_5": 0.30795,
    "mrr_at_10": 0.3169,
    "mrr_at_20": 0.32363,
    "mrr_at_100": 0.32724,
    "mrr_at_200": 0.32765,
    "mrr_at_300": 0.32778,
    "mrr_at_500": 0.32787,
    "mrr_at_1000": 0.32794
}