{
    "ndcg_at_1": 0.32308,
    "ndcg_at_3": 0.27314,
    "ndcg_at_5": 0.25061,
    "ndcg_at_10": 0.20701,
    "ndcg_at_20": 0.24874,
    "ndcg_at_100": 0.32436,
    "ndcg_at_200": 0.34647,
    "ndcg_at_300": 0.35545,
    "ndcg_at_500": 0.36724,
    "ndcg_at_1000": 0.3798,
    "map_at_1": 0.03231,
    "map_at_3": 0.06641,
    "map_at_5": 0.08618,
    "map_at_10": 0.11516,
    "map_at_20": 0.13346,
    "map_at_100": 0.15387,
    "map_at_200": 0.15659,
    "map_at_300": 0.15739,
    "map_at_500": 0.15808,
    "map_at_1000": 0.15855,
    "recall_at_1": 0.03231,
    "recall_at_3": 0.07846,
    "recall_at_5": 0.11692,
    "recall_at_10": 0.17846,
    "recall_at_20": 0.25385,
    "recall_at_100": 0.44462,
    "recall_at_200": 0.51692,
    "recall_at_300": 0.54923,
    "recall_at_500": 0.59538,
    "recall_at_1000": 0.64923,
    "precision_at_1": 0.32308,
    "precision_at_3": 0.26154,
    "precision_at_5": 0.23385,
    "precision_at_10": 0.17846,
    "precision_at_20": 0.12692,
    "precision_at_100": 0.04446,
    "precision_at_200": 0.02585,
    "precision_at_300": 0.01831,
    "precision_at_500": 0.01191,
    "precision_at_1000": 0.00649,
    "mrr_at_1": 0.32308,
    "mrr_at_3": 0.38718,
    "mrr_at_5": 0.41179,
    "mrr_at_10": 0.42504,
    "mrr_at_20": 0.43446,
    "mrr_at_100": 0.43782,
    "mrr_at_200": 0.43795,
    "mrr_at_300": 0.43795,
    "mrr_at_500": 0.43795,
    "mrr_at_1000": 0.43795,
    "rc_at_1": {
        "relevant": 0.32308,
        "distractor": 0.6
    },
    "rc_at_3": {
        "relevant": 0.78462,
        "distractor": 1.93846
    },
    "rc_at_5": {
        "relevant": 1.16923,
        "distractor": 3.16923
    },
    "rc_at_10": {
        "relevant": 1.78462,
        "distractor": 6.32308
    },
    "rc_at_20": {
        "relevant": 2.53846,
        "distractor": 12.41538
    },
    "rc_at_100": {
        "relevant": 4.44615,
        "distractor": 36.96923
    },
    "rc_at_200": {
        "relevant": 5.16923,
        "distractor": 47.47692
    },
    "rc_at_300": {
        "relevant": 5.49231,
        "distractor": 52.69231
    },
    "rc_at_500": {
        "relevant": 5.95385,
        "distractor": 58.76923
    },
    "rc_at_1000": {
        "relevant": 6.49231,
        "distractor": 65.61538
    }
}