{
    "ndcg_at_1": 0.10721,
    "ndcg_at_3": 0.14519,
    "ndcg_at_5": 0.16874,
    "ndcg_at_10": 0.19258,
    "ndcg_at_20": 0.21587,
    "ndcg_at_100": 0.25428,
    "ndcg_at_200": 0.26084,
    "ndcg_at_300": 0.2689,
    "ndcg_at_500": 0.27624,
    "ndcg_at_1000": 0.28576,
    "map_at_1": 0.10043,
    "map_at_3": 0.13208,
    "map_at_5": 0.14496,
    "map_at_10": 0.1549,
    "map_at_20": 0.16166,
    "map_at_100": 0.16698,
    "map_at_200": 0.16741,
    "map_at_300": 0.16769,
    "map_at_500": 0.16787,
    "map_at_1000": 0.16803,
    "recall_at_1": 0.10043,
    "recall_at_3": 0.17264,
    "recall_at_5": 0.22782,
    "recall_at_10": 0.30034,
    "recall_at_20": 0.38703,
    "recall_at_100": 0.58901,
    "recall_at_200": 0.63021,
    "recall_at_300": 0.69043,
    "recall_at_500": 0.75035,
    "recall_at_1000": 0.83269,
    "precision_at_1": 0.10721,
    "precision_at_3": 0.06346,
    "precision_at_5": 0.05139,
    "precision_at_10": 0.03438,
    "precision_at_20": 0.02283,
    "precision_at_100": 0.0071,
    "precision_at_200": 0.00394,
    "precision_at_300": 0.00291,
    "precision_at_500": 0.00192,
    "precision_at_1000": 0.0011,
    "mrr_at_1": 0.10721,
    "mrr_at_3": 0.1411,
    "mrr_at_5": 0.15607,
    "mrr_at_10": 0.16565,
    "mrr_at_20": 0.17208,
    "mrr_at_100": 0.17725,
    "mrr_at_200": 0.17751,
    "mrr_at_300": 0.17776,
    "mrr_at_500": 0.17791,
    "mrr_at_1000": 0.17802
}