{
    "ndcg_at_1": 0.53,
    "ndcg_at_3": 0.59467,
    "ndcg_at_5": 0.62099,
    "ndcg_at_10": 0.64519,
    "ndcg_at_20": 0.66031,
    "ndcg_at_100": 0.67352,
    "ndcg_at_200": 0.67873,
    "ndcg_at_300": 0.68043,
    "ndcg_at_500": 0.6822,
    "ndcg_at_1000": 0.68384,
    "map_at_1": 0.49828,
    "map_at_3": 0.56806,
    "map_at_5": 0.58648,
    "map_at_10": 0.59832,
    "map_at_20": 0.60292,
    "map_at_100": 0.60483,
    "map_at_200": 0.60511,
    "map_at_300": 0.60517,
    "map_at_500": 0.60521,
    "map_at_1000": 0.60524,
    "recall_at_1": 0.49828,
    "recall_at_3": 0.63861,
    "recall_at_5": 0.7055,
    "recall_at_10": 0.77544,
    "recall_at_20": 0.83267,
    "recall_at_100": 0.90333,
    "recall_at_200": 0.94,
    "recall_at_300": 0.95333,
    "recall_at_500": 0.96833,
    "recall_at_1000": 0.98333,
    "precision_at_1": 0.53,
    "precision_at_3": 0.23556,
    "precision_at_5": 0.15867,
    "precision_at_10": 0.089,
    "precision_at_20": 0.04783,
    "precision_at_100": 0.0103,
    "precision_at_200": 0.00533,
    "precision_at_300": 0.0036,
    "precision_at_500": 0.00219,
    "precision_at_1000": 0.00111,
    "mrr_at_1": 0.53,
    "mrr_at_3": 0.58833,
    "mrr_at_5": 0.6025,
    "mrr_at_10": 0.61098,
    "mrr_at_20": 0.61483,
    "mrr_at_100": 0.61665,
    "mrr_at_200": 0.61693,
    "mrr_at_300": 0.61699,
    "mrr_at_500": 0.61702,
    "mrr_at_1000": 0.61704
}