{
    "ndcg_at_1": 0.32308,
    "ndcg_at_3": 0.2777,
    "ndcg_at_5": 0.27569,
    "ndcg_at_10": 0.22955,
    "ndcg_at_20": 0.28469,
    "ndcg_at_100": 0.43528,
    "ndcg_at_200": 0.47635,
    "ndcg_at_300": 0.48832,
    "ndcg_at_500": 0.49579,
    "ndcg_at_1000": 0.50359,
    "map_at_1": 0.03231,
    "map_at_3": 0.06615,
    "map_at_5": 0.09623,
    "map_at_10": 0.12948,
    "map_at_20": 0.15427,
    "map_at_100": 0.19705,
    "map_at_200": 0.20483,
    "map_at_300": 0.20622,
    "map_at_500": 0.20677,
    "map_at_1000": 0.20712,
    "recall_at_1": 0.03231,
    "recall_at_3": 0.08,
    "recall_at_5": 0.13385,
    "recall_at_10": 0.20462,
    "recall_at_20": 0.30462,
    "recall_at_100": 0.69385,
    "recall_at_200": 0.82615,
    "recall_at_300": 0.86923,
    "recall_at_500": 0.89846,
    "recall_at_1000": 0.93231,
    "precision_at_1": 0.32308,
    "precision_at_3": 0.26667,
    "precision_at_5": 0.26769,
    "precision_at_10": 0.20462,
    "precision_at_20": 0.15231,
    "precision_at_100": 0.06938,
    "precision_at_200": 0.04131,
    "precision_at_300": 0.02897,
    "precision_at_500": 0.01797,
    "precision_at_1000": 0.00932,
    "mrr_at_1": 0.32308,
    "mrr_at_3": 0.4,
    "mrr_at_5": 0.42462,
    "mrr_at_10": 0.44015,
    "mrr_at_20": 0.45216,
    "mrr_at_100": 0.45509,
    "mrr_at_200": 0.45524,
    "mrr_at_300": 0.45524,
    "mrr_at_500": 0.45524,
    "mrr_at_1000": 0.45524,
    "rc_at_1": {
        "relevant": 0.32308,
        "distractor": 0.67692
    },
    "rc_at_3": {
        "relevant": 0.8,
        "distractor": 2.18462
    },
    "rc_at_5": {
        "relevant": 1.33846,
        "distractor": 3.6
    },
    "rc_at_10": {
        "relevant": 2.04615,
        "distractor": 7.67692
    },
    "rc_at_20": {
        "relevant": 3.04615,
        "distractor": 16.30769
    },
    "rc_at_100": {
        "relevant": 6.93846,
        "distractor": 71.64615
    },
    "rc_at_200": {
        "relevant": 8.26154,
        "distractor": 85.16923
    },
    "rc_at_300": {
        "relevant": 8.69231,
        "distractor": 88.67692
    },
    "rc_at_500": {
        "relevant": 8.98462,
        "distractor": 91.43077
    },
    "rc_at_1000": {
        "relevant": 9.32308,
        "distractor": 94.04615
    }
}