{
    "ndcg_at_1": 0.32308,
    "ndcg_at_3": 0.28131,
    "ndcg_at_5": 0.2783,
    "ndcg_at_10": 0.23017,
    "ndcg_at_20": 0.288,
    "ndcg_at_100": 0.46423,
    "ndcg_at_200": 0.5162,
    "ndcg_at_300": 0.5226,
    "ndcg_at_500": 0.52574,
    "ndcg_at_1000": 0.52897,
    "map_at_1": 0.03231,
    "map_at_3": 0.06718,
    "map_at_5": 0.09795,
    "map_at_10": 0.13052,
    "map_at_20": 0.15703,
    "map_at_100": 0.20732,
    "map_at_200": 0.21804,
    "map_at_300": 0.21885,
    "map_at_500": 0.21913,
    "map_at_1000": 0.2193,
    "recall_at_1": 0.03231,
    "recall_at_3": 0.08154,
    "recall_at_5": 0.13538,
    "recall_at_10": 0.20462,
    "recall_at_20": 0.30923,
    "recall_at_100": 0.76923,
    "recall_at_200": 0.93385,
    "recall_at_300": 0.95692,
    "recall_at_500": 0.96923,
    "recall_at_1000": 0.98308,
    "precision_at_1": 0.32308,
    "precision_at_3": 0.27179,
    "precision_at_5": 0.27077,
    "precision_at_10": 0.20462,
    "precision_at_20": 0.15462,
    "precision_at_100": 0.07692,
    "precision_at_200": 0.04669,
    "precision_at_300": 0.0319,
    "precision_at_500": 0.01938,
    "precision_at_1000": 0.00983,
    "mrr_at_1": 0.32308,
    "mrr_at_3": 0.4,
    "mrr_at_5": 0.42462,
    "mrr_at_10": 0.44015,
    "mrr_at_20": 0.45237,
    "mrr_at_100": 0.45556,
    "mrr_at_200": 0.45556,
    "mrr_at_300": 0.45556,
    "mrr_at_500": 0.45556,
    "mrr_at_1000": 0.45556,
    "rc_at_1": {
        "relevant": 0.32308,
        "distractor": 0.67692
    },
    "rc_at_3": {
        "relevant": 0.81538,
        "distractor": 2.18462
    },
    "rc_at_5": {
        "relevant": 1.35385,
        "distractor": 3.61538
    },
    "rc_at_10": {
        "relevant": 2.04615,
        "distractor": 7.83077
    },
    "rc_at_20": {
        "relevant": 3.09231,
        "distractor": 16.67692
    },
    "rc_at_100": {
        "relevant": 7.69231,
        "distractor": 82.72308
    },
    "rc_at_200": {
        "relevant": 9.33846,
        "distractor": 94.12308
    },
    "rc_at_300": {
        "relevant": 9.56923,
        "distractor": 95.55385
    },
    "rc_at_500": {
        "relevant": 9.69231,
        "distractor": 96.93846
    },
    "rc_at_1000": {
        "relevant": 9.83077,
        "distractor": 97.78462
    }
}