{
    "ndcg_at_1": 0.32308,
    "ndcg_at_3": 0.26953,
    "ndcg_at_5": 0.26553,
    "ndcg_at_10": 0.21858,
    "ndcg_at_20": 0.27387,
    "ndcg_at_100": 0.38216,
    "ndcg_at_200": 0.41543,
    "ndcg_at_300": 0.42704,
    "ndcg_at_500": 0.43723,
    "ndcg_at_1000": 0.45237,
    "map_at_1": 0.03231,
    "map_at_3": 0.06487,
    "map_at_5": 0.09287,
    "map_at_10": 0.12186,
    "map_at_20": 0.14677,
    "map_at_100": 0.17686,
    "map_at_200": 0.18204,
    "map_at_300": 0.18329,
    "map_at_500": 0.18411,
    "map_at_1000": 0.18487,
    "recall_at_1": 0.03231,
    "recall_at_3": 0.07692,
    "recall_at_5": 0.12769,
    "recall_at_10": 0.19231,
    "recall_at_20": 0.29231,
    "recall_at_100": 0.56769,
    "recall_at_200": 0.67538,
    "recall_at_300": 0.71692,
    "recall_at_500": 0.75692,
    "recall_at_1000": 0.82154,
    "precision_at_1": 0.32308,
    "precision_at_3": 0.25641,
    "precision_at_5": 0.25538,
    "precision_at_10": 0.19231,
    "precision_at_20": 0.14615,
    "precision_at_100": 0.05677,
    "precision_at_200": 0.03377,
    "precision_at_300": 0.0239,
    "precision_at_500": 0.01514,
    "precision_at_1000": 0.00822,
    "mrr_at_1": 0.32308,
    "mrr_at_3": 0.38718,
    "mrr_at_5": 0.41564,
    "mrr_at_10": 0.43337,
    "mrr_at_20": 0.44359,
    "mrr_at_100": 0.44706,
    "mrr_at_200": 0.44706,
    "mrr_at_300": 0.44706,
    "mrr_at_500": 0.44709,
    "mrr_at_1000": 0.44709,
    "rc_at_1": {
        "relevant": 0.32308,
        "distractor": 0.64615
    },
    "rc_at_3": {
        "relevant": 0.76923,
        "distractor": 2.15385
    },
    "rc_at_5": {
        "relevant": 1.27692,
        "distractor": 3.49231
    },
    "rc_at_10": {
        "relevant": 1.92308,
        "distractor": 7.38462
    },
    "rc_at_20": {
        "relevant": 2.92308,
        "distractor": 14.98462
    },
    "rc_at_100": {
        "relevant": 5.67692,
        "distractor": 56.09231
    },
    "rc_at_200": {
        "relevant": 6.75385,
        "distractor": 68.06154
    },
    "rc_at_300": {
        "relevant": 7.16923,
        "distractor": 72.89231
    },
    "rc_at_500": {
        "relevant": 7.56923,
        "distractor": 78.63077
    },
    "rc_at_1000": {
        "relevant": 8.21538,
        "distractor": 84.43077
    }
}