{
    "ndcg_at_1": 0.33591,
    "ndcg_at_3": 0.30287,
    "ndcg_at_5": 0.28641,
    "ndcg_at_10": 0.25758,
    "ndcg_at_20": 0.24048,
    "ndcg_at_100": 0.24023,
    "ndcg_at_200": 0.25752,
    "ndcg_at_300": 0.26944,
    "ndcg_at_500": 0.29026,
    "ndcg_at_1000": 0.32927,
    "map_at_1": 0.04089,
    "map_at_3": 0.06676,
    "map_at_5": 0.07686,
    "map_at_10": 0.08889,
    "map_at_20": 0.09872,
    "map_at_100": 0.11117,
    "map_at_200": 0.11483,
    "map_at_300": 0.11653,
    "map_at_500": 0.11879,
    "map_at_1000": 0.12193,
    "recall_at_1": 0.04089,
    "recall_at_3": 0.07826,
    "recall_at_5": 0.09341,
    "recall_at_10": 0.12086,
    "recall_at_20": 0.1573,
    "recall_at_100": 0.26121,
    "recall_at_200": 0.32132,
    "recall_at_300": 0.36428,
    "recall_at_500": 0.4354,
    "recall_at_1000": 0.5736,
    "precision_at_1": 0.34985,
    "precision_at_3": 0.28586,
    "precision_at_5": 0.24954,
    "precision_at_10": 0.18947,
    "precision_at_20": 0.13978,
    "precision_at_100": 0.05873,
    "precision_at_200": 0.04077,
    "precision_at_300": 0.03252,
    "precision_at_500": 0.02504,
    "precision_at_1000": 0.0181,
    "mrr_at_1": 0.34985,
    "mrr_at_3": 0.4128,
    "mrr_at_5": 0.42503,
    "mrr_at_10": 0.43661,
    "mrr_at_20": 0.44081,
    "mrr_at_100": 0.44396,
    "mrr_at_200": 0.44429,
    "mrr_at_300": 0.44439,
    "mrr_at_500": 0.44443,
    "mrr_at_1000": 0.44448
}