{
    "ndcg_at_1": 0.37134,
    "ndcg_at_3": 0.42299,
    "ndcg_at_5": 0.44619,
    "ndcg_at_10": 0.47281,
    "ndcg_at_20": 0.4913,
    "ndcg_at_100": 0.51851,
    "ndcg_at_200": 0.52719,
    "ndcg_at_300": 0.532,
    "ndcg_at_500": 0.53507,
    "ndcg_at_1000": 0.53946,
    "map_at_1": 0.29326,
    "map_at_3": 0.37352,
    "map_at_5": 0.39281,
    "map_at_10": 0.40844,
    "map_at_20": 0.41622,
    "map_at_100": 0.42278,
    "map_at_200": 0.42357,
    "map_at_300": 0.42386,
    "map_at_500": 0.42402,
    "map_at_1000": 0.42415,
    "recall_at_1": 0.29326,
    "recall_at_3": 0.44614,
    "recall_at_5": 0.51051,
    "recall_at_10": 0.59031,
    "recall_at_20": 0.6583,
    "recall_at_100": 0.78164,
    "recall_at_200": 0.83191,
    "recall_at_300": 0.86318,
    "recall_at_500": 0.88185,
    "recall_at_1000": 0.9136,
    "precision_at_1": 0.37134,
    "precision_at_3": 0.20849,
    "precision_at_5": 0.15057,
    "precision_at_10": 0.09401,
    "precision_at_20": 0.0557,
    "precision_at_100": 0.01522,
    "precision_at_200": 0.00842,
    "precision_at_300": 0.00593,
    "precision_at_500": 0.00374,
    "precision_at_1000": 0.002,
    "mrr_at_1": 0.37134,
    "mrr_at_3": 0.44214,
    "mrr_at_5": 0.45749,
    "mrr_at_10": 0.46783,
    "mrr_at_20": 0.47175,
    "mrr_at_100": 0.47424,
    "mrr_at_200": 0.47458,
    "mrr_at_300": 0.47469,
    "mrr_at_500": 0.47472,
    "mrr_at_1000": 0.47476
}