{
    "ndcg_at_1": 0.09797,
    "ndcg_at_3": 0.14188,
    "ndcg_at_5": 0.16378,
    "ndcg_at_10": 0.18943,
    "ndcg_at_20": 0.21012,
    "ndcg_at_100": 0.248,
    "ndcg_at_200": 0.25612,
    "ndcg_at_300": 0.26302,
    "ndcg_at_500": 0.26992,
    "ndcg_at_1000": 0.27935,
    "map_at_1": 0.08971,
    "map_at_3": 0.12657,
    "map_at_5": 0.13823,
    "map_at_10": 0.14885,
    "map_at_20": 0.15466,
    "map_at_100": 0.16009,
    "map_at_200": 0.16058,
    "map_at_300": 0.16082,
    "map_at_500": 0.16098,
    "map_at_1000": 0.16114,
    "recall_at_1": 0.08971,
    "recall_at_3": 0.17542,
    "recall_at_5": 0.22813,
    "recall_at_10": 0.30558,
    "recall_at_20": 0.38404,
    "recall_at_100": 0.58128,
    "recall_at_200": 0.63469,
    "recall_at_300": 0.68624,
    "recall_at_500": 0.74315,
    "recall_at_1000": 0.82459,
    "precision_at_1": 0.09797,
    "precision_at_3": 0.06408,
    "precision_at_5": 0.05102,
    "precision_at_10": 0.03512,
    "precision_at_20": 0.02264,
    "precision_at_100": 0.00704,
    "precision_at_200": 0.00395,
    "precision_at_300": 0.00288,
    "precision_at_500": 0.00189,
    "precision_at_1000": 0.00108,
    "mrr_at_1": 0.09797,
    "mrr_at_3": 0.13617,
    "mrr_at_5": 0.15022,
    "mrr_at_10": 0.16062,
    "mrr_at_20": 0.16623,
    "mrr_at_100": 0.17119,
    "mrr_at_200": 0.17154,
    "mrr_at_300": 0.17177,
    "mrr_at_500": 0.17192,
    "mrr_at_1000": 0.17203
}