{
    "ndcg_at_1": 0.16438,
    "ndcg_at_3": 0.20369,
    "ndcg_at_5": 0.22523,
    "ndcg_at_10": 0.25501,
    "ndcg_at_20": 0.27576,
    "ndcg_at_100": 0.31543,
    "ndcg_at_200": 0.32954,
    "ndcg_at_300": 0.33614,
    "ndcg_at_500": 0.34321,
    "ndcg_at_1000": 0.35038,
    "map_at_1": 0.1274,
    "map_at_3": 0.17517,
    "map_at_5": 0.18926,
    "map_at_10": 0.20263,
    "map_at_20": 0.20907,
    "map_at_100": 0.21522,
    "map_at_200": 0.2161,
    "map_at_300": 0.21638,
    "map_at_500": 0.2166,
    "map_at_1000": 0.21675,
    "recall_at_1": 0.1274,
    "recall_at_3": 0.23206,
    "recall_at_5": 0.2861,
    "recall_at_10": 0.37553,
    "recall_at_20": 0.45106,
    "recall_at_100": 0.64183,
    "recall_at_200": 0.7287,
    "recall_at_300": 0.77336,
    "recall_at_500": 0.82634,
    "recall_at_1000": 0.88247,
    "precision_at_1": 0.16438,
    "precision_at_3": 0.10084,
    "precision_at_5": 0.07694,
    "precision_at_10": 0.05137,
    "precision_at_20": 0.03191,
    "precision_at_100": 0.00978,
    "precision_at_200": 0.00579,
    "precision_at_300": 0.00419,
    "precision_at_500": 0.00273,
    "precision_at_1000": 0.00151,
    "mrr_at_1": 0.16438,
    "mrr_at_3": 0.21823,
    "mrr_at_5": 0.23193,
    "mrr_at_10": 0.24447,
    "mrr_at_20": 0.24942,
    "mrr_at_100": 0.25436,
    "mrr_at_200": 0.25495,
    "mrr_at_300": 0.2551,
    "mrr_at_500": 0.25522,
    "mrr_at_1000": 0.25528
}