{
    "ndcg_at_1": 0.21602,
    "ndcg_at_3": 0.27232,
    "ndcg_at_5": 0.28795,
    "ndcg_at_10": 0.31962,
    "ndcg_at_20": 0.34148,
    "ndcg_at_100": 0.38198,
    "ndcg_at_200": 0.39358,
    "ndcg_at_300": 0.40078,
    "ndcg_at_500": 0.40631,
    "ndcg_at_1000": 0.41232,
    "map_at_1": 0.17563,
    "map_at_3": 0.23328,
    "map_at_5": 0.24499,
    "map_at_10": 0.26102,
    "map_at_20": 0.26802,
    "map_at_100": 0.27493,
    "map_at_200": 0.27575,
    "map_at_300": 0.27609,
    "map_at_500": 0.27628,
    "map_at_1000": 0.27642,
    "recall_at_1": 0.17563,
    "recall_at_3": 0.30433,
    "recall_at_5": 0.34991,
    "recall_at_10": 0.44468,
    "recall_at_20": 0.52344,
    "recall_at_100": 0.71606,
    "recall_at_200": 0.78718,
    "recall_at_300": 0.83587,
    "recall_at_500": 0.87413,
    "recall_at_1000": 0.91858,
    "precision_at_1": 0.21602,
    "precision_at_3": 0.13591,
    "precision_at_5": 0.09728,
    "precision_at_10": 0.06509,
    "precision_at_20": 0.03991,
    "precision_at_100": 0.0119,
    "precision_at_200": 0.00676,
    "precision_at_300": 0.00488,
    "precision_at_500": 0.00317,
    "precision_at_1000": 0.00175,
    "mrr_at_1": 0.21602,
    "mrr_at_3": 0.28398,
    "mrr_at_5": 0.29721,
    "mrr_at_10": 0.30963,
    "mrr_at_20": 0.31601,
    "mrr_at_100": 0.32039,
    "mrr_at_200": 0.32082,
    "mrr_at_300": 0.32099,
    "mrr_at_500": 0.32105,
    "mrr_at_1000": 0.3211
}