{
    "ndcg_at_1": 0.75,
    "ndcg_at_3": 0.71805,
    "ndcg_at_5": 0.7072,
    "ndcg_at_10": 0.67945,
    "ndcg_at_20": 0.64532,
    "ndcg_at_100": 0.51718,
    "ndcg_at_200": 0.44922,
    "ndcg_at_300": 0.42173,
    "ndcg_at_500": 0.4183,
    "ndcg_at_1000": 0.47433,
    "map_at_1": 0.00213,
    "map_at_3": 0.00581,
    "map_at_5": 0.00926,
    "map_at_10": 0.0164,
    "map_at_20": 0.02873,
    "map_at_100": 0.09569,
    "map_at_200": 0.14069,
    "map_at_300": 0.16587,
    "map_at_500": 0.19457,
    "map_at_1000": 0.22611,
    "recall_at_1": 0.00213,
    "recall_at_3": 0.00625,
    "recall_at_5": 0.01029,
    "recall_at_10": 0.01894,
    "recall_at_20": 0.03468,
    "recall_at_100": 0.13274,
    "recall_at_200": 0.21133,
    "recall_at_300": 0.26597,
    "recall_at_500": 0.34051,
    "recall_at_1000": 0.45152,
    "precision_at_1": 0.82,
    "precision_at_3": 0.76667,
    "precision_at_5": 0.752,
    "precision_at_10": 0.724,
    "precision_at_20": 0.682,
    "precision_at_100": 0.532,
    "precision_at_200": 0.4401,
    "precision_at_300": 0.37853,
    "precision_at_500": 0.2986,
    "precision_at_1000": 0.20508,
    "mrr_at_1": 0.82,
    "mrr_at_3": 0.88,
    "mrr_at_5": 0.889,
    "mrr_at_10": 0.889,
    "mrr_at_20": 0.889,
    "mrr_at_100": 0.889,
    "mrr_at_200": 0.889,
    "mrr_at_300": 0.889,
    "mrr_at_500": 0.889,
    "mrr_at_1000": 0.889
}