{
    "ndcg_at_1": 0.42508,
    "ndcg_at_3": 0.49396,
    "ndcg_at_5": 0.52104,
    "ndcg_at_10": 0.547,
    "ndcg_at_20": 0.56579,
    "ndcg_at_100": 0.5899,
    "ndcg_at_200": 0.59581,
    "ndcg_at_300": 0.59802,
    "ndcg_at_500": 0.59998,
    "ndcg_at_1000": 0.60239,
    "map_at_1": 0.3698,
    "map_at_3": 0.45727,
    "map_at_5": 0.47639,
    "map_at_10": 0.4895,
    "map_at_20": 0.49587,
    "map_at_100": 0.49991,
    "map_at_200": 0.50033,
    "map_at_300": 0.50043,
    "map_at_500": 0.50049,
    "map_at_1000": 0.50053,
    "recall_at_1": 0.3698,
    "recall_at_3": 0.54103,
    "recall_at_5": 0.60738,
    "recall_at_10": 0.68325,
    "recall_at_20": 0.75266,
    "recall_at_100": 0.87031,
    "recall_at_200": 0.90693,
    "recall_at_300": 0.92237,
    "recall_at_500": 0.93759,
    "recall_at_1000": 0.95857,
    "precision_at_1": 0.42508,
    "precision_at_3": 0.22111,
    "precision_at_5": 0.15223,
    "precision_at_10": 0.08809,
    "precision_at_20": 0.04947,
    "precision_at_100": 0.01188,
    "precision_at_200": 0.00629,
    "precision_at_300": 0.00429,
    "precision_at_500": 0.00262,
    "precision_at_1000": 0.00134,
    "mrr_at_1": 0.42508,
    "mrr_at_3": 0.50073,
    "mrr_at_5": 0.51446,
    "mrr_at_10": 0.52431,
    "mrr_at_20": 0.52905,
    "mrr_at_100": 0.53163,
    "mrr_at_200": 0.53183,
    "mrr_at_300": 0.53186,
    "mrr_at_500": 0.5319,
    "mrr_at_1000": 0.53192
}