{
    "ndcg_at_1": 0.18462,
    "ndcg_at_3": 0.15918,
    "ndcg_at_5": 0.1577,
    "ndcg_at_10": 0.14594,
    "ndcg_at_20": 0.20098,
    "ndcg_at_100": 0.32327,
    "ndcg_at_200": 0.36076,
    "ndcg_at_300": 0.37224,
    "ndcg_at_500": 0.38764,
    "ndcg_at_1000": 0.40553,
    "map_at_1": 0.01846,
    "map_at_3": 0.03513,
    "map_at_5": 0.04705,
    "map_at_10": 0.06466,
    "map_at_20": 0.08338,
    "map_at_100": 0.11677,
    "map_at_200": 0.12299,
    "map_at_300": 0.12415,
    "map_at_500": 0.12523,
    "map_at_1000": 0.12608,
    "recall_at_1": 0.01846,
    "recall_at_3": 0.04615,
    "recall_at_5": 0.07692,
    "recall_at_10": 0.13692,
    "recall_at_20": 0.23538,
    "recall_at_100": 0.54308,
    "recall_at_200": 0.66308,
    "recall_at_300": 0.70462,
    "recall_at_500": 0.76462,
    "recall_at_1000": 0.84154,
    "precision_at_1": 0.18462,
    "precision_at_3": 0.15385,
    "precision_at_5": 0.15385,
    "precision_at_10": 0.13692,
    "precision_at_20": 0.11769,
    "precision_at_100": 0.05431,
    "precision_at_200": 0.03315,
    "precision_at_300": 0.02349,
    "precision_at_500": 0.01529,
    "precision_at_1000": 0.00842,
    "mrr_at_1": 0.18462,
    "mrr_at_3": 0.24872,
    "mrr_at_5": 0.28718,
    "mrr_at_10": 0.31454,
    "mrr_at_20": 0.32869,
    "mrr_at_100": 0.33182,
    "mrr_at_200": 0.33182,
    "mrr_at_300": 0.33189,
    "mrr_at_500": 0.33189,
    "mrr_at_1000": 0.33189,
    "rc_at_1": {
        "relevant": 0.18462,
        "distractor": 0.76923
    },
    "rc_at_3": {
        "relevant": 0.46154,
        "distractor": 2.29231
    },
    "rc_at_5": {
        "relevant": 0.76923,
        "distractor": 3.75385
    },
    "rc_at_10": {
        "relevant": 1.38462,
        "distractor": 7.38462
    },
    "rc_at_20": {
        "relevant": 2.35385,
        "distractor": 14.10769
    },
    "rc_at_100": {
        "relevant": 5.43077,
        "distractor": 49.30769
    },
    "rc_at_200": {
        "relevant": 6.63077,
        "distractor": 61.93846
    },
    "rc_at_300": {
        "relevant": 7.04615,
        "distractor": 66.95385
    },
    "rc_at_500": {
        "relevant": 7.64615,
        "distractor": 72.92308
    },
    "rc_at_1000": {
        "relevant": 8.41538,
        "distractor": 79.89231
    }
}