{
    "ndcg_at_1": 0.14787,
    "ndcg_at_3": 0.19641,
    "ndcg_at_5": 0.22275,
    "ndcg_at_10": 0.24941,
    "ndcg_at_20": 0.27144,
    "ndcg_at_100": 0.29757,
    "ndcg_at_200": 0.30389,
    "ndcg_at_300": 0.30941,
    "ndcg_at_500": 0.31688,
    "ndcg_at_1000": 0.3245,
    "map_at_1": 0.13715,
    "map_at_3": 0.17934,
    "map_at_5": 0.19388,
    "map_at_10": 0.20528,
    "map_at_20": 0.21171,
    "map_at_100": 0.21539,
    "map_at_200": 0.21575,
    "map_at_300": 0.21594,
    "map_at_500": 0.21614,
    "map_at_1000": 0.21629,
    "recall_at_1": 0.13715,
    "recall_at_3": 0.2301,
    "recall_at_5": 0.29245,
    "recall_at_10": 0.37261,
    "recall_at_20": 0.45502,
    "recall_at_100": 0.5901,
    "recall_at_200": 0.63121,
    "recall_at_300": 0.6724,
    "recall_at_500": 0.7316,
    "recall_at_1000": 0.79677,
    "precision_at_1": 0.14787,
    "precision_at_3": 0.08564,
    "precision_at_5": 0.06691,
    "precision_at_10": 0.04325,
    "precision_at_20": 0.0268,
    "precision_at_100": 0.00723,
    "precision_at_200": 0.00396,
    "precision_at_300": 0.00283,
    "precision_at_500": 0.00191,
    "precision_at_1000": 0.00107,
    "mrr_at_1": 0.14787,
    "mrr_at_3": 0.19316,
    "mrr_at_5": 0.20952,
    "mrr_at_10": 0.21985,
    "mrr_at_20": 0.22585,
    "mrr_at_100": 0.2292,
    "mrr_at_200": 0.22949,
    "mrr_at_300": 0.22966,
    "mrr_at_500": 0.22981,
    "mrr_at_1000": 0.22989
}