{
    "ndcg_at_1": 0.6372,
    "ndcg_at_3": 0.70242,
    "ndcg_at_5": 0.72586,
    "ndcg_at_10": 0.74896,
    "ndcg_at_20": 0.76274,
    "ndcg_at_100": 0.77554,
    "ndcg_at_200": 0.77769,
    "ndcg_at_300": 0.77838,
    "ndcg_at_500": 0.77906,
    "ndcg_at_1000": 0.77969,
    "map_at_1": 0.55325,
    "map_at_3": 0.66052,
    "map_at_5": 0.68067,
    "map_at_10": 0.69504,
    "map_at_20": 0.70108,
    "map_at_100": 0.70431,
    "map_at_200": 0.70455,
    "map_at_300": 0.7046,
    "map_at_500": 0.70464,
    "map_at_1000": 0.70466,
    "recall_at_1": 0.55325,
    "recall_at_3": 0.73877,
    "recall_at_5": 0.79991,
    "recall_at_10": 0.86645,
    "recall_at_20": 0.91352,
    "recall_at_100": 0.96894,
    "recall_at_200": 0.98047,
    "recall_at_300": 0.98462,
    "recall_at_500": 0.98903,
    "recall_at_1000": 0.99373,
    "precision_at_1": 0.6372,
    "precision_at_3": 0.31197,
    "precision_at_5": 0.21016,
    "precision_at_10": 0.11917,
    "precision_at_20": 0.06528,
    "precision_at_100": 0.01464,
    "precision_at_200": 0.00752,
    "precision_at_300": 0.00506,
    "precision_at_500": 0.00307,
    "precision_at_1000": 0.00155,
    "mrr_at_1": 0.6372,
    "mrr_at_3": 0.71122,
    "mrr_at_5": 0.72319,
    "mrr_at_10": 0.73034,
    "mrr_at_20": 0.73291,
    "mrr_at_100": 0.73395,
    "mrr_at_200": 0.734,
    "mrr_at_300": 0.73401,
    "mrr_at_500": 0.73402,
    "mrr_at_1000": 0.73402
}