{
    "ndcg_at_1": 0.44514,
    "ndcg_at_3": 0.51602,
    "ndcg_at_5": 0.54405,
    "ndcg_at_10": 0.57423,
    "ndcg_at_20": 0.59222,
    "ndcg_at_100": 0.61587,
    "ndcg_at_200": 0.62055,
    "ndcg_at_300": 0.6227,
    "ndcg_at_500": 0.62449,
    "ndcg_at_1000": 0.62607,
    "map_at_1": 0.39001,
    "map_at_3": 0.47939,
    "map_at_5": 0.49852,
    "map_at_10": 0.51343,
    "map_at_20": 0.51974,
    "map_at_100": 0.52412,
    "map_at_200": 0.52444,
    "map_at_300": 0.52454,
    "map_at_500": 0.5246,
    "map_at_1000": 0.52463,
    "recall_at_1": 0.39001,
    "recall_at_3": 0.56384,
    "recall_at_5": 0.63217,
    "recall_at_10": 0.72023,
    "recall_at_20": 0.78562,
    "recall_at_100": 0.89827,
    "recall_at_200": 0.92888,
    "recall_at_300": 0.94408,
    "recall_at_500": 0.95795,
    "recall_at_1000": 0.97129,
    "precision_at_1": 0.44514,
    "precision_at_3": 0.22947,
    "precision_at_5": 0.15862,
    "precision_at_10": 0.09292,
    "precision_at_20": 0.05201,
    "precision_at_100": 0.01241,
    "precision_at_200": 0.00645,
    "precision_at_300": 0.00439,
    "precision_at_500": 0.00268,
    "precision_at_1000": 0.00136,
    "mrr_at_1": 0.44514,
    "mrr_at_3": 0.52132,
    "mrr_at_5": 0.53712,
    "mrr_at_10": 0.54815,
    "mrr_at_20": 0.55253,
    "mrr_at_100": 0.55486,
    "mrr_at_200": 0.55503,
    "mrr_at_300": 0.55508,
    "mrr_at_500": 0.55511,
    "mrr_at_1000": 0.55513
}