{
    "ndcg_at_1": 0.23159,
    "ndcg_at_3": 0.27195,
    "ndcg_at_5": 0.29029,
    "ndcg_at_10": 0.31568,
    "ndcg_at_20": 0.33373,
    "ndcg_at_100": 0.36617,
    "ndcg_at_200": 0.37715,
    "ndcg_at_300": 0.38322,
    "ndcg_at_500": 0.38971,
    "ndcg_at_1000": 0.39645,
    "map_at_1": 0.18863,
    "map_at_3": 0.24168,
    "map_at_5": 0.25465,
    "map_at_10": 0.26634,
    "map_at_20": 0.27195,
    "map_at_100": 0.27696,
    "map_at_200": 0.27768,
    "map_at_300": 0.27794,
    "map_at_500": 0.27815,
    "map_at_1000": 0.27828,
    "recall_at_1": 0.18863,
    "recall_at_3": 0.29849,
    "recall_at_5": 0.34719,
    "recall_at_10": 0.42302,
    "recall_at_20": 0.4903,
    "recall_at_100": 0.65152,
    "recall_at_200": 0.7205,
    "recall_at_300": 0.76285,
    "recall_at_500": 0.81165,
    "recall_at_1000": 0.8675,
    "precision_at_1": 0.23159,
    "precision_at_3": 0.13019,
    "precision_at_5": 0.09332,
    "precision_at_10": 0.05826,
    "precision_at_20": 0.03436,
    "precision_at_100": 0.00969,
    "precision_at_200": 0.00553,
    "precision_at_300": 0.00397,
    "precision_at_500": 0.00259,
    "precision_at_1000": 0.00141,
    "mrr_at_1": 0.23159,
    "mrr_at_3": 0.28504,
    "mrr_at_5": 0.29631,
    "mrr_at_10": 0.30734,
    "mrr_at_20": 0.31207,
    "mrr_at_100": 0.31593,
    "mrr_at_200": 0.31638,
    "mrr_at_300": 0.31654,
    "mrr_at_500": 0.31664,
    "mrr_at_1000": 0.31671
}