{
    "ndcg_at_1": 0.19039,
    "ndcg_at_3": 0.23606,
    "ndcg_at_5": 0.25902,
    "ndcg_at_10": 0.28444,
    "ndcg_at_20": 0.30956,
    "ndcg_at_100": 0.34956,
    "ndcg_at_200": 0.36076,
    "ndcg_at_300": 0.36553,
    "ndcg_at_500": 0.37134,
    "ndcg_at_1000": 0.37721,
    "map_at_1": 0.17813,
    "map_at_3": 0.2187,
    "map_at_5": 0.23192,
    "map_at_10": 0.24273,
    "map_at_20": 0.25014,
    "map_at_100": 0.25617,
    "map_at_200": 0.2568,
    "map_at_300": 0.25699,
    "map_at_500": 0.25717,
    "map_at_1000": 0.25729,
    "recall_at_1": 0.17813,
    "recall_at_3": 0.26999,
    "recall_at_5": 0.32311,
    "recall_at_10": 0.39747,
    "recall_at_20": 0.49137,
    "recall_at_100": 0.69627,
    "recall_at_200": 0.76988,
    "recall_at_300": 0.80454,
    "recall_at_500": 0.85024,
    "recall_at_1000": 0.90073,
    "precision_at_1": 0.19039,
    "precision_at_3": 0.0992,
    "precision_at_5": 0.07283,
    "precision_at_10": 0.04584,
    "precision_at_20": 0.02865,
    "precision_at_100": 0.00847,
    "precision_at_200": 0.00482,
    "precision_at_300": 0.00343,
    "precision_at_500": 0.00221,
    "precision_at_1000": 0.0012,
    "mrr_at_1": 0.19039,
    "mrr_at_3": 0.23629,
    "mrr_at_5": 0.24858,
    "mrr_at_10": 0.25973,
    "mrr_at_20": 0.2666,
    "mrr_at_100": 0.27155,
    "mrr_at_200": 0.27206,
    "mrr_at_300": 0.27223,
    "mrr_at_500": 0.27232,
    "mrr_at_1000": 0.27239
}