{
    "ndcg_at_1": 0.20751,
    "ndcg_at_3": 0.26027,
    "ndcg_at_5": 0.28507,
    "ndcg_at_10": 0.31269,
    "ndcg_at_20": 0.33476,
    "ndcg_at_100": 0.37756,
    "ndcg_at_200": 0.38852,
    "ndcg_at_300": 0.3929,
    "ndcg_at_500": 0.39978,
    "ndcg_at_1000": 0.40565,
    "map_at_1": 0.17251,
    "map_at_3": 0.22529,
    "map_at_5": 0.24165,
    "map_at_10": 0.25428,
    "map_at_20": 0.26194,
    "map_at_100": 0.26988,
    "map_at_200": 0.2709,
    "map_at_300": 0.27129,
    "map_at_500": 0.27162,
    "map_at_1000": 0.27187,
    "recall_at_1": 0.17251,
    "recall_at_3": 0.2857,
    "recall_at_5": 0.34928,
    "recall_at_10": 0.43481,
    "recall_at_20": 0.52233,
    "recall_at_100": 0.73137,
    "recall_at_200": 0.79568,
    "recall_at_300": 0.82035,
    "recall_at_500": 0.86839,
    "recall_at_1000": 0.9118,
    "precision_at_1": 0.20751,
    "precision_at_3": 0.1278,
    "precision_at_5": 0.09723,
    "precision_at_10": 0.06522,
    "precision_at_20": 0.04101,
    "precision_at_100": 0.01379,
    "precision_at_200": 0.0082,
    "precision_at_300": 0.00603,
    "precision_at_500": 0.004,
    "precision_at_1000": 0.00225,
    "mrr_at_1": 0.20751,
    "mrr_at_3": 0.26416,
    "mrr_at_5": 0.28027,
    "mrr_at_10": 0.29347,
    "mrr_at_20": 0.29934,
    "mrr_at_100": 0.3043,
    "mrr_at_200": 0.30466,
    "mrr_at_300": 0.30473,
    "mrr_at_500": 0.30485,
    "mrr_at_1000": 0.30489
}