{
    "ndcg_at_1": 0.45455,
    "ndcg_at_3": 0.32484,
    "ndcg_at_5": 0.28757,
    "ndcg_at_10": 0.23565,
    "ndcg_at_20": 0.30257,
    "ndcg_at_100": 0.42482,
    "ndcg_at_200": 0.44791,
    "ndcg_at_300": 0.45598,
    "ndcg_at_500": 0.4666,
    "ndcg_at_1000": 0.47551,
    "map_at_1": 0.04545,
    "map_at_3": 0.07758,
    "map_at_5": 0.09794,
    "map_at_10": 0.1262,
    "map_at_20": 0.15402,
    "map_at_100": 0.19448,
    "map_at_200": 0.1981,
    "map_at_300": 0.19905,
    "map_at_500": 0.19981,
    "map_at_1000": 0.20023,
    "recall_at_1": 0.04545,
    "recall_at_3": 0.08727,
    "recall_at_5": 0.12545,
    "recall_at_10": 0.19455,
    "recall_at_20": 0.31455,
    "recall_at_100": 0.61818,
    "recall_at_200": 0.69273,
    "recall_at_300": 0.72182,
    "recall_at_500": 0.76364,
    "recall_at_1000": 0.80182,
    "precision_at_1": 0.45455,
    "precision_at_3": 0.29091,
    "precision_at_5": 0.25091,
    "precision_at_10": 0.19455,
    "precision_at_20": 0.15727,
    "precision_at_100": 0.06182,
    "precision_at_200": 0.03464,
    "precision_at_300": 0.02406,
    "precision_at_500": 0.01527,
    "precision_at_1000": 0.00802,
    "mrr_at_1": 0.45455,
    "mrr_at_3": 0.50909,
    "mrr_at_5": 0.53727,
    "mrr_at_10": 0.55078,
    "mrr_at_20": 0.55956,
    "mrr_at_100": 0.56112,
    "mrr_at_200": 0.56112,
    "mrr_at_300": 0.56112,
    "mrr_at_500": 0.56116,
    "mrr_at_1000": 0.5612,
    "rc_at_1": {
        "relevant": 0.45455,
        "distractor": 0.50909
    },
    "rc_at_3": {
        "relevant": 0.87273,
        "distractor": 2.0
    },
    "rc_at_5": {
        "relevant": 1.25455,
        "distractor": 3.45455
    },
    "rc_at_10": {
        "relevant": 1.94545,
        "distractor": 7.21818
    },
    "rc_at_20": {
        "relevant": 3.14545,
        "distractor": 14.29091
    },
    "rc_at_100": {
        "relevant": 6.18182,
        "distractor": 44.96364
    },
    "rc_at_200": {
        "relevant": 6.92727,
        "distractor": 54.70909
    },
    "rc_at_300": {
        "relevant": 7.21818,
        "distractor": 59.30909
    },
    "rc_at_500": {
        "relevant": 7.63636,
        "distractor": 64.16364
    },
    "rc_at_1000": {
        "relevant": 8.01818,
        "distractor": 70.01818
    }
}