{
    "ndcg_at_1": 0.12065,
    "ndcg_at_3": 0.1385,
    "ndcg_at_5": 0.15554,
    "ndcg_at_10": 0.18325,
    "ndcg_at_20": 0.2039,
    "ndcg_at_100": 0.2431,
    "ndcg_at_200": 0.25904,
    "ndcg_at_300": 0.26806,
    "ndcg_at_500": 0.27376,
    "ndcg_at_1000": 0.28207,
    "map_at_1": 0.09542,
    "map_at_3": 0.1224,
    "map_at_5": 0.1331,
    "map_at_10": 0.1448,
    "map_at_20": 0.15055,
    "map_at_100": 0.15641,
    "map_at_200": 0.15736,
    "map_at_300": 0.15771,
    "map_at_500": 0.15788,
    "map_at_1000": 0.15803,
    "recall_at_1": 0.09542,
    "recall_at_3": 0.15141,
    "recall_at_5": 0.19468,
    "recall_at_10": 0.27748,
    "recall_at_20": 0.35184,
    "recall_at_100": 0.54297,
    "recall_at_200": 0.64775,
    "recall_at_300": 0.71126,
    "recall_at_500": 0.75352,
    "recall_at_1000": 0.82024,
    "precision_at_1": 0.12065,
    "precision_at_3": 0.06675,
    "precision_at_5": 0.05075,
    "precision_at_10": 0.03582,
    "precision_at_20": 0.02357,
    "precision_at_100": 0.00777,
    "precision_at_200": 0.00466,
    "precision_at_300": 0.00348,
    "precision_at_500": 0.00226,
    "precision_at_1000": 0.00126,
    "mrr_at_1": 0.12065,
    "mrr_at_3": 0.1505,
    "mrr_at_5": 0.16144,
    "mrr_at_10": 0.17361,
    "mrr_at_20": 0.18005,
    "mrr_at_100": 0.18508,
    "mrr_at_200": 0.18576,
    "mrr_at_300": 0.186,
    "mrr_at_500": 0.18609,
    "mrr_at_1000": 0.18618
}