{
    "ndcg_at_1": 0.231,
    "ndcg_at_3": 0.19539,
    "ndcg_at_5": 0.17258,
    "ndcg_at_10": 0.20829,
    "ndcg_at_20": 0.23709,
    "ndcg_at_100": 0.28882,
    "ndcg_at_200": 0.30849,
    "ndcg_at_300": 0.31793,
    "ndcg_at_500": 0.32948,
    "ndcg_at_1000": 0.3449,
    "map_at_1": 0.04683,
    "map_at_3": 0.0865,
    "map_at_5": 0.10547,
    "map_at_10": 0.12397,
    "map_at_20": 0.13463,
    "map_at_100": 0.14507,
    "map_at_200": 0.14682,
    "map_at_300": 0.14741,
    "map_at_500": 0.14792,
    "map_at_1000": 0.14835,
    "recall_at_1": 0.04683,
    "recall_at_3": 0.11303,
    "recall_at_5": 0.15672,
    "recall_at_10": 0.2223,
    "recall_at_20": 0.29032,
    "recall_at_100": 0.45842,
    "recall_at_200": 0.54137,
    "recall_at_300": 0.58575,
    "recall_at_500": 0.64477,
    "recall_at_1000": 0.73105,
    "precision_at_1": 0.231,
    "precision_at_3": 0.186,
    "precision_at_5": 0.1546,
    "precision_at_10": 0.1096,
    "precision_at_20": 0.07155,
    "precision_at_100": 0.02255,
    "precision_at_200": 0.01333,
    "precision_at_300": 0.00961,
    "precision_at_500": 0.00635,
    "precision_at_1000": 0.0036,
    "mrr_at_1": 0.231,
    "mrr_at_3": 0.31483,
    "mrr_at_5": 0.33333,
    "mrr_at_10": 0.34731,
    "mrr_at_20": 0.35374,
    "mrr_at_100": 0.3582,
    "mrr_at_200": 0.35859,
    "mrr_at_300": 0.35865,
    "mrr_at_500": 0.35869,
    "mrr_at_1000": 0.35873
}