{
    "ndcg_at_1": 0.34545,
    "ndcg_at_3": 0.30574,
    "ndcg_at_5": 0.27165,
    "ndcg_at_10": 0.22333,
    "ndcg_at_20": 0.28419,
    "ndcg_at_100": 0.45394,
    "ndcg_at_200": 0.49188,
    "ndcg_at_300": 0.49998,
    "ndcg_at_500": 0.506,
    "ndcg_at_1000": 0.51533,
    "map_at_1": 0.03455,
    "map_at_3": 0.07576,
    "map_at_5": 0.09721,
    "map_at_10": 0.12294,
    "map_at_20": 0.15021,
    "map_at_100": 0.20756,
    "map_at_200": 0.21459,
    "map_at_300": 0.21558,
    "map_at_500": 0.21602,
    "map_at_1000": 0.21644,
    "recall_at_1": 0.03455,
    "recall_at_3": 0.08909,
    "recall_at_5": 0.12545,
    "recall_at_10": 0.19273,
    "recall_at_20": 0.30364,
    "recall_at_100": 0.72182,
    "recall_at_200": 0.84364,
    "recall_at_300": 0.87273,
    "recall_at_500": 0.89636,
    "recall_at_1000": 0.93636,
    "precision_at_1": 0.34545,
    "precision_at_3": 0.29697,
    "precision_at_5": 0.25091,
    "precision_at_10": 0.19273,
    "precision_at_20": 0.15182,
    "precision_at_100": 0.07218,
    "precision_at_200": 0.04218,
    "precision_at_300": 0.02909,
    "precision_at_500": 0.01793,
    "precision_at_1000": 0.00936,
    "mrr_at_1": 0.34545,
    "mrr_at_3": 0.42424,
    "mrr_at_5": 0.44515,
    "mrr_at_10": 0.46174,
    "mrr_at_20": 0.47234,
    "mrr_at_100": 0.47547,
    "mrr_at_200": 0.47563,
    "mrr_at_300": 0.47571,
    "mrr_at_500": 0.47571,
    "mrr_at_1000": 0.47571,
    "rc_at_1": {
        "relevant": 0.34545,
        "distractor": 0.65455
    },
    "rc_at_3": {
        "relevant": 0.89091,
        "distractor": 2.07273
    },
    "rc_at_5": {
        "relevant": 1.25455,
        "distractor": 3.61818
    },
    "rc_at_10": {
        "relevant": 1.92727,
        "distractor": 7.72727
    },
    "rc_at_20": {
        "relevant": 3.03636,
        "distractor": 16.07273
    },
    "rc_at_100": {
        "relevant": 7.21818,
        "distractor": 62.32727
    },
    "rc_at_200": {
        "relevant": 8.43636,
        "distractor": 74.81818
    },
    "rc_at_300": {
        "relevant": 8.72727,
        "distractor": 78.8
    },
    "rc_at_500": {
        "relevant": 8.96364,
        "distractor": 82.65455
    },
    "rc_at_1000": {
        "relevant": 9.36364,
        "distractor": 87.70909
    }
}