{
    "ndcg_at_1": 0.32727,
    "ndcg_at_3": 0.26511,
    "ndcg_at_5": 0.24944,
    "ndcg_at_10": 0.19137,
    "ndcg_at_20": 0.23084,
    "ndcg_at_100": 0.32319,
    "ndcg_at_200": 0.35143,
    "ndcg_at_300": 0.36157,
    "ndcg_at_500": 0.37185,
    "ndcg_at_1000": 0.38462,
    "map_at_1": 0.03273,
    "map_at_3": 0.06394,
    "map_at_5": 0.0873,
    "map_at_10": 0.1047,
    "map_at_20": 0.12026,
    "map_at_100": 0.14531,
    "map_at_200": 0.14927,
    "map_at_300": 0.15028,
    "map_at_500": 0.15099,
    "map_at_1000": 0.15154,
    "recall_at_1": 0.03273,
    "recall_at_3": 0.07455,
    "recall_at_5": 0.11636,
    "recall_at_10": 0.15818,
    "recall_at_20": 0.22909,
    "recall_at_100": 0.46,
    "recall_at_200": 0.55091,
    "recall_at_300": 0.58727,
    "recall_at_500": 0.62727,
    "recall_at_1000": 0.68182,
    "precision_at_1": 0.32727,
    "precision_at_3": 0.24848,
    "precision_at_5": 0.23273,
    "precision_at_10": 0.15818,
    "precision_at_20": 0.11455,
    "precision_at_100": 0.046,
    "precision_at_200": 0.02755,
    "precision_at_300": 0.01958,
    "precision_at_500": 0.01255,
    "precision_at_1000": 0.00682,
    "mrr_at_1": 0.32727,
    "mrr_at_3": 0.39697,
    "mrr_at_5": 0.41697,
    "mrr_at_10": 0.42519,
    "mrr_at_20": 0.43782,
    "mrr_at_100": 0.44069,
    "mrr_at_200": 0.44097,
    "mrr_at_300": 0.44106,
    "mrr_at_500": 0.44106,
    "mrr_at_1000": 0.44106,
    "rc_at_1": {
        "relevant": 0.32727,
        "distractor": 0.58182
    },
    "rc_at_3": {
        "relevant": 0.74545,
        "distractor": 1.74545
    },
    "rc_at_5": {
        "relevant": 1.16364,
        "distractor": 2.70909
    },
    "rc_at_10": {
        "relevant": 1.58182,
        "distractor": 5.50909
    },
    "rc_at_20": {
        "relevant": 2.29091,
        "distractor": 10.16364
    },
    "rc_at_100": {
        "relevant": 4.6,
        "distractor": 28.52727
    },
    "rc_at_200": {
        "relevant": 5.50909,
        "distractor": 37.25455
    },
    "rc_at_300": {
        "relevant": 5.87273,
        "distractor": 41.47273
    },
    "rc_at_500": {
        "relevant": 6.27273,
        "distractor": 47.32727
    },
    "rc_at_1000": {
        "relevant": 6.81818,
        "distractor": 54.52727
    }
}