{
    "ndcg_at_1": 0.32308,
    "ndcg_at_3": 0.26498,
    "ndcg_at_5": 0.23192,
    "ndcg_at_10": 0.19118,
    "ndcg_at_20": 0.23702,
    "ndcg_at_100": 0.33512,
    "ndcg_at_200": 0.3666,
    "ndcg_at_300": 0.37547,
    "ndcg_at_500": 0.38646,
    "ndcg_at_1000": 0.39727,
    "map_at_1": 0.03231,
    "map_at_3": 0.06436,
    "map_at_5": 0.08021,
    "map_at_10": 0.10324,
    "map_at_20": 0.12391,
    "map_at_100": 0.14976,
    "map_at_200": 0.15413,
    "map_at_300": 0.15504,
    "map_at_500": 0.15573,
    "map_at_1000": 0.15621,
    "recall_at_1": 0.03231,
    "recall_at_3": 0.07538,
    "recall_at_5": 0.10462,
    "recall_at_10": 0.16154,
    "recall_at_20": 0.24462,
    "recall_at_100": 0.48923,
    "recall_at_200": 0.59077,
    "recall_at_300": 0.62308,
    "recall_at_500": 0.66615,
    "recall_at_1000": 0.71231,
    "precision_at_1": 0.32308,
    "precision_at_3": 0.25128,
    "precision_at_5": 0.20923,
    "precision_at_10": 0.16154,
    "precision_at_20": 0.12231,
    "precision_at_100": 0.04892,
    "precision_at_200": 0.02954,
    "precision_at_300": 0.02077,
    "precision_at_500": 0.01332,
    "precision_at_1000": 0.00712,
    "mrr_at_1": 0.32308,
    "mrr_at_3": 0.38205,
    "mrr_at_5": 0.3959,
    "mrr_at_10": 0.41722,
    "mrr_at_20": 0.42504,
    "mrr_at_100": 0.43082,
    "mrr_at_200": 0.43091,
    "mrr_at_300": 0.43091,
    "mrr_at_500": 0.43095,
    "mrr_at_1000": 0.43095,
    "rc_at_1": {
        "relevant": 0.32308,
        "distractor": 0.61538
    },
    "rc_at_3": {
        "relevant": 0.75385,
        "distractor": 2.0
    },
    "rc_at_5": {
        "relevant": 1.04615,
        "distractor": 3.50769
    },
    "rc_at_10": {
        "relevant": 1.61538,
        "distractor": 7.06154
    },
    "rc_at_20": {
        "relevant": 2.44615,
        "distractor": 13.78462
    },
    "rc_at_100": {
        "relevant": 4.89231,
        "distractor": 46.29231
    },
    "rc_at_200": {
        "relevant": 5.90769,
        "distractor": 57.41538
    },
    "rc_at_300": {
        "relevant": 6.23077,
        "distractor": 62.44615
    },
    "rc_at_500": {
        "relevant": 6.66154,
        "distractor": 67.70769
    },
    "rc_at_1000": {
        "relevant": 7.12308,
        "distractor": 75.06154
    }
}