{
    "ndcg_at_1": 0.10226,
    "ndcg_at_3": 0.13871,
    "ndcg_at_5": 0.15712,
    "ndcg_at_10": 0.17766,
    "ndcg_at_20": 0.19466,
    "ndcg_at_100": 0.22724,
    "ndcg_at_200": 0.23826,
    "ndcg_at_300": 0.24379,
    "ndcg_at_500": 0.24949,
    "ndcg_at_1000": 0.25657,
    "map_at_1": 0.09004,
    "map_at_3": 0.12434,
    "map_at_5": 0.13454,
    "map_at_10": 0.14306,
    "map_at_20": 0.14793,
    "map_at_100": 0.15238,
    "map_at_200": 0.15296,
    "map_at_300": 0.15316,
    "map_at_500": 0.15329,
    "map_at_1000": 0.1534,
    "recall_at_1": 0.09004,
    "recall_at_3": 0.16659,
    "recall_at_5": 0.20961,
    "recall_at_10": 0.27103,
    "recall_at_20": 0.33459,
    "recall_at_100": 0.50579,
    "recall_at_200": 0.58102,
    "recall_at_300": 0.62288,
    "recall_at_500": 0.66952,
    "recall_at_1000": 0.73262,
    "precision_at_1": 0.10226,
    "precision_at_3": 0.06421,
    "precision_at_5": 0.0489,
    "precision_at_10": 0.03181,
    "precision_at_20": 0.01981,
    "precision_at_100": 0.00604,
    "precision_at_200": 0.00348,
    "precision_at_300": 0.00249,
    "precision_at_500": 0.00161,
    "precision_at_1000": 0.00088,
    "mrr_at_1": 0.10197,
    "mrr_at_3": 0.13862,
    "mrr_at_5": 0.14786,
    "mrr_at_10": 0.15653,
    "mrr_at_20": 0.16115,
    "mrr_at_100": 0.16518,
    "mrr_at_200": 0.16574,
    "mrr_at_300": 0.16589,
    "mrr_at_500": 0.16602,
    "mrr_at_1000": 0.16611
}