{
    "ndcg_at_1": 0.12,
    "ndcg_at_3": 0.17541,
    "ndcg_at_5": 0.18835,
    "ndcg_at_10": 0.21605,
    "ndcg_at_20": 0.24576,
    "ndcg_at_100": 0.29505,
    "ndcg_at_200": 0.30594,
    "ndcg_at_300": 0.31107,
    "ndcg_at_500": 0.31857,
    "ndcg_at_1000": 0.32742,
    "map_at_1": 0.11611,
    "map_at_3": 0.15972,
    "map_at_5": 0.16678,
    "map_at_10": 0.17818,
    "map_at_20": 0.18632,
    "map_at_100": 0.19312,
    "map_at_200": 0.19374,
    "map_at_300": 0.1939,
    "map_at_500": 0.19409,
    "map_at_1000": 0.1942,
    "recall_at_1": 0.11611,
    "recall_at_3": 0.21556,
    "recall_at_5": 0.24667,
    "recall_at_10": 0.33,
    "recall_at_20": 0.44344,
    "recall_at_100": 0.70489,
    "recall_at_200": 0.77922,
    "recall_at_300": 0.81989,
    "recall_at_500": 0.88267,
    "recall_at_1000": 0.96667,
    "precision_at_1": 0.12,
    "precision_at_3": 0.07444,
    "precision_at_5": 0.05133,
    "precision_at_10": 0.035,
    "precision_at_20": 0.02433,
    "precision_at_100": 0.008,
    "precision_at_200": 0.00447,
    "precision_at_300": 0.00312,
    "precision_at_500": 0.00201,
    "precision_at_1000": 0.00109,
    "mrr_at_1": 0.11667,
    "mrr_at_3": 0.16222,
    "mrr_at_5": 0.17656,
    "mrr_at_10": 0.18806,
    "mrr_at_20": 0.19476,
    "mrr_at_100": 0.20133,
    "mrr_at_200": 0.20175,
    "mrr_at_300": 0.20189,
    "mrr_at_500": 0.20203,
    "mrr_at_1000": 0.20218
}