{
    "ndcg_at_1": 0.4,
    "ndcg_at_3": 0.30797,
    "ndcg_at_5": 0.26053,
    "ndcg_at_10": 0.19531,
    "ndcg_at_20": 0.22746,
    "ndcg_at_100": 0.29692,
    "ndcg_at_200": 0.3136,
    "ndcg_at_300": 0.32368,
    "ndcg_at_500": 0.33155,
    "ndcg_at_1000": 0.34424,
    "map_at_1": 0.04,
    "map_at_3": 0.07667,
    "map_at_5": 0.0953,
    "map_at_10": 0.11107,
    "map_at_20": 0.1245,
    "map_at_100": 0.14009,
    "map_at_200": 0.14203,
    "map_at_300": 0.14299,
    "map_at_500": 0.14341,
    "map_at_1000": 0.14386,
    "recall_at_1": 0.04,
    "recall_at_3": 0.08364,
    "recall_at_5": 0.11091,
    "recall_at_10": 0.14727,
    "recall_at_20": 0.20545,
    "recall_at_100": 0.38182,
    "recall_at_200": 0.43636,
    "recall_at_300": 0.47273,
    "recall_at_500": 0.50364,
    "recall_at_1000": 0.55818,
    "precision_at_1": 0.4,
    "precision_at_3": 0.27879,
    "precision_at_5": 0.22182,
    "precision_at_10": 0.14727,
    "precision_at_20": 0.10273,
    "precision_at_100": 0.03818,
    "precision_at_200": 0.02182,
    "precision_at_300": 0.01576,
    "precision_at_500": 0.01007,
    "precision_at_1000": 0.00558,
    "mrr_at_1": 0.4,
    "mrr_at_3": 0.45758,
    "mrr_at_5": 0.46576,
    "mrr_at_10": 0.48174,
    "mrr_at_20": 0.48807,
    "mrr_at_100": 0.49144,
    "mrr_at_200": 0.49157,
    "mrr_at_300": 0.49157,
    "mrr_at_500": 0.49157,
    "mrr_at_1000": 0.49159,
    "rc_at_1": {
        "relevant": 0.4,
        "distractor": 0.43636
    },
    "rc_at_3": {
        "relevant": 0.83636,
        "distractor": 1.25455
    },
    "rc_at_5": {
        "relevant": 1.10909,
        "distractor": 2.01818
    },
    "rc_at_10": {
        "relevant": 1.47273,
        "distractor": 3.94545
    },
    "rc_at_20": {
        "relevant": 2.05455,
        "distractor": 6.76364
    },
    "rc_at_100": {
        "relevant": 3.81818,
        "distractor": 17.07273
    },
    "rc_at_200": {
        "relevant": 4.36364,
        "distractor": 23.56364
    },
    "rc_at_300": {
        "relevant": 4.72727,
        "distractor": 27.29091
    },
    "rc_at_500": {
        "relevant": 5.03636,
        "distractor": 32.52727
    },
    "rc_at_1000": {
        "relevant": 5.58182,
        "distractor": 39.01818
    }
}