{
    "ndcg_at_1": 0.25455,
    "ndcg_at_3": 0.17623,
    "ndcg_at_5": 0.15312,
    "ndcg_at_10": 0.13603,
    "ndcg_at_20": 0.17557,
    "ndcg_at_100": 0.27097,
    "ndcg_at_200": 0.29583,
    "ndcg_at_300": 0.30581,
    "ndcg_at_500": 0.31607,
    "ndcg_at_1000": 0.32751,
    "map_at_1": 0.02545,
    "map_at_3": 0.03727,
    "map_at_5": 0.04491,
    "map_at_10": 0.05993,
    "map_at_20": 0.07405,
    "map_at_100": 0.0992,
    "map_at_200": 0.10305,
    "map_at_300": 0.10386,
    "map_at_500": 0.10449,
    "map_at_1000": 0.10493,
    "recall_at_1": 0.02545,
    "recall_at_3": 0.04727,
    "recall_at_5": 0.06545,
    "recall_at_10": 0.11636,
    "recall_at_20": 0.18727,
    "recall_at_100": 0.42364,
    "recall_at_200": 0.50364,
    "recall_at_300": 0.54,
    "recall_at_500": 0.58,
    "recall_at_1000": 0.62909,
    "precision_at_1": 0.25455,
    "precision_at_3": 0.15758,
    "precision_at_5": 0.13091,
    "precision_at_10": 0.11636,
    "precision_at_20": 0.09364,
    "precision_at_100": 0.04236,
    "precision_at_200": 0.02518,
    "precision_at_300": 0.018,
    "precision_at_500": 0.0116,
    "precision_at_1000": 0.00629,
    "mrr_at_1": 0.25455,
    "mrr_at_3": 0.31212,
    "mrr_at_5": 0.33303,
    "mrr_at_10": 0.36133,
    "mrr_at_20": 0.36526,
    "mrr_at_100": 0.36871,
    "mrr_at_200": 0.36871,
    "mrr_at_300": 0.36879,
    "mrr_at_500": 0.36884,
    "mrr_at_1000": 0.36886,
    "rc_at_1": {
        "relevant": 0.25455,
        "distractor": 0.54545
    },
    "rc_at_3": {
        "relevant": 0.47273,
        "distractor": 1.70909
    },
    "rc_at_5": {
        "relevant": 0.65455,
        "distractor": 2.89091
    },
    "rc_at_10": {
        "relevant": 1.16364,
        "distractor": 5.4
    },
    "rc_at_20": {
        "relevant": 1.87273,
        "distractor": 9.30909
    },
    "rc_at_100": {
        "relevant": 4.23636,
        "distractor": 25.85455
    },
    "rc_at_200": {
        "relevant": 5.03636,
        "distractor": 33.32727
    },
    "rc_at_300": {
        "relevant": 5.4,
        "distractor": 37.49091
    },
    "rc_at_500": {
        "relevant": 5.8,
        "distractor": 42.63636
    },
    "rc_at_1000": {
        "relevant": 6.29091,
        "distractor": 49.36364
    }
}