{
    "ndcg_at_1": 0.05455,
    "ndcg_at_3": 0.03098,
    "ndcg_at_5": 0.03009,
    "ndcg_at_10": 0.02068,
    "ndcg_at_20": 0.0269,
    "ndcg_at_100": 0.0346,
    "ndcg_at_200": 0.04022,
    "ndcg_at_300": 0.04272,
    "ndcg_at_500": 0.04505,
    "ndcg_at_1000": 0.0488,
    "map_at_1": 0.00545,
    "map_at_3": 0.00636,
    "map_at_5": 0.00809,
    "map_at_10": 0.00827,
    "map_at_20": 0.00983,
    "map_at_100": 0.01146,
    "map_at_200": 0.01186,
    "map_at_300": 0.01198,
    "map_at_500": 0.01201,
    "map_at_1000": 0.01205,
    "recall_at_1": 0.00545,
    "recall_at_3": 0.00727,
    "recall_at_5": 0.01273,
    "recall_at_10": 0.01455,
    "recall_at_20": 0.02545,
    "recall_at_100": 0.04364,
    "recall_at_200": 0.06182,
    "recall_at_300": 0.07091,
    "recall_at_500": 0.08,
    "recall_at_1000": 0.09636,
    "precision_at_1": 0.05455,
    "precision_at_3": 0.02424,
    "precision_at_5": 0.02545,
    "precision_at_10": 0.01455,
    "precision_at_20": 0.01273,
    "precision_at_100": 0.00436,
    "precision_at_200": 0.00309,
    "precision_at_300": 0.00236,
    "precision_at_500": 0.0016,
    "precision_at_1000": 0.00096,
    "mrr_at_1": 0.05455,
    "mrr_at_3": 0.06364,
    "mrr_at_5": 0.07182,
    "mrr_at_10": 0.07364,
    "mrr_at_20": 0.07774,
    "mrr_at_100": 0.08016,
    "mrr_at_200": 0.08039,
    "mrr_at_300": 0.08045,
    "mrr_at_500": 0.08065,
    "mrr_at_1000": 0.08075,
    "rc_at_1": {
        "relevant": 0.05455,
        "distractor": 0.03636
    },
    "rc_at_3": {
        "relevant": 0.07273,
        "distractor": 0.18182
    },
    "rc_at_5": {
        "relevant": 0.12727,
        "distractor": 0.25455
    },
    "rc_at_10": {
        "relevant": 0.14545,
        "distractor": 0.4
    },
    "rc_at_20": {
        "relevant": 0.25455,
        "distractor": 0.56364
    },
    "rc_at_100": {
        "relevant": 0.43636,
        "distractor": 1.65455
    },
    "rc_at_200": {
        "relevant": 0.61818,
        "distractor": 2.30909
    },
    "rc_at_300": {
        "relevant": 0.70909,
        "distractor": 2.85455
    },
    "rc_at_500": {
        "relevant": 0.8,
        "distractor": 3.74545
    },
    "rc_at_1000": {
        "relevant": 0.96364,
        "distractor": 5.07273
    }
}