{
    "ndcg_at_1": 0.01422,
    "ndcg_at_3": 0.20361,
    "ndcg_at_5": 0.26693,
    "ndcg_at_10": 0.34306,
    "ndcg_at_20": 0.38566,
    "ndcg_at_100": 0.40269,
    "ndcg_at_200": 0.40422,
    "ndcg_at_300": 0.40467,
    "ndcg_at_500": 0.40524,
    "ndcg_at_1000": 0.40532,
    "map_at_1": 0.01422,
    "map_at_3": 0.15742,
    "map_at_5": 0.19241,
    "map_at_10": 0.22409,
    "map_at_20": 0.23624,
    "map_at_100": 0.23899,
    "map_at_200": 0.23908,
    "map_at_300": 0.23909,
    "map_at_500": 0.2391,
    "map_at_1000": 0.2391,
    "recall_at_1": 0.01422,
    "recall_at_3": 0.33713,
    "recall_at_5": 0.49147,
    "recall_at_10": 0.72546,
    "recall_at_20": 0.89047,
    "recall_at_100": 0.97653,
    "recall_at_200": 0.9872,
    "recall_at_300": 0.99075,
    "recall_at_500": 0.99573,
    "recall_at_1000": 0.99644,
    "precision_at_1": 0.01422,
    "precision_at_3": 0.11238,
    "precision_at_5": 0.09829,
    "precision_at_10": 0.07255,
    "precision_at_20": 0.04452,
    "precision_at_100": 0.00977,
    "precision_at_200": 0.00494,
    "precision_at_300": 0.0033,
    "precision_at_500": 0.00199,
    "precision_at_1000": 0.001,
    "mrr_at_1": 0.01422,
    "mrr_at_3": 0.15789,
    "mrr_at_5": 0.19346,
    "mrr_at_10": 0.2247,
    "mrr_at_20": 0.23708,
    "mrr_at_100": 0.23971,
    "mrr_at_200": 0.2398,
    "mrr_at_300": 0.23982,
    "mrr_at_500": 0.23983,
    "mrr_at_1000": 0.23983
}