{
    "ndcg_at_1": 0.18871,
    "ndcg_at_3": 0.22949,
    "ndcg_at_5": 0.24936,
    "ndcg_at_10": 0.26848,
    "ndcg_at_20": 0.28489,
    "ndcg_at_100": 0.31747,
    "ndcg_at_200": 0.328,
    "ndcg_at_300": 0.33322,
    "ndcg_at_500": 0.34061,
    "ndcg_at_1000": 0.34685,
    "map_at_1": 0.15858,
    "map_at_3": 0.20636,
    "map_at_5": 0.2188,
    "map_at_10": 0.22718,
    "map_at_20": 0.23225,
    "map_at_100": 0.23725,
    "map_at_200": 0.23788,
    "map_at_300": 0.23808,
    "map_at_500": 0.23828,
    "map_at_1000": 0.23838,
    "recall_at_1": 0.15858,
    "recall_at_3": 0.25969,
    "recall_at_5": 0.30749,
    "recall_at_10": 0.36506,
    "recall_at_20": 0.42714,
    "recall_at_100": 0.58929,
    "recall_at_200": 0.65857,
    "recall_at_300": 0.69661,
    "recall_at_500": 0.75479,
    "recall_at_1000": 0.8085,
    "precision_at_1": 0.18871,
    "precision_at_3": 0.10512,
    "precision_at_5": 0.07674,
    "precision_at_10": 0.04633,
    "precision_at_20": 0.02752,
    "precision_at_100": 0.00786,
    "precision_at_200": 0.00444,
    "precision_at_300": 0.00315,
    "precision_at_500": 0.00206,
    "precision_at_1000": 0.00112,
    "mrr_at_1": 0.18871,
    "mrr_at_3": 0.23605,
    "mrr_at_5": 0.24793,
    "mrr_at_10": 0.25655,
    "mrr_at_20": 0.26077,
    "mrr_at_100": 0.26499,
    "mrr_at_200": 0.26547,
    "mrr_at_300": 0.26561,
    "mrr_at_500": 0.26575,
    "mrr_at_1000": 0.26582
}