{
    "ndcg_at_1": 0.77,
    "ndcg_at_3": 0.73877,
    "ndcg_at_5": 0.72334,
    "ndcg_at_10": 0.69587,
    "ndcg_at_20": 0.66327,
    "ndcg_at_100": 0.5402,
    "ndcg_at_200": 0.47025,
    "ndcg_at_300": 0.44314,
    "ndcg_at_500": 0.43805,
    "ndcg_at_1000": 0.49337,
    "map_at_1": 0.00201,
    "map_at_3": 0.0057,
    "map_at_5": 0.00904,
    "map_at_10": 0.01693,
    "map_at_20": 0.03057,
    "map_at_100": 0.10162,
    "map_at_200": 0.14961,
    "map_at_300": 0.17836,
    "map_at_500": 0.21061,
    "map_at_1000": 0.24488,
    "recall_at_1": 0.00201,
    "recall_at_3": 0.00616,
    "recall_at_5": 0.01019,
    "recall_at_10": 0.01976,
    "recall_at_20": 0.0368,
    "recall_at_100": 0.13607,
    "recall_at_200": 0.21732,
    "recall_at_300": 0.27714,
    "recall_at_500": 0.35414,
    "recall_at_1000": 0.46791,
    "precision_at_1": 0.82,
    "precision_at_3": 0.78667,
    "precision_at_5": 0.772,
    "precision_at_10": 0.742,
    "precision_at_20": 0.706,
    "precision_at_100": 0.5596,
    "precision_at_200": 0.4642,
    "precision_at_300": 0.40133,
    "precision_at_500": 0.31728,
    "precision_at_1000": 0.21586,
    "mrr_at_1": 0.82,
    "mrr_at_3": 0.89667,
    "mrr_at_5": 0.90067,
    "mrr_at_10": 0.90067,
    "mrr_at_20": 0.90067,
    "mrr_at_100": 0.90067,
    "mrr_at_200": 0.90067,
    "mrr_at_300": 0.90067,
    "mrr_at_500": 0.90067,
    "mrr_at_1000": 0.90067
}