{
    "ndcg_at_1": 0.01538,
    "ndcg_at_3": 0.01177,
    "ndcg_at_5": 0.00851,
    "ndcg_at_10": 0.00659,
    "ndcg_at_20": 0.0133,
    "ndcg_at_100": 0.02248,
    "ndcg_at_200": 0.02667,
    "ndcg_at_300": 0.0288,
    "ndcg_at_500": 0.03076,
    "ndcg_at_1000": 0.03869,
    "map_at_1": 0.00154,
    "map_at_3": 0.00308,
    "map_at_5": 0.00308,
    "map_at_10": 0.00327,
    "map_at_20": 0.00458,
    "map_at_100": 0.00532,
    "map_at_200": 0.00551,
    "map_at_300": 0.00557,
    "map_at_500": 0.00563,
    "map_at_1000": 0.00578,
    "recall_at_1": 0.00154,
    "recall_at_3": 0.00308,
    "recall_at_5": 0.00308,
    "recall_at_10": 0.00462,
    "recall_at_20": 0.01692,
    "recall_at_100": 0.04,
    "recall_at_200": 0.05385,
    "recall_at_300": 0.06154,
    "recall_at_500": 0.06923,
    "recall_at_1000": 0.10308,
    "precision_at_1": 0.01538,
    "precision_at_3": 0.01026,
    "precision_at_5": 0.00615,
    "precision_at_10": 0.00462,
    "precision_at_20": 0.00846,
    "precision_at_100": 0.004,
    "precision_at_200": 0.00269,
    "precision_at_300": 0.00205,
    "precision_at_500": 0.00138,
    "precision_at_1000": 0.00103,
    "mrr_at_1": 0.01538,
    "mrr_at_3": 0.01538,
    "mrr_at_5": 0.01538,
    "mrr_at_10": 0.01731,
    "mrr_at_20": 0.0214,
    "mrr_at_100": 0.02558,
    "mrr_at_200": 0.02588,
    "mrr_at_300": 0.02594,
    "mrr_at_500": 0.02597,
    "mrr_at_1000": 0.02608,
    "rc_at_1": {
        "relevant": 0.01538,
        "distractor": 0.07692
    },
    "rc_at_3": {
        "relevant": 0.03077,
        "distractor": 0.24615
    },
    "rc_at_5": {
        "relevant": 0.03077,
        "distractor": 0.35385
    },
    "rc_at_10": {
        "relevant": 0.04615,
        "distractor": 0.49231
    },
    "rc_at_20": {
        "relevant": 0.16923,
        "distractor": 0.83077
    },
    "rc_at_100": {
        "relevant": 0.4,
        "distractor": 2.29231
    },
    "rc_at_200": {
        "relevant": 0.53846,
        "distractor": 3.55385
    },
    "rc_at_300": {
        "relevant": 0.61538,
        "distractor": 4.50769
    },
    "rc_at_500": {
        "relevant": 0.69231,
        "distractor": 5.70769
    },
    "rc_at_1000": {
        "relevant": 1.03077,
        "distractor": 7.64615
    }
}