{
    "ndcg_at_1": 0.26897,
    "ndcg_at_3": 0.32806,
    "ndcg_at_5": 0.35428,
    "ndcg_at_10": 0.37681,
    "ndcg_at_20": 0.39811,
    "ndcg_at_100": 0.42882,
    "ndcg_at_200": 0.43848,
    "ndcg_at_300": 0.44229,
    "ndcg_at_500": 0.44687,
    "ndcg_at_1000": 0.45213,
    "map_at_1": 0.22952,
    "map_at_3": 0.29784,
    "map_at_5": 0.31459,
    "map_at_10": 0.32509,
    "map_at_20": 0.33166,
    "map_at_100": 0.33658,
    "map_at_200": 0.33719,
    "map_at_300": 0.33735,
    "map_at_500": 0.33748,
    "map_at_1000": 0.33757,
    "recall_at_1": 0.22952,
    "recall_at_3": 0.36921,
    "recall_at_5": 0.43309,
    "recall_at_10": 0.4998,
    "recall_at_20": 0.57893,
    "recall_at_100": 0.73139,
    "recall_at_200": 0.79427,
    "recall_at_300": 0.82124,
    "recall_at_500": 0.85717,
    "recall_at_1000": 0.90235,
    "precision_at_1": 0.26897,
    "precision_at_3": 0.15131,
    "precision_at_5": 0.10871,
    "precision_at_10": 0.06389,
    "precision_at_20": 0.03781,
    "precision_at_100": 0.00991,
    "precision_at_200": 0.00544,
    "precision_at_300": 0.00378,
    "precision_at_500": 0.00237,
    "precision_at_1000": 0.00126,
    "mrr_at_1": 0.26897,
    "mrr_at_3": 0.33396,
    "mrr_at_5": 0.3492,
    "mrr_at_10": 0.3583,
    "mrr_at_20": 0.36397,
    "mrr_at_100": 0.36746,
    "mrr_at_200": 0.36788,
    "mrr_at_300": 0.36798,
    "mrr_at_500": 0.36807,
    "mrr_at_1000": 0.36813
}