{
    "ndcg_at_1": 0.08328,
    "ndcg_at_3": 0.11181,
    "ndcg_at_5": 0.12551,
    "ndcg_at_10": 0.14205,
    "ndcg_at_20": 0.16078,
    "ndcg_at_100": 0.19415,
    "ndcg_at_200": 0.20706,
    "ndcg_at_300": 0.21466,
    "ndcg_at_500": 0.22286,
    "ndcg_at_1000": 0.23421,
    "map_at_1": 0.06794,
    "map_at_3": 0.09537,
    "map_at_5": 0.10404,
    "map_at_10": 0.11131,
    "map_at_20": 0.11662,
    "map_at_100": 0.12135,
    "map_at_200": 0.12212,
    "map_at_300": 0.12241,
    "map_at_500": 0.12265,
    "map_at_1000": 0.12285,
    "recall_at_1": 0.06794,
    "recall_at_3": 0.13019,
    "recall_at_5": 0.16525,
    "recall_at_10": 0.21481,
    "recall_at_20": 0.2845,
    "recall_at_100": 0.45152,
    "recall_at_200": 0.53399,
    "recall_at_300": 0.58851,
    "recall_at_500": 0.65017,
    "recall_at_1000": 0.74632,
    "precision_at_1": 0.08328,
    "precision_at_3": 0.05598,
    "precision_at_5": 0.04322,
    "precision_at_10": 0.02873,
    "precision_at_20": 0.01951,
    "precision_at_100": 0.00667,
    "precision_at_200": 0.00408,
    "precision_at_300": 0.00304,
    "precision_at_500": 0.00207,
    "precision_at_1000": 0.00121,
    "mrr_at_1": 0.08328,
    "mrr_at_3": 0.11557,
    "mrr_at_5": 0.12494,
    "mrr_at_10": 0.13236,
    "mrr_at_20": 0.13807,
    "mrr_at_100": 0.14243,
    "mrr_at_200": 0.14301,
    "mrr_at_300": 0.14324,
    "mrr_at_500": 0.14338,
    "mrr_at_1000": 0.14351
}