{
    "ndcg_at_1": 0.21119,
    "ndcg_at_3": 0.25982,
    "ndcg_at_5": 0.28147,
    "ndcg_at_10": 0.3092,
    "ndcg_at_20": 0.33611,
    "ndcg_at_100": 0.37441,
    "ndcg_at_200": 0.38772,
    "ndcg_at_300": 0.3921,
    "ndcg_at_500": 0.39907,
    "ndcg_at_1000": 0.40503,
    "map_at_1": 0.1726,
    "map_at_3": 0.22803,
    "map_at_5": 0.24338,
    "map_at_10": 0.25645,
    "map_at_20": 0.26481,
    "map_at_100": 0.27075,
    "map_at_200": 0.27164,
    "map_at_300": 0.27184,
    "map_at_500": 0.27207,
    "map_at_1000": 0.2722,
    "recall_at_1": 0.1726,
    "recall_at_3": 0.28907,
    "recall_at_5": 0.34544,
    "recall_at_10": 0.42551,
    "recall_at_20": 0.52299,
    "recall_at_100": 0.70928,
    "recall_at_200": 0.79238,
    "recall_at_300": 0.8216,
    "recall_at_500": 0.87188,
    "recall_at_1000": 0.91782,
    "precision_at_1": 0.21119,
    "precision_at_3": 0.12709,
    "precision_at_5": 0.09384,
    "precision_at_10": 0.06016,
    "precision_at_20": 0.03756,
    "precision_at_100": 0.01094,
    "precision_at_200": 0.00628,
    "precision_at_300": 0.0044,
    "precision_at_500": 0.00288,
    "precision_at_1000": 0.00157,
    "mrr_at_1": 0.21119,
    "mrr_at_3": 0.27226,
    "mrr_at_5": 0.28584,
    "mrr_at_10": 0.29765,
    "mrr_at_20": 0.30486,
    "mrr_at_100": 0.30893,
    "mrr_at_200": 0.30953,
    "mrr_at_300": 0.30963,
    "mrr_at_500": 0.30973,
    "mrr_at_1000": 0.30977
}