{
    "ndcg_at_1": 0.27397,
    "ndcg_at_3": 0.33085,
    "ndcg_at_5": 0.35404,
    "ndcg_at_10": 0.38476,
    "ndcg_at_20": 0.40883,
    "ndcg_at_100": 0.44572,
    "ndcg_at_200": 0.4545,
    "ndcg_at_300": 0.45916,
    "ndcg_at_500": 0.4628,
    "ndcg_at_1000": 0.46699,
    "map_at_1": 0.21882,
    "map_at_3": 0.2904,
    "map_at_5": 0.30701,
    "map_at_10": 0.32247,
    "map_at_20": 0.33037,
    "map_at_100": 0.33659,
    "map_at_200": 0.33719,
    "map_at_300": 0.3374,
    "map_at_500": 0.33753,
    "map_at_1000": 0.33763,
    "recall_at_1": 0.21882,
    "recall_at_3": 0.37333,
    "recall_at_5": 0.43274,
    "recall_at_10": 0.52075,
    "recall_at_20": 0.60652,
    "recall_at_100": 0.78187,
    "recall_at_200": 0.83447,
    "recall_at_300": 0.86596,
    "recall_at_500": 0.89075,
    "recall_at_1000": 0.92222,
    "precision_at_1": 0.27397,
    "precision_at_3": 0.16172,
    "precision_at_5": 0.11689,
    "precision_at_10": 0.07317,
    "precision_at_20": 0.04406,
    "precision_at_100": 0.01212,
    "precision_at_200": 0.00665,
    "precision_at_300": 0.00466,
    "precision_at_500": 0.00294,
    "precision_at_1000": 0.00157,
    "mrr_at_1": 0.27397,
    "mrr_at_3": 0.34456,
    "mrr_at_5": 0.36003,
    "mrr_at_10": 0.37246,
    "mrr_at_20": 0.37775,
    "mrr_at_100": 0.38179,
    "mrr_at_200": 0.38212,
    "mrr_at_300": 0.38222,
    "mrr_at_500": 0.38227,
    "mrr_at_1000": 0.38231
}