{
    "ndcg_at_1": 0.65,
    "ndcg_at_3": 0.62224,
    "ndcg_at_5": 0.59565,
    "ndcg_at_10": 0.57822,
    "ndcg_at_20": 0.54633,
    "ndcg_at_100": 0.41517,
    "ndcg_at_200": 0.34927,
    "ndcg_at_300": 0.32212,
    "ndcg_at_500": 0.31716,
    "ndcg_at_1000": 0.35959,
    "map_at_1": 0.00182,
    "map_at_3": 0.00472,
    "map_at_5": 0.0071,
    "map_at_10": 0.01293,
    "map_at_20": 0.02258,
    "map_at_100": 0.06899,
    "map_at_200": 0.09644,
    "map_at_300": 0.11133,
    "map_at_500": 0.12818,
    "map_at_1000": 0.14705,
    "recall_at_1": 0.00182,
    "recall_at_3": 0.0051,
    "recall_at_5": 0.00822,
    "recall_at_10": 0.0162,
    "recall_at_20": 0.02952,
    "recall_at_100": 0.10278,
    "recall_at_200": 0.15869,
    "recall_at_300": 0.1954,
    "recall_at_500": 0.24966,
    "recall_at_1000": 0.33254,
    "precision_at_1": 0.7,
    "precision_at_3": 0.66667,
    "precision_at_5": 0.632,
    "precision_at_10": 0.62,
    "precision_at_20": 0.576,
    "precision_at_100": 0.417,
    "precision_at_200": 0.3356,
    "precision_at_300": 0.28287,
    "precision_at_500": 0.22168,
    "precision_at_1000": 0.152,
    "mrr_at_1": 0.7,
    "mrr_at_3": 0.78,
    "mrr_at_5": 0.799,
    "mrr_at_10": 0.80344,
    "mrr_at_20": 0.80344,
    "mrr_at_100": 0.80344,
    "mrr_at_200": 0.80344,
    "mrr_at_300": 0.80344,
    "mrr_at_500": 0.80344,
    "mrr_at_1000": 0.80344
}