{
    "ndcg_at_1": 0.62,
    "ndcg_at_3": 0.61,
    "ndcg_at_5": 0.60854,
    "ndcg_at_10": 0.59383,
    "ndcg_at_20": 0.55764,
    "ndcg_at_100": 0.42498,
    "ndcg_at_200": 0.35932,
    "ndcg_at_300": 0.33326,
    "ndcg_at_500": 0.3277,
    "ndcg_at_1000": 0.37207,
    "map_at_1": 0.00189,
    "map_at_3": 0.00491,
    "map_at_5": 0.00751,
    "map_at_10": 0.01341,
    "map_at_20": 0.02366,
    "map_at_100": 0.07243,
    "map_at_200": 0.10184,
    "map_at_300": 0.11771,
    "map_at_500": 0.13529,
    "map_at_1000": 0.15583,
    "recall_at_1": 0.00189,
    "recall_at_3": 0.00534,
    "recall_at_5": 0.00865,
    "recall_at_10": 0.0162,
    "recall_at_20": 0.0301,
    "recall_at_100": 0.10669,
    "recall_at_200": 0.16514,
    "recall_at_300": 0.20557,
    "recall_at_500": 0.25968,
    "recall_at_1000": 0.3469,
    "precision_at_1": 0.7,
    "precision_at_3": 0.66667,
    "precision_at_5": 0.664,
    "precision_at_10": 0.642,
    "precision_at_20": 0.587,
    "precision_at_100": 0.4296,
    "precision_at_200": 0.3448,
    "precision_at_300": 0.29193,
    "precision_at_500": 0.229,
    "precision_at_1000": 0.15814,
    "mrr_at_1": 0.74,
    "mrr_at_3": 0.8,
    "mrr_at_5": 0.818,
    "mrr_at_10": 0.82336,
    "mrr_at_20": 0.82336,
    "mrr_at_100": 0.82336,
    "mrr_at_200": 0.82336,
    "mrr_at_300": 0.82336,
    "mrr_at_500": 0.82336,
    "mrr_at_1000": 0.82336
}