{
    "ndcg_at_1": 0.47273,
    "ndcg_at_3": 0.54857,
    "ndcg_at_5": 0.57594,
    "ndcg_at_10": 0.60265,
    "ndcg_at_20": 0.61845,
    "ndcg_at_100": 0.63964,
    "ndcg_at_200": 0.64447,
    "ndcg_at_300": 0.64651,
    "ndcg_at_500": 0.64848,
    "ndcg_at_1000": 0.64998,
    "map_at_1": 0.41383,
    "map_at_3": 0.50945,
    "map_at_5": 0.52903,
    "map_at_10": 0.54309,
    "map_at_20": 0.54867,
    "map_at_100": 0.55264,
    "map_at_200": 0.55298,
    "map_at_300": 0.55307,
    "map_at_500": 0.55313,
    "map_at_1000": 0.55316,
    "recall_at_1": 0.41383,
    "recall_at_3": 0.60097,
    "recall_at_5": 0.6672,
    "recall_at_10": 0.74477,
    "recall_at_20": 0.80282,
    "recall_at_100": 0.90275,
    "recall_at_200": 0.93365,
    "recall_at_300": 0.94799,
    "recall_at_500": 0.96316,
    "recall_at_1000": 0.97577,
    "precision_at_1": 0.47273,
    "precision_at_3": 0.24493,
    "precision_at_5": 0.16853,
    "precision_at_10": 0.09674,
    "precision_at_20": 0.05342,
    "precision_at_100": 0.01245,
    "precision_at_200": 0.00647,
    "precision_at_300": 0.0044,
    "precision_at_500": 0.00269,
    "precision_at_1000": 0.00137,
    "mrr_at_1": 0.47273,
    "mrr_at_3": 0.55214,
    "mrr_at_5": 0.56594,
    "mrr_at_10": 0.57572,
    "mrr_at_20": 0.57964,
    "mrr_at_100": 0.58189,
    "mrr_at_200": 0.58208,
    "mrr_at_300": 0.58213,
    "mrr_at_500": 0.58216,
    "mrr_at_1000": 0.58217
}