{
    "ndcg_at_1": 0.32213,
    "ndcg_at_3": 0.36548,
    "ndcg_at_5": 0.38504,
    "ndcg_at_10": 0.41583,
    "ndcg_at_20": 0.43629,
    "ndcg_at_100": 0.47306,
    "ndcg_at_200": 0.48332,
    "ndcg_at_300": 0.48773,
    "ndcg_at_500": 0.4916,
    "ndcg_at_1000": 0.49731,
    "map_at_1": 0.27095,
    "map_at_3": 0.32661,
    "map_at_5": 0.34112,
    "map_at_10": 0.35712,
    "map_at_20": 0.36525,
    "map_at_100": 0.37295,
    "map_at_200": 0.37421,
    "map_at_300": 0.37472,
    "map_at_500": 0.37502,
    "map_at_1000": 0.37528,
    "recall_at_1": 0.27095,
    "recall_at_3": 0.38427,
    "recall_at_5": 0.4377,
    "recall_at_10": 0.52674,
    "recall_at_20": 0.60498,
    "recall_at_100": 0.78197,
    "recall_at_200": 0.84063,
    "recall_at_300": 0.86567,
    "recall_at_500": 0.89049,
    "recall_at_1000": 0.93171,
    "precision_at_1": 0.32213,
    "precision_at_3": 0.16667,
    "precision_at_5": 0.12055,
    "precision_at_10": 0.07964,
    "precision_at_20": 0.0497,
    "precision_at_100": 0.01547,
    "precision_at_200": 0.00929,
    "precision_at_300": 0.00684,
    "precision_at_500": 0.00444,
    "precision_at_1000": 0.00245,
    "mrr_at_1": 0.32213,
    "mrr_at_3": 0.37681,
    "mrr_at_5": 0.39134,
    "mrr_at_10": 0.40425,
    "mrr_at_20": 0.40915,
    "mrr_at_100": 0.41335,
    "mrr_at_200": 0.41367,
    "mrr_at_300": 0.41376,
    "mrr_at_500": 0.41381,
    "mrr_at_1000": 0.41385
}