{
    "ndcg_at_1": 0.69,
    "ndcg_at_3": 0.65631,
    "ndcg_at_5": 0.62436,
    "ndcg_at_10": 0.59048,
    "ndcg_at_20": 0.57303,
    "ndcg_at_100": 0.44577,
    "ndcg_at_200": 0.38347,
    "ndcg_at_300": 0.35695,
    "ndcg_at_500": 0.35231,
    "ndcg_at_1000": 0.39896,
    "map_at_1": 0.00188,
    "map_at_3": 0.00517,
    "map_at_5": 0.00758,
    "map_at_10": 0.01341,
    "map_at_20": 0.02415,
    "map_at_100": 0.07631,
    "map_at_200": 0.11007,
    "map_at_300": 0.12829,
    "map_at_500": 0.14861,
    "map_at_1000": 0.17144,
    "recall_at_1": 0.00188,
    "recall_at_3": 0.00563,
    "recall_at_5": 0.00845,
    "recall_at_10": 0.01623,
    "recall_at_20": 0.03134,
    "recall_at_100": 0.11293,
    "recall_at_200": 0.17806,
    "recall_at_300": 0.2222,
    "recall_at_500": 0.28339,
    "recall_at_1000": 0.37591,
    "precision_at_1": 0.74,
    "precision_at_3": 0.7,
    "precision_at_5": 0.656,
    "precision_at_10": 0.624,
    "precision_at_20": 0.611,
    "precision_at_100": 0.4566,
    "precision_at_200": 0.3755,
    "precision_at_300": 0.31893,
    "precision_at_500": 0.24972,
    "precision_at_1000": 0.17096,
    "mrr_at_1": 0.74,
    "mrr_at_3": 0.80333,
    "mrr_at_5": 0.81233,
    "mrr_at_10": 0.82067,
    "mrr_at_20": 0.82067,
    "mrr_at_100": 0.82067,
    "mrr_at_200": 0.82067,
    "mrr_at_300": 0.82067,
    "mrr_at_500": 0.82067,
    "mrr_at_1000": 0.82067
}