{
    "ndcg_at_1": 0.8095,
    "ndcg_at_3": 0.85185,
    "ndcg_at_5": 0.8679,
    "ndcg_at_10": 0.88106,
    "ndcg_at_20": 0.88756,
    "ndcg_at_100": 0.89328,
    "ndcg_at_200": 0.89391,
    "ndcg_at_300": 0.89407,
    "ndcg_at_500": 0.8942,
    "ndcg_at_1000": 0.89425,
    "map_at_1": 0.70306,
    "map_at_3": 0.81344,
    "map_at_5": 0.83196,
    "map_at_10": 0.84292,
    "map_at_20": 0.84707,
    "map_at_100": 0.84932,
    "map_at_200": 0.84944,
    "map_at_300": 0.84947,
    "map_at_500": 0.84948,
    "map_at_1000": 0.84948,
    "recall_at_1": 0.70306,
    "recall_at_3": 0.87056,
    "recall_at_5": 0.91558,
    "recall_at_10": 0.95413,
    "recall_at_20": 0.97473,
    "recall_at_100": 0.99553,
    "recall_at_200": 0.99811,
    "recall_at_300": 0.99875,
    "recall_at_500": 0.99941,
    "recall_at_1000": 0.99969,
    "precision_at_1": 0.8095,
    "precision_at_3": 0.37297,
    "precision_at_5": 0.2455,
    "precision_at_10": 0.13387,
    "precision_at_20": 0.07102,
    "precision_at_100": 0.0153,
    "precision_at_200": 0.00775,
    "precision_at_300": 0.00519,
    "precision_at_500": 0.00313,
    "precision_at_1000": 0.00156,
    "mrr_at_1": 0.8095,
    "mrr_at_3": 0.86278,
    "mrr_at_5": 0.86937,
    "mrr_at_10": 0.87262,
    "mrr_at_20": 0.87338,
    "mrr_at_100": 0.87365,
    "mrr_at_200": 0.87365,
    "mrr_at_300": 0.87366,
    "mrr_at_500": 0.87366,
    "mrr_at_1000": 0.87366
}