{
    "ndcg_at_1": 0.30612,
    "ndcg_at_3": 0.24984,
    "ndcg_at_5": 0.23205,
    "ndcg_at_10": 0.22002,
    "ndcg_at_20": 0.23453,
    "ndcg_at_100": 0.32458,
    "ndcg_at_200": 0.36319,
    "ndcg_at_300": 0.38341,
    "ndcg_at_500": 0.41534,
    "ndcg_at_1000": 0.45033,
    "map_at_1": 0.02649,
    "map_at_3": 0.04534,
    "map_at_5": 0.05905,
    "map_at_10": 0.08461,
    "map_at_20": 0.10707,
    "map_at_100": 0.13525,
    "map_at_200": 0.14163,
    "map_at_300": 0.14452,
    "map_at_500": 0.14746,
    "map_at_1000": 0.15013,
    "recall_at_1": 0.02649,
    "recall_at_3": 0.05448,
    "recall_at_5": 0.0846,
    "recall_at_10": 0.14453,
    "recall_at_20": 0.21944,
    "recall_at_100": 0.41633,
    "recall_at_200": 0.51858,
    "recall_at_300": 0.57825,
    "recall_at_500": 0.67327,
    "recall_at_1000": 0.79582,
    "precision_at_1": 0.32653,
    "precision_at_3": 0.2449,
    "precision_at_5": 0.22449,
    "precision_at_10": 0.18776,
    "precision_at_20": 0.15306,
    "precision_at_100": 0.06449,
    "precision_at_200": 0.04265,
    "precision_at_300": 0.03265,
    "precision_at_500": 0.02371,
    "precision_at_1000": 0.01467,
    "mrr_at_1": 0.32653,
    "mrr_at_3": 0.42857,
    "mrr_at_5": 0.45714,
    "mrr_at_10": 0.46552,
    "mrr_at_20": 0.47397,
    "mrr_at_100": 0.47778,
    "mrr_at_200": 0.47778,
    "mrr_at_300": 0.47778,
    "mrr_at_500": 0.47785,
    "mrr_at_1000": 0.47785
}