{
    "ndcg_at_1": 0.27375,
    "ndcg_at_3": 0.37561,
    "ndcg_at_5": 0.41539,
    "ndcg_at_10": 0.45223,
    "ndcg_at_20": 0.47599,
    "ndcg_at_100": 0.50439,
    "ndcg_at_200": 0.50954,
    "ndcg_at_300": 0.51222,
    "ndcg_at_500": 0.51392,
    "ndcg_at_1000": 0.51558,
    "map_at_1": 0.24001,
    "map_at_3": 0.33913,
    "map_at_5": 0.36291,
    "map_at_10": 0.37943,
    "map_at_20": 0.38663,
    "map_at_100": 0.39127,
    "map_at_200": 0.39158,
    "map_at_300": 0.39168,
    "map_at_500": 0.39172,
    "map_at_1000": 0.39175,
    "recall_at_1": 0.24001,
    "recall_at_3": 0.45087,
    "recall_at_5": 0.54263,
    "recall_at_10": 0.65035,
    "recall_at_20": 0.7388,
    "recall_at_100": 0.88009,
    "recall_at_200": 0.91461,
    "recall_at_300": 0.93484,
    "recall_at_500": 0.94831,
    "recall_at_1000": 0.96309,
    "precision_at_1": 0.27375,
    "precision_at_3": 0.17507,
    "precision_at_5": 0.12793,
    "precision_at_10": 0.07732,
    "precision_at_20": 0.04425,
    "precision_at_100": 0.01066,
    "precision_at_200": 0.00555,
    "precision_at_300": 0.00378,
    "precision_at_500": 0.00231,
    "precision_at_1000": 0.00117,
    "mrr_at_1": 0.27375,
    "mrr_at_3": 0.36954,
    "mrr_at_5": 0.39063,
    "mrr_at_10": 0.40437,
    "mrr_at_20": 0.41005,
    "mrr_at_100": 0.41354,
    "mrr_at_200": 0.41376,
    "mrr_at_300": 0.41383,
    "mrr_at_500": 0.41386,
    "mrr_at_1000": 0.41388
}