{
    "ndcg_at_1": 0.12055,
    "ndcg_at_3": 0.15512,
    "ndcg_at_5": 0.17394,
    "ndcg_at_10": 0.19676,
    "ndcg_at_20": 0.21066,
    "ndcg_at_100": 0.2486,
    "ndcg_at_200": 0.26102,
    "ndcg_at_300": 0.26819,
    "ndcg_at_500": 0.27481,
    "ndcg_at_1000": 0.28371,
    "map_at_1": 0.09958,
    "map_at_3": 0.13433,
    "map_at_5": 0.1444,
    "map_at_10": 0.15514,
    "map_at_20": 0.15955,
    "map_at_100": 0.16517,
    "map_at_200": 0.16605,
    "map_at_300": 0.16643,
    "map_at_500": 0.16668,
    "map_at_1000": 0.16691,
    "recall_at_1": 0.09958,
    "recall_at_3": 0.17625,
    "recall_at_5": 0.21858,
    "recall_at_10": 0.28523,
    "recall_at_20": 0.34039,
    "recall_at_100": 0.53472,
    "recall_at_200": 0.61019,
    "recall_at_300": 0.65656,
    "recall_at_500": 0.70389,
    "recall_at_1000": 0.77335,
    "precision_at_1": 0.12055,
    "precision_at_3": 0.07642,
    "precision_at_5": 0.06087,
    "precision_at_10": 0.04209,
    "precision_at_20": 0.02599,
    "precision_at_100": 0.00933,
    "precision_at_200": 0.00577,
    "precision_at_300": 0.00443,
    "precision_at_500": 0.00302,
    "precision_at_1000": 0.00177,
    "mrr_at_1": 0.12253,
    "mrr_at_3": 0.16469,
    "mrr_at_5": 0.17951,
    "mrr_at_10": 0.18809,
    "mrr_at_20": 0.19168,
    "mrr_at_100": 0.19627,
    "mrr_at_200": 0.19682,
    "mrr_at_300": 0.19696,
    "mrr_at_500": 0.19705,
    "mrr_at_1000": 0.19715
}