{
    "ndcg_at_1": 0.19279,
    "ndcg_at_3": 0.24415,
    "ndcg_at_5": 0.26583,
    "ndcg_at_10": 0.28835,
    "ndcg_at_20": 0.31097,
    "ndcg_at_100": 0.34792,
    "ndcg_at_200": 0.35988,
    "ndcg_at_300": 0.36506,
    "ndcg_at_500": 0.3714,
    "ndcg_at_1000": 0.37841,
    "map_at_1": 0.15407,
    "map_at_3": 0.21228,
    "map_at_5": 0.22642,
    "map_at_10": 0.23706,
    "map_at_20": 0.24361,
    "map_at_100": 0.24924,
    "map_at_200": 0.25003,
    "map_at_300": 0.25027,
    "map_at_500": 0.25045,
    "map_at_1000": 0.25059,
    "recall_at_1": 0.15407,
    "recall_at_3": 0.28498,
    "recall_at_5": 0.33929,
    "recall_at_10": 0.40522,
    "recall_at_20": 0.48769,
    "recall_at_100": 0.66497,
    "recall_at_200": 0.73849,
    "recall_at_300": 0.77281,
    "recall_at_500": 0.82001,
    "recall_at_1000": 0.87767,
    "precision_at_1": 0.19279,
    "precision_at_3": 0.11857,
    "precision_at_5": 0.08706,
    "precision_at_10": 0.05336,
    "precision_at_20": 0.03302,
    "precision_at_100": 0.00966,
    "precision_at_200": 0.0055,
    "precision_at_300": 0.00391,
    "precision_at_500": 0.00253,
    "precision_at_1000": 0.00138,
    "mrr_at_1": 0.19279,
    "mrr_at_3": 0.25518,
    "mrr_at_5": 0.26843,
    "mrr_at_10": 0.27813,
    "mrr_at_20": 0.28416,
    "mrr_at_100": 0.28871,
    "mrr_at_200": 0.2892,
    "mrr_at_300": 0.28931,
    "mrr_at_500": 0.2894,
    "mrr_at_1000": 0.28947
}