{
    "ndcg_at_1": 0.17497,
    "ndcg_at_3": 0.23373,
    "ndcg_at_5": 0.26504,
    "ndcg_at_10": 0.2982,
    "ndcg_at_20": 0.32438,
    "ndcg_at_100": 0.358,
    "ndcg_at_200": 0.36605,
    "ndcg_at_300": 0.37035,
    "ndcg_at_500": 0.37474,
    "ndcg_at_1000": 0.37853,
    "map_at_1": 0.15105,
    "map_at_3": 0.20987,
    "map_at_5": 0.22775,
    "map_at_10": 0.24207,
    "map_at_20": 0.24981,
    "map_at_100": 0.25481,
    "map_at_200": 0.25527,
    "map_at_300": 0.25543,
    "map_at_500": 0.25554,
    "map_at_1000": 0.2556,
    "recall_at_1": 0.15105,
    "recall_at_3": 0.27907,
    "recall_at_5": 0.35207,
    "recall_at_10": 0.44906,
    "recall_at_20": 0.5471,
    "recall_at_100": 0.7199,
    "recall_at_200": 0.77416,
    "recall_at_300": 0.8068,
    "recall_at_500": 0.84246,
    "recall_at_1000": 0.87669,
    "precision_at_1": 0.17497,
    "precision_at_3": 0.10941,
    "precision_at_5": 0.08308,
    "precision_at_10": 0.05345,
    "precision_at_20": 0.03284,
    "precision_at_100": 0.00874,
    "precision_at_200": 0.00471,
    "precision_at_300": 0.00327,
    "precision_at_500": 0.00205,
    "precision_at_1000": 0.00107,
    "mrr_at_1": 0.17497,
    "mrr_at_3": 0.23441,
    "mrr_at_5": 0.25177,
    "mrr_at_10": 0.26545,
    "mrr_at_20": 0.27213,
    "mrr_at_100": 0.2762,
    "mrr_at_200": 0.27657,
    "mrr_at_300": 0.27668,
    "mrr_at_500": 0.27677,
    "mrr_at_1000": 0.27681
}