{
    "ndcg_at_1": 0.04054,
    "ndcg_at_3": 0.16207,
    "ndcg_at_5": 0.21327,
    "ndcg_at_10": 0.27758,
    "ndcg_at_20": 0.31907,
    "ndcg_at_100": 0.35399,
    "ndcg_at_200": 0.35895,
    "ndcg_at_300": 0.36101,
    "ndcg_at_500": 0.36202,
    "ndcg_at_1000": 0.36262,
    "map_at_1": 0.04054,
    "map_at_3": 0.13099,
    "map_at_5": 0.15936,
    "map_at_10": 0.18559,
    "map_at_20": 0.19724,
    "map_at_100": 0.20236,
    "map_at_200": 0.20263,
    "map_at_300": 0.2027,
    "map_at_500": 0.20272,
    "map_at_1000": 0.20273,
    "recall_at_1": 0.04054,
    "recall_at_3": 0.25249,
    "recall_at_5": 0.37696,
    "recall_at_10": 0.57752,
    "recall_at_20": 0.73969,
    "recall_at_100": 0.9239,
    "recall_at_200": 0.95875,
    "recall_at_300": 0.97511,
    "recall_at_500": 0.98364,
    "recall_at_1000": 0.98933,
    "precision_at_1": 0.04054,
    "precision_at_3": 0.08416,
    "precision_at_5": 0.07539,
    "precision_at_10": 0.05775,
    "precision_at_20": 0.03698,
    "precision_at_100": 0.00924,
    "precision_at_200": 0.00479,
    "precision_at_300": 0.00325,
    "precision_at_500": 0.00197,
    "precision_at_1000": 0.00099,
    "mrr_at_1": 0.03983,
    "mrr_at_3": 0.13502,
    "mrr_at_5": 0.16329,
    "mrr_at_10": 0.18955,
    "mrr_at_20": 0.20182,
    "mrr_at_100": 0.20626,
    "mrr_at_200": 0.20652,
    "mrr_at_300": 0.20658,
    "mrr_at_500": 0.2066,
    "mrr_at_1000": 0.20661
}