{
    "ndcg_at_1": 0.17631,
    "ndcg_at_3": 0.21401,
    "ndcg_at_5": 0.23876,
    "ndcg_at_10": 0.26671,
    "ndcg_at_20": 0.29081,
    "ndcg_at_100": 0.32604,
    "ndcg_at_200": 0.33857,
    "ndcg_at_300": 0.34364,
    "ndcg_at_500": 0.35091,
    "ndcg_at_1000": 0.35706,
    "map_at_1": 0.14818,
    "map_at_3": 0.1909,
    "map_at_5": 0.20606,
    "map_at_10": 0.21843,
    "map_at_20": 0.22543,
    "map_at_100": 0.23061,
    "map_at_200": 0.23137,
    "map_at_300": 0.23159,
    "map_at_500": 0.2318,
    "map_at_1000": 0.23192,
    "recall_at_1": 0.14818,
    "recall_at_3": 0.24176,
    "recall_at_5": 0.30369,
    "recall_at_10": 0.38509,
    "recall_at_20": 0.47387,
    "recall_at_100": 0.64658,
    "recall_at_200": 0.72777,
    "recall_at_300": 0.76261,
    "recall_at_500": 0.81694,
    "recall_at_1000": 0.86642,
    "precision_at_1": 0.17631,
    "precision_at_3": 0.0995,
    "precision_at_5": 0.07612,
    "precision_at_10": 0.04991,
    "precision_at_20": 0.03134,
    "precision_at_100": 0.00913,
    "precision_at_200": 0.00521,
    "precision_at_300": 0.00369,
    "precision_at_500": 0.00242,
    "precision_at_1000": 0.00131,
    "mrr_at_1": 0.17631,
    "mrr_at_3": 0.22248,
    "mrr_at_5": 0.23755,
    "mrr_at_10": 0.24969,
    "mrr_at_20": 0.25595,
    "mrr_at_100": 0.26034,
    "mrr_at_200": 0.26089,
    "mrr_at_300": 0.26102,
    "mrr_at_500": 0.26114,
    "mrr_at_1000": 0.26119
}