{
    "ndcg_at_1": 0.28471,
    "ndcg_at_3": 0.31876,
    "ndcg_at_5": 0.33087,
    "ndcg_at_10": 0.3522,
    "ndcg_at_20": 0.36596,
    "ndcg_at_100": 0.39328,
    "ndcg_at_200": 0.40088,
    "ndcg_at_300": 0.40469,
    "ndcg_at_500": 0.41033,
    "ndcg_at_1000": 0.41623,
    "map_at_1": 0.2277,
    "map_at_3": 0.28357,
    "map_at_5": 0.29376,
    "map_at_10": 0.30458,
    "map_at_20": 0.30963,
    "map_at_100": 0.31429,
    "map_at_200": 0.31483,
    "map_at_300": 0.31502,
    "map_at_500": 0.31521,
    "map_at_1000": 0.31534,
    "recall_at_1": 0.2277,
    "recall_at_3": 0.33873,
    "recall_at_5": 0.37343,
    "recall_at_10": 0.43807,
    "recall_at_20": 0.48906,
    "recall_at_100": 0.62079,
    "recall_at_200": 0.66644,
    "recall_at_300": 0.68988,
    "recall_at_500": 0.73026,
    "recall_at_1000": 0.77436,
    "precision_at_1": 0.28471,
    "precision_at_3": 0.15372,
    "precision_at_5": 0.10599,
    "precision_at_10": 0.06592,
    "precision_at_20": 0.0386,
    "precision_at_100": 0.01064,
    "precision_at_200": 0.0059,
    "precision_at_300": 0.0042,
    "precision_at_500": 0.00273,
    "precision_at_1000": 0.00151,
    "mrr_at_1": 0.28471,
    "mrr_at_3": 0.33652,
    "mrr_at_5": 0.34515,
    "mrr_at_10": 0.35495,
    "mrr_at_20": 0.35875,
    "mrr_at_100": 0.36205,
    "mrr_at_200": 0.36237,
    "mrr_at_300": 0.36244,
    "mrr_at_500": 0.36254,
    "mrr_at_1000": 0.36259
}