{
    "ndcg_at_1": 0.42489,
    "ndcg_at_3": 0.47637,
    "ndcg_at_5": 0.50787,
    "ndcg_at_10": 0.53009,
    "ndcg_at_20": 0.54916,
    "ndcg_at_100": 0.58235,
    "ndcg_at_200": 0.58989,
    "ndcg_at_300": 0.59297,
    "ndcg_at_500": 0.59595,
    "ndcg_at_1000": 0.599,
    "map_at_1": 0.34613,
    "map_at_3": 0.42627,
    "map_at_5": 0.45166,
    "map_at_10": 0.46537,
    "map_at_20": 0.47334,
    "map_at_100": 0.48013,
    "map_at_200": 0.48085,
    "map_at_300": 0.48106,
    "map_at_500": 0.48122,
    "map_at_1000": 0.48134,
    "recall_at_1": 0.34613,
    "recall_at_3": 0.4991,
    "recall_at_5": 0.58098,
    "recall_at_10": 0.64908,
    "recall_at_20": 0.71468,
    "recall_at_100": 0.8689,
    "recall_at_200": 0.91255,
    "recall_at_300": 0.93201,
    "recall_at_500": 0.95029,
    "recall_at_1000": 0.97023,
    "precision_at_1": 0.42489,
    "precision_at_3": 0.22794,
    "precision_at_5": 0.1691,
    "precision_at_10": 0.10014,
    "precision_at_20": 0.05908,
    "precision_at_100": 0.01582,
    "precision_at_200": 0.00871,
    "precision_at_300": 0.00607,
    "precision_at_500": 0.00382,
    "precision_at_1000": 0.00204,
    "mrr_at_1": 0.42489,
    "mrr_at_3": 0.50119,
    "mrr_at_5": 0.52015,
    "mrr_at_10": 0.52824,
    "mrr_at_20": 0.5315,
    "mrr_at_100": 0.53444,
    "mrr_at_200": 0.5347,
    "mrr_at_300": 0.53476,
    "mrr_at_500": 0.53479,
    "mrr_at_1000": 0.53481
}