{
    "ndcg_at_1": 0.2,
    "ndcg_at_3": 0.13245,
    "ndcg_at_5": 0.10554,
    "ndcg_at_10": 0.08901,
    "ndcg_at_20": 0.1119,
    "ndcg_at_100": 0.18838,
    "ndcg_at_200": 0.21542,
    "ndcg_at_300": 0.23353,
    "ndcg_at_500": 0.2544,
    "ndcg_at_1000": 0.27712,
    "map_at_1": 0.02,
    "map_at_3": 0.02879,
    "map_at_5": 0.03188,
    "map_at_10": 0.04053,
    "map_at_20": 0.04729,
    "map_at_100": 0.06284,
    "map_at_200": 0.06583,
    "map_at_300": 0.06711,
    "map_at_500": 0.06833,
    "map_at_1000": 0.06913,
    "recall_at_1": 0.02,
    "recall_at_3": 0.03455,
    "recall_at_5": 0.04182,
    "recall_at_10": 0.07091,
    "recall_at_20": 0.11273,
    "recall_at_100": 0.30727,
    "recall_at_200": 0.39455,
    "recall_at_300": 0.46,
    "recall_at_500": 0.54182,
    "recall_at_1000": 0.64,
    "precision_at_1": 0.2,
    "precision_at_3": 0.11515,
    "precision_at_5": 0.08364,
    "precision_at_10": 0.07091,
    "precision_at_20": 0.05636,
    "precision_at_100": 0.03073,
    "precision_at_200": 0.01973,
    "precision_at_300": 0.01533,
    "precision_at_500": 0.01084,
    "precision_at_1000": 0.0064,
    "mrr_at_1": 0.2,
    "mrr_at_3": 0.23333,
    "mrr_at_5": 0.23697,
    "mrr_at_10": 0.25328,
    "mrr_at_20": 0.25631,
    "mrr_at_100": 0.26436,
    "mrr_at_200": 0.26484,
    "mrr_at_300": 0.26499,
    "mrr_at_500": 0.26504,
    "mrr_at_1000": 0.26509,
    "rc_at_1": {
        "relevant": 0.2,
        "distractor": 0.36364
    },
    "rc_at_3": {
        "relevant": 0.34545,
        "distractor": 1.18182
    },
    "rc_at_5": {
        "relevant": 0.41818,
        "distractor": 1.92727
    },
    "rc_at_10": {
        "relevant": 0.70909,
        "distractor": 3.47273
    },
    "rc_at_20": {
        "relevant": 1.12727,
        "distractor": 6.09091
    },
    "rc_at_100": {
        "relevant": 3.07273,
        "distractor": 18.74545
    },
    "rc_at_200": {
        "relevant": 3.94545,
        "distractor": 27.72727
    },
    "rc_at_300": {
        "relevant": 4.6,
        "distractor": 33.61818
    },
    "rc_at_500": {
        "relevant": 5.41818,
        "distractor": 41.2
    },
    "rc_at_1000": {
        "relevant": 6.4,
        "distractor": 53.03636
    }
}