{
    "ndcg_at_1": 0.09091,
    "ndcg_at_3": 0.06623,
    "ndcg_at_5": 0.05795,
    "ndcg_at_10": 0.04535,
    "ndcg_at_20": 0.05542,
    "ndcg_at_100": 0.08343,
    "ndcg_at_200": 0.09461,
    "ndcg_at_300": 0.10621,
    "ndcg_at_500": 0.12011,
    "ndcg_at_1000": 0.13697,
    "map_at_1": 0.00909,
    "map_at_3": 0.01273,
    "map_at_5": 0.01509,
    "map_at_10": 0.01797,
    "map_at_20": 0.02069,
    "map_at_100": 0.02595,
    "map_at_200": 0.02694,
    "map_at_300": 0.02761,
    "map_at_500": 0.0281,
    "map_at_1000": 0.02857,
    "recall_at_1": 0.00909,
    "recall_at_3": 0.01818,
    "recall_at_5": 0.02545,
    "recall_at_10": 0.03636,
    "recall_at_20": 0.05455,
    "recall_at_100": 0.12182,
    "recall_at_200": 0.15818,
    "recall_at_300": 0.2,
    "recall_at_500": 0.25455,
    "recall_at_1000": 0.32727,
    "precision_at_1": 0.09091,
    "precision_at_3": 0.06061,
    "precision_at_5": 0.05091,
    "precision_at_10": 0.03636,
    "precision_at_20": 0.02727,
    "precision_at_100": 0.01218,
    "precision_at_200": 0.00791,
    "precision_at_300": 0.00667,
    "precision_at_500": 0.00509,
    "precision_at_1000": 0.00327,
    "mrr_at_1": 0.09091,
    "mrr_at_3": 0.12727,
    "mrr_at_5": 0.13636,
    "mrr_at_10": 0.14318,
    "mrr_at_20": 0.14779,
    "mrr_at_100": 0.15193,
    "mrr_at_200": 0.15216,
    "mrr_at_300": 0.15222,
    "mrr_at_500": 0.15267,
    "mrr_at_1000": 0.15277,
    "rc_at_1": {
        "relevant": 0.09091,
        "distractor": 0.16364
    },
    "rc_at_3": {
        "relevant": 0.18182,
        "distractor": 0.56364
    },
    "rc_at_5": {
        "relevant": 0.25455,
        "distractor": 0.76364
    },
    "rc_at_10": {
        "relevant": 0.36364,
        "distractor": 1.38182
    },
    "rc_at_20": {
        "relevant": 0.54545,
        "distractor": 2.50909
    },
    "rc_at_100": {
        "relevant": 1.21818,
        "distractor": 7.09091
    },
    "rc_at_200": {
        "relevant": 1.58182,
        "distractor": 10.10909
    },
    "rc_at_300": {
        "relevant": 2.0,
        "distractor": 12.32727
    },
    "rc_at_500": {
        "relevant": 2.54545,
        "distractor": 15.36364
    },
    "rc_at_1000": {
        "relevant": 3.27273,
        "distractor": 21.0
    }
}