{
    "ndcg_at_1": 0.38462,
    "ndcg_at_3": 0.29386,
    "ndcg_at_5": 0.26536,
    "ndcg_at_10": 0.22971,
    "ndcg_at_20": 0.27715,
    "ndcg_at_100": 0.45237,
    "ndcg_at_200": 0.50143,
    "ndcg_at_300": 0.50654,
    "ndcg_at_500": 0.51487,
    "ndcg_at_1000": 0.52023,
    "map_at_1": 0.03846,
    "map_at_3": 0.07026,
    "map_at_5": 0.0901,
    "map_at_10": 0.12597,
    "map_at_20": 0.14921,
    "map_at_100": 0.19873,
    "map_at_200": 0.20865,
    "map_at_300": 0.20914,
    "map_at_500": 0.20992,
    "map_at_1000": 0.21019,
    "recall_at_1": 0.03846,
    "recall_at_3": 0.08154,
    "recall_at_5": 0.12,
    "recall_at_10": 0.20154,
    "recall_at_20": 0.28615,
    "recall_at_100": 0.73692,
    "recall_at_200": 0.89231,
    "recall_at_300": 0.91077,
    "recall_at_500": 0.94308,
    "recall_at_1000": 0.96615,
    "precision_at_1": 0.38462,
    "precision_at_3": 0.27179,
    "precision_at_5": 0.24,
    "precision_at_10": 0.20154,
    "precision_at_20": 0.14308,
    "precision_at_100": 0.07369,
    "precision_at_200": 0.04462,
    "precision_at_300": 0.03036,
    "precision_at_500": 0.01886,
    "precision_at_1000": 0.00966,
    "mrr_at_1": 0.38462,
    "mrr_at_3": 0.44103,
    "mrr_at_5": 0.46795,
    "mrr_at_10": 0.47991,
    "mrr_at_20": 0.48801,
    "mrr_at_100": 0.49282,
    "mrr_at_200": 0.49282,
    "mrr_at_300": 0.49282,
    "mrr_at_500": 0.49282,
    "mrr_at_1000": 0.49282,
    "rc_at_1": {
        "relevant": 0.38462,
        "distractor": 0.6
    },
    "rc_at_3": {
        "relevant": 0.81538,
        "distractor": 2.16923
    },
    "rc_at_5": {
        "relevant": 1.2,
        "distractor": 3.75385
    },
    "rc_at_10": {
        "relevant": 2.01538,
        "distractor": 7.84615
    },
    "rc_at_20": {
        "relevant": 2.86154,
        "distractor": 16.86154
    },
    "rc_at_100": {
        "relevant": 7.36923,
        "distractor": 79.63077
    },
    "rc_at_200": {
        "relevant": 8.92308,
        "distractor": 91.12308
    },
    "rc_at_300": {
        "relevant": 9.10769,
        "distractor": 93.30769
    },
    "rc_at_500": {
        "relevant": 9.43077,
        "distractor": 94.78462
    },
    "rc_at_1000": {
        "relevant": 9.66154,
        "distractor": 96.35385
    }
}