{
    "ndcg_at_1": 0.4195,
    "ndcg_at_3": 0.38465,
    "ndcg_at_5": 0.36292,
    "ndcg_at_10": 0.34121,
    "ndcg_at_20": 0.31909,
    "ndcg_at_100": 0.31482,
    "ndcg_at_200": 0.33218,
    "ndcg_at_300": 0.34582,
    "ndcg_at_500": 0.3678,
    "ndcg_at_1000": 0.40315,
    "map_at_1": 0.04485,
    "map_at_3": 0.07896,
    "map_at_5": 0.09398,
    "map_at_10": 0.11644,
    "map_at_20": 0.13235,
    "map_at_100": 0.15502,
    "map_at_200": 0.16077,
    "map_at_300": 0.16366,
    "map_at_500": 0.16686,
    "map_at_1000": 0.17076,
    "recall_at_1": 0.04485,
    "recall_at_3": 0.08973,
    "recall_at_5": 0.11593,
    "recall_at_10": 0.16115,
    "recall_at_20": 0.20057,
    "recall_at_100": 0.32769,
    "recall_at_200": 0.40306,
    "recall_at_300": 0.4536,
    "recall_at_500": 0.5319,
    "recall_at_1000": 0.64768,
    "precision_at_1": 0.44272,
    "precision_at_3": 0.37668,
    "precision_at_5": 0.32632,
    "precision_at_10": 0.2678,
    "precision_at_20": 0.20217,
    "precision_at_100": 0.08771,
    "precision_at_200": 0.05728,
    "precision_at_300": 0.04478,
    "precision_at_500": 0.03303,
    "precision_at_1000": 0.02207,
    "mrr_at_1": 0.44272,
    "mrr_at_3": 0.51238,
    "mrr_at_5": 0.52276,
    "mrr_at_10": 0.52979,
    "mrr_at_20": 0.53302,
    "mrr_at_100": 0.53594,
    "mrr_at_200": 0.5362,
    "mrr_at_300": 0.53625,
    "mrr_at_500": 0.5363,
    "mrr_at_1000": 0.53634
}