{
    "ndcg_at_1": 0.21818,
    "ndcg_at_3": 0.16364,
    "ndcg_at_5": 0.13339,
    "ndcg_at_10": 0.11298,
    "ndcg_at_20": 0.13187,
    "ndcg_at_100": 0.16228,
    "ndcg_at_200": 0.1775,
    "ndcg_at_300": 0.18403,
    "ndcg_at_500": 0.19059,
    "ndcg_at_1000": 0.19951,
    "map_at_1": 0.02182,
    "map_at_3": 0.03848,
    "map_at_5": 0.04339,
    "map_at_10": 0.05618,
    "map_at_20": 0.06569,
    "map_at_100": 0.07218,
    "map_at_200": 0.07335,
    "map_at_300": 0.0738,
    "map_at_500": 0.07406,
    "map_at_1000": 0.07429,
    "recall_at_1": 0.02182,
    "recall_at_3": 0.04364,
    "recall_at_5": 0.05455,
    "recall_at_10": 0.09091,
    "recall_at_20": 0.12545,
    "recall_at_100": 0.2,
    "recall_at_200": 0.24909,
    "recall_at_300": 0.27273,
    "recall_at_500": 0.29818,
    "recall_at_1000": 0.33636,
    "precision_at_1": 0.21818,
    "precision_at_3": 0.14545,
    "precision_at_5": 0.10909,
    "precision_at_10": 0.09091,
    "precision_at_20": 0.06273,
    "precision_at_100": 0.02,
    "precision_at_200": 0.01245,
    "precision_at_300": 0.00909,
    "precision_at_500": 0.00596,
    "precision_at_1000": 0.00336,
    "mrr_at_1": 0.21818,
    "mrr_at_3": 0.26364,
    "mrr_at_5": 0.27545,
    "mrr_at_10": 0.29273,
    "mrr_at_20": 0.29475,
    "mrr_at_100": 0.29877,
    "mrr_at_200": 0.2995,
    "mrr_at_300": 0.29958,
    "mrr_at_500": 0.29967,
    "mrr_at_1000": 0.29973,
    "rc_at_1": {
        "relevant": 0.21818,
        "distractor": 0.23636
    },
    "rc_at_3": {
        "relevant": 0.43636,
        "distractor": 0.78182
    },
    "rc_at_5": {
        "relevant": 0.54545,
        "distractor": 1.2
    },
    "rc_at_10": {
        "relevant": 0.90909,
        "distractor": 1.74545
    },
    "rc_at_20": {
        "relevant": 1.25455,
        "distractor": 2.98182
    },
    "rc_at_100": {
        "relevant": 2.0,
        "distractor": 7.47273
    },
    "rc_at_200": {
        "relevant": 2.49091,
        "distractor": 10.32727
    },
    "rc_at_300": {
        "relevant": 2.72727,
        "distractor": 12.16364
    },
    "rc_at_500": {
        "relevant": 2.98182,
        "distractor": 14.85455
    },
    "rc_at_1000": {
        "relevant": 3.36364,
        "distractor": 19.12727
    }
}