{
    "ndcg_at_1": 0.07905,
    "ndcg_at_3": 0.10175,
    "ndcg_at_5": 0.10975,
    "ndcg_at_10": 0.11284,
    "ndcg_at_20": 0.12633,
    "ndcg_at_100": 0.15682,
    "ndcg_at_200": 0.16906,
    "ndcg_at_300": 0.17543,
    "ndcg_at_500": 0.18487,
    "ndcg_at_1000": 0.19732,
    "map_at_1": 0.06507,
    "map_at_3": 0.08633,
    "map_at_5": 0.09219,
    "map_at_10": 0.09398,
    "map_at_20": 0.09817,
    "map_at_100": 0.1023,
    "map_at_200": 0.10309,
    "map_at_300": 0.10336,
    "map_at_500": 0.10364,
    "map_at_1000": 0.10388,
    "recall_at_1": 0.06507,
    "recall_at_3": 0.11323,
    "recall_at_5": 0.13658,
    "recall_at_10": 0.14992,
    "recall_at_20": 0.20198,
    "recall_at_100": 0.35656,
    "recall_at_200": 0.43359,
    "recall_at_300": 0.47724,
    "recall_at_500": 0.54794,
    "recall_at_1000": 0.64996,
    "precision_at_1": 0.07905,
    "precision_at_3": 0.04941,
    "precision_at_5": 0.03676,
    "precision_at_10": 0.02134,
    "precision_at_20": 0.01502,
    "precision_at_100": 0.00611,
    "precision_at_200": 0.00395,
    "precision_at_300": 0.00302,
    "precision_at_500": 0.00217,
    "precision_at_1000": 0.00135,
    "mrr_at_1": 0.07905,
    "mrr_at_3": 0.10211,
    "mrr_at_5": 0.10843,
    "mrr_at_10": 0.11085,
    "mrr_at_20": 0.1149,
    "mrr_at_100": 0.11915,
    "mrr_at_200": 0.11967,
    "mrr_at_300": 0.11984,
    "mrr_at_500": 0.12003,
    "mrr_at_1000": 0.12018
}