{
    "ndcg_at_1": 0.19224,
    "ndcg_at_3": 0.2408,
    "ndcg_at_5": 0.27724,
    "ndcg_at_10": 0.30623,
    "ndcg_at_20": 0.32696,
    "ndcg_at_100": 0.3654,
    "ndcg_at_200": 0.37387,
    "ndcg_at_300": 0.38029,
    "ndcg_at_500": 0.38538,
    "ndcg_at_1000": 0.38992,
    "map_at_1": 0.18145,
    "map_at_3": 0.22296,
    "map_at_5": 0.24403,
    "map_at_10": 0.25619,
    "map_at_20": 0.26234,
    "map_at_100": 0.268,
    "map_at_200": 0.2685,
    "map_at_300": 0.26875,
    "map_at_500": 0.26892,
    "map_at_1000": 0.26903,
    "recall_at_1": 0.18145,
    "recall_at_3": 0.27523,
    "recall_at_5": 0.36084,
    "recall_at_10": 0.44541,
    "recall_at_20": 0.52288,
    "recall_at_100": 0.72064,
    "recall_at_200": 0.77539,
    "recall_at_300": 0.82295,
    "recall_at_500": 0.86203,
    "recall_at_1000": 0.89989,
    "precision_at_1": 0.19224,
    "precision_at_3": 0.10166,
    "precision_at_5": 0.08133,
    "precision_at_10": 0.05157,
    "precision_at_20": 0.03078,
    "precision_at_100": 0.00878,
    "precision_at_200": 0.00488,
    "precision_at_300": 0.00349,
    "precision_at_500": 0.00225,
    "precision_at_1000": 0.00121,
    "mrr_at_1": 0.19224,
    "mrr_at_3": 0.24091,
    "mrr_at_5": 0.25977,
    "mrr_at_10": 0.27276,
    "mrr_at_20": 0.27822,
    "mrr_at_100": 0.28304,
    "mrr_at_200": 0.28345,
    "mrr_at_300": 0.28362,
    "mrr_at_500": 0.28371,
    "mrr_at_1000": 0.28375
}