{
    "ndcg_at_1": 0.3323,
    "ndcg_at_3": 0.40213,
    "ndcg_at_5": 0.43206,
    "ndcg_at_10": 0.46685,
    "ndcg_at_20": 0.49284,
    "ndcg_at_100": 0.52909,
    "ndcg_at_200": 0.53668,
    "ndcg_at_300": 0.53979,
    "ndcg_at_500": 0.54233,
    "ndcg_at_1000": 0.54415,
    "map_at_1": 0.28879,
    "map_at_3": 0.36769,
    "map_at_5": 0.38761,
    "map_at_10": 0.40456,
    "map_at_20": 0.41328,
    "map_at_100": 0.41992,
    "map_at_200": 0.42051,
    "map_at_300": 0.42067,
    "map_at_500": 0.42076,
    "map_at_1000": 0.42081,
    "recall_at_1": 0.28879,
    "recall_at_3": 0.44786,
    "recall_at_5": 0.52159,
    "recall_at_10": 0.62235,
    "recall_at_20": 0.71581,
    "recall_at_100": 0.88781,
    "recall_at_200": 0.93388,
    "recall_at_300": 0.95492,
    "recall_at_500": 0.97322,
    "recall_at_1000": 0.98711,
    "precision_at_1": 0.3323,
    "precision_at_3": 0.1835,
    "precision_at_5": 0.13214,
    "precision_at_10": 0.08244,
    "precision_at_20": 0.04936,
    "precision_at_100": 0.01316,
    "precision_at_200": 0.00707,
    "precision_at_300": 0.00486,
    "precision_at_500": 0.003,
    "precision_at_1000": 0.00154,
    "mrr_at_1": 0.332,
    "mrr_at_3": 0.40352,
    "mrr_at_5": 0.4207,
    "mrr_at_10": 0.43437,
    "mrr_at_20": 0.4406,
    "mrr_at_100": 0.44458,
    "mrr_at_200": 0.44485,
    "mrr_at_300": 0.44492,
    "mrr_at_500": 0.44496,
    "mrr_at_1000": 0.44497
}