{
    "ndcg_at_1": 0.21933,
    "ndcg_at_3": 0.27382,
    "ndcg_at_5": 0.29679,
    "ndcg_at_10": 0.31652,
    "ndcg_at_20": 0.33163,
    "ndcg_at_100": 0.36252,
    "ndcg_at_200": 0.37162,
    "ndcg_at_300": 0.37748,
    "ndcg_at_500": 0.38342,
    "ndcg_at_1000": 0.3904,
    "map_at_1": 0.19338,
    "map_at_3": 0.24712,
    "map_at_5": 0.26206,
    "map_at_10": 0.27134,
    "map_at_20": 0.27562,
    "map_at_100": 0.28009,
    "map_at_200": 0.28061,
    "map_at_300": 0.28083,
    "map_at_500": 0.28098,
    "map_at_1000": 0.2811,
    "recall_at_1": 0.19338,
    "recall_at_3": 0.3109,
    "recall_at_5": 0.36842,
    "recall_at_10": 0.4278,
    "recall_at_20": 0.486,
    "recall_at_100": 0.64412,
    "recall_at_200": 0.70422,
    "recall_at_300": 0.74774,
    "recall_at_500": 0.79478,
    "recall_at_1000": 0.85404,
    "precision_at_1": 0.21933,
    "precision_at_3": 0.12423,
    "precision_at_5": 0.08957,
    "precision_at_10": 0.05307,
    "precision_at_20": 0.03052,
    "precision_at_100": 0.00833,
    "precision_at_200": 0.00461,
    "precision_at_300": 0.00327,
    "precision_at_500": 0.00211,
    "precision_at_1000": 0.00115,
    "mrr_at_1": 0.21933,
    "mrr_at_3": 0.27582,
    "mrr_at_5": 0.28847,
    "mrr_at_10": 0.29631,
    "mrr_at_20": 0.30047,
    "mrr_at_100": 0.30422,
    "mrr_at_200": 0.30464,
    "mrr_at_300": 0.3048,
    "mrr_at_500": 0.30492,
    "mrr_at_1000": 0.30499
}