{
    "ndcg_at_1": 0.15,
    "ndcg_at_3": 0.1188,
    "ndcg_at_5": 0.10556,
    "ndcg_at_10": 0.12761,
    "ndcg_at_20": 0.1489,
    "ndcg_at_100": 0.19277,
    "ndcg_at_200": 0.21039,
    "ndcg_at_300": 0.22,
    "ndcg_at_500": 0.23206,
    "ndcg_at_1000": 0.24776,
    "map_at_1": 0.03053,
    "map_at_3": 0.05118,
    "map_at_5": 0.06029,
    "map_at_10": 0.0696,
    "map_at_20": 0.07659,
    "map_at_100": 0.08428,
    "map_at_200": 0.08561,
    "map_at_300": 0.08614,
    "map_at_500": 0.08661,
    "map_at_1000": 0.087,
    "recall_at_1": 0.03053,
    "recall_at_3": 0.06613,
    "recall_at_5": 0.09362,
    "recall_at_10": 0.1343,
    "recall_at_20": 0.18443,
    "recall_at_100": 0.3279,
    "recall_at_200": 0.40287,
    "recall_at_300": 0.44797,
    "recall_at_500": 0.5097,
    "recall_at_1000": 0.59755,
    "precision_at_1": 0.15,
    "precision_at_3": 0.109,
    "precision_at_5": 0.0924,
    "precision_at_10": 0.0661,
    "precision_at_20": 0.04545,
    "precision_at_100": 0.01618,
    "precision_at_200": 0.00993,
    "precision_at_300": 0.00736,
    "precision_at_500": 0.00502,
    "precision_at_1000": 0.00295,
    "mrr_at_1": 0.15,
    "mrr_at_3": 0.20467,
    "mrr_at_5": 0.22407,
    "mrr_at_10": 0.23643,
    "mrr_at_20": 0.24205,
    "mrr_at_100": 0.24695,
    "mrr_at_200": 0.24758,
    "mrr_at_300": 0.24777,
    "mrr_at_500": 0.24788,
    "mrr_at_1000": 0.24794
}