{
    "ndcg_at_1": 0.30909,
    "ndcg_at_3": 0.28979,
    "ndcg_at_5": 0.26251,
    "ndcg_at_10": 0.21472,
    "ndcg_at_20": 0.2774,
    "ndcg_at_100": 0.4409,
    "ndcg_at_200": 0.47137,
    "ndcg_at_300": 0.48342,
    "ndcg_at_500": 0.48949,
    "ndcg_at_1000": 0.49752,
    "map_at_1": 0.03091,
    "map_at_3": 0.07273,
    "map_at_5": 0.09645,
    "map_at_10": 0.12085,
    "map_at_20": 0.14573,
    "map_at_100": 0.20063,
    "map_at_200": 0.20614,
    "map_at_300": 0.20758,
    "map_at_500": 0.20804,
    "map_at_1000": 0.20841,
    "recall_at_1": 0.03091,
    "recall_at_3": 0.08545,
    "recall_at_5": 0.12364,
    "recall_at_10": 0.18727,
    "recall_at_20": 0.30182,
    "recall_at_100": 0.70545,
    "recall_at_200": 0.80364,
    "recall_at_300": 0.84727,
    "recall_at_500": 0.87091,
    "recall_at_1000": 0.90545,
    "precision_at_1": 0.30909,
    "precision_at_3": 0.28485,
    "precision_at_5": 0.24727,
    "precision_at_10": 0.18727,
    "precision_at_20": 0.15091,
    "precision_at_100": 0.07055,
    "precision_at_200": 0.04018,
    "precision_at_300": 0.02824,
    "precision_at_500": 0.01742,
    "precision_at_1000": 0.00905,
    "mrr_at_1": 0.30909,
    "mrr_at_3": 0.38182,
    "mrr_at_5": 0.40182,
    "mrr_at_10": 0.42368,
    "mrr_at_20": 0.43509,
    "mrr_at_100": 0.43687,
    "mrr_at_200": 0.43699,
    "mrr_at_300": 0.43699,
    "mrr_at_500": 0.43699,
    "mrr_at_1000": 0.43701,
    "rc_at_1": {
        "relevant": 0.30909,
        "distractor": 0.67273
    },
    "rc_at_3": {
        "relevant": 0.85455,
        "distractor": 2.10909
    },
    "rc_at_5": {
        "relevant": 1.23636,
        "distractor": 3.67273
    },
    "rc_at_10": {
        "relevant": 1.87273,
        "distractor": 7.63636
    },
    "rc_at_20": {
        "relevant": 3.01818,
        "distractor": 15.54545
    },
    "rc_at_100": {
        "relevant": 7.05455,
        "distractor": 55.92727
    },
    "rc_at_200": {
        "relevant": 8.03636,
        "distractor": 68.87273
    },
    "rc_at_300": {
        "relevant": 8.47273,
        "distractor": 73.72727
    },
    "rc_at_500": {
        "relevant": 8.70909,
        "distractor": 79.74545
    },
    "rc_at_1000": {
        "relevant": 9.05455,
        "distractor": 85.4
    }
}