{
    "ndcg_at_1": 0.2,
    "ndcg_at_3": 0.17105,
    "ndcg_at_5": 0.1735,
    "ndcg_at_10": 0.13108,
    "ndcg_at_20": 0.14741,
    "ndcg_at_100": 0.18588,
    "ndcg_at_200": 0.20415,
    "ndcg_at_300": 0.21267,
    "ndcg_at_500": 0.22391,
    "ndcg_at_1000": 0.23965,
    "map_at_1": 0.02,
    "map_at_3": 0.04242,
    "map_at_5": 0.06188,
    "map_at_10": 0.07287,
    "map_at_20": 0.07813,
    "map_at_100": 0.08486,
    "map_at_200": 0.08644,
    "map_at_300": 0.08697,
    "map_at_500": 0.08752,
    "map_at_1000": 0.08801,
    "recall_at_1": 0.02,
    "recall_at_3": 0.04909,
    "recall_at_5": 0.08545,
    "recall_at_10": 0.11273,
    "recall_at_20": 0.14182,
    "recall_at_100": 0.24,
    "recall_at_200": 0.3,
    "recall_at_300": 0.33091,
    "recall_at_500": 0.37455,
    "recall_at_1000": 0.44182,
    "precision_at_1": 0.2,
    "precision_at_3": 0.16364,
    "precision_at_5": 0.17091,
    "precision_at_10": 0.11273,
    "precision_at_20": 0.07091,
    "precision_at_100": 0.024,
    "precision_at_200": 0.015,
    "precision_at_300": 0.01103,
    "precision_at_500": 0.00749,
    "precision_at_1000": 0.00442,
    "mrr_at_1": 0.2,
    "mrr_at_3": 0.23636,
    "mrr_at_5": 0.27091,
    "mrr_at_10": 0.27924,
    "mrr_at_20": 0.28462,
    "mrr_at_100": 0.28826,
    "mrr_at_200": 0.2889,
    "mrr_at_300": 0.28899,
    "mrr_at_500": 0.2891,
    "mrr_at_1000": 0.2891,
    "rc_at_1": {
        "relevant": 0.2,
        "distractor": 0.32727
    },
    "rc_at_3": {
        "relevant": 0.49091,
        "distractor": 0.85455
    },
    "rc_at_5": {
        "relevant": 0.85455,
        "distractor": 1.38182
    },
    "rc_at_10": {
        "relevant": 1.12727,
        "distractor": 2.47273
    },
    "rc_at_20": {
        "relevant": 1.41818,
        "distractor": 4.45455
    },
    "rc_at_100": {
        "relevant": 2.4,
        "distractor": 10.85455
    },
    "rc_at_200": {
        "relevant": 3.0,
        "distractor": 15.0
    },
    "rc_at_300": {
        "relevant": 3.30909,
        "distractor": 17.72727
    },
    "rc_at_500": {
        "relevant": 3.74545,
        "distractor": 21.03636
    },
    "rc_at_1000": {
        "relevant": 4.41818,
        "distractor": 26.87273
    }
}