{
    "ndcg_at_1": 0.29091,
    "ndcg_at_3": 0.27811,
    "ndcg_at_5": 0.25434,
    "ndcg_at_10": 0.20506,
    "ndcg_at_20": 0.255,
    "ndcg_at_100": 0.3796,
    "ndcg_at_200": 0.40508,
    "ndcg_at_300": 0.41975,
    "ndcg_at_500": 0.42998,
    "ndcg_at_1000": 0.43936,
    "map_at_1": 0.02909,
    "map_at_3": 0.07061,
    "map_at_5": 0.09288,
    "map_at_10": 0.11531,
    "map_at_20": 0.13448,
    "map_at_100": 0.17261,
    "map_at_200": 0.17669,
    "map_at_300": 0.17819,
    "map_at_500": 0.179,
    "map_at_1000": 0.1795,
    "recall_at_1": 0.02909,
    "recall_at_3": 0.08182,
    "recall_at_5": 0.12,
    "recall_at_10": 0.17818,
    "recall_at_20": 0.26909,
    "recall_at_100": 0.57636,
    "recall_at_200": 0.65818,
    "recall_at_300": 0.71091,
    "recall_at_500": 0.75091,
    "recall_at_1000": 0.79091,
    "precision_at_1": 0.29091,
    "precision_at_3": 0.27273,
    "precision_at_5": 0.24,
    "precision_at_10": 0.17818,
    "precision_at_20": 0.13455,
    "precision_at_100": 0.05764,
    "precision_at_200": 0.03291,
    "precision_at_300": 0.0237,
    "precision_at_500": 0.01502,
    "precision_at_1000": 0.00791,
    "mrr_at_1": 0.29091,
    "mrr_at_3": 0.36061,
    "mrr_at_5": 0.3897,
    "mrr_at_10": 0.40823,
    "mrr_at_20": 0.41901,
    "mrr_at_100": 0.42116,
    "mrr_at_200": 0.42133,
    "mrr_at_300": 0.42133,
    "mrr_at_500": 0.42133,
    "mrr_at_1000": 0.42133,
    "rc_at_1": {
        "relevant": 0.29091,
        "distractor": 0.63636
    },
    "rc_at_3": {
        "relevant": 0.81818,
        "distractor": 1.94545
    },
    "rc_at_5": {
        "relevant": 1.2,
        "distractor": 3.27273
    },
    "rc_at_10": {
        "relevant": 1.78182,
        "distractor": 6.65455
    },
    "rc_at_20": {
        "relevant": 2.69091,
        "distractor": 13.14545
    },
    "rc_at_100": {
        "relevant": 5.76364,
        "distractor": 40.36364
    },
    "rc_at_200": {
        "relevant": 6.58182,
        "distractor": 50.27273
    },
    "rc_at_300": {
        "relevant": 7.10909,
        "distractor": 55.76364
    },
    "rc_at_500": {
        "relevant": 7.50909,
        "distractor": 61.34545
    },
    "rc_at_1000": {
        "relevant": 7.90909,
        "distractor": 68.16364
    }
}