{
    "ndcg_at_1": 0.18917,
    "ndcg_at_3": 0.20985,
    "ndcg_at_5": 0.22136,
    "ndcg_at_10": 0.23709,
    "ndcg_at_20": 0.24613,
    "ndcg_at_100": 0.27253,
    "ndcg_at_200": 0.28177,
    "ndcg_at_300": 0.28744,
    "ndcg_at_500": 0.29379,
    "ndcg_at_1000": 0.30071,
    "map_at_1": 0.15049,
    "map_at_3": 0.18498,
    "map_at_5": 0.19414,
    "map_at_10": 0.20182,
    "map_at_20": 0.20486,
    "map_at_100": 0.20887,
    "map_at_200": 0.20946,
    "map_at_300": 0.20968,
    "map_at_500": 0.20986,
    "map_at_1000": 0.21,
    "recall_at_1": 0.15049,
    "recall_at_3": 0.22075,
    "recall_at_5": 0.25327,
    "recall_at_10": 0.30206,
    "recall_at_20": 0.33681,
    "recall_at_100": 0.46877,
    "recall_at_200": 0.52449,
    "recall_at_300": 0.56374,
    "recall_at_500": 0.6103,
    "recall_at_1000": 0.66411,
    "precision_at_1": 0.18917,
    "precision_at_3": 0.09979,
    "precision_at_5": 0.07083,
    "precision_at_10": 0.04439,
    "precision_at_20": 0.02592,
    "precision_at_100": 0.00775,
    "precision_at_200": 0.00451,
    "precision_at_300": 0.00329,
    "precision_at_500": 0.00219,
    "precision_at_1000": 0.00125,
    "mrr_at_1": 0.18917,
    "mrr_at_3": 0.22463,
    "mrr_at_5": 0.23218,
    "mrr_at_10": 0.23973,
    "mrr_at_20": 0.24252,
    "mrr_at_100": 0.24603,
    "mrr_at_200": 0.24651,
    "mrr_at_300": 0.24666,
    "mrr_at_500": 0.24678,
    "mrr_at_1000": 0.24686
}