{
    "ndcg_at_1": 0.04601,
    "ndcg_at_3": 0.05746,
    "ndcg_at_5": 0.06481,
    "ndcg_at_10": 0.06963,
    "ndcg_at_20": 0.07667,
    "ndcg_at_100": 0.09498,
    "ndcg_at_200": 0.10582,
    "ndcg_at_300": 0.11135,
    "ndcg_at_500": 0.11639,
    "ndcg_at_1000": 0.12655,
    "map_at_1": 0.04058,
    "map_at_3": 0.05136,
    "map_at_5": 0.056,
    "map_at_10": 0.05803,
    "map_at_20": 0.0599,
    "map_at_100": 0.06217,
    "map_at_200": 0.06273,
    "map_at_300": 0.06292,
    "map_at_500": 0.06303,
    "map_at_1000": 0.06318,
    "recall_at_1": 0.04058,
    "recall_at_3": 0.06468,
    "recall_at_5": 0.08258,
    "recall_at_10": 0.09822,
    "recall_at_20": 0.12524,
    "recall_at_100": 0.22205,
    "recall_at_200": 0.29602,
    "recall_at_300": 0.33731,
    "recall_at_500": 0.37767,
    "recall_at_1000": 0.46777,
    "precision_at_1": 0.04601,
    "precision_at_3": 0.02556,
    "precision_at_5": 0.01963,
    "precision_at_10": 0.01166,
    "precision_at_20": 0.00752,
    "precision_at_100": 0.00273,
    "precision_at_200": 0.00185,
    "precision_at_300": 0.00141,
    "precision_at_500": 0.00096,
    "precision_at_1000": 0.0006,
    "mrr_at_1": 0.04448,
    "mrr_at_3": 0.06212,
    "mrr_at_5": 0.06434,
    "mrr_at_10": 0.06745,
    "mrr_at_20": 0.06937,
    "mrr_at_100": 0.07179,
    "mrr_at_200": 0.07244,
    "mrr_at_300": 0.0726,
    "mrr_at_500": 0.07276,
    "mrr_at_1000": 0.07286
}