{
    "ndcg_at_1": 0.38462,
    "ndcg_at_3": 0.31835,
    "ndcg_at_5": 0.30351,
    "ndcg_at_10": 0.24993,
    "ndcg_at_20": 0.29904,
    "ndcg_at_100": 0.46114,
    "ndcg_at_200": 0.49976,
    "ndcg_at_300": 0.5066,
    "ndcg_at_500": 0.5137,
    "ndcg_at_1000": 0.52303,
    "map_at_1": 0.03846,
    "map_at_3": 0.07718,
    "map_at_5": 0.10718,
    "map_at_10": 0.14178,
    "map_at_20": 0.16358,
    "map_at_100": 0.21095,
    "map_at_200": 0.21819,
    "map_at_300": 0.21902,
    "map_at_500": 0.21961,
    "map_at_1000": 0.22008,
    "recall_at_1": 0.03846,
    "recall_at_3": 0.09077,
    "recall_at_5": 0.14308,
    "recall_at_10": 0.21846,
    "recall_at_20": 0.30769,
    "recall_at_100": 0.72769,
    "recall_at_200": 0.85231,
    "recall_at_300": 0.87692,
    "recall_at_500": 0.90462,
    "recall_at_1000": 0.94462,
    "precision_at_1": 0.38462,
    "precision_at_3": 0.30256,
    "precision_at_5": 0.28615,
    "precision_at_10": 0.21846,
    "precision_at_20": 0.15385,
    "precision_at_100": 0.07277,
    "precision_at_200": 0.04262,
    "precision_at_300": 0.02923,
    "precision_at_500": 0.01809,
    "precision_at_1000": 0.00945,
    "mrr_at_1": 0.38462,
    "mrr_at_3": 0.45897,
    "mrr_at_5": 0.48359,
    "mrr_at_10": 0.50046,
    "mrr_at_20": 0.50657,
    "mrr_at_100": 0.50845,
    "mrr_at_200": 0.50845,
    "mrr_at_300": 0.50845,
    "mrr_at_500": 0.50845,
    "mrr_at_1000": 0.50845,
    "rc_at_1": {
        "relevant": 0.38462,
        "distractor": 0.61538
    },
    "rc_at_3": {
        "relevant": 0.90769,
        "distractor": 2.07692
    },
    "rc_at_5": {
        "relevant": 1.43077,
        "distractor": 3.52308
    },
    "rc_at_10": {
        "relevant": 2.18462,
        "distractor": 7.69231
    },
    "rc_at_20": {
        "relevant": 3.07692,
        "distractor": 16.4
    },
    "rc_at_100": {
        "relevant": 7.27692,
        "distractor": 73.27692
    },
    "rc_at_200": {
        "relevant": 8.52308,
        "distractor": 86.58462
    },
    "rc_at_300": {
        "relevant": 8.76923,
        "distractor": 89.53846
    },
    "rc_at_500": {
        "relevant": 9.04615,
        "distractor": 92.35385
    },
    "rc_at_1000": {
        "relevant": 9.44615,
        "distractor": 94.38462
    }
}