{
    "ndcg_at_1": 0.47,
    "ndcg_at_3": 0.4648,
    "ndcg_at_5": 0.4432,
    "ndcg_at_10": 0.42099,
    "ndcg_at_20": 0.3745,
    "ndcg_at_100": 0.26318,
    "ndcg_at_200": 0.21976,
    "ndcg_at_300": 0.20372,
    "ndcg_at_500": 0.20123,
    "ndcg_at_1000": 0.23508,
    "map_at_1": 0.00118,
    "map_at_3": 0.00307,
    "map_at_5": 0.00461,
    "map_at_10": 0.0082,
    "map_at_20": 0.01312,
    "map_at_100": 0.0341,
    "map_at_200": 0.04694,
    "map_at_300": 0.05452,
    "map_at_500": 0.06338,
    "map_at_1000": 0.07365,
    "recall_at_1": 0.00118,
    "recall_at_3": 0.00366,
    "recall_at_5": 0.00579,
    "recall_at_10": 0.01102,
    "recall_at_20": 0.01925,
    "recall_at_100": 0.06045,
    "recall_at_200": 0.09506,
    "recall_at_300": 0.12038,
    "recall_at_500": 0.15706,
    "recall_at_1000": 0.21797,
    "precision_at_1": 0.48,
    "precision_at_3": 0.49333,
    "precision_at_5": 0.464,
    "precision_at_10": 0.44,
    "precision_at_20": 0.383,
    "precision_at_100": 0.2552,
    "precision_at_200": 0.2057,
    "precision_at_300": 0.1766,
    "precision_at_500": 0.14156,
    "precision_at_1000": 0.10088,
    "mrr_at_1": 0.5,
    "mrr_at_3": 0.62667,
    "mrr_at_5": 0.64967,
    "mrr_at_10": 0.65772,
    "mrr_at_20": 0.65772,
    "mrr_at_100": 0.65988,
    "mrr_at_200": 0.65988,
    "mrr_at_300": 0.65988,
    "mrr_at_500": 0.65988,
    "mrr_at_1000": 0.65988
}