{
    "ndcg_at_1": 0.13,
    "ndcg_at_3": 0.13061,
    "ndcg_at_5": 0.11205,
    "ndcg_at_10": 0.09629,
    "ndcg_at_20": 0.07837,
    "ndcg_at_100": 0.05391,
    "ndcg_at_200": 0.04683,
    "ndcg_at_300": 0.04393,
    "ndcg_at_500": 0.045,
    "ndcg_at_1000": 0.05971,
    "map_at_1": 0.00024,
    "map_at_3": 0.00064,
    "map_at_5": 0.00078,
    "map_at_10": 0.00104,
    "map_at_20": 0.00141,
    "map_at_100": 0.00261,
    "map_at_200": 0.00358,
    "map_at_300": 0.00421,
    "map_at_500": 0.00516,
    "map_at_1000": 0.00651,
    "recall_at_1": 0.00024,
    "recall_at_3": 0.00081,
    "recall_at_5": 0.00111,
    "recall_at_10": 0.00173,
    "recall_at_20": 0.00279,
    "recall_at_100": 0.01085,
    "recall_at_200": 0.01861,
    "recall_at_300": 0.02481,
    "recall_at_500": 0.0365,
    "recall_at_1000": 0.06057,
    "precision_at_1": 0.14,
    "precision_at_3": 0.13333,
    "precision_at_5": 0.108,
    "precision_at_10": 0.09,
    "precision_at_20": 0.07,
    "precision_at_100": 0.0508,
    "precision_at_200": 0.0442,
    "precision_at_300": 0.03987,
    "precision_at_500": 0.03536,
    "precision_at_1000": 0.02922,
    "mrr_at_1": 0.18,
    "mrr_at_3": 0.21,
    "mrr_at_5": 0.214,
    "mrr_at_10": 0.22308,
    "mrr_at_20": 0.22766,
    "mrr_at_100": 0.23764,
    "mrr_at_200": 0.23823,
    "mrr_at_300": 0.23831,
    "mrr_at_500": 0.23841,
    "mrr_at_1000": 0.2385
}