{
    "ndcg_at_1": 0.7999,
    "ndcg_at_3": 0.84242,
    "ndcg_at_5": 0.85885,
    "ndcg_at_10": 0.87281,
    "ndcg_at_20": 0.88009,
    "ndcg_at_100": 0.88614,
    "ndcg_at_200": 0.88687,
    "ndcg_at_300": 0.88703,
    "ndcg_at_500": 0.88713,
    "ndcg_at_1000": 0.88724,
    "map_at_1": 0.69386,
    "map_at_3": 0.80351,
    "map_at_5": 0.82188,
    "map_at_10": 0.83328,
    "map_at_20": 0.83764,
    "map_at_100": 0.83993,
    "map_at_200": 0.84007,
    "map_at_300": 0.84009,
    "map_at_500": 0.8401,
    "map_at_1000": 0.8401,
    "recall_at_1": 0.69386,
    "recall_at_3": 0.86241,
    "recall_at_5": 0.90825,
    "recall_at_10": 0.94856,
    "recall_at_20": 0.97212,
    "recall_at_100": 0.99457,
    "recall_at_200": 0.99764,
    "recall_at_300": 0.99835,
    "recall_at_500": 0.99881,
    "recall_at_1000": 0.99958,
    "precision_at_1": 0.7999,
    "precision_at_3": 0.3684,
    "precision_at_5": 0.24256,
    "precision_at_10": 0.1329,
    "precision_at_20": 0.0707,
    "precision_at_100": 0.01527,
    "precision_at_200": 0.00775,
    "precision_at_300": 0.00519,
    "precision_at_500": 0.00312,
    "precision_at_1000": 0.00156,
    "mrr_at_1": 0.7999,
    "mrr_at_3": 0.85423,
    "mrr_at_5": 0.8615,
    "mrr_at_10": 0.86479,
    "mrr_at_20": 0.86571,
    "mrr_at_100": 0.86601,
    "mrr_at_200": 0.86601,
    "mrr_at_300": 0.86601,
    "mrr_at_500": 0.86601,
    "mrr_at_1000": 0.86601
}