{
    "ndcg_at_1": 0.26154,
    "ndcg_at_3": 0.20172,
    "ndcg_at_5": 0.19248,
    "ndcg_at_10": 0.17379,
    "ndcg_at_20": 0.20629,
    "ndcg_at_100": 0.26037,
    "ndcg_at_200": 0.28081,
    "ndcg_at_300": 0.29618,
    "ndcg_at_500": 0.31511,
    "ndcg_at_1000": 0.32829,
    "map_at_1": 0.02615,
    "map_at_3": 0.04872,
    "map_at_5": 0.06372,
    "map_at_10": 0.09158,
    "map_at_20": 0.106,
    "map_at_100": 0.1193,
    "map_at_200": 0.12167,
    "map_at_300": 0.12293,
    "map_at_500": 0.124,
    "map_at_1000": 0.1245,
    "recall_at_1": 0.02615,
    "recall_at_3": 0.05538,
    "recall_at_5": 0.08923,
    "recall_at_10": 0.15846,
    "recall_at_20": 0.21692,
    "recall_at_100": 0.35077,
    "recall_at_200": 0.41692,
    "recall_at_300": 0.47231,
    "recall_at_500": 0.54615,
    "recall_at_1000": 0.60308,
    "precision_at_1": 0.26154,
    "precision_at_3": 0.18462,
    "precision_at_5": 0.17846,
    "precision_at_10": 0.15846,
    "precision_at_20": 0.10846,
    "precision_at_100": 0.03508,
    "precision_at_200": 0.02085,
    "precision_at_300": 0.01574,
    "precision_at_500": 0.01092,
    "precision_at_1000": 0.00603,
    "mrr_at_1": 0.26154,
    "mrr_at_3": 0.30256,
    "mrr_at_5": 0.3341,
    "mrr_at_10": 0.35774,
    "mrr_at_20": 0.36113,
    "mrr_at_100": 0.36622,
    "mrr_at_200": 0.36644,
    "mrr_at_300": 0.36656,
    "mrr_at_500": 0.36664,
    "mrr_at_1000": 0.36664,
    "rc_at_1": {
        "relevant": 0.26154,
        "distractor": 0.4
    },
    "rc_at_3": {
        "relevant": 0.55385,
        "distractor": 1.29231
    },
    "rc_at_5": {
        "relevant": 0.89231,
        "distractor": 2.13846
    },
    "rc_at_10": {
        "relevant": 1.58462,
        "distractor": 3.96923
    },
    "rc_at_20": {
        "relevant": 2.16923,
        "distractor": 7.44615
    },
    "rc_at_100": {
        "relevant": 3.50769,
        "distractor": 25.16923
    },
    "rc_at_200": {
        "relevant": 4.16923,
        "distractor": 35.87692
    },
    "rc_at_300": {
        "relevant": 4.72308,
        "distractor": 41.76923
    },
    "rc_at_500": {
        "relevant": 5.46154,
        "distractor": 49.13846
    },
    "rc_at_1000": {
        "relevant": 6.03077,
        "distractor": 57.56923
    }
}