{
    "ndcg_at_1": 0.32308,
    "ndcg_at_3": 0.29953,
    "ndcg_at_5": 0.28968,
    "ndcg_at_10": 0.25033,
    "ndcg_at_20": 0.29425,
    "ndcg_at_100": 0.45873,
    "ndcg_at_200": 0.49972,
    "ndcg_at_300": 0.50617,
    "ndcg_at_500": 0.51449,
    "ndcg_at_1000": 0.52207,
    "map_at_1": 0.03231,
    "map_at_3": 0.07436,
    "map_at_5": 0.10205,
    "map_at_10": 0.14282,
    "map_at_20": 0.1612,
    "map_at_100": 0.21056,
    "map_at_200": 0.21831,
    "map_at_300": 0.21909,
    "map_at_500": 0.21976,
    "map_at_1000": 0.22017,
    "recall_at_1": 0.03231,
    "recall_at_3": 0.08769,
    "recall_at_5": 0.14,
    "recall_at_10": 0.22769,
    "recall_at_20": 0.30615,
    "recall_at_100": 0.73077,
    "recall_at_200": 0.86308,
    "recall_at_300": 0.88615,
    "recall_at_500": 0.91846,
    "recall_at_1000": 0.95077,
    "precision_at_1": 0.32308,
    "precision_at_3": 0.29231,
    "precision_at_5": 0.28,
    "precision_at_10": 0.22769,
    "precision_at_20": 0.15308,
    "precision_at_100": 0.07308,
    "precision_at_200": 0.04315,
    "precision_at_300": 0.02954,
    "precision_at_500": 0.01837,
    "precision_at_1000": 0.00951,
    "mrr_at_1": 0.32308,
    "mrr_at_3": 0.4,
    "mrr_at_5": 0.44308,
    "mrr_at_10": 0.46194,
    "mrr_at_20": 0.47018,
    "mrr_at_100": 0.47216,
    "mrr_at_200": 0.47216,
    "mrr_at_300": 0.47216,
    "mrr_at_500": 0.47216,
    "mrr_at_1000": 0.47216,
    "rc_at_1": {
        "relevant": 0.32308,
        "distractor": 0.66154
    },
    "rc_at_3": {
        "relevant": 0.87692,
        "distractor": 2.10769
    },
    "rc_at_5": {
        "relevant": 1.4,
        "distractor": 3.55385
    },
    "rc_at_10": {
        "relevant": 2.27692,
        "distractor": 7.6
    },
    "rc_at_20": {
        "relevant": 3.06154,
        "distractor": 16.4
    },
    "rc_at_100": {
        "relevant": 7.30769,
        "distractor": 74.61538
    },
    "rc_at_200": {
        "relevant": 8.63077,
        "distractor": 87.89231
    },
    "rc_at_300": {
        "relevant": 8.86154,
        "distractor": 90.67692
    },
    "rc_at_500": {
        "relevant": 9.18462,
        "distractor": 92.98462
    },
    "rc_at_1000": {
        "relevant": 9.50769,
        "distractor": 95.04615
    }
}