{
    "ndcg_at_1": 0.32308,
    "ndcg_at_3": 0.29953,
    "ndcg_at_5": 0.28991,
    "ndcg_at_10": 0.25048,
    "ndcg_at_20": 0.29679,
    "ndcg_at_100": 0.48263,
    "ndcg_at_200": 0.53324,
    "ndcg_at_300": 0.53878,
    "ndcg_at_500": 0.54035,
    "ndcg_at_1000": 0.54212,
    "map_at_1": 0.03231,
    "map_at_3": 0.07436,
    "map_at_5": 0.10213,
    "map_at_10": 0.14289,
    "map_at_20": 0.16239,
    "map_at_100": 0.21827,
    "map_at_200": 0.22893,
    "map_at_300": 0.22963,
    "map_at_500": 0.22978,
    "map_at_1000": 0.22988,
    "recall_at_1": 0.03231,
    "recall_at_3": 0.08769,
    "recall_at_5": 0.14,
    "recall_at_10": 0.22769,
    "recall_at_20": 0.31077,
    "recall_at_100": 0.79538,
    "recall_at_200": 0.95538,
    "recall_at_300": 0.97538,
    "recall_at_500": 0.98154,
    "recall_at_1000": 0.98923,
    "precision_at_1": 0.32308,
    "precision_at_3": 0.29231,
    "precision_at_5": 0.28,
    "precision_at_10": 0.22769,
    "precision_at_20": 0.15538,
    "precision_at_100": 0.07954,
    "precision_at_200": 0.04777,
    "precision_at_300": 0.03251,
    "precision_at_500": 0.01963,
    "precision_at_1000": 0.00989,
    "mrr_at_1": 0.32308,
    "mrr_at_3": 0.4,
    "mrr_at_5": 0.44385,
    "mrr_at_10": 0.46271,
    "mrr_at_20": 0.47095,
    "mrr_at_100": 0.47299,
    "mrr_at_200": 0.47299,
    "mrr_at_300": 0.47299,
    "mrr_at_500": 0.47299,
    "mrr_at_1000": 0.47299,
    "rc_at_1": {
        "relevant": 0.32308,
        "distractor": 0.67692
    },
    "rc_at_3": {
        "relevant": 0.87692,
        "distractor": 2.12308
    },
    "rc_at_5": {
        "relevant": 1.4,
        "distractor": 3.58462
    },
    "rc_at_10": {
        "relevant": 2.27692,
        "distractor": 7.66154
    },
    "rc_at_20": {
        "relevant": 3.10769,
        "distractor": 16.73846
    },
    "rc_at_100": {
        "relevant": 7.95385,
        "distractor": 84.26154
    },
    "rc_at_200": {
        "relevant": 9.55385,
        "distractor": 95.18462
    },
    "rc_at_300": {
        "relevant": 9.75385,
        "distractor": 96.70769
    },
    "rc_at_500": {
        "relevant": 9.81538,
        "distractor": 97.46154
    },
    "rc_at_1000": {
        "relevant": 9.89231,
        "distractor": 98.10769
    }
}