{
    "ndcg_at_1": 0.041,
    "ndcg_at_3": 0.0337,
    "ndcg_at_5": 0.03001,
    "ndcg_at_10": 0.03664,
    "ndcg_at_20": 0.04411,
    "ndcg_at_100": 0.06614,
    "ndcg_at_200": 0.07734,
    "ndcg_at_300": 0.08479,
    "ndcg_at_500": 0.09467,
    "ndcg_at_1000": 0.11005,
    "map_at_1": 0.0083,
    "map_at_3": 0.0146,
    "map_at_5": 0.01702,
    "map_at_10": 0.01919,
    "map_at_20": 0.02079,
    "map_at_100": 0.02346,
    "map_at_200": 0.02405,
    "map_at_300": 0.02433,
    "map_at_500": 0.02462,
    "map_at_1000": 0.02491,
    "recall_at_1": 0.0083,
    "recall_at_3": 0.01915,
    "recall_at_5": 0.02685,
    "recall_at_10": 0.0391,
    "recall_at_20": 0.05693,
    "recall_at_100": 0.12947,
    "recall_at_200": 0.17738,
    "recall_at_300": 0.21247,
    "recall_at_500": 0.26288,
    "recall_at_1000": 0.34913,
    "precision_at_1": 0.041,
    "precision_at_3": 0.03133,
    "precision_at_5": 0.0264,
    "precision_at_10": 0.0192,
    "precision_at_20": 0.01395,
    "precision_at_100": 0.00637,
    "precision_at_200": 0.00436,
    "precision_at_300": 0.00349,
    "precision_at_500": 0.00259,
    "precision_at_1000": 0.00172,
    "mrr_at_1": 0.041,
    "mrr_at_3": 0.05717,
    "mrr_at_5": 0.06382,
    "mrr_at_10": 0.06954,
    "mrr_at_20": 0.07372,
    "mrr_at_100": 0.0785,
    "mrr_at_200": 0.07931,
    "mrr_at_300": 0.0796,
    "mrr_at_500": 0.0798,
    "mrr_at_1000": 0.07997
}