{
    "ndcg_at_1": 0.30909,
    "ndcg_at_3": 0.30482,
    "ndcg_at_5": 0.27522,
    "ndcg_at_10": 0.21856,
    "ndcg_at_20": 0.28506,
    "ndcg_at_100": 0.45674,
    "ndcg_at_200": 0.49588,
    "ndcg_at_300": 0.50197,
    "ndcg_at_500": 0.50893,
    "ndcg_at_1000": 0.51489,
    "map_at_1": 0.03091,
    "map_at_3": 0.07485,
    "map_at_5": 0.09803,
    "map_at_10": 0.1169,
    "map_at_20": 0.14657,
    "map_at_100": 0.20494,
    "map_at_200": 0.21242,
    "map_at_300": 0.21314,
    "map_at_500": 0.21368,
    "map_at_1000": 0.21396,
    "recall_at_1": 0.03091,
    "recall_at_3": 0.09091,
    "recall_at_5": 0.13091,
    "recall_at_10": 0.18727,
    "recall_at_20": 0.30909,
    "recall_at_100": 0.73455,
    "recall_at_200": 0.86,
    "recall_at_300": 0.88182,
    "recall_at_500": 0.90909,
    "recall_at_1000": 0.93455,
    "precision_at_1": 0.30909,
    "precision_at_3": 0.30303,
    "precision_at_5": 0.26182,
    "precision_at_10": 0.18727,
    "precision_at_20": 0.15455,
    "precision_at_100": 0.07345,
    "precision_at_200": 0.043,
    "precision_at_300": 0.02939,
    "precision_at_500": 0.01818,
    "precision_at_1000": 0.00935,
    "mrr_at_1": 0.30909,
    "mrr_at_3": 0.41515,
    "mrr_at_5": 0.43879,
    "mrr_at_10": 0.4604,
    "mrr_at_20": 0.4686,
    "mrr_at_100": 0.47055,
    "mrr_at_200": 0.47055,
    "mrr_at_300": 0.47064,
    "mrr_at_500": 0.47064,
    "mrr_at_1000": 0.47064,
    "rc_at_1": {
        "relevant": 0.30909,
        "distractor": 0.67273
    },
    "rc_at_3": {
        "relevant": 0.90909,
        "distractor": 2.03636
    },
    "rc_at_5": {
        "relevant": 1.30909,
        "distractor": 3.58182
    },
    "rc_at_10": {
        "relevant": 1.87273,
        "distractor": 7.76364
    },
    "rc_at_20": {
        "relevant": 3.09091,
        "distractor": 15.98182
    },
    "rc_at_100": {
        "relevant": 7.34545,
        "distractor": 63.45455
    },
    "rc_at_200": {
        "relevant": 8.6,
        "distractor": 75.76364
    },
    "rc_at_300": {
        "relevant": 8.81818,
        "distractor": 80.0
    },
    "rc_at_500": {
        "relevant": 9.09091,
        "distractor": 84.0
    },
    "rc_at_1000": {
        "relevant": 9.34545,
        "distractor": 88.4
    }
}