{
    "ndcg_at_1": 0.30909,
    "ndcg_at_3": 0.26846,
    "ndcg_at_5": 0.24471,
    "ndcg_at_10": 0.19612,
    "ndcg_at_20": 0.23093,
    "ndcg_at_100": 0.32449,
    "ndcg_at_200": 0.35142,
    "ndcg_at_300": 0.36352,
    "ndcg_at_500": 0.37525,
    "ndcg_at_1000": 0.38539,
    "map_at_1": 0.03091,
    "map_at_3": 0.06515,
    "map_at_5": 0.0867,
    "map_at_10": 0.10355,
    "map_at_20": 0.11932,
    "map_at_100": 0.14571,
    "map_at_200": 0.14912,
    "map_at_300": 0.15025,
    "map_at_500": 0.15109,
    "map_at_1000": 0.15149,
    "recall_at_1": 0.03091,
    "recall_at_3": 0.07636,
    "recall_at_5": 0.11273,
    "recall_at_10": 0.16545,
    "recall_at_20": 0.22909,
    "recall_at_100": 0.46,
    "recall_at_200": 0.54727,
    "recall_at_300": 0.59091,
    "recall_at_500": 0.63636,
    "recall_at_1000": 0.68,
    "precision_at_1": 0.30909,
    "precision_at_3": 0.25455,
    "precision_at_5": 0.22545,
    "precision_at_10": 0.16545,
    "precision_at_20": 0.11455,
    "precision_at_100": 0.046,
    "precision_at_200": 0.02736,
    "precision_at_300": 0.0197,
    "precision_at_500": 0.01273,
    "precision_at_1000": 0.0068,
    "mrr_at_1": 0.30909,
    "mrr_at_3": 0.39091,
    "mrr_at_5": 0.40818,
    "mrr_at_10": 0.43565,
    "mrr_at_20": 0.43807,
    "mrr_at_100": 0.44112,
    "mrr_at_200": 0.44142,
    "mrr_at_300": 0.44142,
    "mrr_at_500": 0.44146,
    "mrr_at_1000": 0.44146,
    "rc_at_1": {
        "relevant": 0.30909,
        "distractor": 0.58182
    },
    "rc_at_3": {
        "relevant": 0.76364,
        "distractor": 1.69091
    },
    "rc_at_5": {
        "relevant": 1.12727,
        "distractor": 2.67273
    },
    "rc_at_10": {
        "relevant": 1.65455,
        "distractor": 5.70909
    },
    "rc_at_20": {
        "relevant": 2.29091,
        "distractor": 10.49091
    },
    "rc_at_100": {
        "relevant": 4.6,
        "distractor": 29.07273
    },
    "rc_at_200": {
        "relevant": 5.47273,
        "distractor": 38.4
    },
    "rc_at_300": {
        "relevant": 5.90909,
        "distractor": 42.94545
    },
    "rc_at_500": {
        "relevant": 6.36364,
        "distractor": 48.61818
    },
    "rc_at_1000": {
        "relevant": 6.8,
        "distractor": 55.65455
    }
}