{
    "ndcg_at_1": 0.27273,
    "ndcg_at_3": 0.23525,
    "ndcg_at_5": 0.20265,
    "ndcg_at_10": 0.15163,
    "ndcg_at_20": 0.17004,
    "ndcg_at_100": 0.21779,
    "ndcg_at_200": 0.24171,
    "ndcg_at_300": 0.25328,
    "ndcg_at_500": 0.26396,
    "ndcg_at_1000": 0.28115,
    "map_at_1": 0.02727,
    "map_at_3": 0.05606,
    "map_at_5": 0.07179,
    "map_at_10": 0.08323,
    "map_at_20": 0.0905,
    "map_at_100": 0.09887,
    "map_at_200": 0.10154,
    "map_at_300": 0.10228,
    "map_at_500": 0.10289,
    "map_at_1000": 0.10341,
    "recall_at_1": 0.02727,
    "recall_at_3": 0.06727,
    "recall_at_5": 0.09091,
    "recall_at_10": 0.12,
    "recall_at_20": 0.15273,
    "recall_at_100": 0.27455,
    "recall_at_200": 0.35273,
    "recall_at_300": 0.39455,
    "recall_at_500": 0.43636,
    "recall_at_1000": 0.51091,
    "precision_at_1": 0.27273,
    "precision_at_3": 0.22424,
    "precision_at_5": 0.18182,
    "precision_at_10": 0.12,
    "precision_at_20": 0.07636,
    "precision_at_100": 0.02745,
    "precision_at_200": 0.01764,
    "precision_at_300": 0.01315,
    "precision_at_500": 0.00873,
    "precision_at_1000": 0.00511,
    "mrr_at_1": 0.27273,
    "mrr_at_3": 0.34848,
    "mrr_at_5": 0.35303,
    "mrr_at_10": 0.35992,
    "mrr_at_20": 0.3686,
    "mrr_at_100": 0.37366,
    "mrr_at_200": 0.37395,
    "mrr_at_300": 0.37415,
    "mrr_at_500": 0.37415,
    "mrr_at_1000": 0.37419,
    "rc_at_1": {
        "relevant": 0.27273,
        "distractor": 0.34545
    },
    "rc_at_3": {
        "relevant": 0.67273,
        "distractor": 0.96364
    },
    "rc_at_5": {
        "relevant": 0.90909,
        "distractor": 1.50909
    },
    "rc_at_10": {
        "relevant": 1.2,
        "distractor": 3.01818
    },
    "rc_at_20": {
        "relevant": 1.52727,
        "distractor": 5.18182
    },
    "rc_at_100": {
        "relevant": 2.74545,
        "distractor": 13.36364
    },
    "rc_at_200": {
        "relevant": 3.52727,
        "distractor": 18.76364
    },
    "rc_at_300": {
        "relevant": 3.94545,
        "distractor": 22.34545
    },
    "rc_at_500": {
        "relevant": 4.36364,
        "distractor": 27.14545
    },
    "rc_at_1000": {
        "relevant": 5.10909,
        "distractor": 33.96364
    }
}