{
    "ndcg_at_1": 0.22201,
    "ndcg_at_3": 0.2626,
    "ndcg_at_5": 0.29037,
    "ndcg_at_10": 0.32143,
    "ndcg_at_20": 0.34477,
    "ndcg_at_100": 0.37978,
    "ndcg_at_200": 0.39164,
    "ndcg_at_300": 0.39588,
    "ndcg_at_500": 0.40131,
    "ndcg_at_1000": 0.40672,
    "map_at_1": 0.18837,
    "map_at_3": 0.23648,
    "map_at_5": 0.25353,
    "map_at_10": 0.26789,
    "map_at_20": 0.27491,
    "map_at_100": 0.2803,
    "map_at_200": 0.2811,
    "map_at_300": 0.28129,
    "map_at_500": 0.28144,
    "map_at_1000": 0.28154,
    "recall_at_1": 0.18837,
    "recall_at_3": 0.29302,
    "recall_at_5": 0.36146,
    "recall_at_10": 0.45321,
    "recall_at_20": 0.53699,
    "recall_at_100": 0.70597,
    "recall_at_200": 0.78056,
    "recall_at_300": 0.80978,
    "recall_at_500": 0.85105,
    "recall_at_1000": 0.89482,
    "precision_at_1": 0.22201,
    "precision_at_3": 0.11971,
    "precision_at_5": 0.09104,
    "precision_at_10": 0.05849,
    "precision_at_20": 0.03573,
    "precision_at_100": 0.01004,
    "precision_at_200": 0.00567,
    "precision_at_300": 0.00396,
    "precision_at_500": 0.00253,
    "precision_at_1000": 0.00135,
    "mrr_at_1": 0.22201,
    "mrr_at_3": 0.27285,
    "mrr_at_5": 0.29002,
    "mrr_at_10": 0.30229,
    "mrr_at_20": 0.30847,
    "mrr_at_100": 0.31276,
    "mrr_at_200": 0.31323,
    "mrr_at_300": 0.31333,
    "mrr_at_500": 0.31342,
    "mrr_at_1000": 0.31348
}