{
    "ndcg_at_1": 0.23616,
    "ndcg_at_3": 0.29329,
    "ndcg_at_5": 0.31779,
    "ndcg_at_10": 0.34866,
    "ndcg_at_20": 0.3711,
    "ndcg_at_100": 0.40443,
    "ndcg_at_200": 0.41164,
    "ndcg_at_300": 0.41636,
    "ndcg_at_500": 0.42198,
    "ndcg_at_1000": 0.42647,
    "map_at_1": 0.21969,
    "map_at_3": 0.27128,
    "map_at_5": 0.2856,
    "map_at_10": 0.29892,
    "map_at_20": 0.3053,
    "map_at_100": 0.31016,
    "map_at_200": 0.3106,
    "map_at_300": 0.31078,
    "map_at_500": 0.31093,
    "map_at_1000": 0.311,
    "recall_at_1": 0.21969,
    "recall_at_3": 0.33674,
    "recall_at_5": 0.39404,
    "recall_at_10": 0.48637,
    "recall_at_20": 0.57121,
    "recall_at_100": 0.74339,
    "recall_at_200": 0.79085,
    "recall_at_300": 0.82626,
    "recall_at_500": 0.87116,
    "recall_at_1000": 0.91135,
    "precision_at_1": 0.23616,
    "precision_at_3": 0.12467,
    "precision_at_5": 0.08994,
    "precision_at_10": 0.05593,
    "precision_at_20": 0.03328,
    "precision_at_100": 0.00884,
    "precision_at_200": 0.00476,
    "precision_at_300": 0.00333,
    "precision_at_500": 0.00212,
    "precision_at_1000": 0.00112,
    "mrr_at_1": 0.23616,
    "mrr_at_3": 0.28889,
    "mrr_at_5": 0.30347,
    "mrr_at_10": 0.3161,
    "mrr_at_20": 0.3221,
    "mrr_at_100": 0.3262,
    "mrr_at_200": 0.32651,
    "mrr_at_300": 0.32663,
    "mrr_at_500": 0.32675,
    "mrr_at_1000": 0.3268
}