{
    "ndcg_at_1": 0.20382,
    "ndcg_at_3": 0.23451,
    "ndcg_at_5": 0.25309,
    "ndcg_at_10": 0.27368,
    "ndcg_at_20": 0.2915,
    "ndcg_at_100": 0.32399,
    "ndcg_at_200": 0.33629,
    "ndcg_at_300": 0.34142,
    "ndcg_at_500": 0.34825,
    "ndcg_at_1000": 0.35611,
    "map_at_1": 0.16438,
    "map_at_3": 0.20675,
    "map_at_5": 0.2197,
    "map_at_10": 0.23019,
    "map_at_20": 0.23623,
    "map_at_100": 0.24182,
    "map_at_200": 0.24269,
    "map_at_300": 0.24293,
    "map_at_500": 0.24317,
    "map_at_1000": 0.24336,
    "recall_at_1": 0.16438,
    "recall_at_3": 0.24916,
    "recall_at_5": 0.2979,
    "recall_at_10": 0.35869,
    "recall_at_20": 0.42395,
    "recall_at_100": 0.58104,
    "recall_at_200": 0.65583,
    "recall_at_300": 0.68983,
    "recall_at_500": 0.73824,
    "recall_at_1000": 0.79743,
    "precision_at_1": 0.20382,
    "precision_at_3": 0.11359,
    "precision_at_5": 0.08471,
    "precision_at_10": 0.05503,
    "precision_at_20": 0.03455,
    "precision_at_100": 0.01061,
    "precision_at_200": 0.00618,
    "precision_at_300": 0.00442,
    "precision_at_500": 0.00292,
    "precision_at_1000": 0.00166,
    "mrr_at_1": 0.20382,
    "mrr_at_3": 0.24724,
    "mrr_at_5": 0.26011,
    "mrr_at_10": 0.26961,
    "mrr_at_20": 0.27445,
    "mrr_at_100": 0.2781,
    "mrr_at_200": 0.27862,
    "mrr_at_300": 0.27875,
    "mrr_at_500": 0.27886,
    "mrr_at_1000": 0.27893
}