{
    "ndcg_at_1": 0.06481,
    "ndcg_at_3": 0.06219,
    "ndcg_at_5": 0.06417,
    "ndcg_at_10": 0.07581,
    "ndcg_at_20": 0.08502,
    "ndcg_at_100": 0.11388,
    "ndcg_at_200": 0.12521,
    "ndcg_at_300": 0.13233,
    "ndcg_at_500": 0.1424,
    "ndcg_at_1000": 0.15439,
    "map_at_1": 0.0342,
    "map_at_3": 0.04581,
    "map_at_5": 0.04812,
    "map_at_10": 0.05347,
    "map_at_20": 0.05613,
    "map_at_100": 0.05981,
    "map_at_200": 0.06044,
    "map_at_300": 0.06072,
    "map_at_500": 0.06101,
    "map_at_1000": 0.06122,
    "recall_at_1": 0.0342,
    "recall_at_3": 0.05775,
    "recall_at_5": 0.06839,
    "recall_at_10": 0.09945,
    "recall_at_20": 0.128,
    "recall_at_100": 0.25572,
    "recall_at_200": 0.31963,
    "recall_at_300": 0.36094,
    "recall_at_500": 0.42692,
    "recall_at_1000": 0.51436,
    "precision_at_1": 0.06481,
    "precision_at_3": 0.04115,
    "precision_at_5": 0.03056,
    "precision_at_10": 0.02315,
    "precision_at_20": 0.01512,
    "precision_at_100": 0.0061,
    "precision_at_200": 0.00385,
    "precision_at_300": 0.00298,
    "precision_at_500": 0.00215,
    "precision_at_1000": 0.00131,
    "mrr_at_1": 0.06327,
    "mrr_at_3": 0.08359,
    "mrr_at_5": 0.09046,
    "mrr_at_10": 0.09616,
    "mrr_at_20": 0.09966,
    "mrr_at_100": 0.10419,
    "mrr_at_200": 0.10479,
    "mrr_at_300": 0.105,
    "mrr_at_500": 0.10515,
    "mrr_at_1000": 0.10529
}