{
    "ndcg_at_1": 0.18182,
    "ndcg_at_3": 0.11651,
    "ndcg_at_5": 0.09694,
    "ndcg_at_10": 0.08327,
    "ndcg_at_20": 0.09963,
    "ndcg_at_100": 0.14913,
    "ndcg_at_200": 0.1693,
    "ndcg_at_300": 0.17987,
    "ndcg_at_500": 0.19,
    "ndcg_at_1000": 0.20528,
    "map_at_1": 0.01818,
    "map_at_3": 0.02636,
    "map_at_5": 0.03209,
    "map_at_10": 0.04103,
    "map_at_20": 0.04749,
    "map_at_100": 0.05452,
    "map_at_200": 0.05629,
    "map_at_300": 0.057,
    "map_at_500": 0.0575,
    "map_at_1000": 0.058,
    "recall_at_1": 0.01818,
    "recall_at_3": 0.02909,
    "recall_at_5": 0.03818,
    "recall_at_10": 0.06727,
    "recall_at_20": 0.09636,
    "recall_at_100": 0.22182,
    "recall_at_200": 0.28727,
    "recall_at_300": 0.32545,
    "recall_at_500": 0.36545,
    "recall_at_1000": 0.43091,
    "precision_at_1": 0.18182,
    "precision_at_3": 0.09697,
    "precision_at_5": 0.07636,
    "precision_at_10": 0.06727,
    "precision_at_20": 0.04818,
    "precision_at_100": 0.02218,
    "precision_at_200": 0.01436,
    "precision_at_300": 0.01085,
    "precision_at_500": 0.00731,
    "precision_at_1000": 0.00431,
    "mrr_at_1": 0.18182,
    "mrr_at_3": 0.20909,
    "mrr_at_5": 0.21364,
    "mrr_at_10": 0.23022,
    "mrr_at_20": 0.23409,
    "mrr_at_100": 0.24244,
    "mrr_at_200": 0.24318,
    "mrr_at_300": 0.24331,
    "mrr_at_500": 0.24335,
    "mrr_at_1000": 0.24341,
    "rc_at_1": {
        "relevant": 0.18182,
        "distractor": 0.2
    },
    "rc_at_3": {
        "relevant": 0.29091,
        "distractor": 0.8
    },
    "rc_at_5": {
        "relevant": 0.38182,
        "distractor": 1.36364
    },
    "rc_at_10": {
        "relevant": 0.67273,
        "distractor": 2.54545
    },
    "rc_at_20": {
        "relevant": 0.96364,
        "distractor": 4.12727
    },
    "rc_at_100": {
        "relevant": 2.21818,
        "distractor": 11.43636
    },
    "rc_at_200": {
        "relevant": 2.87273,
        "distractor": 15.74545
    },
    "rc_at_300": {
        "relevant": 3.25455,
        "distractor": 18.2
    },
    "rc_at_500": {
        "relevant": 3.65455,
        "distractor": 21.76364
    },
    "rc_at_1000": {
        "relevant": 4.30909,
        "distractor": 27.65455
    }
}