{
    "ndcg_at_1": 0.25455,
    "ndcg_at_3": 0.19553,
    "ndcg_at_5": 0.1843,
    "ndcg_at_10": 0.17001,
    "ndcg_at_20": 0.22247,
    "ndcg_at_100": 0.34559,
    "ndcg_at_200": 0.37379,
    "ndcg_at_300": 0.38992,
    "ndcg_at_500": 0.40547,
    "ndcg_at_1000": 0.42246,
    "map_at_1": 0.02545,
    "map_at_3": 0.04333,
    "map_at_5": 0.05806,
    "map_at_10": 0.08344,
    "map_at_20": 0.10247,
    "map_at_100": 0.13982,
    "map_at_200": 0.1446,
    "map_at_300": 0.14607,
    "map_at_500": 0.14726,
    "map_at_1000": 0.1481,
    "recall_at_1": 0.02545,
    "recall_at_3": 0.05455,
    "recall_at_5": 0.08545,
    "recall_at_10": 0.15636,
    "recall_at_20": 0.25091,
    "recall_at_100": 0.55455,
    "recall_at_200": 0.64545,
    "recall_at_300": 0.70364,
    "recall_at_500": 0.76364,
    "recall_at_1000": 0.83636,
    "precision_at_1": 0.25455,
    "precision_at_3": 0.18182,
    "precision_at_5": 0.17091,
    "precision_at_10": 0.15636,
    "precision_at_20": 0.12545,
    "precision_at_100": 0.05545,
    "precision_at_200": 0.03227,
    "precision_at_300": 0.02345,
    "precision_at_500": 0.01527,
    "precision_at_1000": 0.00836,
    "mrr_at_1": 0.25455,
    "mrr_at_3": 0.31818,
    "mrr_at_5": 0.34273,
    "mrr_at_10": 0.36507,
    "mrr_at_20": 0.37741,
    "mrr_at_100": 0.38036,
    "mrr_at_200": 0.38036,
    "mrr_at_300": 0.38053,
    "mrr_at_500": 0.38053,
    "mrr_at_1000": 0.38053,
    "rc_at_1": {
        "relevant": 0.25455,
        "distractor": 0.67273
    },
    "rc_at_3": {
        "relevant": 0.54545,
        "distractor": 2.05455
    },
    "rc_at_5": {
        "relevant": 0.85455,
        "distractor": 3.4
    },
    "rc_at_10": {
        "relevant": 1.56364,
        "distractor": 6.72727
    },
    "rc_at_20": {
        "relevant": 2.50909,
        "distractor": 12.72727
    },
    "rc_at_100": {
        "relevant": 5.54545,
        "distractor": 41.12727
    },
    "rc_at_200": {
        "relevant": 6.45455,
        "distractor": 52.90909
    },
    "rc_at_300": {
        "relevant": 7.03636,
        "distractor": 59.0
    },
    "rc_at_500": {
        "relevant": 7.63636,
        "distractor": 66.58182
    },
    "rc_at_1000": {
        "relevant": 8.36364,
        "distractor": 75.72727
    }
}