{
    "ndcg_at_1": 0.25455,
    "ndcg_at_3": 0.15917,
    "ndcg_at_5": 0.15271,
    "ndcg_at_10": 0.13394,
    "ndcg_at_20": 0.17647,
    "ndcg_at_100": 0.25941,
    "ndcg_at_200": 0.27963,
    "ndcg_at_300": 0.29131,
    "ndcg_at_500": 0.30247,
    "ndcg_at_1000": 0.31892,
    "map_at_1": 0.02545,
    "map_at_3": 0.03636,
    "map_at_5": 0.04882,
    "map_at_10": 0.06414,
    "map_at_20": 0.07949,
    "map_at_100": 0.09859,
    "map_at_200": 0.10143,
    "map_at_300": 0.10246,
    "map_at_500": 0.10316,
    "map_at_1000": 0.10382,
    "recall_at_1": 0.02545,
    "recall_at_3": 0.04,
    "recall_at_5": 0.06727,
    "recall_at_10": 0.11636,
    "recall_at_20": 0.19273,
    "recall_at_100": 0.40182,
    "recall_at_200": 0.46727,
    "recall_at_300": 0.50909,
    "recall_at_500": 0.55273,
    "recall_at_1000": 0.62364,
    "precision_at_1": 0.25455,
    "precision_at_3": 0.13333,
    "precision_at_5": 0.13455,
    "precision_at_10": 0.11636,
    "precision_at_20": 0.09636,
    "precision_at_100": 0.04018,
    "precision_at_200": 0.02336,
    "precision_at_300": 0.01697,
    "precision_at_500": 0.01105,
    "precision_at_1000": 0.00624,
    "mrr_at_1": 0.25455,
    "mrr_at_3": 0.27879,
    "mrr_at_5": 0.30333,
    "mrr_at_10": 0.32416,
    "mrr_at_20": 0.33729,
    "mrr_at_100": 0.34217,
    "mrr_at_200": 0.34217,
    "mrr_at_300": 0.34225,
    "mrr_at_500": 0.34225,
    "mrr_at_1000": 0.34225,
    "rc_at_1": {
        "relevant": 0.25455,
        "distractor": 0.41818
    },
    "rc_at_3": {
        "relevant": 0.4,
        "distractor": 1.56364
    },
    "rc_at_5": {
        "relevant": 0.67273,
        "distractor": 2.54545
    },
    "rc_at_10": {
        "relevant": 1.16364,
        "distractor": 4.87273
    },
    "rc_at_20": {
        "relevant": 1.92727,
        "distractor": 8.61818
    },
    "rc_at_100": {
        "relevant": 4.03636,
        "distractor": 23.87273
    },
    "rc_at_200": {
        "relevant": 4.67273,
        "distractor": 31.36364
    },
    "rc_at_300": {
        "relevant": 5.09091,
        "distractor": 35.69091
    },
    "rc_at_500": {
        "relevant": 5.52727,
        "distractor": 40.83636
    },
    "rc_at_1000": {
        "relevant": 6.23636,
        "distractor": 48.56364
    }
}