{
    "ndcg_at_1": 0.23195,
    "ndcg_at_3": 0.27137,
    "ndcg_at_5": 0.29098,
    "ndcg_at_10": 0.31196,
    "ndcg_at_20": 0.32911,
    "ndcg_at_100": 0.36178,
    "ndcg_at_200": 0.37295,
    "ndcg_at_300": 0.37993,
    "ndcg_at_500": 0.38769,
    "ndcg_at_1000": 0.39431,
    "map_at_1": 0.18857,
    "map_at_3": 0.24009,
    "map_at_5": 0.25407,
    "map_at_10": 0.26408,
    "map_at_20": 0.26924,
    "map_at_100": 0.27438,
    "map_at_200": 0.27508,
    "map_at_300": 0.27539,
    "map_at_500": 0.27563,
    "map_at_1000": 0.27578,
    "recall_at_1": 0.18857,
    "recall_at_3": 0.2969,
    "recall_at_5": 0.34901,
    "recall_at_10": 0.41211,
    "recall_at_20": 0.47383,
    "recall_at_100": 0.63058,
    "recall_at_200": 0.69997,
    "recall_at_300": 0.74633,
    "recall_at_500": 0.80456,
    "recall_at_1000": 0.85603,
    "precision_at_1": 0.23195,
    "precision_at_3": 0.13122,
    "precision_at_5": 0.09432,
    "precision_at_10": 0.05756,
    "precision_at_20": 0.03393,
    "precision_at_100": 0.00963,
    "precision_at_200": 0.00552,
    "precision_at_300": 0.00403,
    "precision_at_500": 0.00265,
    "precision_at_1000": 0.00146,
    "mrr_at_1": 0.23195,
    "mrr_at_3": 0.28425,
    "mrr_at_5": 0.29844,
    "mrr_at_10": 0.30789,
    "mrr_at_20": 0.31239,
    "mrr_at_100": 0.31646,
    "mrr_at_200": 0.3169,
    "mrr_at_300": 0.31708,
    "mrr_at_500": 0.31722,
    "mrr_at_1000": 0.31727
}