{
    "ndcg_at_1": 0.4644,
    "ndcg_at_3": 0.41672,
    "ndcg_at_5": 0.38924,
    "ndcg_at_10": 0.35674,
    "ndcg_at_20": 0.33598,
    "ndcg_at_100": 0.33024,
    "ndcg_at_200": 0.34813,
    "ndcg_at_300": 0.3612,
    "ndcg_at_500": 0.38226,
    "ndcg_at_1000": 0.41807,
    "map_at_1": 0.0604,
    "map_at_3": 0.09875,
    "map_at_5": 0.11384,
    "map_at_10": 0.13405,
    "map_at_20": 0.15029,
    "map_at_100": 0.16992,
    "map_at_200": 0.17569,
    "map_at_300": 0.17837,
    "map_at_500": 0.18134,
    "map_at_1000": 0.18491,
    "recall_at_1": 0.0604,
    "recall_at_3": 0.10875,
    "recall_at_5": 0.13192,
    "recall_at_10": 0.1753,
    "recall_at_20": 0.21856,
    "recall_at_100": 0.33759,
    "recall_at_200": 0.41144,
    "recall_at_300": 0.45991,
    "recall_at_500": 0.53435,
    "recall_at_1000": 0.65595,
    "precision_at_1": 0.47988,
    "precision_at_3": 0.39216,
    "precision_at_5": 0.3356,
    "precision_at_10": 0.26316,
    "precision_at_20": 0.19799,
    "precision_at_100": 0.08322,
    "precision_at_200": 0.05542,
    "precision_at_300": 0.04343,
    "precision_at_500": 0.03187,
    "precision_at_1000": 0.02124,
    "mrr_at_1": 0.47988,
    "mrr_at_3": 0.5418,
    "mrr_at_5": 0.55341,
    "mrr_at_10": 0.56222,
    "mrr_at_20": 0.56506,
    "mrr_at_100": 0.5676,
    "mrr_at_200": 0.5678,
    "mrr_at_300": 0.56786,
    "mrr_at_500": 0.56793,
    "mrr_at_1000": 0.56795
}