{
    "ndcg_at_1": 0.05348,
    "ndcg_at_3": 0.06822,
    "ndcg_at_5": 0.07567,
    "ndcg_at_10": 0.08542,
    "ndcg_at_20": 0.09668,
    "ndcg_at_100": 0.11961,
    "ndcg_at_200": 0.13337,
    "ndcg_at_300": 0.14126,
    "ndcg_at_500": 0.14948,
    "ndcg_at_1000": 0.16198,
    "map_at_1": 0.04079,
    "map_at_3": 0.05778,
    "map_at_5": 0.06209,
    "map_at_10": 0.06625,
    "map_at_20": 0.06927,
    "map_at_100": 0.07227,
    "map_at_200": 0.07303,
    "map_at_300": 0.07332,
    "map_at_500": 0.07352,
    "map_at_1000": 0.07371,
    "recall_at_1": 0.04079,
    "recall_at_3": 0.07975,
    "recall_at_5": 0.09778,
    "recall_at_10": 0.12782,
    "recall_at_20": 0.17074,
    "recall_at_100": 0.2838,
    "recall_at_200": 0.37329,
    "recall_at_300": 0.42973,
    "recall_at_500": 0.49455,
    "recall_at_1000": 0.60109,
    "precision_at_1": 0.05348,
    "precision_at_3": 0.03483,
    "precision_at_5": 0.02587,
    "precision_at_10": 0.01667,
    "precision_at_20": 0.01107,
    "precision_at_100": 0.00399,
    "precision_at_200": 0.0027,
    "precision_at_300": 0.0021,
    "precision_at_500": 0.00146,
    "precision_at_1000": 0.00091,
    "mrr_at_1": 0.05348,
    "mrr_at_3": 0.07483,
    "mrr_at_5": 0.08037,
    "mrr_at_10": 0.08458,
    "mrr_at_20": 0.08787,
    "mrr_at_100": 0.09137,
    "mrr_at_200": 0.09204,
    "mrr_at_300": 0.09227,
    "mrr_at_500": 0.09245,
    "mrr_at_1000": 0.0926
}