{
    "ndcg_at_1": 0.38462,
    "ndcg_at_3": 0.30486,
    "ndcg_at_5": 0.27601,
    "ndcg_at_10": 0.21453,
    "ndcg_at_20": 0.26576,
    "ndcg_at_100": 0.35611,
    "ndcg_at_200": 0.38475,
    "ndcg_at_300": 0.40089,
    "ndcg_at_500": 0.4174,
    "ndcg_at_1000": 0.42704,
    "map_at_1": 0.03846,
    "map_at_3": 0.07308,
    "map_at_5": 0.09354,
    "map_at_10": 0.11188,
    "map_at_20": 0.13688,
    "map_at_100": 0.16196,
    "map_at_200": 0.16619,
    "map_at_300": 0.16768,
    "map_at_500": 0.16884,
    "map_at_1000": 0.16921,
    "recall_at_1": 0.03846,
    "recall_at_3": 0.08462,
    "recall_at_5": 0.12462,
    "recall_at_10": 0.17538,
    "recall_at_20": 0.26769,
    "recall_at_100": 0.49385,
    "recall_at_200": 0.58615,
    "recall_at_300": 0.64462,
    "recall_at_500": 0.70923,
    "recall_at_1000": 0.75077,
    "precision_at_1": 0.38462,
    "precision_at_3": 0.28205,
    "precision_at_5": 0.24923,
    "precision_at_10": 0.17538,
    "precision_at_20": 0.13385,
    "precision_at_100": 0.04938,
    "precision_at_200": 0.02931,
    "precision_at_300": 0.02149,
    "precision_at_500": 0.01418,
    "precision_at_1000": 0.00751,
    "mrr_at_1": 0.38462,
    "mrr_at_3": 0.45385,
    "mrr_at_5": 0.47923,
    "mrr_at_10": 0.49651,
    "mrr_at_20": 0.50133,
    "mrr_at_100": 0.50572,
    "mrr_at_200": 0.50572,
    "mrr_at_300": 0.50572,
    "mrr_at_500": 0.50572,
    "mrr_at_1000": 0.50572,
    "rc_at_1": {
        "relevant": 0.38462,
        "distractor": 0.6
    },
    "rc_at_3": {
        "relevant": 0.84615,
        "distractor": 1.98462
    },
    "rc_at_5": {
        "relevant": 1.24615,
        "distractor": 3.36923
    },
    "rc_at_10": {
        "relevant": 1.75385,
        "distractor": 6.92308
    },
    "rc_at_20": {
        "relevant": 2.67692,
        "distractor": 13.01538
    },
    "rc_at_100": {
        "relevant": 4.93846,
        "distractor": 40.6
    },
    "rc_at_200": {
        "relevant": 5.86154,
        "distractor": 53.12308
    },
    "rc_at_300": {
        "relevant": 6.44615,
        "distractor": 58.41538
    },
    "rc_at_500": {
        "relevant": 7.09231,
        "distractor": 64.75385
    },
    "rc_at_1000": {
        "relevant": 7.50769,
        "distractor": 72.46154
    }
}