{
    "ndcg_at_1": 0.4,
    "ndcg_at_3": 0.3193,
    "ndcg_at_5": 0.2869,
    "ndcg_at_10": 0.2311,
    "ndcg_at_20": 0.30192,
    "ndcg_at_100": 0.50608,
    "ndcg_at_200": 0.55096,
    "ndcg_at_300": 0.55225,
    "ndcg_at_500": 0.55225,
    "ndcg_at_1000": 0.55262,
    "map_at_1": 0.04,
    "map_at_3": 0.07718,
    "map_at_5": 0.09749,
    "map_at_10": 0.12389,
    "map_at_20": 0.15769,
    "map_at_100": 0.22054,
    "map_at_200": 0.23092,
    "map_at_300": 0.23111,
    "map_at_500": 0.23111,
    "map_at_1000": 0.23114,
    "recall_at_1": 0.04,
    "recall_at_3": 0.08923,
    "recall_at_5": 0.12923,
    "recall_at_10": 0.19385,
    "recall_at_20": 0.32154,
    "recall_at_100": 0.85385,
    "recall_at_200": 0.99385,
    "recall_at_300": 0.99846,
    "recall_at_500": 0.99846,
    "recall_at_1000": 1.0,
    "precision_at_1": 0.4,
    "precision_at_3": 0.29744,
    "precision_at_5": 0.25846,
    "precision_at_10": 0.19385,
    "precision_at_20": 0.16077,
    "precision_at_100": 0.08538,
    "precision_at_200": 0.04969,
    "precision_at_300": 0.03328,
    "precision_at_500": 0.01997,
    "precision_at_1000": 0.01,
    "mrr_at_1": 0.4,
    "mrr_at_3": 0.46923,
    "mrr_at_5": 0.49846,
    "mrr_at_10": 0.51281,
    "mrr_at_20": 0.52186,
    "mrr_at_100": 0.52416,
    "mrr_at_200": 0.52416,
    "mrr_at_300": 0.52416,
    "mrr_at_500": 0.52416,
    "mrr_at_1000": 0.52416,
    "rc_at_1": {
        "relevant": 0.4,
        "distractor": 0.6
    },
    "rc_at_3": {
        "relevant": 0.89231,
        "distractor": 2.10769
    },
    "rc_at_5": {
        "relevant": 1.29231,
        "distractor": 3.70769
    },
    "rc_at_10": {
        "relevant": 1.93846,
        "distractor": 8.03077
    },
    "rc_at_20": {
        "relevant": 3.21538,
        "distractor": 16.72308
    },
    "rc_at_100": {
        "relevant": 8.53846,
        "distractor": 87.95385
    },
    "rc_at_200": {
        "relevant": 9.93846,
        "distractor": 97.98462
    },
    "rc_at_300": {
        "relevant": 9.98462,
        "distractor": 98.55385
    },
    "rc_at_500": {
        "relevant": 9.98462,
        "distractor": 99.07692
    },
    "rc_at_1000": {
        "relevant": 10.0,
        "distractor": 99.44615
    }
}