{
    "ndcg_at_1": 0.45455,
    "ndcg_at_3": 0.35064,
    "ndcg_at_5": 0.30648,
    "ndcg_at_10": 0.24813,
    "ndcg_at_20": 0.32202,
    "ndcg_at_100": 0.43488,
    "ndcg_at_200": 0.46317,
    "ndcg_at_300": 0.47774,
    "ndcg_at_500": 0.48796,
    "ndcg_at_1000": 0.49807,
    "map_at_1": 0.04545,
    "map_at_3": 0.08576,
    "map_at_5": 0.10621,
    "map_at_10": 0.1331,
    "map_at_20": 0.16881,
    "map_at_100": 0.20718,
    "map_at_200": 0.21195,
    "map_at_300": 0.21347,
    "map_at_500": 0.21421,
    "map_at_1000": 0.21472,
    "recall_at_1": 0.04545,
    "recall_at_3": 0.09636,
    "recall_at_5": 0.13455,
    "recall_at_10": 0.20364,
    "recall_at_20": 0.33636,
    "recall_at_100": 0.61455,
    "recall_at_200": 0.70545,
    "recall_at_300": 0.75818,
    "recall_at_500": 0.79818,
    "recall_at_1000": 0.84182,
    "precision_at_1": 0.45455,
    "precision_at_3": 0.32121,
    "precision_at_5": 0.26909,
    "precision_at_10": 0.20364,
    "precision_at_20": 0.16818,
    "precision_at_100": 0.06145,
    "precision_at_200": 0.03527,
    "precision_at_300": 0.02527,
    "precision_at_500": 0.01596,
    "precision_at_1000": 0.00842,
    "mrr_at_1": 0.45455,
    "mrr_at_3": 0.51818,
    "mrr_at_5": 0.54273,
    "mrr_at_10": 0.55724,
    "mrr_at_20": 0.5653,
    "mrr_at_100": 0.56633,
    "mrr_at_200": 0.56633,
    "mrr_at_300": 0.56633,
    "mrr_at_500": 0.56638,
    "mrr_at_1000": 0.56638,
    "rc_at_1": {
        "relevant": 0.45455,
        "distractor": 0.50909
    },
    "rc_at_3": {
        "relevant": 0.96364,
        "distractor": 1.98182
    },
    "rc_at_5": {
        "relevant": 1.34545,
        "distractor": 3.49091
    },
    "rc_at_10": {
        "relevant": 2.03636,
        "distractor": 7.47273
    },
    "rc_at_20": {
        "relevant": 3.36364,
        "distractor": 14.32727
    },
    "rc_at_100": {
        "relevant": 6.14545,
        "distractor": 46.23636
    },
    "rc_at_200": {
        "relevant": 7.05455,
        "distractor": 56.56364
    },
    "rc_at_300": {
        "relevant": 7.58182,
        "distractor": 60.89091
    },
    "rc_at_500": {
        "relevant": 7.98182,
        "distractor": 65.58182
    },
    "rc_at_1000": {
        "relevant": 8.41818,
        "distractor": 72.2
    }
}