{
    "ndcg_at_1": 0.50375,
    "ndcg_at_3": 0.42644,
    "ndcg_at_5": 0.40321,
    "ndcg_at_10": 0.38081,
    "ndcg_at_20": 0.37149,
    "ndcg_at_100": 0.41446,
    "ndcg_at_200": 0.44246,
    "ndcg_at_300": 0.45711,
    "ndcg_at_500": 0.47247,
    "ndcg_at_1000": 0.49118,
    "map_at_1": 0.07358,
    "map_at_3": 0.12016,
    "map_at_5": 0.1408,
    "map_at_10": 0.16682,
    "map_at_20": 0.1923,
    "map_at_100": 0.23209,
    "map_at_200": 0.24038,
    "map_at_300": 0.24351,
    "map_at_500": 0.24618,
    "map_at_1000": 0.24849,
    "recall_at_1": 0.07358,
    "recall_at_3": 0.13713,
    "recall_at_5": 0.1736,
    "recall_at_10": 0.22394,
    "recall_at_20": 0.28877,
    "recall_at_100": 0.46791,
    "recall_at_200": 0.5488,
    "recall_at_300": 0.59769,
    "recall_at_500": 0.65075,
    "recall_at_1000": 0.71754,
    "precision_at_1": 0.6175,
    "precision_at_3": 0.46333,
    "precision_at_5": 0.394,
    "precision_at_10": 0.30275,
    "precision_at_20": 0.22637,
    "precision_at_100": 0.0949,
    "precision_at_200": 0.06166,
    "precision_at_300": 0.04678,
    "precision_at_500": 0.03262,
    "precision_at_1000": 0.0197,
    "mrr_at_1": 0.6175,
    "mrr_at_3": 0.68333,
    "mrr_at_5": 0.69571,
    "mrr_at_10": 0.70228,
    "mrr_at_20": 0.70523,
    "mrr_at_100": 0.70678,
    "mrr_at_200": 0.70684,
    "mrr_at_300": 0.70684,
    "mrr_at_500": 0.70685,
    "mrr_at_1000": 0.70686
}