{
    "ndcg_at_1": 0.38017,
    "ndcg_at_3": 0.41854,
    "ndcg_at_5": 0.43862,
    "ndcg_at_10": 0.46592,
    "ndcg_at_20": 0.48444,
    "ndcg_at_100": 0.51799,
    "ndcg_at_200": 0.52598,
    "ndcg_at_300": 0.53029,
    "ndcg_at_500": 0.53417,
    "ndcg_at_1000": 0.53875,
    "map_at_1": 0.30603,
    "map_at_3": 0.3772,
    "map_at_5": 0.39275,
    "map_at_10": 0.40736,
    "map_at_20": 0.41357,
    "map_at_100": 0.41954,
    "map_at_200": 0.42011,
    "map_at_300": 0.42034,
    "map_at_500": 0.4205,
    "map_at_1000": 0.42061,
    "recall_at_1": 0.30603,
    "recall_at_3": 0.44786,
    "recall_at_5": 0.50161,
    "recall_at_10": 0.58332,
    "recall_at_20": 0.64814,
    "recall_at_100": 0.80353,
    "recall_at_200": 0.85171,
    "recall_at_300": 0.87921,
    "recall_at_500": 0.90567,
    "recall_at_1000": 0.94187,
    "precision_at_1": 0.38017,
    "precision_at_3": 0.19602,
    "precision_at_5": 0.13667,
    "precision_at_10": 0.08306,
    "precision_at_20": 0.04755,
    "precision_at_100": 0.0128,
    "precision_at_200": 0.00694,
    "precision_at_300": 0.00488,
    "precision_at_500": 0.00309,
    "precision_at_1000": 0.00164,
    "mrr_at_1": 0.38017,
    "mrr_at_3": 0.44338,
    "mrr_at_5": 0.45642,
    "mrr_at_10": 0.46657,
    "mrr_at_20": 0.47102,
    "mrr_at_100": 0.47442,
    "mrr_at_200": 0.47471,
    "mrr_at_300": 0.4748,
    "mrr_at_500": 0.47485,
    "mrr_at_1000": 0.47489
}