{
    "ndcg_at_1": 0.1841,
    "ndcg_at_3": 0.21745,
    "ndcg_at_5": 0.23433,
    "ndcg_at_10": 0.25751,
    "ndcg_at_20": 0.27409,
    "ndcg_at_100": 0.30537,
    "ndcg_at_200": 0.31584,
    "ndcg_at_300": 0.32191,
    "ndcg_at_500": 0.32907,
    "ndcg_at_1000": 0.33669,
    "map_at_1": 0.15099,
    "map_at_3": 0.19321,
    "map_at_5": 0.20432,
    "map_at_10": 0.21469,
    "map_at_20": 0.21977,
    "map_at_100": 0.22435,
    "map_at_200": 0.22499,
    "map_at_300": 0.22523,
    "map_at_500": 0.22544,
    "map_at_1000": 0.22559,
    "recall_at_1": 0.15099,
    "recall_at_3": 0.23903,
    "recall_at_5": 0.28319,
    "recall_at_10": 0.3521,
    "recall_at_20": 0.41279,
    "recall_at_100": 0.56908,
    "recall_at_200": 0.63542,
    "recall_at_300": 0.67844,
    "recall_at_500": 0.73353,
    "recall_at_1000": 0.79523,
    "precision_at_1": 0.1841,
    "precision_at_3": 0.10381,
    "precision_at_5": 0.07515,
    "precision_at_10": 0.04763,
    "precision_at_20": 0.02856,
    "precision_at_100": 0.0083,
    "precision_at_200": 0.00479,
    "precision_at_300": 0.00345,
    "precision_at_500": 0.00228,
    "precision_at_1000": 0.00128,
    "mrr_at_1": 0.1841,
    "mrr_at_3": 0.22918,
    "mrr_at_5": 0.24062,
    "mrr_at_10": 0.25071,
    "mrr_at_20": 0.25517,
    "mrr_at_100": 0.2591,
    "mrr_at_200": 0.25958,
    "mrr_at_300": 0.25975,
    "mrr_at_500": 0.25988,
    "mrr_at_1000": 0.25995
}