{
    "ndcg_at_1": 0.16996,
    "ndcg_at_3": 0.21027,
    "ndcg_at_5": 0.24083,
    "ndcg_at_10": 0.27014,
    "ndcg_at_20": 0.29571,
    "ndcg_at_100": 0.33802,
    "ndcg_at_200": 0.35398,
    "ndcg_at_300": 0.36013,
    "ndcg_at_500": 0.36565,
    "ndcg_at_1000": 0.37107,
    "map_at_1": 0.1394,
    "map_at_3": 0.18104,
    "map_at_5": 0.20005,
    "map_at_10": 0.21355,
    "map_at_20": 0.22188,
    "map_at_100": 0.22963,
    "map_at_200": 0.23098,
    "map_at_300": 0.23138,
    "map_at_500": 0.23171,
    "map_at_1000": 0.232,
    "recall_at_1": 0.1394,
    "recall_at_3": 0.22845,
    "recall_at_5": 0.3042,
    "recall_at_10": 0.39377,
    "recall_at_20": 0.48955,
    "recall_at_100": 0.6951,
    "recall_at_200": 0.79272,
    "recall_at_300": 0.83264,
    "recall_at_500": 0.86981,
    "recall_at_1000": 0.90412,
    "precision_at_1": 0.16996,
    "precision_at_3": 0.10343,
    "precision_at_5": 0.08498,
    "precision_at_10": 0.05791,
    "precision_at_20": 0.03893,
    "precision_at_100": 0.01342,
    "precision_at_200": 0.00828,
    "precision_at_300": 0.00605,
    "precision_at_500": 0.00404,
    "precision_at_1000": 0.0023,
    "mrr_at_1": 0.16996,
    "mrr_at_3": 0.21706,
    "mrr_at_5": 0.23613,
    "mrr_at_10": 0.25001,
    "mrr_at_20": 0.25715,
    "mrr_at_100": 0.26196,
    "mrr_at_200": 0.26257,
    "mrr_at_300": 0.26269,
    "mrr_at_500": 0.26277,
    "mrr_at_1000": 0.26281
}