{
    "ndcg_at_1": 0.41818,
    "ndcg_at_3": 0.34322,
    "ndcg_at_5": 0.31148,
    "ndcg_at_10": 0.25584,
    "ndcg_at_20": 0.33073,
    "ndcg_at_100": 0.50518,
    "ndcg_at_200": 0.5262,
    "ndcg_at_300": 0.53841,
    "ndcg_at_500": 0.54585,
    "ndcg_at_1000": 0.55092,
    "map_at_1": 0.04182,
    "map_at_3": 0.08242,
    "map_at_5": 0.11006,
    "map_at_10": 0.13867,
    "map_at_20": 0.17409,
    "map_at_100": 0.2339,
    "map_at_200": 0.23797,
    "map_at_300": 0.23943,
    "map_at_500": 0.24005,
    "map_at_1000": 0.24031,
    "recall_at_1": 0.04182,
    "recall_at_3": 0.09636,
    "recall_at_5": 0.14182,
    "recall_at_10": 0.22,
    "recall_at_20": 0.35636,
    "recall_at_100": 0.79636,
    "recall_at_200": 0.86364,
    "recall_at_300": 0.90727,
    "recall_at_500": 0.93636,
    "recall_at_1000": 0.95818,
    "precision_at_1": 0.41818,
    "precision_at_3": 0.32121,
    "precision_at_5": 0.28364,
    "precision_at_10": 0.22,
    "precision_at_20": 0.17818,
    "precision_at_100": 0.07964,
    "precision_at_200": 0.04318,
    "precision_at_300": 0.03024,
    "precision_at_500": 0.01873,
    "precision_at_1000": 0.00958,
    "mrr_at_1": 0.41818,
    "mrr_at_3": 0.50909,
    "mrr_at_5": 0.53,
    "mrr_at_10": 0.54889,
    "mrr_at_20": 0.55266,
    "mrr_at_100": 0.55389,
    "mrr_at_200": 0.55389,
    "mrr_at_300": 0.55389,
    "mrr_at_500": 0.55389,
    "mrr_at_1000": 0.55389,
    "rc_at_1": {
        "relevant": 0.41818,
        "distractor": 0.58182
    },
    "rc_at_3": {
        "relevant": 0.96364,
        "distractor": 2.01818
    },
    "rc_at_5": {
        "relevant": 1.41818,
        "distractor": 3.54545
    },
    "rc_at_10": {
        "relevant": 2.2,
        "distractor": 7.61818
    },
    "rc_at_20": {
        "relevant": 3.56364,
        "distractor": 15.89091
    },
    "rc_at_100": {
        "relevant": 7.96364,
        "distractor": 64.29091
    },
    "rc_at_200": {
        "relevant": 8.63636,
        "distractor": 76.72727
    },
    "rc_at_300": {
        "relevant": 9.07273,
        "distractor": 80.96364
    },
    "rc_at_500": {
        "relevant": 9.36364,
        "distractor": 85.34545
    },
    "rc_at_1000": {
        "relevant": 9.58182,
        "distractor": 90.03636
    }
}