{
    "ndcg_at_1": 0.41818,
    "ndcg_at_3": 0.29924,
    "ndcg_at_5": 0.26484,
    "ndcg_at_10": 0.19894,
    "ndcg_at_20": 0.21826,
    "ndcg_at_100": 0.28912,
    "ndcg_at_200": 0.3094,
    "ndcg_at_300": 0.32004,
    "ndcg_at_500": 0.32749,
    "ndcg_at_1000": 0.34183,
    "map_at_1": 0.04182,
    "map_at_3": 0.07394,
    "map_at_5": 0.09621,
    "map_at_10": 0.11091,
    "map_at_20": 0.11952,
    "map_at_100": 0.13726,
    "map_at_200": 0.13976,
    "map_at_300": 0.14063,
    "map_at_500": 0.14112,
    "map_at_1000": 0.14158,
    "recall_at_1": 0.04182,
    "recall_at_3": 0.08,
    "recall_at_5": 0.11455,
    "recall_at_10": 0.15273,
    "recall_at_20": 0.18727,
    "recall_at_100": 0.36182,
    "recall_at_200": 0.42727,
    "recall_at_300": 0.46545,
    "recall_at_500": 0.49455,
    "recall_at_1000": 0.55636,
    "precision_at_1": 0.41818,
    "precision_at_3": 0.26667,
    "precision_at_5": 0.22909,
    "precision_at_10": 0.15273,
    "precision_at_20": 0.09364,
    "precision_at_100": 0.03618,
    "precision_at_200": 0.02136,
    "precision_at_300": 0.01552,
    "precision_at_500": 0.00989,
    "precision_at_1000": 0.00556,
    "mrr_at_1": 0.41818,
    "mrr_at_3": 0.45455,
    "mrr_at_5": 0.47455,
    "mrr_at_10": 0.49258,
    "mrr_at_20": 0.495,
    "mrr_at_100": 0.49787,
    "mrr_at_200": 0.49822,
    "mrr_at_300": 0.49829,
    "mrr_at_500": 0.49829,
    "mrr_at_1000": 0.49833,
    "rc_at_1": {
        "relevant": 0.41818,
        "distractor": 0.4
    },
    "rc_at_3": {
        "relevant": 0.8,
        "distractor": 1.25455
    },
    "rc_at_5": {
        "relevant": 1.14545,
        "distractor": 1.98182
    },
    "rc_at_10": {
        "relevant": 1.52727,
        "distractor": 3.70909
    },
    "rc_at_20": {
        "relevant": 1.87273,
        "distractor": 6.54545
    },
    "rc_at_100": {
        "relevant": 3.61818,
        "distractor": 16.52727
    },
    "rc_at_200": {
        "relevant": 4.27273,
        "distractor": 22.63636
    },
    "rc_at_300": {
        "relevant": 4.65455,
        "distractor": 26.43636
    },
    "rc_at_500": {
        "relevant": 4.94545,
        "distractor": 32.12727
    },
    "rc_at_1000": {
        "relevant": 5.56364,
        "distractor": 38.38182
    }
}