{
    "ndcg_at_1": 0.01538,
    "ndcg_at_3": 0.0281,
    "ndcg_at_5": 0.0266,
    "ndcg_at_10": 0.03168,
    "ndcg_at_20": 0.04235,
    "ndcg_at_100": 0.06809,
    "ndcg_at_200": 0.08383,
    "ndcg_at_300": 0.09321,
    "ndcg_at_500": 0.10663,
    "ndcg_at_1000": 0.12199,
    "map_at_1": 0.00154,
    "map_at_3": 0.00487,
    "map_at_5": 0.00618,
    "map_at_10": 0.01079,
    "map_at_20": 0.01331,
    "map_at_100": 0.01671,
    "map_at_200": 0.018,
    "map_at_300": 0.0184,
    "map_at_500": 0.01899,
    "map_at_1000": 0.01935,
    "recall_at_1": 0.00154,
    "recall_at_3": 0.00923,
    "recall_at_5": 0.01385,
    "recall_at_10": 0.03385,
    "recall_at_20": 0.05231,
    "recall_at_100": 0.11846,
    "recall_at_200": 0.16923,
    "recall_at_300": 0.20308,
    "recall_at_500": 0.25538,
    "recall_at_1000": 0.32154,
    "precision_at_1": 0.01538,
    "precision_at_3": 0.03077,
    "precision_at_5": 0.02769,
    "precision_at_10": 0.03385,
    "precision_at_20": 0.02615,
    "precision_at_100": 0.01185,
    "precision_at_200": 0.00846,
    "precision_at_300": 0.00677,
    "precision_at_500": 0.00511,
    "precision_at_1000": 0.00322,
    "mrr_at_1": 0.01538,
    "mrr_at_3": 0.04872,
    "mrr_at_5": 0.05564,
    "mrr_at_10": 0.0694,
    "mrr_at_20": 0.07488,
    "mrr_at_100": 0.07906,
    "mrr_at_200": 0.07992,
    "mrr_at_300": 0.08038,
    "mrr_at_500": 0.08055,
    "mrr_at_1000": 0.08065,
    "rc_at_1": {
        "relevant": 0.01538,
        "distractor": 0.33846
    },
    "rc_at_3": {
        "relevant": 0.09231,
        "distractor": 0.89231
    },
    "rc_at_5": {
        "relevant": 0.13846,
        "distractor": 1.4
    },
    "rc_at_10": {
        "relevant": 0.33846,
        "distractor": 2.36923
    },
    "rc_at_20": {
        "relevant": 0.52308,
        "distractor": 3.92308
    },
    "rc_at_100": {
        "relevant": 1.18462,
        "distractor": 10.96923
    },
    "rc_at_200": {
        "relevant": 1.69231,
        "distractor": 14.87692
    },
    "rc_at_300": {
        "relevant": 2.03077,
        "distractor": 17.66154
    },
    "rc_at_500": {
        "relevant": 2.55385,
        "distractor": 22.06154
    },
    "rc_at_1000": {
        "relevant": 3.21538,
        "distractor": 27.64615
    }
}