{
    "ndcg_at_1": 0.0,
    "ndcg_at_3": 0.0,
    "ndcg_at_5": 0.0,
    "ndcg_at_10": 0.00121,
    "ndcg_at_20": 0.00298,
    "ndcg_at_100": 0.00702,
    "ndcg_at_200": 0.00981,
    "ndcg_at_300": 0.01156,
    "ndcg_at_500": 0.01434,
    "ndcg_at_1000": 0.0165,
    "map_at_1": 0.0,
    "map_at_3": 0.0,
    "map_at_5": 0.0,
    "map_at_10": 0.00026,
    "map_at_20": 0.00049,
    "map_at_100": 0.00073,
    "map_at_200": 0.00081,
    "map_at_300": 0.00089,
    "map_at_500": 0.00094,
    "map_at_1000": 0.00096,
    "recall_at_1": 0.0,
    "recall_at_3": 0.0,
    "recall_at_5": 0.0,
    "recall_at_10": 0.00154,
    "recall_at_20": 0.00462,
    "recall_at_100": 0.01538,
    "recall_at_200": 0.02462,
    "recall_at_300": 0.03077,
    "recall_at_500": 0.04154,
    "recall_at_1000": 0.05077,
    "precision_at_1": 0.0,
    "precision_at_3": 0.0,
    "precision_at_5": 0.0,
    "precision_at_10": 0.00154,
    "precision_at_20": 0.00231,
    "precision_at_100": 0.00154,
    "precision_at_200": 0.00123,
    "precision_at_300": 0.00103,
    "precision_at_500": 0.00083,
    "precision_at_1000": 0.00051,
    "mrr_at_1": 0.0,
    "mrr_at_3": 0.0,
    "mrr_at_5": 0.0,
    "mrr_at_10": 0.00256,
    "mrr_at_20": 0.00492,
    "mrr_at_100": 0.00633,
    "mrr_at_200": 0.00675,
    "mrr_at_300": 0.00681,
    "mrr_at_500": 0.00693,
    "mrr_at_1000": 0.00701,
    "rc_at_1": {
        "relevant": 0.0,
        "distractor": 0.07692
    },
    "rc_at_3": {
        "relevant": 0.0,
        "distractor": 0.18462
    },
    "rc_at_5": {
        "relevant": 0.0,
        "distractor": 0.29231
    },
    "rc_at_10": {
        "relevant": 0.01538,
        "distractor": 0.49231
    },
    "rc_at_20": {
        "relevant": 0.04615,
        "distractor": 0.61538
    },
    "rc_at_100": {
        "relevant": 0.15385,
        "distractor": 1.32308
    },
    "rc_at_200": {
        "relevant": 0.26154,
        "distractor": 1.96923
    },
    "rc_at_300": {
        "relevant": 0.30769,
        "distractor": 2.26154
    },
    "rc_at_500": {
        "relevant": 0.41538,
        "distractor": 3.16923
    },
    "rc_at_1000": {
        "relevant": 0.50769,
        "distractor": 4.44615
    }
}