{
    "ndcg_at_1": 0.19907,
    "ndcg_at_3": 0.17819,
    "ndcg_at_5": 0.1822,
    "ndcg_at_10": 0.20173,
    "ndcg_at_20": 0.21922,
    "ndcg_at_100": 0.25657,
    "ndcg_at_200": 0.27192,
    "ndcg_at_300": 0.27956,
    "ndcg_at_500": 0.28742,
    "ndcg_at_1000": 0.29711,
    "map_at_1": 0.09001,
    "map_at_3": 0.12696,
    "map_at_5": 0.13733,
    "map_at_10": 0.14918,
    "map_at_20": 0.15476,
    "map_at_100": 0.1609,
    "map_at_200": 0.16192,
    "map_at_300": 0.16225,
    "map_at_500": 0.16253,
    "map_at_1000": 0.16275,
    "recall_at_1": 0.09001,
    "recall_at_3": 0.15613,
    "recall_at_5": 0.18777,
    "recall_at_10": 0.24818,
    "recall_at_20": 0.29968,
    "recall_at_100": 0.46062,
    "recall_at_200": 0.54761,
    "recall_at_300": 0.59454,
    "recall_at_500": 0.64361,
    "recall_at_1000": 0.71264,
    "precision_at_1": 0.19907,
    "precision_at_3": 0.12449,
    "precision_at_5": 0.09228,
    "precision_at_10": 0.0608,
    "precision_at_20": 0.03789,
    "precision_at_100": 0.01162,
    "precision_at_200": 0.00686,
    "precision_at_300": 0.00498,
    "precision_at_500": 0.0033,
    "precision_at_1000": 0.00184,
    "mrr_at_1": 0.19907,
    "mrr_at_3": 0.241,
    "mrr_at_5": 0.25203,
    "mrr_at_10": 0.2612,
    "mrr_at_20": 0.26632,
    "mrr_at_100": 0.27033,
    "mrr_at_200": 0.2709,
    "mrr_at_300": 0.27109,
    "mrr_at_500": 0.2712,
    "mrr_at_1000": 0.27126
}