{
    "ndcg_at_1": 0.21538,
    "ndcg_at_3": 0.18006,
    "ndcg_at_5": 0.1555,
    "ndcg_at_10": 0.13964,
    "ndcg_at_20": 0.18697,
    "ndcg_at_100": 0.37311,
    "ndcg_at_200": 0.41784,
    "ndcg_at_300": 0.4276,
    "ndcg_at_500": 0.43861,
    "ndcg_at_1000": 0.44902,
    "map_at_1": 0.02154,
    "map_at_3": 0.03923,
    "map_at_5": 0.04777,
    "map_at_10": 0.06361,
    "map_at_20": 0.07907,
    "map_at_100": 0.12948,
    "map_at_200": 0.13745,
    "map_at_300": 0.13863,
    "map_at_500": 0.13953,
    "map_at_1000": 0.14009,
    "recall_at_1": 0.02154,
    "recall_at_3": 0.05077,
    "recall_at_5": 0.06923,
    "recall_at_10": 0.12462,
    "recall_at_20": 0.21077,
    "recall_at_100": 0.68462,
    "recall_at_200": 0.82769,
    "recall_at_300": 0.86308,
    "recall_at_500": 0.90615,
    "recall_at_1000": 0.95077,
    "precision_at_1": 0.21538,
    "precision_at_3": 0.16923,
    "precision_at_5": 0.13846,
    "precision_at_10": 0.12462,
    "precision_at_20": 0.10538,
    "precision_at_100": 0.06846,
    "precision_at_200": 0.04138,
    "precision_at_300": 0.02877,
    "precision_at_500": 0.01812,
    "precision_at_1000": 0.00951,
    "mrr_at_1": 0.21538,
    "mrr_at_3": 0.29231,
    "mrr_at_5": 0.31615,
    "mrr_at_10": 0.33973,
    "mrr_at_20": 0.35051,
    "mrr_at_100": 0.35614,
    "mrr_at_200": 0.35626,
    "mrr_at_300": 0.35626,
    "mrr_at_500": 0.35626,
    "mrr_at_1000": 0.35626,
    "rc_at_1": {
        "relevant": 0.21538,
        "distractor": 0.75385
    },
    "rc_at_3": {
        "relevant": 0.53846,
        "distractor": 2.4
    },
    "rc_at_5": {
        "relevant": 0.78462,
        "distractor": 4.12308
    },
    "rc_at_10": {
        "relevant": 1.30769,
        "distractor": 8.43077
    },
    "rc_at_20": {
        "relevant": 2.09231,
        "distractor": 17.03077
    },
    "rc_at_100": {
        "relevant": 6.96923,
        "distractor": 67.47692
    },
    "rc_at_200": {
        "relevant": 8.30769,
        "distractor": 82.81538
    },
    "rc_at_300": {
        "relevant": 8.70769,
        "distractor": 87.03077
    },
    "rc_at_500": {
        "relevant": 9.13846,
        "distractor": 91.13846
    },
    "rc_at_1000": {
        "relevant": 9.50769,
        "distractor": 95.21538
    }
}