{
    "ndcg_at_1": 0.13846,
    "ndcg_at_3": 0.1058,
    "ndcg_at_5": 0.08298,
    "ndcg_at_10": 0.06012,
    "ndcg_at_20": 0.07264,
    "ndcg_at_100": 0.08997,
    "ndcg_at_200": 0.09985,
    "ndcg_at_300": 0.10413,
    "ndcg_at_500": 0.11005,
    "ndcg_at_1000": 0.12126,
    "map_at_1": 0.01385,
    "map_at_3": 0.02333,
    "map_at_5": 0.02479,
    "map_at_10": 0.02671,
    "map_at_20": 0.02932,
    "map_at_100": 0.03201,
    "map_at_200": 0.03259,
    "map_at_300": 0.03283,
    "map_at_500": 0.03307,
    "map_at_1000": 0.03335,
    "recall_at_1": 0.01385,
    "recall_at_3": 0.02923,
    "recall_at_5": 0.03385,
    "recall_at_10": 0.04308,
    "recall_at_20": 0.06615,
    "recall_at_100": 0.10923,
    "recall_at_200": 0.14154,
    "recall_at_300": 0.15692,
    "recall_at_500": 0.18,
    "recall_at_1000": 0.22769,
    "precision_at_1": 0.13846,
    "precision_at_3": 0.09744,
    "precision_at_5": 0.06769,
    "precision_at_10": 0.04308,
    "precision_at_20": 0.03308,
    "precision_at_100": 0.01092,
    "precision_at_200": 0.00708,
    "precision_at_300": 0.00523,
    "precision_at_500": 0.0036,
    "precision_at_1000": 0.00228,
    "mrr_at_1": 0.16923,
    "mrr_at_3": 0.21026,
    "mrr_at_5": 0.21641,
    "mrr_at_10": 0.22308,
    "mrr_at_20": 0.22751,
    "mrr_at_100": 0.23139,
    "mrr_at_200": 0.23173,
    "mrr_at_300": 0.2319,
    "mrr_at_500": 0.23198,
    "mrr_at_1000": 0.23198,
    "rc_at_1": {
        "relevant": 0.16923,
        "distractor": 0.32308
    },
    "rc_at_3": {
        "relevant": 0.33846,
        "distractor": 0.76923
    },
    "rc_at_5": {
        "relevant": 0.38462,
        "distractor": 1.32308
    },
    "rc_at_10": {
        "relevant": 0.52308,
        "distractor": 2.23077
    },
    "rc_at_20": {
        "relevant": 0.73846,
        "distractor": 3.46154
    },
    "rc_at_100": {
        "relevant": 1.24615,
        "distractor": 9.01538
    },
    "rc_at_200": {
        "relevant": 1.46154,
        "distractor": 12.04615
    },
    "rc_at_300": {
        "relevant": 1.69231,
        "distractor": 14.27692
    },
    "rc_at_500": {
        "relevant": 2.13846,
        "distractor": 17.12308
    },
    "rc_at_1000": {
        "relevant": 2.27692,
        "distractor": 19.89231
    }
}