{
    "ndcg_at_1": 0.18462,
    "ndcg_at_3": 0.14302,
    "ndcg_at_5": 0.11437,
    "ndcg_at_10": 0.09603,
    "ndcg_at_20": 0.10977,
    "ndcg_at_100": 0.15134,
    "ndcg_at_200": 0.16888,
    "ndcg_at_300": 0.17407,
    "ndcg_at_500": 0.18314,
    "ndcg_at_1000": 0.20014,
    "map_at_1": 0.01846,
    "map_at_3": 0.03179,
    "map_at_5": 0.03441,
    "map_at_10": 0.04314,
    "map_at_20": 0.04672,
    "map_at_100": 0.05429,
    "map_at_200": 0.05595,
    "map_at_300": 0.05626,
    "map_at_500": 0.05667,
    "map_at_1000": 0.05717,
    "recall_at_1": 0.01846,
    "recall_at_3": 0.03846,
    "recall_at_5": 0.04615,
    "recall_at_10": 0.07692,
    "recall_at_20": 0.10154,
    "recall_at_100": 0.20769,
    "recall_at_200": 0.26462,
    "recall_at_300": 0.28308,
    "recall_at_500": 0.31846,
    "recall_at_1000": 0.39077,
    "precision_at_1": 0.18462,
    "precision_at_3": 0.12821,
    "precision_at_5": 0.09231,
    "precision_at_10": 0.07692,
    "precision_at_20": 0.05077,
    "precision_at_100": 0.02077,
    "precision_at_200": 0.01323,
    "precision_at_300": 0.00944,
    "precision_at_500": 0.00637,
    "precision_at_1000": 0.00391,
    "mrr_at_1": 0.2,
    "mrr_at_3": 0.25897,
    "mrr_at_5": 0.26974,
    "mrr_at_10": 0.28828,
    "mrr_at_20": 0.29167,
    "mrr_at_100": 0.2958,
    "mrr_at_200": 0.29632,
    "mrr_at_300": 0.29644,
    "mrr_at_500": 0.29652,
    "mrr_at_1000": 0.29657,
    "rc_at_1": {
        "relevant": 0.2,
        "distractor": 0.49231
    },
    "rc_at_3": {
        "relevant": 0.43077,
        "distractor": 1.43077
    },
    "rc_at_5": {
        "relevant": 0.53846,
        "distractor": 2.35385
    },
    "rc_at_10": {
        "relevant": 0.83077,
        "distractor": 4.16923
    },
    "rc_at_20": {
        "relevant": 1.13846,
        "distractor": 7.23077
    },
    "rc_at_100": {
        "relevant": 2.30769,
        "distractor": 19.07692
    },
    "rc_at_200": {
        "relevant": 2.8,
        "distractor": 23.70769
    },
    "rc_at_300": {
        "relevant": 3.07692,
        "distractor": 26.63077
    },
    "rc_at_500": {
        "relevant": 3.61538,
        "distractor": 31.38462
    },
    "rc_at_1000": {
        "relevant": 3.90769,
        "distractor": 35.09231
    }
}