{
    "ndcg_at_1": 0.2156,
    "ndcg_at_3": 0.26717,
    "ndcg_at_5": 0.29165,
    "ndcg_at_10": 0.32302,
    "ndcg_at_20": 0.35031,
    "ndcg_at_100": 0.39376,
    "ndcg_at_200": 0.40575,
    "ndcg_at_300": 0.41152,
    "ndcg_at_500": 0.41634,
    "ndcg_at_1000": 0.42096,
    "map_at_1": 0.18669,
    "map_at_3": 0.24144,
    "map_at_5": 0.25734,
    "map_at_10": 0.27171,
    "map_at_20": 0.28025,
    "map_at_100": 0.28736,
    "map_at_200": 0.28819,
    "map_at_300": 0.28844,
    "map_at_500": 0.2886,
    "map_at_1000": 0.28869,
    "recall_at_1": 0.18669,
    "recall_at_3": 0.30158,
    "recall_at_5": 0.36146,
    "recall_at_10": 0.45386,
    "recall_at_20": 0.55314,
    "recall_at_100": 0.7652,
    "recall_at_200": 0.84093,
    "recall_at_300": 0.88169,
    "recall_at_500": 0.91783,
    "recall_at_1000": 0.95571,
    "precision_at_1": 0.2156,
    "precision_at_3": 0.12357,
    "precision_at_5": 0.09142,
    "precision_at_10": 0.05945,
    "precision_at_20": 0.03766,
    "precision_at_100": 0.01122,
    "precision_at_200": 0.0063,
    "precision_at_300": 0.00445,
    "precision_at_500": 0.00281,
    "precision_at_1000": 0.00148,
    "mrr_at_1": 0.2155,
    "mrr_at_3": 0.26897,
    "mrr_at_5": 0.28329,
    "mrr_at_10": 0.29644,
    "mrr_at_20": 0.30344,
    "mrr_at_100": 0.30849,
    "mrr_at_200": 0.30897,
    "mrr_at_300": 0.30912,
    "mrr_at_500": 0.3092,
    "mrr_at_1000": 0.30924
}