{
    "ndcg_at_1": 0.0,
    "ndcg_at_3": 0.24047,
    "ndcg_at_5": 0.30496,
    "ndcg_at_10": 0.35791,
    "ndcg_at_20": 0.38819,
    "ndcg_at_100": 0.40861,
    "ndcg_at_200": 0.41151,
    "ndcg_at_300": 0.4124,
    "ndcg_at_500": 0.41297,
    "ndcg_at_1000": 0.41359,
    "map_at_1": 0.0,
    "map_at_3": 0.18148,
    "map_at_5": 0.21729,
    "map_at_10": 0.23932,
    "map_at_20": 0.24775,
    "map_at_100": 0.25086,
    "map_at_200": 0.25101,
    "map_at_300": 0.25104,
    "map_at_500": 0.25105,
    "map_at_1000": 0.25106,
    "recall_at_1": 0.0,
    "recall_at_3": 0.4111,
    "recall_at_5": 0.56757,
    "recall_at_10": 0.73044,
    "recall_at_20": 0.84922,
    "recall_at_100": 0.95519,
    "recall_at_200": 0.97582,
    "recall_at_300": 0.98293,
    "recall_at_500": 0.98791,
    "recall_at_1000": 0.9936,
    "precision_at_1": 0.0,
    "precision_at_3": 0.13703,
    "precision_at_5": 0.11351,
    "precision_at_10": 0.07304,
    "precision_at_20": 0.04246,
    "precision_at_100": 0.00955,
    "precision_at_200": 0.00488,
    "precision_at_300": 0.00328,
    "precision_at_500": 0.00198,
    "precision_at_1000": 0.00099,
    "mrr_at_1": 0.0,
    "mrr_at_3": 0.18148,
    "mrr_at_5": 0.21729,
    "mrr_at_10": 0.23932,
    "mrr_at_20": 0.24775,
    "mrr_at_100": 0.25086,
    "mrr_at_200": 0.25101,
    "mrr_at_300": 0.25104,
    "mrr_at_500": 0.25106,
    "mrr_at_1000": 0.25106
}