{
    "ndcg_at_1": 0.22699,
    "ndcg_at_3": 0.26474,
    "ndcg_at_5": 0.28421,
    "ndcg_at_10": 0.31139,
    "ndcg_at_20": 0.33148,
    "ndcg_at_100": 0.36236,
    "ndcg_at_200": 0.3719,
    "ndcg_at_300": 0.37698,
    "ndcg_at_500": 0.38099,
    "ndcg_at_1000": 0.38724,
    "map_at_1": 0.20229,
    "map_at_3": 0.24394,
    "map_at_5": 0.25587,
    "map_at_10": 0.26816,
    "map_at_20": 0.274,
    "map_at_100": 0.27861,
    "map_at_200": 0.27916,
    "map_at_300": 0.27936,
    "map_at_500": 0.27947,
    "map_at_1000": 0.27958,
    "recall_at_1": 0.20229,
    "recall_at_3": 0.28955,
    "recall_at_5": 0.33713,
    "recall_at_10": 0.41973,
    "recall_at_20": 0.49541,
    "recall_at_100": 0.65066,
    "recall_at_200": 0.71377,
    "recall_at_300": 0.75134,
    "recall_at_500": 0.7823,
    "recall_at_1000": 0.83669,
    "precision_at_1": 0.22699,
    "precision_at_3": 0.11554,
    "precision_at_5": 0.08282,
    "precision_at_10": 0.05215,
    "precision_at_20": 0.03113,
    "precision_at_100": 0.00851,
    "precision_at_200": 0.00471,
    "precision_at_300": 0.00332,
    "precision_at_500": 0.0021,
    "precision_at_1000": 0.00113,
    "mrr_at_1": 0.22699,
    "mrr_at_3": 0.26968,
    "mrr_at_5": 0.28211,
    "mrr_at_10": 0.29316,
    "mrr_at_20": 0.29876,
    "mrr_at_100": 0.30257,
    "mrr_at_200": 0.30298,
    "mrr_at_300": 0.30313,
    "mrr_at_500": 0.3032,
    "mrr_at_1000": 0.30327
}