{
    "ndcg_at_1": 0.55,
    "ndcg_at_3": 0.51888,
    "ndcg_at_5": 0.49528,
    "ndcg_at_10": 0.48134,
    "ndcg_at_20": 0.45183,
    "ndcg_at_100": 0.33602,
    "ndcg_at_200": 0.28183,
    "ndcg_at_300": 0.26167,
    "ndcg_at_500": 0.25932,
    "ndcg_at_1000": 0.30413,
    "map_at_1": 0.0015,
    "map_at_3": 0.0037,
    "map_at_5": 0.00558,
    "map_at_10": 0.01017,
    "map_at_20": 0.01726,
    "map_at_100": 0.04987,
    "map_at_200": 0.06807,
    "map_at_300": 0.07898,
    "map_at_500": 0.09156,
    "map_at_1000": 0.10714,
    "recall_at_1": 0.0015,
    "recall_at_3": 0.00423,
    "recall_at_5": 0.00673,
    "recall_at_10": 0.01315,
    "recall_at_20": 0.02399,
    "recall_at_100": 0.082,
    "recall_at_200": 0.12608,
    "recall_at_300": 0.1585,
    "recall_at_500": 0.20527,
    "recall_at_1000": 0.28665,
    "precision_at_1": 0.58,
    "precision_at_3": 0.54667,
    "precision_at_5": 0.524,
    "precision_at_10": 0.51,
    "precision_at_20": 0.47,
    "precision_at_100": 0.336,
    "precision_at_200": 0.268,
    "precision_at_300": 0.22907,
    "precision_at_500": 0.18196,
    "precision_at_1000": 0.13032,
    "mrr_at_1": 0.58,
    "mrr_at_3": 0.69,
    "mrr_at_5": 0.703,
    "mrr_at_10": 0.71169,
    "mrr_at_20": 0.71559,
    "mrr_at_100": 0.71559,
    "mrr_at_200": 0.71559,
    "mrr_at_300": 0.71559,
    "mrr_at_500": 0.71559,
    "mrr_at_1000": 0.71559
}