{
    "ndcg_at_1": 0.32727,
    "ndcg_at_3": 0.28126,
    "ndcg_at_5": 0.25661,
    "ndcg_at_10": 0.22581,
    "ndcg_at_20": 0.28377,
    "ndcg_at_100": 0.43285,
    "ndcg_at_200": 0.45418,
    "ndcg_at_300": 0.46474,
    "ndcg_at_500": 0.47449,
    "ndcg_at_1000": 0.48504,
    "map_at_1": 0.03273,
    "map_at_3": 0.07091,
    "map_at_5": 0.09618,
    "map_at_10": 0.12504,
    "map_at_20": 0.1511,
    "map_at_100": 0.19895,
    "map_at_200": 0.20268,
    "map_at_300": 0.20396,
    "map_at_500": 0.20469,
    "map_at_1000": 0.20519,
    "recall_at_1": 0.03273,
    "recall_at_3": 0.08,
    "recall_at_5": 0.11818,
    "recall_at_10": 0.20364,
    "recall_at_20": 0.30909,
    "recall_at_100": 0.68364,
    "recall_at_200": 0.75273,
    "recall_at_300": 0.79091,
    "recall_at_500": 0.82909,
    "recall_at_1000": 0.87455,
    "precision_at_1": 0.32727,
    "precision_at_3": 0.26667,
    "precision_at_5": 0.23636,
    "precision_at_10": 0.20364,
    "precision_at_20": 0.15455,
    "precision_at_100": 0.06836,
    "precision_at_200": 0.03764,
    "precision_at_300": 0.02636,
    "precision_at_500": 0.01658,
    "precision_at_1000": 0.00875,
    "mrr_at_1": 0.32727,
    "mrr_at_3": 0.38788,
    "mrr_at_5": 0.40061,
    "mrr_at_10": 0.43628,
    "mrr_at_20": 0.44159,
    "mrr_at_100": 0.44389,
    "mrr_at_200": 0.44389,
    "mrr_at_300": 0.44389,
    "mrr_at_500": 0.44389,
    "mrr_at_1000": 0.44389,
    "rc_at_1": {
        "relevant": 0.32727,
        "distractor": 0.65455
    },
    "rc_at_3": {
        "relevant": 0.8,
        "distractor": 2.12727
    },
    "rc_at_5": {
        "relevant": 1.18182,
        "distractor": 3.65455
    },
    "rc_at_10": {
        "relevant": 2.03636,
        "distractor": 7.32727
    },
    "rc_at_20": {
        "relevant": 3.09091,
        "distractor": 14.70909
    },
    "rc_at_100": {
        "relevant": 6.83636,
        "distractor": 50.87273
    },
    "rc_at_200": {
        "relevant": 7.52727,
        "distractor": 62.6
    },
    "rc_at_300": {
        "relevant": 7.90909,
        "distractor": 67.67273
    },
    "rc_at_500": {
        "relevant": 8.29091,
        "distractor": 73.49091
    },
    "rc_at_1000": {
        "relevant": 8.74545,
        "distractor": 80.96364
    }
}