{
    "ndcg_at_1": 0.39166,
    "ndcg_at_3": 0.49579,
    "ndcg_at_5": 0.53747,
    "ndcg_at_10": 0.57166,
    "ndcg_at_20": 0.59137,
    "ndcg_at_100": 0.61206,
    "ndcg_at_200": 0.61489,
    "ndcg_at_300": 0.61596,
    "ndcg_at_500": 0.61701,
    "ndcg_at_1000": 0.61797,
    "map_at_1": 0.34893,
    "map_at_3": 0.45802,
    "map_at_5": 0.4831,
    "map_at_10": 0.49901,
    "map_at_20": 0.50515,
    "map_at_100": 0.50858,
    "map_at_200": 0.50876,
    "map_at_300": 0.5088,
    "map_at_500": 0.50882,
    "map_at_1000": 0.50884,
    "recall_at_1": 0.34893,
    "recall_at_3": 0.57319,
    "recall_at_5": 0.6692,
    "recall_at_10": 0.76755,
    "recall_at_20": 0.84012,
    "recall_at_100": 0.94204,
    "recall_at_200": 0.96087,
    "recall_at_300": 0.96879,
    "recall_at_500": 0.97753,
    "recall_at_1000": 0.98626,
    "precision_at_1": 0.39166,
    "precision_at_3": 0.22229,
    "precision_at_5": 0.15718,
    "precision_at_10": 0.09131,
    "precision_at_20": 0.05042,
    "precision_at_100": 0.01143,
    "precision_at_200": 0.00584,
    "precision_at_300": 0.00393,
    "precision_at_500": 0.00238,
    "precision_at_1000": 0.0012,
    "mrr_at_1": 0.39166,
    "mrr_at_3": 0.4901,
    "mrr_at_5": 0.51132,
    "mrr_at_10": 0.52376,
    "mrr_at_20": 0.52842,
    "mrr_at_100": 0.5309,
    "mrr_at_200": 0.53102,
    "mrr_at_300": 0.53105,
    "mrr_at_500": 0.53107,
    "mrr_at_1000": 0.53108
}