{
    "ndcg_at_1": 0.49667,
    "ndcg_at_3": 0.55444,
    "ndcg_at_5": 0.58151,
    "ndcg_at_10": 0.60842,
    "ndcg_at_20": 0.628,
    "ndcg_at_100": 0.64806,
    "ndcg_at_200": 0.65118,
    "ndcg_at_300": 0.65351,
    "ndcg_at_500": 0.65503,
    "ndcg_at_1000": 0.6563,
    "map_at_1": 0.47233,
    "map_at_3": 0.53122,
    "map_at_5": 0.54861,
    "map_at_10": 0.56159,
    "map_at_20": 0.5675,
    "map_at_100": 0.57069,
    "map_at_200": 0.57087,
    "map_at_300": 0.57094,
    "map_at_500": 0.57097,
    "map_at_1000": 0.57099,
    "recall_at_1": 0.47233,
    "recall_at_3": 0.59433,
    "recall_at_5": 0.66072,
    "recall_at_10": 0.73761,
    "recall_at_20": 0.813,
    "recall_at_100": 0.91667,
    "recall_at_200": 0.93833,
    "recall_at_300": 0.95667,
    "recall_at_500": 0.97,
    "recall_at_1000": 0.98167,
    "precision_at_1": 0.49667,
    "precision_at_3": 0.21556,
    "precision_at_5": 0.146,
    "precision_at_10": 0.08367,
    "precision_at_20": 0.04617,
    "precision_at_100": 0.0104,
    "precision_at_200": 0.00532,
    "precision_at_300": 0.00361,
    "precision_at_500": 0.00219,
    "precision_at_1000": 0.00111,
    "mrr_at_1": 0.49667,
    "mrr_at_3": 0.55111,
    "mrr_at_5": 0.56678,
    "mrr_at_10": 0.57605,
    "mrr_at_20": 0.58086,
    "mrr_at_100": 0.58358,
    "mrr_at_200": 0.58373,
    "mrr_at_300": 0.5838,
    "mrr_at_500": 0.58383,
    "mrr_at_1000": 0.58385
}