{
    "ndcg_at_1": 0.05582,
    "ndcg_at_3": 0.06871,
    "ndcg_at_5": 0.07936,
    "ndcg_at_10": 0.09093,
    "ndcg_at_20": 0.10071,
    "ndcg_at_100": 0.12727,
    "ndcg_at_200": 0.13906,
    "ndcg_at_300": 0.14558,
    "ndcg_at_500": 0.15484,
    "ndcg_at_1000": 0.16443,
    "map_at_1": 0.04652,
    "map_at_3": 0.06027,
    "map_at_5": 0.06651,
    "map_at_10": 0.0715,
    "map_at_20": 0.0742,
    "map_at_100": 0.07762,
    "map_at_200": 0.07826,
    "map_at_300": 0.07848,
    "map_at_500": 0.07871,
    "map_at_1000": 0.07888,
    "recall_at_1": 0.04652,
    "recall_at_3": 0.07826,
    "recall_at_5": 0.10364,
    "recall_at_10": 0.13853,
    "recall_at_20": 0.1747,
    "recall_at_100": 0.30784,
    "recall_at_200": 0.38182,
    "recall_at_300": 0.42887,
    "recall_at_500": 0.50079,
    "recall_at_1000": 0.57773,
    "precision_at_1": 0.05582,
    "precision_at_3": 0.0324,
    "precision_at_5": 0.02637,
    "precision_at_10": 0.0179,
    "precision_at_20": 0.01155,
    "precision_at_100": 0.00445,
    "precision_at_200": 0.0029,
    "precision_at_300": 0.00219,
    "precision_at_500": 0.00156,
    "precision_at_1000": 0.00096,
    "mrr_at_1": 0.05582,
    "mrr_at_3": 0.07283,
    "mrr_at_5": 0.0798,
    "mrr_at_10": 0.08542,
    "mrr_at_20": 0.0883,
    "mrr_at_100": 0.0923,
    "mrr_at_200": 0.09292,
    "mrr_at_300": 0.09311,
    "mrr_at_500": 0.09331,
    "mrr_at_1000": 0.09341
}