{
    "ndcg_at_1": 0.47273,
    "ndcg_at_3": 0.37197,
    "ndcg_at_5": 0.32694,
    "ndcg_at_10": 0.25672,
    "ndcg_at_20": 0.33491,
    "ndcg_at_100": 0.49839,
    "ndcg_at_200": 0.52793,
    "ndcg_at_300": 0.538,
    "ndcg_at_500": 0.54641,
    "ndcg_at_1000": 0.55495,
    "map_at_1": 0.04727,
    "map_at_3": 0.09061,
    "map_at_5": 0.11515,
    "map_at_10": 0.13933,
    "map_at_20": 0.17678,
    "map_at_100": 0.23169,
    "map_at_200": 0.23715,
    "map_at_300": 0.23835,
    "map_at_500": 0.23902,
    "map_at_1000": 0.2395,
    "recall_at_1": 0.04727,
    "recall_at_3": 0.10364,
    "recall_at_5": 0.14545,
    "recall_at_10": 0.20909,
    "recall_at_20": 0.35091,
    "recall_at_100": 0.76182,
    "recall_at_200": 0.85636,
    "recall_at_300": 0.89273,
    "recall_at_500": 0.92545,
    "recall_at_1000": 0.96182,
    "precision_at_1": 0.47273,
    "precision_at_3": 0.34545,
    "precision_at_5": 0.29091,
    "precision_at_10": 0.20909,
    "precision_at_20": 0.17545,
    "precision_at_100": 0.07618,
    "precision_at_200": 0.04282,
    "precision_at_300": 0.02976,
    "precision_at_500": 0.01851,
    "precision_at_1000": 0.00962,
    "mrr_at_1": 0.47273,
    "mrr_at_3": 0.53636,
    "mrr_at_5": 0.56091,
    "mrr_at_10": 0.57706,
    "mrr_at_20": 0.58463,
    "mrr_at_100": 0.58524,
    "mrr_at_200": 0.58524,
    "mrr_at_300": 0.58524,
    "mrr_at_500": 0.58524,
    "mrr_at_1000": 0.58524,
    "rc_at_1": {
        "relevant": 0.47273,
        "distractor": 0.52727
    },
    "rc_at_3": {
        "relevant": 1.01818,
        "distractor": 1.96364
    },
    "rc_at_5": {
        "relevant": 1.45455,
        "distractor": 3.50909
    },
    "rc_at_10": {
        "relevant": 2.09091,
        "distractor": 7.70909
    },
    "rc_at_20": {
        "relevant": 3.49091,
        "distractor": 15.90909
    },
    "rc_at_100": {
        "relevant": 7.61818,
        "distractor": 62.96364
    },
    "rc_at_200": {
        "relevant": 8.56364,
        "distractor": 75.05455
    },
    "rc_at_300": {
        "relevant": 8.92727,
        "distractor": 79.89091
    },
    "rc_at_500": {
        "relevant": 9.29091,
        "distractor": 84.56364
    },
    "rc_at_1000": {
        "relevant": 9.61818,
        "distractor": 89.05455
    }
}