{
    "ndcg_at_1": 0.5425,
    "ndcg_at_3": 0.45807,
    "ndcg_at_5": 0.42931,
    "ndcg_at_10": 0.41162,
    "ndcg_at_20": 0.40513,
    "ndcg_at_100": 0.46349,
    "ndcg_at_200": 0.49086,
    "ndcg_at_300": 0.50402,
    "ndcg_at_500": 0.51969,
    "ndcg_at_1000": 0.53718,
    "map_at_1": 0.08782,
    "map_at_3": 0.13752,
    "map_at_5": 0.16038,
    "map_at_10": 0.19318,
    "map_at_20": 0.22388,
    "map_at_100": 0.27579,
    "map_at_200": 0.28456,
    "map_at_300": 0.28774,
    "map_at_500": 0.29034,
    "map_at_1000": 0.29275,
    "recall_at_1": 0.08782,
    "recall_at_3": 0.14992,
    "recall_at_5": 0.18873,
    "recall_at_10": 0.25429,
    "recall_at_20": 0.3283,
    "recall_at_100": 0.54141,
    "recall_at_200": 0.62035,
    "recall_at_300": 0.66043,
    "recall_at_500": 0.71618,
    "recall_at_1000": 0.77562,
    "precision_at_1": 0.6525,
    "precision_at_3": 0.49417,
    "precision_at_5": 0.4095,
    "precision_at_10": 0.32475,
    "precision_at_20": 0.2465,
    "precision_at_100": 0.10673,
    "precision_at_200": 0.06747,
    "precision_at_300": 0.05067,
    "precision_at_500": 0.03493,
    "precision_at_1000": 0.02113,
    "mrr_at_1": 0.6525,
    "mrr_at_3": 0.72375,
    "mrr_at_5": 0.73525,
    "mrr_at_10": 0.74184,
    "mrr_at_20": 0.74376,
    "mrr_at_100": 0.74464,
    "mrr_at_200": 0.7447,
    "mrr_at_300": 0.7447,
    "mrr_at_500": 0.74471,
    "mrr_at_1000": 0.74471
}