{
    "ndcg_at_1": 0.07273,
    "ndcg_at_3": 0.07161,
    "ndcg_at_5": 0.06476,
    "ndcg_at_10": 0.05125,
    "ndcg_at_20": 0.06245,
    "ndcg_at_100": 0.08379,
    "ndcg_at_200": 0.08991,
    "ndcg_at_300": 0.09501,
    "ndcg_at_500": 0.10298,
    "ndcg_at_1000": 0.11347,
    "map_at_1": 0.00727,
    "map_at_3": 0.01515,
    "map_at_5": 0.01952,
    "map_at_10": 0.0235,
    "map_at_20": 0.02861,
    "map_at_100": 0.03189,
    "map_at_200": 0.03227,
    "map_at_300": 0.0326,
    "map_at_500": 0.03285,
    "map_at_1000": 0.03309,
    "recall_at_1": 0.00727,
    "recall_at_3": 0.02182,
    "recall_at_5": 0.03091,
    "recall_at_10": 0.04364,
    "recall_at_20": 0.06364,
    "recall_at_100": 0.12,
    "recall_at_200": 0.14,
    "recall_at_300": 0.15818,
    "recall_at_500": 0.18909,
    "recall_at_1000": 0.23455,
    "precision_at_1": 0.07273,
    "precision_at_3": 0.07273,
    "precision_at_5": 0.06182,
    "precision_at_10": 0.04364,
    "precision_at_20": 0.03182,
    "precision_at_100": 0.012,
    "precision_at_200": 0.007,
    "precision_at_300": 0.00527,
    "precision_at_500": 0.00378,
    "precision_at_1000": 0.00235,
    "mrr_at_1": 0.07273,
    "mrr_at_3": 0.11515,
    "mrr_at_5": 0.12424,
    "mrr_at_10": 0.12987,
    "mrr_at_20": 0.1326,
    "mrr_at_100": 0.13642,
    "mrr_at_200": 0.13679,
    "mrr_at_300": 0.13687,
    "mrr_at_500": 0.13711,
    "mrr_at_1000": 0.13719,
    "rc_at_1": {
        "relevant": 0.07273,
        "distractor": 0.18182
    },
    "rc_at_3": {
        "relevant": 0.21818,
        "distractor": 0.41818
    },
    "rc_at_5": {
        "relevant": 0.30909,
        "distractor": 0.63636
    },
    "rc_at_10": {
        "relevant": 0.43636,
        "distractor": 1.0
    },
    "rc_at_20": {
        "relevant": 0.63636,
        "distractor": 1.63636
    },
    "rc_at_100": {
        "relevant": 1.2,
        "distractor": 3.47273
    },
    "rc_at_200": {
        "relevant": 1.4,
        "distractor": 4.69091
    },
    "rc_at_300": {
        "relevant": 1.58182,
        "distractor": 5.76364
    },
    "rc_at_500": {
        "relevant": 1.89091,
        "distractor": 7.21818
    },
    "rc_at_1000": {
        "relevant": 2.34545,
        "distractor": 10.07273
    }
}