{
    "ndcg_at_1": 0.45525,
    "ndcg_at_3": 0.42281,
    "ndcg_at_5": 0.4372,
    "ndcg_at_10": 0.46167,
    "ndcg_at_20": 0.4888,
    "ndcg_at_100": 0.53043,
    "ndcg_at_200": 0.54176,
    "ndcg_at_300": 0.5458,
    "ndcg_at_500": 0.55181,
    "ndcg_at_1000": 0.55714,
    "map_at_1": 0.23003,
    "map_at_3": 0.33059,
    "map_at_5": 0.35864,
    "map_at_10": 0.37915,
    "map_at_20": 0.39107,
    "map_at_100": 0.40037,
    "map_at_200": 0.40133,
    "map_at_300": 0.4016,
    "map_at_500": 0.40185,
    "map_at_1000": 0.402,
    "recall_at_1": 0.23003,
    "recall_at_3": 0.38516,
    "recall_at_5": 0.45339,
    "recall_at_10": 0.53241,
    "recall_at_20": 0.61317,
    "recall_at_100": 0.77853,
    "recall_at_200": 0.84161,
    "recall_at_300": 0.86391,
    "recall_at_500": 0.90392,
    "recall_at_1000": 0.94116,
    "precision_at_1": 0.45525,
    "precision_at_3": 0.27984,
    "precision_at_5": 0.20802,
    "precision_at_10": 0.12731,
    "precision_at_20": 0.07569,
    "precision_at_100": 0.02011,
    "precision_at_200": 0.01086,
    "precision_at_300": 0.00749,
    "precision_at_500": 0.00471,
    "precision_at_1000": 0.00247,
    "mrr_at_1": 0.45525,
    "mrr_at_3": 0.5198,
    "mrr_at_5": 0.53539,
    "mrr_at_10": 0.54363,
    "mrr_at_20": 0.54789,
    "mrr_at_100": 0.55079,
    "mrr_at_200": 0.55108,
    "mrr_at_300": 0.55109,
    "mrr_at_500": 0.55114,
    "mrr_at_1000": 0.55116
}