{
    "ndcg_at_1": 0.20518,
    "ndcg_at_3": 0.26998,
    "ndcg_at_5": 0.2932,
    "ndcg_at_10": 0.31476,
    "ndcg_at_20": 0.33521,
    "ndcg_at_100": 0.36416,
    "ndcg_at_200": 0.37415,
    "ndcg_at_300": 0.37963,
    "ndcg_at_500": 0.38618,
    "ndcg_at_1000": 0.39327,
    "map_at_1": 0.18783,
    "map_at_3": 0.24662,
    "map_at_5": 0.26024,
    "map_at_10": 0.27011,
    "map_at_20": 0.27602,
    "map_at_100": 0.28025,
    "map_at_200": 0.28084,
    "map_at_300": 0.28105,
    "map_at_500": 0.28123,
    "map_at_1000": 0.28137,
    "recall_at_1": 0.18783,
    "recall_at_3": 0.31402,
    "recall_at_5": 0.37015,
    "recall_at_10": 0.43336,
    "recall_at_20": 0.50898,
    "recall_at_100": 0.655,
    "recall_at_200": 0.72175,
    "recall_at_300": 0.76192,
    "recall_at_500": 0.81297,
    "recall_at_1000": 0.87406,
    "precision_at_1": 0.20518,
    "precision_at_3": 0.11768,
    "precision_at_5": 0.08503,
    "precision_at_10": 0.04991,
    "precision_at_20": 0.02994,
    "precision_at_100": 0.00808,
    "precision_at_200": 0.00453,
    "precision_at_300": 0.00324,
    "precision_at_500": 0.00213,
    "precision_at_1000": 0.00117,
    "mrr_at_1": 0.20518,
    "mrr_at_3": 0.2671,
    "mrr_at_5": 0.28031,
    "mrr_at_10": 0.28887,
    "mrr_at_20": 0.29467,
    "mrr_at_100": 0.29851,
    "mrr_at_200": 0.29897,
    "mrr_at_300": 0.29913,
    "mrr_at_500": 0.29924,
    "mrr_at_1000": 0.29932
}