{
    "ndcg_at_1": 0.0,
    "ndcg_at_3": 0.0,
    "ndcg_at_5": 0.0,
    "ndcg_at_10": 0.0,
    "ndcg_at_20": 0.0,
    "ndcg_at_100": 0.00077,
    "ndcg_at_200": 0.00133,
    "ndcg_at_300": 0.00133,
    "ndcg_at_500": 0.00133,
    "ndcg_at_1000": 0.0022,
    "map_at_1": 0.0,
    "map_at_3": 0.0,
    "map_at_5": 0.0,
    "map_at_10": 0.0,
    "map_at_20": 0.0,
    "map_at_100": 5e-05,
    "map_at_200": 6e-05,
    "map_at_300": 6e-05,
    "map_at_500": 6e-05,
    "map_at_1000": 7e-05,
    "recall_at_1": 0.0,
    "recall_at_3": 0.0,
    "recall_at_5": 0.0,
    "recall_at_10": 0.0,
    "recall_at_20": 0.0,
    "recall_at_100": 0.00182,
    "recall_at_200": 0.00364,
    "recall_at_300": 0.00364,
    "recall_at_500": 0.00364,
    "recall_at_1000": 0.00727,
    "precision_at_1": 0.0,
    "precision_at_3": 0.0,
    "precision_at_5": 0.0,
    "precision_at_10": 0.0,
    "precision_at_20": 0.0,
    "precision_at_100": 0.00018,
    "precision_at_200": 0.00018,
    "precision_at_300": 0.00012,
    "precision_at_500": 7e-05,
    "precision_at_1000": 7e-05,
    "mrr_at_1": 0.0,
    "mrr_at_3": 0.0,
    "mrr_at_5": 0.0,
    "mrr_at_10": 0.0,
    "mrr_at_20": 0.0,
    "mrr_at_100": 0.00053,
    "mrr_at_200": 0.00066,
    "mrr_at_300": 0.00066,
    "mrr_at_500": 0.00066,
    "mrr_at_1000": 0.00073,
    "rc_at_1": {
        "relevant": 0.0,
        "distractor": 0.0
    },
    "rc_at_3": {
        "relevant": 0.0,
        "distractor": 0.01818
    },
    "rc_at_5": {
        "relevant": 0.0,
        "distractor": 0.03636
    },
    "rc_at_10": {
        "relevant": 0.0,
        "distractor": 0.05455
    },
    "rc_at_20": {
        "relevant": 0.0,
        "distractor": 0.09091
    },
    "rc_at_100": {
        "relevant": 0.01818,
        "distractor": 0.23636
    },
    "rc_at_200": {
        "relevant": 0.03636,
        "distractor": 0.32727
    },
    "rc_at_300": {
        "relevant": 0.03636,
        "distractor": 0.34545
    },
    "rc_at_500": {
        "relevant": 0.03636,
        "distractor": 0.47273
    },
    "rc_at_1000": {
        "relevant": 0.07273,
        "distractor": 0.83636
    }
}