{
    "ndcg_at_1": 0.32619,
    "ndcg_at_3": 0.42465,
    "ndcg_at_5": 0.46908,
    "ndcg_at_10": 0.50753,
    "ndcg_at_20": 0.53125,
    "ndcg_at_100": 0.5547,
    "ndcg_at_200": 0.55856,
    "ndcg_at_300": 0.56,
    "ndcg_at_500": 0.56182,
    "ndcg_at_1000": 0.56313,
    "map_at_1": 0.28935,
    "map_at_3": 0.38819,
    "map_at_5": 0.41462,
    "map_at_10": 0.43244,
    "map_at_20": 0.43974,
    "map_at_100": 0.4436,
    "map_at_200": 0.44383,
    "map_at_300": 0.44388,
    "map_at_500": 0.44393,
    "map_at_1000": 0.44395,
    "recall_at_1": 0.28935,
    "recall_at_3": 0.49669,
    "recall_at_5": 0.59953,
    "recall_at_10": 0.71089,
    "recall_at_20": 0.79874,
    "recall_at_100": 0.91544,
    "recall_at_200": 0.94151,
    "recall_at_300": 0.95232,
    "recall_at_500": 0.96705,
    "recall_at_1000": 0.97876,
    "precision_at_1": 0.32619,
    "precision_at_3": 0.19264,
    "precision_at_5": 0.14119,
    "precision_at_10": 0.08485,
    "precision_at_20": 0.04802,
    "precision_at_100": 0.01111,
    "precision_at_200": 0.00572,
    "precision_at_300": 0.00385,
    "precision_at_500": 0.00235,
    "precision_at_1000": 0.00119,
    "mrr_at_1": 0.32619,
    "mrr_at_3": 0.42169,
    "mrr_at_5": 0.44446,
    "mrr_at_10": 0.4582,
    "mrr_at_20": 0.46395,
    "mrr_at_100": 0.46677,
    "mrr_at_200": 0.46695,
    "mrr_at_300": 0.46699,
    "mrr_at_500": 0.46702,
    "mrr_at_1000": 0.46704
}