{
    "ndcg_at_1": 0.21739,
    "ndcg_at_3": 0.28259,
    "ndcg_at_5": 0.31395,
    "ndcg_at_10": 0.35073,
    "ndcg_at_20": 0.37498,
    "ndcg_at_100": 0.41499,
    "ndcg_at_200": 0.42504,
    "ndcg_at_300": 0.42993,
    "ndcg_at_500": 0.43451,
    "ndcg_at_1000": 0.43991,
    "map_at_1": 0.18338,
    "map_at_3": 0.24631,
    "map_at_5": 0.26622,
    "map_at_10": 0.28371,
    "map_at_20": 0.29234,
    "map_at_100": 0.30057,
    "map_at_200": 0.30164,
    "map_at_300": 0.3021,
    "map_at_500": 0.30241,
    "map_at_1000": 0.30264,
    "recall_at_1": 0.18338,
    "recall_at_3": 0.31547,
    "recall_at_5": 0.38935,
    "recall_at_10": 0.49674,
    "recall_at_20": 0.59093,
    "recall_at_100": 0.7828,
    "recall_at_200": 0.84047,
    "recall_at_300": 0.86981,
    "recall_at_500": 0.89936,
    "recall_at_1000": 0.93987,
    "precision_at_1": 0.21739,
    "precision_at_3": 0.13439,
    "precision_at_5": 0.10751,
    "precision_at_10": 0.07391,
    "precision_at_20": 0.04704,
    "precision_at_100": 0.01488,
    "precision_at_200": 0.00878,
    "precision_at_300": 0.00647,
    "precision_at_500": 0.00426,
    "precision_at_1000": 0.00235,
    "mrr_at_1": 0.21739,
    "mrr_at_3": 0.28491,
    "mrr_at_5": 0.30418,
    "mrr_at_10": 0.32005,
    "mrr_at_20": 0.32704,
    "mrr_at_100": 0.33115,
    "mrr_at_200": 0.33147,
    "mrr_at_300": 0.33156,
    "mrr_at_500": 0.33162,
    "mrr_at_1000": 0.33167
}