{
    "ndcg_at_1": 0.229,
    "ndcg_at_3": 0.18718,
    "ndcg_at_5": 0.16183,
    "ndcg_at_10": 0.19388,
    "ndcg_at_20": 0.22427,
    "ndcg_at_100": 0.27472,
    "ndcg_at_200": 0.29173,
    "ndcg_at_300": 0.29994,
    "ndcg_at_500": 0.31056,
    "ndcg_at_1000": 0.32449,
    "map_at_1": 0.04648,
    "map_at_3": 0.08294,
    "map_at_5": 0.09793,
    "map_at_10": 0.11366,
    "map_at_20": 0.1248,
    "map_at_100": 0.13483,
    "map_at_200": 0.13635,
    "map_at_300": 0.13683,
    "map_at_500": 0.13728,
    "map_at_1000": 0.13766,
    "recall_at_1": 0.04648,
    "recall_at_3": 0.10677,
    "recall_at_5": 0.14302,
    "recall_at_10": 0.20187,
    "recall_at_20": 0.27347,
    "recall_at_100": 0.43682,
    "recall_at_200": 0.50893,
    "recall_at_300": 0.54778,
    "recall_at_500": 0.60213,
    "recall_at_1000": 0.68038,
    "precision_at_1": 0.229,
    "precision_at_3": 0.175,
    "precision_at_5": 0.1408,
    "precision_at_10": 0.0996,
    "precision_at_20": 0.06745,
    "precision_at_100": 0.02152,
    "precision_at_200": 0.01254,
    "precision_at_300": 0.00899,
    "precision_at_500": 0.00593,
    "precision_at_1000": 0.00335,
    "mrr_at_1": 0.229,
    "mrr_at_3": 0.309,
    "mrr_at_5": 0.32545,
    "mrr_at_10": 0.33976,
    "mrr_at_20": 0.34665,
    "mrr_at_100": 0.35072,
    "mrr_at_200": 0.3511,
    "mrr_at_300": 0.35119,
    "mrr_at_500": 0.35123,
    "mrr_at_1000": 0.35127
}