{
    "ndcg_at_1": 0.235,
    "ndcg_at_3": 0.19051,
    "ndcg_at_5": 0.16808,
    "ndcg_at_10": 0.20581,
    "ndcg_at_20": 0.23365,
    "ndcg_at_100": 0.28491,
    "ndcg_at_200": 0.30371,
    "ndcg_at_300": 0.31537,
    "ndcg_at_500": 0.32699,
    "ndcg_at_1000": 0.34167,
    "map_at_1": 0.04768,
    "map_at_3": 0.08459,
    "map_at_5": 0.10141,
    "map_at_10": 0.12069,
    "map_at_20": 0.13137,
    "map_at_100": 0.14163,
    "map_at_200": 0.14331,
    "map_at_300": 0.144,
    "map_at_500": 0.14449,
    "map_at_1000": 0.1449,
    "recall_at_1": 0.04768,
    "recall_at_3": 0.10852,
    "recall_at_5": 0.1505,
    "recall_at_10": 0.21965,
    "recall_at_20": 0.28487,
    "recall_at_100": 0.45193,
    "recall_at_200": 0.53177,
    "recall_at_300": 0.5867,
    "recall_at_500": 0.64588,
    "recall_at_1000": 0.7283,
    "precision_at_1": 0.235,
    "precision_at_3": 0.178,
    "precision_at_5": 0.1484,
    "precision_at_10": 0.1084,
    "precision_at_20": 0.07015,
    "precision_at_100": 0.02224,
    "precision_at_200": 0.01309,
    "precision_at_300": 0.00963,
    "precision_at_500": 0.00636,
    "precision_at_1000": 0.00359,
    "mrr_at_1": 0.235,
    "mrr_at_3": 0.313,
    "mrr_at_5": 0.33455,
    "mrr_at_10": 0.34942,
    "mrr_at_20": 0.35543,
    "mrr_at_100": 0.35961,
    "mrr_at_200": 0.35995,
    "mrr_at_300": 0.36007,
    "mrr_at_500": 0.36013,
    "mrr_at_1000": 0.36016
}