{
    "ndcg_at_1": 0.05775,
    "ndcg_at_3": 0.06898,
    "ndcg_at_5": 0.07458,
    "ndcg_at_10": 0.0855,
    "ndcg_at_20": 0.09492,
    "ndcg_at_100": 0.12027,
    "ndcg_at_200": 0.1295,
    "ndcg_at_300": 0.13541,
    "ndcg_at_500": 0.14393,
    "ndcg_at_1000": 0.15548,
    "map_at_1": 0.04621,
    "map_at_3": 0.05933,
    "map_at_5": 0.06283,
    "map_at_10": 0.06776,
    "map_at_20": 0.07026,
    "map_at_100": 0.07355,
    "map_at_200": 0.07404,
    "map_at_300": 0.07425,
    "map_at_500": 0.07447,
    "map_at_1000": 0.07466,
    "recall_at_1": 0.04621,
    "recall_at_3": 0.0763,
    "recall_at_5": 0.09202,
    "recall_at_10": 0.12451,
    "recall_at_20": 0.15936,
    "recall_at_100": 0.28721,
    "recall_at_200": 0.34733,
    "recall_at_300": 0.38855,
    "recall_at_500": 0.4542,
    "recall_at_1000": 0.54823,
    "precision_at_1": 0.05775,
    "precision_at_3": 0.03433,
    "precision_at_5": 0.02522,
    "precision_at_10": 0.01732,
    "precision_at_20": 0.01112,
    "precision_at_100": 0.00423,
    "precision_at_200": 0.00258,
    "precision_at_300": 0.00198,
    "precision_at_500": 0.00141,
    "precision_at_1000": 0.0009,
    "mrr_at_1": 0.0616,
    "mrr_at_3": 0.07668,
    "mrr_at_5": 0.08269,
    "mrr_at_10": 0.08704,
    "mrr_at_20": 0.09023,
    "mrr_at_100": 0.09387,
    "mrr_at_200": 0.09437,
    "mrr_at_300": 0.09455,
    "mrr_at_500": 0.09471,
    "mrr_at_1000": 0.09484
}