{
    "ndcg_at_1": 0.19652,
    "ndcg_at_3": 0.24746,
    "ndcg_at_5": 0.26977,
    "ndcg_at_10": 0.29873,
    "ndcg_at_20": 0.32249,
    "ndcg_at_100": 0.35988,
    "ndcg_at_200": 0.3699,
    "ndcg_at_300": 0.37419,
    "ndcg_at_500": 0.3811,
    "ndcg_at_1000": 0.38722,
    "map_at_1": 0.15665,
    "map_at_3": 0.21539,
    "map_at_5": 0.23037,
    "map_at_10": 0.24324,
    "map_at_20": 0.2504,
    "map_at_100": 0.25627,
    "map_at_200": 0.25693,
    "map_at_300": 0.25711,
    "map_at_500": 0.25733,
    "map_at_1000": 0.25745,
    "recall_at_1": 0.15665,
    "recall_at_3": 0.28682,
    "recall_at_5": 0.3433,
    "recall_at_10": 0.42747,
    "recall_at_20": 0.51261,
    "recall_at_100": 0.69158,
    "recall_at_200": 0.75371,
    "recall_at_300": 0.78207,
    "recall_at_500": 0.8327,
    "recall_at_1000": 0.88271,
    "precision_at_1": 0.19652,
    "precision_at_3": 0.12023,
    "precision_at_5": 0.08756,
    "precision_at_10": 0.05634,
    "precision_at_20": 0.03458,
    "precision_at_100": 0.01011,
    "precision_at_200": 0.00563,
    "precision_at_300": 0.00395,
    "precision_at_500": 0.00257,
    "precision_at_1000": 0.00139,
    "mrr_at_1": 0.19652,
    "mrr_at_3": 0.26016,
    "mrr_at_5": 0.27297,
    "mrr_at_10": 0.28562,
    "mrr_at_20": 0.29218,
    "mrr_at_100": 0.29638,
    "mrr_at_200": 0.29679,
    "mrr_at_300": 0.29689,
    "mrr_at_500": 0.29699,
    "mrr_at_1000": 0.29705
}