{
    "ndcg_at_1": 0.45511,
    "ndcg_at_3": 0.40479,
    "ndcg_at_5": 0.389,
    "ndcg_at_10": 0.35964,
    "ndcg_at_20": 0.34291,
    "ndcg_at_100": 0.33502,
    "ndcg_at_200": 0.35264,
    "ndcg_at_300": 0.36715,
    "ndcg_at_500": 0.38719,
    "ndcg_at_1000": 0.4243,
    "map_at_1": 0.06043,
    "map_at_3": 0.09451,
    "map_at_5": 0.11268,
    "map_at_10": 0.13302,
    "map_at_20": 0.1514,
    "map_at_100": 0.17273,
    "map_at_200": 0.17868,
    "map_at_300": 0.18143,
    "map_at_500": 0.18455,
    "map_at_1000": 0.18828,
    "recall_at_1": 0.06043,
    "recall_at_3": 0.10301,
    "recall_at_5": 0.13585,
    "recall_at_10": 0.17797,
    "recall_at_20": 0.22231,
    "recall_at_100": 0.34054,
    "recall_at_200": 0.4159,
    "recall_at_300": 0.47474,
    "recall_at_500": 0.54215,
    "recall_at_1000": 0.67651,
    "precision_at_1": 0.47059,
    "precision_at_3": 0.37977,
    "precision_at_5": 0.33932,
    "precision_at_10": 0.26966,
    "precision_at_20": 0.20836,
    "precision_at_100": 0.08734,
    "precision_at_200": 0.05741,
    "precision_at_300": 0.04469,
    "precision_at_500": 0.03292,
    "precision_at_1000": 0.02176,
    "mrr_at_1": 0.47059,
    "mrr_at_3": 0.53148,
    "mrr_at_5": 0.54742,
    "mrr_at_10": 0.55475,
    "mrr_at_20": 0.55821,
    "mrr_at_100": 0.5608,
    "mrr_at_200": 0.56097,
    "mrr_at_300": 0.56112,
    "mrr_at_500": 0.56116,
    "mrr_at_1000": 0.5612
}