{
    "ndcg_at_1": 0.42947,
    "ndcg_at_3": 0.49257,
    "ndcg_at_5": 0.52117,
    "ndcg_at_10": 0.54792,
    "ndcg_at_20": 0.56711,
    "ndcg_at_100": 0.59272,
    "ndcg_at_200": 0.59823,
    "ndcg_at_300": 0.60042,
    "ndcg_at_500": 0.60267,
    "ndcg_at_1000": 0.60448,
    "map_at_1": 0.37178,
    "map_at_3": 0.45571,
    "map_at_5": 0.47576,
    "map_at_10": 0.48863,
    "map_at_20": 0.49521,
    "map_at_100": 0.49988,
    "map_at_200": 0.50027,
    "map_at_300": 0.50037,
    "map_at_500": 0.50044,
    "map_at_1000": 0.50047,
    "recall_at_1": 0.37178,
    "recall_at_3": 0.53978,
    "recall_at_5": 0.60988,
    "recall_at_10": 0.6881,
    "recall_at_20": 0.75851,
    "recall_at_100": 0.88011,
    "recall_at_200": 0.91517,
    "recall_at_300": 0.93113,
    "recall_at_500": 0.94865,
    "recall_at_1000": 0.96391,
    "precision_at_1": 0.42947,
    "precision_at_3": 0.22027,
    "precision_at_5": 0.15298,
    "precision_at_10": 0.08871,
    "precision_at_20": 0.05006,
    "precision_at_100": 0.01213,
    "precision_at_200": 0.00636,
    "precision_at_300": 0.00432,
    "precision_at_500": 0.00265,
    "precision_at_1000": 0.00135,
    "mrr_at_1": 0.42947,
    "mrr_at_3": 0.50073,
    "mrr_at_5": 0.51521,
    "mrr_at_10": 0.52565,
    "mrr_at_20": 0.53037,
    "mrr_at_100": 0.53315,
    "mrr_at_200": 0.53335,
    "mrr_at_300": 0.53341,
    "mrr_at_500": 0.53345,
    "mrr_at_1000": 0.53347
}