{
    "ndcg_at_1": 0.13806,
    "ndcg_at_3": 0.16357,
    "ndcg_at_5": 0.18383,
    "ndcg_at_10": 0.204,
    "ndcg_at_20": 0.21911,
    "ndcg_at_100": 0.24998,
    "ndcg_at_200": 0.26491,
    "ndcg_at_300": 0.27238,
    "ndcg_at_500": 0.27993,
    "ndcg_at_1000": 0.28829,
    "map_at_1": 0.10827,
    "map_at_3": 0.1433,
    "map_at_5": 0.1556,
    "map_at_10": 0.16424,
    "map_at_20": 0.16865,
    "map_at_100": 0.17284,
    "map_at_200": 0.17374,
    "map_at_300": 0.17401,
    "map_at_500": 0.17423,
    "map_at_1000": 0.17438,
    "recall_at_1": 0.10827,
    "recall_at_3": 0.183,
    "recall_at_5": 0.23311,
    "recall_at_10": 0.29304,
    "recall_at_20": 0.3449,
    "recall_at_100": 0.50137,
    "recall_at_200": 0.59736,
    "recall_at_300": 0.65111,
    "recall_at_500": 0.70681,
    "recall_at_1000": 0.77629,
    "precision_at_1": 0.13806,
    "precision_at_3": 0.07877,
    "precision_at_5": 0.0602,
    "precision_at_10": 0.03843,
    "precision_at_20": 0.02382,
    "precision_at_100": 0.00713,
    "precision_at_200": 0.00432,
    "precision_at_300": 0.00317,
    "precision_at_500": 0.00211,
    "precision_at_1000": 0.00119,
    "mrr_at_1": 0.13806,
    "mrr_at_3": 0.17848,
    "mrr_at_5": 0.19173,
    "mrr_at_10": 0.20069,
    "mrr_at_20": 0.20521,
    "mrr_at_100": 0.20908,
    "mrr_at_200": 0.20976,
    "mrr_at_300": 0.20997,
    "mrr_at_500": 0.2101,
    "mrr_at_1000": 0.21018
}