{
    "ndcg_at_1": 0.36923,
    "ndcg_at_3": 0.25303,
    "ndcg_at_5": 0.24663,
    "ndcg_at_10": 0.2106,
    "ndcg_at_20": 0.25513,
    "ndcg_at_100": 0.43552,
    "ndcg_at_200": 0.47261,
    "ndcg_at_300": 0.48038,
    "ndcg_at_500": 0.4875,
    "ndcg_at_1000": 0.49537,
    "map_at_1": 0.03692,
    "map_at_3": 0.05769,
    "map_at_5": 0.08185,
    "map_at_10": 0.11172,
    "map_at_20": 0.13156,
    "map_at_100": 0.18149,
    "map_at_200": 0.18863,
    "map_at_300": 0.18969,
    "map_at_500": 0.19023,
    "map_at_1000": 0.19065,
    "recall_at_1": 0.03692,
    "recall_at_3": 0.06769,
    "recall_at_5": 0.11385,
    "recall_at_10": 0.18462,
    "recall_at_20": 0.26462,
    "recall_at_100": 0.72923,
    "recall_at_200": 0.84769,
    "recall_at_300": 0.87538,
    "recall_at_500": 0.90308,
    "recall_at_1000": 0.93692,
    "precision_at_1": 0.36923,
    "precision_at_3": 0.22564,
    "precision_at_5": 0.22769,
    "precision_at_10": 0.18462,
    "precision_at_20": 0.13231,
    "precision_at_100": 0.07292,
    "precision_at_200": 0.04238,
    "precision_at_300": 0.02918,
    "precision_at_500": 0.01806,
    "precision_at_1000": 0.00937,
    "mrr_at_1": 0.36923,
    "mrr_at_3": 0.41795,
    "mrr_at_5": 0.4441,
    "mrr_at_10": 0.46614,
    "mrr_at_20": 0.47332,
    "mrr_at_100": 0.47664,
    "mrr_at_200": 0.47664,
    "mrr_at_300": 0.47664,
    "mrr_at_500": 0.47664,
    "mrr_at_1000": 0.47664,
    "rc_at_1": {
        "relevant": 0.36923,
        "distractor": 0.61538
    },
    "rc_at_3": {
        "relevant": 0.67692,
        "distractor": 2.27692
    },
    "rc_at_5": {
        "relevant": 1.13846,
        "distractor": 3.76923
    },
    "rc_at_10": {
        "relevant": 1.84615,
        "distractor": 7.93846
    },
    "rc_at_20": {
        "relevant": 2.64615,
        "distractor": 16.55385
    },
    "rc_at_100": {
        "relevant": 7.29231,
        "distractor": 69.75385
    },
    "rc_at_200": {
        "relevant": 8.47692,
        "distractor": 82.89231
    },
    "rc_at_300": {
        "relevant": 8.75385,
        "distractor": 86.63077
    },
    "rc_at_500": {
        "relevant": 9.03077,
        "distractor": 90.43077
    },
    "rc_at_1000": {
        "relevant": 9.36923,
        "distractor": 93.78462
    }
}