{
    "ndcg_at_1": 0.24,
    "ndcg_at_3": 0.20408,
    "ndcg_at_5": 0.17945,
    "ndcg_at_10": 0.17147,
    "ndcg_at_20": 0.15424,
    "ndcg_at_100": 0.10542,
    "ndcg_at_200": 0.09235,
    "ndcg_at_300": 0.08737,
    "ndcg_at_500": 0.08873,
    "ndcg_at_1000": 0.11257,
    "map_at_1": 0.0006,
    "map_at_3": 0.00138,
    "map_at_5": 0.00168,
    "map_at_10": 0.00272,
    "map_at_20": 0.00404,
    "map_at_100": 0.00835,
    "map_at_200": 0.01124,
    "map_at_300": 0.01298,
    "map_at_500": 0.01535,
    "map_at_1000": 0.0186,
    "recall_at_1": 0.0006,
    "recall_at_3": 0.00152,
    "recall_at_5": 0.00206,
    "recall_at_10": 0.00409,
    "recall_at_20": 0.00754,
    "recall_at_100": 0.02367,
    "recall_at_200": 0.04037,
    "recall_at_300": 0.05255,
    "recall_at_500": 0.07335,
    "recall_at_1000": 0.11227,
    "precision_at_1": 0.24,
    "precision_at_3": 0.2,
    "precision_at_5": 0.172,
    "precision_at_10": 0.174,
    "precision_at_20": 0.158,
    "precision_at_100": 0.1046,
    "precision_at_200": 0.0896,
    "precision_at_300": 0.07893,
    "precision_at_500": 0.06656,
    "precision_at_1000": 0.05178,
    "mrr_at_1": 0.24,
    "mrr_at_3": 0.27667,
    "mrr_at_5": 0.28967,
    "mrr_at_10": 0.30905,
    "mrr_at_20": 0.31902,
    "mrr_at_100": 0.32667,
    "mrr_at_200": 0.32667,
    "mrr_at_300": 0.32667,
    "mrr_at_500": 0.32676,
    "mrr_at_1000": 0.32676
}