{
    "ndcg_at_1": 0.13971,
    "ndcg_at_3": 0.16408,
    "ndcg_at_5": 0.17892,
    "ndcg_at_10": 0.19391,
    "ndcg_at_20": 0.20819,
    "ndcg_at_100": 0.23571,
    "ndcg_at_200": 0.24704,
    "ndcg_at_300": 0.25219,
    "ndcg_at_500": 0.25906,
    "ndcg_at_1000": 0.26824,
    "map_at_1": 0.11457,
    "map_at_3": 0.14556,
    "map_at_5": 0.15501,
    "map_at_10": 0.16165,
    "map_at_20": 0.16572,
    "map_at_100": 0.16962,
    "map_at_200": 0.17026,
    "map_at_300": 0.17046,
    "map_at_500": 0.17066,
    "map_at_1000": 0.17081,
    "recall_at_1": 0.11457,
    "recall_at_3": 0.18156,
    "recall_at_5": 0.21957,
    "recall_at_10": 0.26375,
    "recall_at_20": 0.31711,
    "recall_at_100": 0.45487,
    "recall_at_200": 0.52812,
    "recall_at_300": 0.56345,
    "recall_at_500": 0.61566,
    "recall_at_1000": 0.693,
    "precision_at_1": 0.13971,
    "precision_at_3": 0.07697,
    "precision_at_5": 0.05664,
    "precision_at_10": 0.0351,
    "precision_at_20": 0.02147,
    "precision_at_100": 0.00655,
    "precision_at_200": 0.00389,
    "precision_at_300": 0.00284,
    "precision_at_500": 0.0019,
    "precision_at_1000": 0.00109,
    "mrr_at_1": 0.13971,
    "mrr_at_3": 0.17384,
    "mrr_at_5": 0.18373,
    "mrr_at_10": 0.19064,
    "mrr_at_20": 0.19469,
    "mrr_at_100": 0.1985,
    "mrr_at_200": 0.19904,
    "mrr_at_300": 0.19919,
    "mrr_at_500": 0.19932,
    "mrr_at_1000": 0.19941
}