{
    "ndcg_at_1": 0.7,
    "ndcg_at_3": 0.72961,
    "ndcg_at_5": 0.70974,
    "ndcg_at_10": 0.69115,
    "ndcg_at_20": 0.66357,
    "ndcg_at_100": 0.54105,
    "ndcg_at_200": 0.47382,
    "ndcg_at_300": 0.44385,
    "ndcg_at_500": 0.44497,
    "ndcg_at_1000": 0.50238,
    "map_at_1": 0.00209,
    "map_at_3": 0.00581,
    "map_at_5": 0.0092,
    "map_at_10": 0.01671,
    "map_at_20": 0.03008,
    "map_at_100": 0.10361,
    "map_at_200": 0.15413,
    "map_at_300": 0.18209,
    "map_at_500": 0.21578,
    "map_at_1000": 0.251,
    "recall_at_1": 0.00209,
    "recall_at_3": 0.00616,
    "recall_at_5": 0.01001,
    "recall_at_10": 0.01917,
    "recall_at_20": 0.03607,
    "recall_at_100": 0.1395,
    "recall_at_200": 0.22541,
    "recall_at_300": 0.28264,
    "recall_at_500": 0.3665,
    "recall_at_1000": 0.48244,
    "precision_at_1": 0.78,
    "precision_at_3": 0.78,
    "precision_at_5": 0.76,
    "precision_at_10": 0.74,
    "precision_at_20": 0.708,
    "precision_at_100": 0.5628,
    "precision_at_200": 0.4688,
    "precision_at_300": 0.40107,
    "precision_at_500": 0.32152,
    "precision_at_1000": 0.21958,
    "mrr_at_1": 0.78,
    "mrr_at_3": 0.86,
    "mrr_at_5": 0.87,
    "mrr_at_10": 0.87333,
    "mrr_at_20": 0.87333,
    "mrr_at_100": 0.87333,
    "mrr_at_200": 0.87333,
    "mrr_at_300": 0.87333,
    "mrr_at_500": 0.87333,
    "mrr_at_1000": 0.87333
}