{
    "ndcg_at_1": 0.01494,
    "ndcg_at_3": 0.1975,
    "ndcg_at_5": 0.26622,
    "ndcg_at_10": 0.33805,
    "ndcg_at_20": 0.37882,
    "ndcg_at_100": 0.39878,
    "ndcg_at_200": 0.40038,
    "ndcg_at_300": 0.40091,
    "ndcg_at_500": 0.40125,
    "ndcg_at_1000": 0.40125,
    "map_at_1": 0.01494,
    "map_at_3": 0.15268,
    "map_at_5": 0.19091,
    "map_at_10": 0.22046,
    "map_at_20": 0.232,
    "map_at_100": 0.23512,
    "map_at_200": 0.2352,
    "map_at_300": 0.23522,
    "map_at_500": 0.23522,
    "map_at_1000": 0.23522,
    "recall_at_1": 0.01494,
    "recall_at_3": 0.32717,
    "recall_at_5": 0.4936,
    "recall_at_10": 0.71622,
    "recall_at_20": 0.87482,
    "recall_at_100": 0.97724,
    "recall_at_200": 0.98862,
    "recall_at_300": 0.99289,
    "recall_at_500": 0.99573,
    "recall_at_1000": 0.99573,
    "precision_at_1": 0.01494,
    "precision_at_3": 0.10906,
    "precision_at_5": 0.09872,
    "precision_at_10": 0.07162,
    "precision_at_20": 0.04374,
    "precision_at_100": 0.00977,
    "precision_at_200": 0.00494,
    "precision_at_300": 0.00331,
    "precision_at_500": 0.00199,
    "precision_at_1000": 0.001,
    "mrr_at_1": 0.01494,
    "mrr_at_3": 0.15268,
    "mrr_at_5": 0.19091,
    "mrr_at_10": 0.22046,
    "mrr_at_20": 0.232,
    "mrr_at_100": 0.23511,
    "mrr_at_200": 0.2352,
    "mrr_at_300": 0.23522,
    "mrr_at_500": 0.23522,
    "mrr_at_1000": 0.23522
}