{
    "ndcg_at_1": 0.40557,
    "ndcg_at_3": 0.35586,
    "ndcg_at_5": 0.33997,
    "ndcg_at_10": 0.31476,
    "ndcg_at_20": 0.29358,
    "ndcg_at_100": 0.28742,
    "ndcg_at_200": 0.30331,
    "ndcg_at_300": 0.31694,
    "ndcg_at_500": 0.33718,
    "ndcg_at_1000": 0.37324,
    "map_at_1": 0.05265,
    "map_at_3": 0.08011,
    "map_at_5": 0.09443,
    "map_at_10": 0.11163,
    "map_at_20": 0.12518,
    "map_at_100": 0.14139,
    "map_at_200": 0.14597,
    "map_at_300": 0.14818,
    "map_at_500": 0.15072,
    "map_at_1000": 0.1541,
    "recall_at_1": 0.05265,
    "recall_at_3": 0.08875,
    "recall_at_5": 0.11146,
    "recall_at_10": 0.14587,
    "recall_at_20": 0.1945,
    "recall_at_100": 0.30124,
    "recall_at_200": 0.36411,
    "recall_at_300": 0.41375,
    "recall_at_500": 0.48446,
    "recall_at_1000": 0.60688,
    "precision_at_1": 0.42105,
    "precision_at_3": 0.33437,
    "precision_at_5": 0.29721,
    "precision_at_10": 0.23901,
    "precision_at_20": 0.17368,
    "precision_at_100": 0.07276,
    "precision_at_200": 0.04842,
    "precision_at_300": 0.0382,
    "precision_at_500": 0.02845,
    "precision_at_1000": 0.01967,
    "mrr_at_1": 0.42105,
    "mrr_at_3": 0.48607,
    "mrr_at_5": 0.49752,
    "mrr_at_10": 0.50483,
    "mrr_at_20": 0.50968,
    "mrr_at_100": 0.51269,
    "mrr_at_200": 0.51298,
    "mrr_at_300": 0.51308,
    "mrr_at_500": 0.51314,
    "mrr_at_1000": 0.51316
}