{
    "ndcg_at_1": 0.00724,
    "ndcg_at_3": 0.01176,
    "ndcg_at_5": 0.01496,
    "ndcg_at_10": 0.01928,
    "ndcg_at_20": 0.02331,
    "ndcg_at_100": 0.03524,
    "ndcg_at_200": 0.04105,
    "ndcg_at_300": 0.04519,
    "ndcg_at_500": 0.04935,
    "ndcg_at_1000": 0.0556,
    "map_at_1": 0.00652,
    "map_at_3": 0.01026,
    "map_at_5": 0.01197,
    "map_at_10": 0.01372,
    "map_at_20": 0.01481,
    "map_at_100": 0.01631,
    "map_at_200": 0.01661,
    "map_at_300": 0.01674,
    "map_at_500": 0.01684,
    "map_at_1000": 0.01692,
    "recall_at_1": 0.00652,
    "recall_at_3": 0.01492,
    "recall_at_5": 0.02221,
    "recall_at_10": 0.03491,
    "recall_at_20": 0.05031,
    "recall_at_100": 0.11399,
    "recall_at_200": 0.15387,
    "recall_at_300": 0.18569,
    "recall_at_500": 0.21953,
    "recall_at_1000": 0.27646,
    "precision_at_1": 0.00724,
    "precision_at_3": 0.0057,
    "precision_at_5": 0.00527,
    "precision_at_10": 0.00423,
    "precision_at_20": 0.00304,
    "precision_at_100": 0.00137,
    "precision_at_200": 0.00092,
    "precision_at_300": 0.00074,
    "precision_at_500": 0.00053,
    "precision_at_1000": 0.00033,
    "mrr_at_1": 0.00724,
    "mrr_at_3": 0.01144,
    "mrr_at_5": 0.01344,
    "mrr_at_10": 0.01544,
    "mrr_at_20": 0.0166,
    "mrr_at_100": 0.01821,
    "mrr_at_200": 0.01852,
    "mrr_at_300": 0.01866,
    "mrr_at_500": 0.01876,
    "mrr_at_1000": 0.01885
}