{
    "ndcg_at_1": 0.207,
    "ndcg_at_3": 0.18209,
    "ndcg_at_5": 0.16229,
    "ndcg_at_10": 0.19305,
    "ndcg_at_20": 0.21881,
    "ndcg_at_100": 0.27048,
    "ndcg_at_200": 0.2885,
    "ndcg_at_300": 0.29827,
    "ndcg_at_500": 0.31057,
    "ndcg_at_1000": 0.32584,
    "map_at_1": 0.04198,
    "map_at_3": 0.08068,
    "map_at_5": 0.09843,
    "map_at_10": 0.11349,
    "map_at_20": 0.12277,
    "map_at_100": 0.13318,
    "map_at_200": 0.13475,
    "map_at_300": 0.13532,
    "map_at_500": 0.13585,
    "map_at_1000": 0.13627,
    "recall_at_1": 0.04198,
    "recall_at_3": 0.10613,
    "recall_at_5": 0.14892,
    "recall_at_10": 0.2054,
    "recall_at_20": 0.26587,
    "recall_at_100": 0.43393,
    "recall_at_200": 0.51005,
    "recall_at_300": 0.55603,
    "recall_at_500": 0.61845,
    "recall_at_1000": 0.7042,
    "precision_at_1": 0.207,
    "precision_at_3": 0.17467,
    "precision_at_5": 0.1468,
    "precision_at_10": 0.1013,
    "precision_at_20": 0.0656,
    "precision_at_100": 0.02133,
    "precision_at_200": 0.01255,
    "precision_at_300": 0.00912,
    "precision_at_500": 0.00609,
    "precision_at_1000": 0.00347,
    "mrr_at_1": 0.207,
    "mrr_at_3": 0.29117,
    "mrr_at_5": 0.31232,
    "mrr_at_10": 0.32584,
    "mrr_at_20": 0.33199,
    "mrr_at_100": 0.33624,
    "mrr_at_200": 0.33671,
    "mrr_at_300": 0.33681,
    "mrr_at_500": 0.33687,
    "mrr_at_1000": 0.33689
}