{
    "ndcg_at_1": 0.28183,
    "ndcg_at_3": 0.31752,
    "ndcg_at_5": 0.33064,
    "ndcg_at_10": 0.35536,
    "ndcg_at_20": 0.37803,
    "ndcg_at_100": 0.41339,
    "ndcg_at_200": 0.42405,
    "ndcg_at_300": 0.42882,
    "ndcg_at_500": 0.43416,
    "ndcg_at_1000": 0.43962,
    "map_at_1": 0.23181,
    "map_at_3": 0.28419,
    "map_at_5": 0.29484,
    "map_at_10": 0.30666,
    "map_at_20": 0.31442,
    "map_at_100": 0.32053,
    "map_at_200": 0.32132,
    "map_at_300": 0.32155,
    "map_at_500": 0.32173,
    "map_at_1000": 0.32186,
    "recall_at_1": 0.23181,
    "recall_at_3": 0.33635,
    "recall_at_5": 0.37659,
    "recall_at_10": 0.45096,
    "recall_at_20": 0.53156,
    "recall_at_100": 0.69624,
    "recall_at_200": 0.76098,
    "recall_at_300": 0.7926,
    "recall_at_500": 0.83046,
    "recall_at_1000": 0.87003,
    "precision_at_1": 0.28183,
    "precision_at_3": 0.15021,
    "precision_at_5": 0.10415,
    "precision_at_10": 0.06481,
    "precision_at_20": 0.04034,
    "precision_at_100": 0.01167,
    "precision_at_200": 0.00665,
    "precision_at_300": 0.00471,
    "precision_at_500": 0.00304,
    "precision_at_1000": 0.00167,
    "mrr_at_1": 0.28183,
    "mrr_at_3": 0.33357,
    "mrr_at_5": 0.34495,
    "mrr_at_10": 0.35666,
    "mrr_at_20": 0.36231,
    "mrr_at_100": 0.36635,
    "mrr_at_200": 0.36672,
    "mrr_at_300": 0.36684,
    "mrr_at_500": 0.36692,
    "mrr_at_1000": 0.36697
}