{
    "ndcg_at_1": 0.29363,
    "ndcg_at_3": 0.33623,
    "ndcg_at_5": 0.35416,
    "ndcg_at_10": 0.37589,
    "ndcg_at_20": 0.39522,
    "ndcg_at_100": 0.42591,
    "ndcg_at_200": 0.43635,
    "ndcg_at_300": 0.44086,
    "ndcg_at_500": 0.44628,
    "ndcg_at_1000": 0.45168,
    "map_at_1": 0.23359,
    "map_at_3": 0.29617,
    "map_at_5": 0.31075,
    "map_at_10": 0.3225,
    "map_at_20": 0.32963,
    "map_at_100": 0.33566,
    "map_at_200": 0.33654,
    "map_at_300": 0.33679,
    "map_at_500": 0.33702,
    "map_at_1000": 0.33716,
    "recall_at_1": 0.23359,
    "recall_at_3": 0.35795,
    "recall_at_5": 0.40679,
    "recall_at_10": 0.4735,
    "recall_at_20": 0.5431,
    "recall_at_100": 0.68914,
    "recall_at_200": 0.75086,
    "recall_at_300": 0.78017,
    "recall_at_500": 0.81843,
    "recall_at_1000": 0.85867,
    "precision_at_1": 0.29363,
    "precision_at_3": 0.16476,
    "precision_at_5": 0.1186,
    "precision_at_10": 0.07389,
    "precision_at_20": 0.04548,
    "precision_at_100": 0.01299,
    "precision_at_200": 0.00734,
    "precision_at_300": 0.00519,
    "precision_at_500": 0.00336,
    "precision_at_1000": 0.00182,
    "mrr_at_1": 0.29363,
    "mrr_at_3": 0.35287,
    "mrr_at_5": 0.365,
    "mrr_at_10": 0.37412,
    "mrr_at_20": 0.37878,
    "mrr_at_100": 0.38198,
    "mrr_at_200": 0.38235,
    "mrr_at_300": 0.38246,
    "mrr_at_500": 0.38254,
    "mrr_at_1000": 0.38259
}