{
    "ndcg_at_1": 0.0,
    "ndcg_at_3": 0.0,
    "ndcg_at_5": 0.0,
    "ndcg_at_10": 0.00254,
    "ndcg_at_20": 0.00736,
    "ndcg_at_100": 0.0132,
    "ndcg_at_200": 0.01547,
    "ndcg_at_300": 0.0195,
    "ndcg_at_500": 0.02181,
    "ndcg_at_1000": 0.0256,
    "map_at_1": 0.0,
    "map_at_3": 0.0,
    "map_at_5": 0.0,
    "map_at_10": 0.00046,
    "map_at_20": 0.00125,
    "map_at_100": 0.00178,
    "map_at_200": 0.00191,
    "map_at_300": 0.00199,
    "map_at_500": 0.00203,
    "map_at_1000": 0.00208,
    "recall_at_1": 0.0,
    "recall_at_3": 0.0,
    "recall_at_5": 0.0,
    "recall_at_10": 0.00364,
    "recall_at_20": 0.01273,
    "recall_at_100": 0.02727,
    "recall_at_200": 0.03455,
    "recall_at_300": 0.04909,
    "recall_at_500": 0.05818,
    "recall_at_1000": 0.07455,
    "precision_at_1": 0.0,
    "precision_at_3": 0.0,
    "precision_at_5": 0.0,
    "precision_at_10": 0.00364,
    "precision_at_20": 0.00636,
    "precision_at_100": 0.00273,
    "precision_at_200": 0.00173,
    "precision_at_300": 0.00164,
    "precision_at_500": 0.00116,
    "precision_at_1000": 0.00075,
    "mrr_at_1": 0.0,
    "mrr_at_3": 0.0,
    "mrr_at_5": 0.0,
    "mrr_at_10": 0.00462,
    "mrr_at_20": 0.00767,
    "mrr_at_100": 0.00935,
    "mrr_at_200": 0.00962,
    "mrr_at_300": 0.01007,
    "mrr_at_500": 0.01026,
    "mrr_at_1000": 0.01029,
    "rc_at_1": {
        "relevant": 0.0,
        "distractor": 0.05455
    },
    "rc_at_3": {
        "relevant": 0.0,
        "distractor": 0.09091
    },
    "rc_at_5": {
        "relevant": 0.0,
        "distractor": 0.14545
    },
    "rc_at_10": {
        "relevant": 0.03636,
        "distractor": 0.25455
    },
    "rc_at_20": {
        "relevant": 0.12727,
        "distractor": 0.4
    },
    "rc_at_100": {
        "relevant": 0.27273,
        "distractor": 1.30909
    },
    "rc_at_200": {
        "relevant": 0.34545,
        "distractor": 2.0
    },
    "rc_at_300": {
        "relevant": 0.49091,
        "distractor": 2.65455
    },
    "rc_at_500": {
        "relevant": 0.58182,
        "distractor": 3.38182
    },
    "rc_at_1000": {
        "relevant": 0.74545,
        "distractor": 5.0
    }
}