{
    "ndcg_at_1": 0.07273,
    "ndcg_at_3": 0.07811,
    "ndcg_at_5": 0.07396,
    "ndcg_at_10": 0.06359,
    "ndcg_at_20": 0.08625,
    "ndcg_at_100": 0.15089,
    "ndcg_at_200": 0.17489,
    "ndcg_at_300": 0.18852,
    "ndcg_at_500": 0.2094,
    "ndcg_at_1000": 0.23668,
    "map_at_1": 0.00727,
    "map_at_3": 0.01636,
    "map_at_5": 0.02009,
    "map_at_10": 0.02488,
    "map_at_20": 0.0306,
    "map_at_100": 0.04164,
    "map_at_200": 0.04413,
    "map_at_300": 0.04502,
    "map_at_500": 0.04607,
    "map_at_1000": 0.04703,
    "recall_at_1": 0.00727,
    "recall_at_3": 0.02364,
    "recall_at_5": 0.03636,
    "recall_at_10": 0.05818,
    "recall_at_20": 0.1,
    "recall_at_100": 0.26364,
    "recall_at_200": 0.34182,
    "recall_at_300": 0.39091,
    "recall_at_500": 0.47273,
    "recall_at_1000": 0.59091,
    "precision_at_1": 0.07273,
    "precision_at_3": 0.07879,
    "precision_at_5": 0.07273,
    "precision_at_10": 0.05818,
    "precision_at_20": 0.05,
    "precision_at_100": 0.02636,
    "precision_at_200": 0.01709,
    "precision_at_300": 0.01303,
    "precision_at_500": 0.00945,
    "precision_at_1000": 0.00591,
    "mrr_at_1": 0.07273,
    "mrr_at_3": 0.11818,
    "mrr_at_5": 0.14091,
    "mrr_at_10": 0.15727,
    "mrr_at_20": 0.16992,
    "mrr_at_100": 0.17558,
    "mrr_at_200": 0.17585,
    "mrr_at_300": 0.176,
    "mrr_at_500": 0.1761,
    "mrr_at_1000": 0.17613,
    "rc_at_1": {
        "relevant": 0.07273,
        "distractor": 0.4
    },
    "rc_at_3": {
        "relevant": 0.23636,
        "distractor": 1.30909
    },
    "rc_at_5": {
        "relevant": 0.38182,
        "distractor": 1.96364
    },
    "rc_at_10": {
        "relevant": 0.58182,
        "distractor": 3.32727
    },
    "rc_at_20": {
        "relevant": 1.0,
        "distractor": 5.76364
    },
    "rc_at_100": {
        "relevant": 2.63636,
        "distractor": 16.67273
    },
    "rc_at_200": {
        "relevant": 3.41818,
        "distractor": 23.83636
    },
    "rc_at_300": {
        "relevant": 3.90909,
        "distractor": 29.29091
    },
    "rc_at_500": {
        "relevant": 4.72727,
        "distractor": 36.67273
    },
    "rc_at_1000": {
        "relevant": 5.90909,
        "distractor": 49.10909
    }
}