{
    "ndcg_at_1": 0.4644,
    "ndcg_at_3": 0.40772,
    "ndcg_at_5": 0.39154,
    "ndcg_at_10": 0.36527,
    "ndcg_at_20": 0.34447,
    "ndcg_at_100": 0.33857,
    "ndcg_at_200": 0.35613,
    "ndcg_at_300": 0.36863,
    "ndcg_at_500": 0.39065,
    "ndcg_at_1000": 0.42714,
    "map_at_1": 0.06101,
    "map_at_3": 0.0949,
    "map_at_5": 0.11215,
    "map_at_10": 0.13484,
    "map_at_20": 0.15216,
    "map_at_100": 0.17438,
    "map_at_200": 0.18026,
    "map_at_300": 0.18292,
    "map_at_500": 0.18612,
    "map_at_1000": 0.18985,
    "recall_at_1": 0.06101,
    "recall_at_3": 0.10386,
    "recall_at_5": 0.13367,
    "recall_at_10": 0.17807,
    "recall_at_20": 0.22069,
    "recall_at_100": 0.34409,
    "recall_at_200": 0.41899,
    "recall_at_300": 0.46663,
    "recall_at_500": 0.54603,
    "recall_at_1000": 0.67278,
    "precision_at_1": 0.47988,
    "precision_at_3": 0.37771,
    "precision_at_5": 0.34118,
    "precision_at_10": 0.27585,
    "precision_at_20": 0.20789,
    "precision_at_100": 0.08805,
    "precision_at_200": 0.05779,
    "precision_at_300": 0.04478,
    "precision_at_500": 0.03295,
    "precision_at_1000": 0.0218,
    "mrr_at_1": 0.47988,
    "mrr_at_3": 0.54128,
    "mrr_at_5": 0.55444,
    "mrr_at_10": 0.56273,
    "mrr_at_20": 0.56682,
    "mrr_at_100": 0.56907,
    "mrr_at_200": 0.56925,
    "mrr_at_300": 0.56934,
    "mrr_at_500": 0.56942,
    "mrr_at_1000": 0.56945
}