{
    "ndcg_at_1": 0.33567,
    "ndcg_at_3": 0.37053,
    "ndcg_at_5": 0.38688,
    "ndcg_at_10": 0.40756,
    "ndcg_at_20": 0.42229,
    "ndcg_at_100": 0.44816,
    "ndcg_at_200": 0.45758,
    "ndcg_at_300": 0.4616,
    "ndcg_at_500": 0.46634,
    "ndcg_at_1000": 0.47174,
    "map_at_1": 0.26747,
    "map_at_3": 0.33002,
    "map_at_5": 0.34407,
    "map_at_10": 0.35566,
    "map_at_20": 0.36118,
    "map_at_100": 0.36622,
    "map_at_200": 0.36693,
    "map_at_300": 0.36713,
    "map_at_500": 0.3673,
    "map_at_1000": 0.36744,
    "recall_at_1": 0.26747,
    "recall_at_3": 0.38663,
    "recall_at_5": 0.43235,
    "recall_at_10": 0.49779,
    "recall_at_20": 0.55213,
    "recall_at_100": 0.67389,
    "recall_at_200": 0.72841,
    "recall_at_300": 0.75495,
    "recall_at_500": 0.78752,
    "recall_at_1000": 0.82681,
    "precision_at_1": 0.33567,
    "precision_at_3": 0.17792,
    "precision_at_5": 0.12561,
    "precision_at_10": 0.07573,
    "precision_at_20": 0.04417,
    "precision_at_100": 0.012,
    "precision_at_200": 0.00676,
    "precision_at_300": 0.00475,
    "precision_at_500": 0.00306,
    "precision_at_1000": 0.00168,
    "mrr_at_1": 0.33567,
    "mrr_at_3": 0.39331,
    "mrr_at_5": 0.40446,
    "mrr_at_10": 0.41361,
    "mrr_at_20": 0.41736,
    "mrr_at_100": 0.42021,
    "mrr_at_200": 0.42058,
    "mrr_at_300": 0.42068,
    "mrr_at_500": 0.42075,
    "mrr_at_1000": 0.42079
}