{
    "ndcg_at_1": 0.27273,
    "ndcg_at_3": 0.22448,
    "ndcg_at_5": 0.19964,
    "ndcg_at_10": 0.18283,
    "ndcg_at_20": 0.227,
    "ndcg_at_100": 0.30839,
    "ndcg_at_200": 0.33118,
    "ndcg_at_300": 0.33778,
    "ndcg_at_500": 0.35125,
    "ndcg_at_1000": 0.36219,
    "map_at_1": 0.02727,
    "map_at_3": 0.0497,
    "map_at_5": 0.06179,
    "map_at_10": 0.08881,
    "map_at_20": 0.1092,
    "map_at_100": 0.13275,
    "map_at_200": 0.13552,
    "map_at_300": 0.13626,
    "map_at_500": 0.13704,
    "map_at_1000": 0.13743,
    "recall_at_1": 0.02727,
    "recall_at_3": 0.06364,
    "recall_at_5": 0.09091,
    "recall_at_10": 0.16727,
    "recall_at_20": 0.24545,
    "recall_at_100": 0.44909,
    "recall_at_200": 0.52364,
    "recall_at_300": 0.54727,
    "recall_at_500": 0.6,
    "recall_at_1000": 0.64727,
    "precision_at_1": 0.27273,
    "precision_at_3": 0.21212,
    "precision_at_5": 0.18182,
    "precision_at_10": 0.16727,
    "precision_at_20": 0.12273,
    "precision_at_100": 0.04491,
    "precision_at_200": 0.02618,
    "precision_at_300": 0.01824,
    "precision_at_500": 0.012,
    "precision_at_1000": 0.00647,
    "mrr_at_1": 0.27273,
    "mrr_at_3": 0.35758,
    "mrr_at_5": 0.38121,
    "mrr_at_10": 0.40718,
    "mrr_at_20": 0.41119,
    "mrr_at_100": 0.41289,
    "mrr_at_200": 0.41319,
    "mrr_at_300": 0.41319,
    "mrr_at_500": 0.41319,
    "mrr_at_1000": 0.41321,
    "rc_at_1": {
        "relevant": 0.27273,
        "distractor": 0.56364
    },
    "rc_at_3": {
        "relevant": 0.63636,
        "distractor": 1.81818
    },
    "rc_at_5": {
        "relevant": 0.90909,
        "distractor": 3.07273
    },
    "rc_at_10": {
        "relevant": 1.67273,
        "distractor": 5.52727
    },
    "rc_at_20": {
        "relevant": 2.45455,
        "distractor": 10.09091
    },
    "rc_at_100": {
        "relevant": 4.49091,
        "distractor": 29.49091
    },
    "rc_at_200": {
        "relevant": 5.23636,
        "distractor": 37.25455
    },
    "rc_at_300": {
        "relevant": 5.47273,
        "distractor": 41.29091
    },
    "rc_at_500": {
        "relevant": 6.0,
        "distractor": 46.87273
    },
    "rc_at_1000": {
        "relevant": 6.47273,
        "distractor": 53.47273
    }
}