{
    "ndcg_at_1": 0.09105,
    "ndcg_at_3": 0.0718,
    "ndcg_at_5": 0.07791,
    "ndcg_at_10": 0.08604,
    "ndcg_at_20": 0.09931,
    "ndcg_at_100": 0.12718,
    "ndcg_at_200": 0.13872,
    "ndcg_at_300": 0.14593,
    "ndcg_at_500": 0.15636,
    "ndcg_at_1000": 0.1697,
    "map_at_1": 0.03465,
    "map_at_3": 0.04686,
    "map_at_5": 0.05293,
    "map_at_10": 0.0574,
    "map_at_20": 0.06133,
    "map_at_100": 0.06506,
    "map_at_200": 0.06571,
    "map_at_300": 0.06599,
    "map_at_500": 0.06631,
    "map_at_1000": 0.06655,
    "recall_at_1": 0.03465,
    "recall_at_3": 0.05807,
    "recall_at_5": 0.08271,
    "recall_at_10": 0.10797,
    "recall_at_20": 0.15033,
    "recall_at_100": 0.27488,
    "recall_at_200": 0.33868,
    "recall_at_300": 0.38097,
    "recall_at_500": 0.45069,
    "recall_at_1000": 0.55099,
    "precision_at_1": 0.09105,
    "precision_at_3": 0.05093,
    "precision_at_5": 0.04228,
    "precision_at_10": 0.02747,
    "precision_at_20": 0.01867,
    "precision_at_100": 0.00665,
    "precision_at_200": 0.00417,
    "precision_at_300": 0.0032,
    "precision_at_500": 0.00228,
    "precision_at_1000": 0.00139,
    "mrr_at_1": 0.09105,
    "mrr_at_3": 0.1106,
    "mrr_at_5": 0.12124,
    "mrr_at_10": 0.12654,
    "mrr_at_20": 0.13072,
    "mrr_at_100": 0.13489,
    "mrr_at_200": 0.13544,
    "mrr_at_300": 0.13567,
    "mrr_at_500": 0.13581,
    "mrr_at_1000": 0.13594
}