{
    "ndcg_at_1": 0.2,
    "ndcg_at_3": 0.15367,
    "ndcg_at_5": 0.14115,
    "ndcg_at_10": 0.13514,
    "ndcg_at_20": 0.17028,
    "ndcg_at_100": 0.28307,
    "ndcg_at_200": 0.32315,
    "ndcg_at_300": 0.33893,
    "ndcg_at_500": 0.34839,
    "ndcg_at_1000": 0.36271,
    "map_at_1": 0.02,
    "map_at_3": 0.03333,
    "map_at_5": 0.04187,
    "map_at_10": 0.05877,
    "map_at_20": 0.07161,
    "map_at_100": 0.09785,
    "map_at_200": 0.10355,
    "map_at_300": 0.10517,
    "map_at_500": 0.10582,
    "map_at_1000": 0.10646,
    "recall_at_1": 0.02,
    "recall_at_3": 0.04308,
    "recall_at_5": 0.06462,
    "recall_at_10": 0.12615,
    "recall_at_20": 0.19077,
    "recall_at_100": 0.47846,
    "recall_at_200": 0.60769,
    "recall_at_300": 0.66462,
    "recall_at_500": 0.70154,
    "recall_at_1000": 0.76308,
    "precision_at_1": 0.2,
    "precision_at_3": 0.14359,
    "precision_at_5": 0.12923,
    "precision_at_10": 0.12615,
    "precision_at_20": 0.09538,
    "precision_at_100": 0.04785,
    "precision_at_200": 0.03038,
    "precision_at_300": 0.02215,
    "precision_at_500": 0.01403,
    "precision_at_1000": 0.00763,
    "mrr_at_1": 0.2,
    "mrr_at_3": 0.25641,
    "mrr_at_5": 0.28564,
    "mrr_at_10": 0.31624,
    "mrr_at_20": 0.32342,
    "mrr_at_100": 0.32806,
    "mrr_at_200": 0.3283,
    "mrr_at_300": 0.3283,
    "mrr_at_500": 0.3283,
    "mrr_at_1000": 0.3283,
    "rc_at_1": {
        "relevant": 0.2,
        "distractor": 0.73846
    },
    "rc_at_3": {
        "relevant": 0.43077,
        "distractor": 2.24615
    },
    "rc_at_5": {
        "relevant": 0.64615,
        "distractor": 3.73846
    },
    "rc_at_10": {
        "relevant": 1.24615,
        "distractor": 7.32308
    },
    "rc_at_20": {
        "relevant": 1.90769,
        "distractor": 13.8
    },
    "rc_at_100": {
        "relevant": 4.78462,
        "distractor": 45.96923
    },
    "rc_at_200": {
        "relevant": 6.07692,
        "distractor": 56.56923
    },
    "rc_at_300": {
        "relevant": 6.64615,
        "distractor": 60.95385
    },
    "rc_at_500": {
        "relevant": 7.01538,
        "distractor": 66.63077
    },
    "rc_at_1000": {
        "relevant": 7.63077,
        "distractor": 74.04615
    }
}