{
    "ndcg_at_1": 0.18462,
    "ndcg_at_3": 0.13563,
    "ndcg_at_5": 0.12384,
    "ndcg_at_10": 0.11622,
    "ndcg_at_20": 0.14026,
    "ndcg_at_100": 0.20354,
    "ndcg_at_200": 0.23019,
    "ndcg_at_300": 0.2412,
    "ndcg_at_500": 0.25295,
    "ndcg_at_1000": 0.27408,
    "map_at_1": 0.01846,
    "map_at_3": 0.02974,
    "map_at_5": 0.03728,
    "map_at_10": 0.05016,
    "map_at_20": 0.05835,
    "map_at_100": 0.07249,
    "map_at_200": 0.0754,
    "map_at_300": 0.07626,
    "map_at_500": 0.07693,
    "map_at_1000": 0.07761,
    "recall_at_1": 0.01846,
    "recall_at_3": 0.03692,
    "recall_at_5": 0.05538,
    "recall_at_10": 0.10615,
    "recall_at_20": 0.15077,
    "recall_at_100": 0.30769,
    "recall_at_200": 0.39385,
    "recall_at_300": 0.43385,
    "recall_at_500": 0.48,
    "recall_at_1000": 0.57077,
    "precision_at_1": 0.18462,
    "precision_at_3": 0.12308,
    "precision_at_5": 0.11077,
    "precision_at_10": 0.10615,
    "precision_at_20": 0.07538,
    "precision_at_100": 0.03077,
    "precision_at_200": 0.01969,
    "precision_at_300": 0.01446,
    "precision_at_500": 0.0096,
    "precision_at_1000": 0.00571,
    "mrr_at_1": 0.18462,
    "mrr_at_3": 0.23077,
    "mrr_at_5": 0.25615,
    "mrr_at_10": 0.28275,
    "mrr_at_20": 0.28575,
    "mrr_at_100": 0.292,
    "mrr_at_200": 0.29225,
    "mrr_at_300": 0.29244,
    "mrr_at_500": 0.29244,
    "mrr_at_1000": 0.29249,
    "rc_at_1": {
        "relevant": 0.18462,
        "distractor": 0.66154
    },
    "rc_at_3": {
        "relevant": 0.36923,
        "distractor": 2.03077
    },
    "rc_at_5": {
        "relevant": 0.55385,
        "distractor": 3.26154
    },
    "rc_at_10": {
        "relevant": 1.04615,
        "distractor": 5.78462
    },
    "rc_at_20": {
        "relevant": 1.50769,
        "distractor": 10.46154
    },
    "rc_at_100": {
        "relevant": 3.07692,
        "distractor": 29.69231
    },
    "rc_at_200": {
        "relevant": 3.93846,
        "distractor": 37.87692
    },
    "rc_at_300": {
        "relevant": 4.33846,
        "distractor": 42.16923
    },
    "rc_at_500": {
        "relevant": 4.8,
        "distractor": 47.41538
    },
    "rc_at_1000": {
        "relevant": 5.70769,
        "distractor": 53.46154
    }
}