{
    "ndcg_at_1": 0.14545,
    "ndcg_at_3": 0.08756,
    "ndcg_at_5": 0.07098,
    "ndcg_at_10": 0.06809,
    "ndcg_at_20": 0.07927,
    "ndcg_at_100": 0.10411,
    "ndcg_at_200": 0.11409,
    "ndcg_at_300": 0.13013,
    "ndcg_at_500": 0.13945,
    "ndcg_at_1000": 0.1526,
    "map_at_1": 0.01455,
    "map_at_3": 0.0203,
    "map_at_5": 0.02485,
    "map_at_10": 0.03559,
    "map_at_20": 0.0387,
    "map_at_100": 0.04265,
    "map_at_200": 0.04308,
    "map_at_300": 0.0438,
    "map_at_500": 0.04423,
    "map_at_1000": 0.04459,
    "recall_at_1": 0.01455,
    "recall_at_3": 0.02182,
    "recall_at_5": 0.02727,
    "recall_at_10": 0.05818,
    "recall_at_20": 0.07818,
    "recall_at_100": 0.14,
    "recall_at_200": 0.17273,
    "recall_at_300": 0.23091,
    "recall_at_500": 0.26727,
    "recall_at_1000": 0.32364,
    "precision_at_1": 0.14545,
    "precision_at_3": 0.07273,
    "precision_at_5": 0.05455,
    "precision_at_10": 0.05818,
    "precision_at_20": 0.03909,
    "precision_at_100": 0.014,
    "precision_at_200": 0.00864,
    "precision_at_300": 0.0077,
    "precision_at_500": 0.00535,
    "precision_at_1000": 0.00324,
    "mrr_at_1": 0.14545,
    "mrr_at_3": 0.15455,
    "mrr_at_5": 0.15455,
    "mrr_at_10": 0.17545,
    "mrr_at_20": 0.17888,
    "mrr_at_100": 0.18174,
    "mrr_at_200": 0.18272,
    "mrr_at_300": 0.18332,
    "mrr_at_500": 0.18348,
    "mrr_at_1000": 0.18351,
    "rc_at_1": {
        "relevant": 0.14545,
        "distractor": 0.09091
    },
    "rc_at_3": {
        "relevant": 0.21818,
        "distractor": 0.45455
    },
    "rc_at_5": {
        "relevant": 0.27273,
        "distractor": 0.70909
    },
    "rc_at_10": {
        "relevant": 0.58182,
        "distractor": 1.34545
    },
    "rc_at_20": {
        "relevant": 0.78182,
        "distractor": 2.38182
    },
    "rc_at_100": {
        "relevant": 1.4,
        "distractor": 6.03636
    },
    "rc_at_200": {
        "relevant": 1.72727,
        "distractor": 8.12727
    },
    "rc_at_300": {
        "relevant": 2.30909,
        "distractor": 9.81818
    },
    "rc_at_500": {
        "relevant": 2.67273,
        "distractor": 12.58182
    },
    "rc_at_1000": {
        "relevant": 3.23636,
        "distractor": 16.81818
    }
}