{
    "ndcg_at_1": 0.43498,
    "ndcg_at_3": 0.38136,
    "ndcg_at_5": 0.3582,
    "ndcg_at_10": 0.33008,
    "ndcg_at_20": 0.30752,
    "ndcg_at_100": 0.30082,
    "ndcg_at_200": 0.31733,
    "ndcg_at_300": 0.32883,
    "ndcg_at_500": 0.35019,
    "ndcg_at_1000": 0.38657,
    "map_at_1": 0.05315,
    "map_at_3": 0.08593,
    "map_at_5": 0.10027,
    "map_at_10": 0.11851,
    "map_at_20": 0.13221,
    "map_at_100": 0.15016,
    "map_at_200": 0.15487,
    "map_at_300": 0.15705,
    "map_at_500": 0.15976,
    "map_at_1000": 0.16333,
    "recall_at_1": 0.05315,
    "recall_at_3": 0.09489,
    "recall_at_5": 0.11803,
    "recall_at_10": 0.1537,
    "recall_at_20": 0.19287,
    "recall_at_100": 0.31242,
    "recall_at_200": 0.38005,
    "recall_at_300": 0.42051,
    "recall_at_500": 0.49651,
    "recall_at_1000": 0.61547,
    "precision_at_1": 0.45201,
    "precision_at_3": 0.36017,
    "precision_at_5": 0.31269,
    "precision_at_10": 0.24861,
    "precision_at_20": 0.18406,
    "precision_at_100": 0.07582,
    "precision_at_200": 0.05017,
    "precision_at_300": 0.03922,
    "precision_at_500": 0.02928,
    "precision_at_1000": 0.02028,
    "mrr_at_1": 0.45201,
    "mrr_at_3": 0.5129,
    "mrr_at_5": 0.52141,
    "mrr_at_10": 0.52938,
    "mrr_at_20": 0.53304,
    "mrr_at_100": 0.53619,
    "mrr_at_200": 0.53649,
    "mrr_at_300": 0.53654,
    "mrr_at_500": 0.53658,
    "mrr_at_1000": 0.5366
}