{
    "ndcg_at_1": 0.4257,
    "ndcg_at_3": 0.39397,
    "ndcg_at_5": 0.3743,
    "ndcg_at_10": 0.3515,
    "ndcg_at_20": 0.32937,
    "ndcg_at_100": 0.32348,
    "ndcg_at_200": 0.34109,
    "ndcg_at_300": 0.35537,
    "ndcg_at_500": 0.37819,
    "ndcg_at_1000": 0.41237,
    "map_at_1": 0.04876,
    "map_at_3": 0.08501,
    "map_at_5": 0.10095,
    "map_at_10": 0.12456,
    "map_at_20": 0.14071,
    "map_at_100": 0.16324,
    "map_at_200": 0.16946,
    "map_at_300": 0.17246,
    "map_at_500": 0.17577,
    "map_at_1000": 0.17951,
    "recall_at_1": 0.04876,
    "recall_at_3": 0.09589,
    "recall_at_5": 0.12148,
    "recall_at_10": 0.16782,
    "recall_at_20": 0.20776,
    "recall_at_100": 0.33202,
    "recall_at_200": 0.40507,
    "recall_at_300": 0.46024,
    "recall_at_500": 0.53887,
    "recall_at_1000": 0.6526,
    "precision_at_1": 0.44892,
    "precision_at_3": 0.37977,
    "precision_at_5": 0.33375,
    "precision_at_10": 0.27368,
    "precision_at_20": 0.2048,
    "precision_at_100": 0.08796,
    "precision_at_200": 0.0582,
    "precision_at_300": 0.04546,
    "precision_at_500": 0.03347,
    "precision_at_1000": 0.02209,
    "mrr_at_1": 0.44892,
    "mrr_at_3": 0.516,
    "mrr_at_5": 0.52683,
    "mrr_at_10": 0.53491,
    "mrr_at_20": 0.53805,
    "mrr_at_100": 0.5406,
    "mrr_at_200": 0.54081,
    "mrr_at_300": 0.54093,
    "mrr_at_500": 0.541,
    "mrr_at_1000": 0.54103
}