{
    "ndcg_at_1": 0.2551,
    "ndcg_at_3": 0.20545,
    "ndcg_at_5": 0.20645,
    "ndcg_at_10": 0.19652,
    "ndcg_at_20": 0.21115,
    "ndcg_at_100": 0.29325,
    "ndcg_at_200": 0.33076,
    "ndcg_at_300": 0.35036,
    "ndcg_at_500": 0.38019,
    "ndcg_at_1000": 0.41468,
    "map_at_1": 0.02174,
    "map_at_3": 0.03859,
    "map_at_5": 0.05606,
    "map_at_10": 0.07889,
    "map_at_20": 0.10076,
    "map_at_100": 0.12313,
    "map_at_200": 0.1295,
    "map_at_300": 0.13173,
    "map_at_500": 0.13449,
    "map_at_1000": 0.13688,
    "recall_at_1": 0.02174,
    "recall_at_3": 0.04919,
    "recall_at_5": 0.08273,
    "recall_at_10": 0.1348,
    "recall_at_20": 0.204,
    "recall_at_100": 0.37959,
    "recall_at_200": 0.48117,
    "recall_at_300": 0.53991,
    "recall_at_500": 0.63224,
    "recall_at_1000": 0.75131,
    "precision_at_1": 0.26531,
    "precision_at_3": 0.21088,
    "precision_at_5": 0.21224,
    "precision_at_10": 0.17551,
    "precision_at_20": 0.13878,
    "precision_at_100": 0.0598,
    "precision_at_200": 0.0398,
    "precision_at_300": 0.03041,
    "precision_at_500": 0.02233,
    "precision_at_1000": 0.01382,
    "mrr_at_1": 0.26531,
    "mrr_at_3": 0.34354,
    "mrr_at_5": 0.36293,
    "mrr_at_10": 0.385,
    "mrr_at_20": 0.39476,
    "mrr_at_100": 0.3982,
    "mrr_at_200": 0.3982,
    "mrr_at_300": 0.3982,
    "mrr_at_500": 0.3982,
    "mrr_at_1000": 0.39823
}