{
    "ndcg_at_1": 0.49,
    "ndcg_at_3": 0.49061,
    "ndcg_at_5": 0.48562,
    "ndcg_at_10": 0.43712,
    "ndcg_at_20": 0.3915,
    "ndcg_at_100": 0.26106,
    "ndcg_at_200": 0.20923,
    "ndcg_at_300": 0.191,
    "ndcg_at_500": 0.18739,
    "ndcg_at_1000": 0.21657,
    "map_at_1": 0.00132,
    "map_at_3": 0.00352,
    "map_at_5": 0.00538,
    "map_at_10": 0.00886,
    "map_at_20": 0.01393,
    "map_at_100": 0.03215,
    "map_at_200": 0.04201,
    "map_at_300": 0.04799,
    "map_at_500": 0.05534,
    "map_at_1000": 0.06368,
    "recall_at_1": 0.00132,
    "recall_at_3": 0.00386,
    "recall_at_5": 0.00607,
    "recall_at_10": 0.01069,
    "recall_at_20": 0.01826,
    "recall_at_100": 0.05578,
    "recall_at_200": 0.08444,
    "recall_at_300": 0.10724,
    "recall_at_500": 0.14246,
    "recall_at_1000": 0.19678,
    "precision_at_1": 0.56,
    "precision_at_3": 0.55333,
    "precision_at_5": 0.532,
    "precision_at_10": 0.46,
    "precision_at_20": 0.396,
    "precision_at_100": 0.2466,
    "precision_at_200": 0.1903,
    "precision_at_300": 0.163,
    "precision_at_500": 0.1304,
    "precision_at_1000": 0.09238,
    "mrr_at_1": 0.56,
    "mrr_at_3": 0.63333,
    "mrr_at_5": 0.64733,
    "mrr_at_10": 0.65575,
    "mrr_at_20": 0.66258,
    "mrr_at_100": 0.66524,
    "mrr_at_200": 0.66524,
    "mrr_at_300": 0.66524,
    "mrr_at_500": 0.66524,
    "mrr_at_1000": 0.66524
}