{
    "ndcg_at_1": 0.54875,
    "ndcg_at_3": 0.45445,
    "ndcg_at_5": 0.42329,
    "ndcg_at_10": 0.39989,
    "ndcg_at_20": 0.39182,
    "ndcg_at_100": 0.43733,
    "ndcg_at_200": 0.46277,
    "ndcg_at_300": 0.47704,
    "ndcg_at_500": 0.49189,
    "ndcg_at_1000": 0.50933,
    "map_at_1": 0.08881,
    "map_at_3": 0.13321,
    "map_at_5": 0.15368,
    "map_at_10": 0.1809,
    "map_at_20": 0.20765,
    "map_at_100": 0.25059,
    "map_at_200": 0.25851,
    "map_at_300": 0.26173,
    "map_at_500": 0.26452,
    "map_at_1000": 0.2671,
    "recall_at_1": 0.08881,
    "recall_at_3": 0.1436,
    "recall_at_5": 0.17642,
    "recall_at_10": 0.22915,
    "recall_at_20": 0.29392,
    "recall_at_100": 0.47688,
    "recall_at_200": 0.55414,
    "recall_at_300": 0.59624,
    "recall_at_500": 0.64656,
    "recall_at_1000": 0.71038,
    "precision_at_1": 0.6625,
    "precision_at_3": 0.47833,
    "precision_at_5": 0.399,
    "precision_at_10": 0.307,
    "precision_at_20": 0.23475,
    "precision_at_100": 0.10018,
    "precision_at_200": 0.06384,
    "precision_at_300": 0.04881,
    "precision_at_500": 0.03423,
    "precision_at_1000": 0.02084,
    "mrr_at_1": 0.6625,
    "mrr_at_3": 0.72167,
    "mrr_at_5": 0.72992,
    "mrr_at_10": 0.73596,
    "mrr_at_20": 0.73874,
    "mrr_at_100": 0.73987,
    "mrr_at_200": 0.73998,
    "mrr_at_300": 0.74002,
    "mrr_at_500": 0.74002,
    "mrr_at_1000": 0.74003
}