{
    "ndcg_at_1": 0.0,
    "ndcg_at_3": 0.28846,
    "ndcg_at_5": 0.35938,
    "ndcg_at_10": 0.41877,
    "ndcg_at_20": 0.44219,
    "ndcg_at_100": 0.4521,
    "ndcg_at_200": 0.4525,
    "ndcg_at_300": 0.45268,
    "ndcg_at_500": 0.45293,
    "ndcg_at_1000": 0.45293,
    "map_at_1": 0.0,
    "map_at_3": 0.21799,
    "map_at_5": 0.25754,
    "map_at_10": 0.28194,
    "map_at_20": 0.28858,
    "map_at_100": 0.29016,
    "map_at_200": 0.29018,
    "map_at_300": 0.29019,
    "map_at_500": 0.29019,
    "map_at_1000": 0.29019,
    "recall_at_1": 0.0,
    "recall_at_3": 0.49218,
    "recall_at_5": 0.66358,
    "recall_at_10": 0.8478,
    "recall_at_20": 0.93883,
    "recall_at_100": 0.98933,
    "recall_at_200": 0.99218,
    "recall_at_300": 0.9936,
    "recall_at_500": 0.99573,
    "recall_at_1000": 0.99573,
    "precision_at_1": 0.0,
    "precision_at_3": 0.16406,
    "precision_at_5": 0.13272,
    "precision_at_10": 0.08478,
    "precision_at_20": 0.04694,
    "precision_at_100": 0.00989,
    "precision_at_200": 0.00496,
    "precision_at_300": 0.00331,
    "precision_at_500": 0.00199,
    "precision_at_1000": 0.001,
    "mrr_at_1": 0.0,
    "mrr_at_3": 0.21776,
    "mrr_at_5": 0.25748,
    "mrr_at_10": 0.28188,
    "mrr_at_20": 0.28852,
    "mrr_at_100": 0.2901,
    "mrr_at_200": 0.29012,
    "mrr_at_300": 0.29013,
    "mrr_at_500": 0.29013,
    "mrr_at_1000": 0.29013
}