{
    "ndcg_at_1": 0.72,
    "ndcg_at_3": 0.7095,
    "ndcg_at_5": 0.69285,
    "ndcg_at_10": 0.66255,
    "ndcg_at_20": 0.64144,
    "ndcg_at_100": 0.50904,
    "ndcg_at_200": 0.43714,
    "ndcg_at_300": 0.40996,
    "ndcg_at_500": 0.40714,
    "ndcg_at_1000": 0.45753,
    "map_at_1": 0.00198,
    "map_at_3": 0.00554,
    "map_at_5": 0.00878,
    "map_at_10": 0.01581,
    "map_at_20": 0.02871,
    "map_at_100": 0.09444,
    "map_at_200": 0.1377,
    "map_at_300": 0.16213,
    "map_at_500": 0.18954,
    "map_at_1000": 0.21889,
    "recall_at_1": 0.00198,
    "recall_at_3": 0.00586,
    "recall_at_5": 0.00981,
    "recall_at_10": 0.01841,
    "recall_at_20": 0.03517,
    "recall_at_100": 0.12969,
    "recall_at_200": 0.20567,
    "recall_at_300": 0.25881,
    "recall_at_500": 0.32967,
    "recall_at_1000": 0.43238,
    "precision_at_1": 0.76,
    "precision_at_3": 0.76,
    "precision_at_5": 0.748,
    "precision_at_10": 0.708,
    "precision_at_20": 0.685,
    "precision_at_100": 0.524,
    "precision_at_200": 0.4282,
    "precision_at_300": 0.36687,
    "precision_at_500": 0.28992,
    "precision_at_1000": 0.1972,
    "mrr_at_1": 0.76,
    "mrr_at_3": 0.83667,
    "mrr_at_5": 0.85067,
    "mrr_at_10": 0.85317,
    "mrr_at_20": 0.85317,
    "mrr_at_100": 0.85317,
    "mrr_at_200": 0.85317,
    "mrr_at_300": 0.85317,
    "mrr_at_500": 0.85317,
    "mrr_at_1000": 0.85317
}