{
    "ndcg_at_1": 0.37325,
    "ndcg_at_3": 0.42402,
    "ndcg_at_5": 0.4461,
    "ndcg_at_10": 0.47378,
    "ndcg_at_20": 0.49171,
    "ndcg_at_100": 0.51897,
    "ndcg_at_200": 0.52801,
    "ndcg_at_300": 0.53269,
    "ndcg_at_500": 0.53574,
    "ndcg_at_1000": 0.54003,
    "map_at_1": 0.29484,
    "map_at_3": 0.37418,
    "map_at_5": 0.39327,
    "map_at_10": 0.40942,
    "map_at_20": 0.41699,
    "map_at_100": 0.42364,
    "map_at_200": 0.42444,
    "map_at_300": 0.42474,
    "map_at_500": 0.4249,
    "map_at_1000": 0.42502,
    "recall_at_1": 0.29484,
    "recall_at_3": 0.44649,
    "recall_at_5": 0.50874,
    "recall_at_10": 0.59142,
    "recall_at_20": 0.65803,
    "recall_at_100": 0.78037,
    "recall_at_200": 0.83332,
    "recall_at_300": 0.86355,
    "recall_at_500": 0.88213,
    "recall_at_1000": 0.91319,
    "precision_at_1": 0.37325,
    "precision_at_3": 0.20913,
    "precision_at_5": 0.15019,
    "precision_at_10": 0.09427,
    "precision_at_20": 0.05551,
    "precision_at_100": 0.01523,
    "precision_at_200": 0.00842,
    "precision_at_300": 0.00593,
    "precision_at_500": 0.00374,
    "precision_at_1000": 0.002,
    "mrr_at_1": 0.37325,
    "mrr_at_3": 0.44363,
    "mrr_at_5": 0.45764,
    "mrr_at_10": 0.46873,
    "mrr_at_20": 0.47256,
    "mrr_at_100": 0.47507,
    "mrr_at_200": 0.47543,
    "mrr_at_300": 0.47553,
    "mrr_at_500": 0.47557,
    "mrr_at_1000": 0.4756
}