{
    "ndcg_at_1": 0.26372,
    "ndcg_at_3": 0.29967,
    "ndcg_at_5": 0.3152,
    "ndcg_at_10": 0.33676,
    "ndcg_at_20": 0.356,
    "ndcg_at_100": 0.38442,
    "ndcg_at_200": 0.3949,
    "ndcg_at_300": 0.40021,
    "ndcg_at_500": 0.40572,
    "ndcg_at_1000": 0.41375,
    "map_at_1": 0.21392,
    "map_at_3": 0.26853,
    "map_at_5": 0.28043,
    "map_at_10": 0.29092,
    "map_at_20": 0.29698,
    "map_at_100": 0.30135,
    "map_at_200": 0.30201,
    "map_at_300": 0.30225,
    "map_at_500": 0.30243,
    "map_at_1000": 0.30258,
    "recall_at_1": 0.21392,
    "recall_at_3": 0.32325,
    "recall_at_5": 0.36733,
    "recall_at_10": 0.43162,
    "recall_at_20": 0.49951,
    "recall_at_100": 0.63651,
    "recall_at_200": 0.70193,
    "recall_at_300": 0.73728,
    "recall_at_500": 0.7767,
    "recall_at_1000": 0.84099,
    "precision_at_1": 0.26372,
    "precision_at_3": 0.1418,
    "precision_at_5": 0.09798,
    "precision_at_10": 0.05977,
    "precision_at_20": 0.03576,
    "precision_at_100": 0.00973,
    "precision_at_200": 0.00554,
    "precision_at_300": 0.00396,
    "precision_at_500": 0.00257,
    "precision_at_1000": 0.00144,
    "mrr_at_1": 0.26372,
    "mrr_at_3": 0.31665,
    "mrr_at_5": 0.32618,
    "mrr_at_10": 0.33601,
    "mrr_at_20": 0.34109,
    "mrr_at_100": 0.34443,
    "mrr_at_200": 0.34487,
    "mrr_at_300": 0.34502,
    "mrr_at_500": 0.3451,
    "mrr_at_1000": 0.34518
}