{
    "ndcg_at_1": 0.46,
    "ndcg_at_3": 0.40293,
    "ndcg_at_5": 0.38115,
    "ndcg_at_10": 0.3573,
    "ndcg_at_20": 0.35192,
    "ndcg_at_100": 0.38956,
    "ndcg_at_200": 0.41646,
    "ndcg_at_300": 0.43089,
    "ndcg_at_500": 0.44643,
    "ndcg_at_1000": 0.46566,
    "map_at_1": 0.06965,
    "map_at_3": 0.11345,
    "map_at_5": 0.13193,
    "map_at_10": 0.15507,
    "map_at_20": 0.18004,
    "map_at_100": 0.21515,
    "map_at_200": 0.22264,
    "map_at_300": 0.22567,
    "map_at_500": 0.228,
    "map_at_1000": 0.23026,
    "recall_at_1": 0.06965,
    "recall_at_3": 0.12934,
    "recall_at_5": 0.16385,
    "recall_at_10": 0.21176,
    "recall_at_20": 0.27556,
    "recall_at_100": 0.43478,
    "recall_at_200": 0.51374,
    "recall_at_300": 0.56111,
    "recall_at_500": 0.6181,
    "recall_at_1000": 0.69118,
    "precision_at_1": 0.57,
    "precision_at_3": 0.44833,
    "precision_at_5": 0.3745,
    "precision_at_10": 0.28525,
    "precision_at_20": 0.21625,
    "precision_at_100": 0.08928,
    "precision_at_200": 0.05774,
    "precision_at_300": 0.04418,
    "precision_at_500": 0.03066,
    "precision_at_1000": 0.01869,
    "mrr_at_1": 0.57,
    "mrr_at_3": 0.65208,
    "mrr_at_5": 0.66233,
    "mrr_at_10": 0.6684,
    "mrr_at_20": 0.67121,
    "mrr_at_100": 0.67271,
    "mrr_at_200": 0.6728,
    "mrr_at_300": 0.67282,
    "mrr_at_500": 0.67283,
    "mrr_at_1000": 0.67285
}