{
    "ndcg_at_1": 0.40892,
    "ndcg_at_3": 0.44526,
    "ndcg_at_5": 0.47087,
    "ndcg_at_10": 0.49084,
    "ndcg_at_20": 0.50919,
    "ndcg_at_100": 0.53376,
    "ndcg_at_200": 0.54171,
    "ndcg_at_300": 0.54462,
    "ndcg_at_500": 0.54854,
    "ndcg_at_1000": 0.55293,
    "map_at_1": 0.32726,
    "map_at_3": 0.39954,
    "map_at_5": 0.42014,
    "map_at_10": 0.43282,
    "map_at_20": 0.44004,
    "map_at_100": 0.44518,
    "map_at_200": 0.44593,
    "map_at_300": 0.44615,
    "map_at_500": 0.44633,
    "map_at_1000": 0.44646,
    "recall_at_1": 0.32726,
    "recall_at_3": 0.45906,
    "recall_at_5": 0.5291,
    "recall_at_10": 0.59191,
    "recall_at_20": 0.65843,
    "recall_at_100": 0.77185,
    "recall_at_200": 0.81634,
    "recall_at_300": 0.8329,
    "recall_at_500": 0.85833,
    "recall_at_1000": 0.89028,
    "precision_at_1": 0.40892,
    "precision_at_3": 0.21529,
    "precision_at_5": 0.15465,
    "precision_at_10": 0.09185,
    "precision_at_20": 0.05392,
    "precision_at_100": 0.01431,
    "precision_at_200": 0.00793,
    "precision_at_300": 0.00556,
    "precision_at_500": 0.00355,
    "precision_at_1000": 0.00191,
    "mrr_at_1": 0.40892,
    "mrr_at_3": 0.46847,
    "mrr_at_5": 0.48538,
    "mrr_at_10": 0.49327,
    "mrr_at_20": 0.49759,
    "mrr_at_100": 0.49997,
    "mrr_at_200": 0.50023,
    "mrr_at_300": 0.50027,
    "mrr_at_500": 0.50032,
    "mrr_at_1000": 0.50036
}