{
    "ndcg_at_1": 0.37053,
    "ndcg_at_3": 0.43107,
    "ndcg_at_5": 0.45643,
    "ndcg_at_10": 0.48507,
    "ndcg_at_20": 0.50385,
    "ndcg_at_100": 0.533,
    "ndcg_at_200": 0.5402,
    "ndcg_at_300": 0.54306,
    "ndcg_at_500": 0.5456,
    "ndcg_at_1000": 0.54881,
    "map_at_1": 0.32412,
    "map_at_3": 0.39895,
    "map_at_5": 0.41594,
    "map_at_10": 0.42935,
    "map_at_20": 0.4355,
    "map_at_100": 0.44037,
    "map_at_200": 0.44083,
    "map_at_300": 0.44096,
    "map_at_500": 0.44103,
    "map_at_1000": 0.44108,
    "recall_at_1": 0.32412,
    "recall_at_3": 0.47291,
    "recall_at_5": 0.53489,
    "recall_at_10": 0.61892,
    "recall_at_20": 0.6884,
    "recall_at_100": 0.82982,
    "recall_at_200": 0.87722,
    "recall_at_300": 0.89774,
    "recall_at_500": 0.91754,
    "recall_at_1000": 0.94524,
    "precision_at_1": 0.37053,
    "precision_at_3": 0.19289,
    "precision_at_5": 0.13392,
    "precision_at_10": 0.07937,
    "precision_at_20": 0.04524,
    "precision_at_100": 0.01141,
    "precision_at_200": 0.00607,
    "precision_at_300": 0.00416,
    "precision_at_500": 0.00256,
    "precision_at_1000": 0.00132,
    "mrr_at_1": 0.37053,
    "mrr_at_3": 0.43762,
    "mrr_at_5": 0.45172,
    "mrr_at_10": 0.4626,
    "mrr_at_20": 0.46744,
    "mrr_at_100": 0.47071,
    "mrr_at_200": 0.47099,
    "mrr_at_300": 0.47106,
    "mrr_at_500": 0.47111,
    "mrr_at_1000": 0.47114
}