{
    "ndcg_at_1": 0.25613,
    "ndcg_at_3": 0.30218,
    "ndcg_at_5": 0.31884,
    "ndcg_at_10": 0.34329,
    "ndcg_at_20": 0.3623,
    "ndcg_at_100": 0.3911,
    "ndcg_at_200": 0.40158,
    "ndcg_at_300": 0.4058,
    "ndcg_at_500": 0.41294,
    "ndcg_at_1000": 0.41779,
    "map_at_1": 0.2206,
    "map_at_3": 0.27592,
    "map_at_5": 0.28719,
    "map_at_10": 0.29866,
    "map_at_20": 0.30436,
    "map_at_100": 0.30875,
    "map_at_200": 0.30938,
    "map_at_300": 0.30955,
    "map_at_500": 0.30974,
    "map_at_1000": 0.30983,
    "recall_at_1": 0.2206,
    "recall_at_3": 0.33354,
    "recall_at_5": 0.37646,
    "recall_at_10": 0.44944,
    "recall_at_20": 0.52123,
    "recall_at_100": 0.66597,
    "recall_at_200": 0.7351,
    "recall_at_300": 0.76534,
    "recall_at_500": 0.82205,
    "recall_at_1000": 0.8621,
    "precision_at_1": 0.25613,
    "precision_at_3": 0.13497,
    "precision_at_5": 0.09264,
    "precision_at_10": 0.05613,
    "precision_at_20": 0.0329,
    "precision_at_100": 0.00863,
    "precision_at_200": 0.00481,
    "precision_at_300": 0.00337,
    "precision_at_500": 0.00219,
    "precision_at_1000": 0.00117,
    "mrr_at_1": 0.25613,
    "mrr_at_3": 0.30854,
    "mrr_at_5": 0.31843,
    "mrr_at_10": 0.32888,
    "mrr_at_20": 0.33385,
    "mrr_at_100": 0.33752,
    "mrr_at_200": 0.33804,
    "mrr_at_300": 0.33814,
    "mrr_at_500": 0.33828,
    "mrr_at_1000": 0.33833
}