{
    "ndcg_at_1": 0.27273,
    "ndcg_at_3": 0.21056,
    "ndcg_at_5": 0.19782,
    "ndcg_at_10": 0.15853,
    "ndcg_at_20": 0.20215,
    "ndcg_at_100": 0.2986,
    "ndcg_at_200": 0.32841,
    "ndcg_at_300": 0.34148,
    "ndcg_at_500": 0.35593,
    "ndcg_at_1000": 0.37451,
    "map_at_1": 0.02727,
    "map_at_3": 0.04515,
    "map_at_5": 0.06215,
    "map_at_10": 0.07625,
    "map_at_20": 0.0949,
    "map_at_100": 0.12144,
    "map_at_200": 0.12543,
    "map_at_300": 0.12671,
    "map_at_500": 0.12766,
    "map_at_1000": 0.12842,
    "recall_at_1": 0.02727,
    "recall_at_3": 0.05818,
    "recall_at_5": 0.09091,
    "recall_at_10": 0.13455,
    "recall_at_20": 0.21273,
    "recall_at_100": 0.44909,
    "recall_at_200": 0.54545,
    "recall_at_300": 0.59273,
    "recall_at_500": 0.64909,
    "recall_at_1000": 0.72909,
    "precision_at_1": 0.27273,
    "precision_at_3": 0.19394,
    "precision_at_5": 0.18182,
    "precision_at_10": 0.13455,
    "precision_at_20": 0.10636,
    "precision_at_100": 0.04491,
    "precision_at_200": 0.02727,
    "precision_at_300": 0.01976,
    "precision_at_500": 0.01298,
    "precision_at_1000": 0.00729,
    "mrr_at_1": 0.27273,
    "mrr_at_3": 0.36061,
    "mrr_at_5": 0.38061,
    "mrr_at_10": 0.39714,
    "mrr_at_20": 0.40321,
    "mrr_at_100": 0.40801,
    "mrr_at_200": 0.40813,
    "mrr_at_300": 0.40813,
    "mrr_at_500": 0.40818,
    "mrr_at_1000": 0.40818,
    "rc_at_1": {
        "relevant": 0.27273,
        "distractor": 0.47273
    },
    "rc_at_3": {
        "relevant": 0.58182,
        "distractor": 1.67273
    },
    "rc_at_5": {
        "relevant": 0.90909,
        "distractor": 2.67273
    },
    "rc_at_10": {
        "relevant": 1.34545,
        "distractor": 5.38182
    },
    "rc_at_20": {
        "relevant": 2.12727,
        "distractor": 9.98182
    },
    "rc_at_100": {
        "relevant": 4.49091,
        "distractor": 29.38182
    },
    "rc_at_200": {
        "relevant": 5.45455,
        "distractor": 40.30909
    },
    "rc_at_300": {
        "relevant": 5.92727,
        "distractor": 46.8
    },
    "rc_at_500": {
        "relevant": 6.49091,
        "distractor": 53.92727
    },
    "rc_at_1000": {
        "relevant": 7.29091,
        "distractor": 64.34545
    }
}