{
    "ndcg_at_1": 0.32308,
    "ndcg_at_3": 0.28758,
    "ndcg_at_5": 0.24848,
    "ndcg_at_10": 0.20614,
    "ndcg_at_20": 0.25036,
    "ndcg_at_100": 0.37559,
    "ndcg_at_200": 0.41438,
    "ndcg_at_300": 0.42553,
    "ndcg_at_500": 0.43777,
    "ndcg_at_1000": 0.45038,
    "map_at_1": 0.03231,
    "map_at_3": 0.06795,
    "map_at_5": 0.08287,
    "map_at_10": 0.10872,
    "map_at_20": 0.12842,
    "map_at_100": 0.16499,
    "map_at_200": 0.17119,
    "map_at_300": 0.17251,
    "map_at_500": 0.1734,
    "map_at_1000": 0.17396,
    "recall_at_1": 0.03231,
    "recall_at_3": 0.08462,
    "recall_at_5": 0.11385,
    "recall_at_10": 0.17692,
    "recall_at_20": 0.25538,
    "recall_at_100": 0.56769,
    "recall_at_200": 0.69231,
    "recall_at_300": 0.73231,
    "recall_at_500": 0.78,
    "recall_at_1000": 0.83385,
    "precision_at_1": 0.32308,
    "precision_at_3": 0.28205,
    "precision_at_5": 0.22769,
    "precision_at_10": 0.17692,
    "precision_at_20": 0.12769,
    "precision_at_100": 0.05677,
    "precision_at_200": 0.03462,
    "precision_at_300": 0.02441,
    "precision_at_500": 0.0156,
    "precision_at_1000": 0.00834,
    "mrr_at_1": 0.32308,
    "mrr_at_3": 0.40769,
    "mrr_at_5": 0.42231,
    "mrr_at_10": 0.44117,
    "mrr_at_20": 0.45108,
    "mrr_at_100": 0.45614,
    "mrr_at_200": 0.45614,
    "mrr_at_300": 0.45614,
    "mrr_at_500": 0.45614,
    "mrr_at_1000": 0.45614,
    "rc_at_1": {
        "relevant": 0.32308,
        "distractor": 0.63077
    },
    "rc_at_3": {
        "relevant": 0.84615,
        "distractor": 2.01538
    },
    "rc_at_5": {
        "relevant": 1.13846,
        "distractor": 3.56923
    },
    "rc_at_10": {
        "relevant": 1.76923,
        "distractor": 7.18462
    },
    "rc_at_20": {
        "relevant": 2.55385,
        "distractor": 14.30769
    },
    "rc_at_100": {
        "relevant": 5.67692,
        "distractor": 50.29231
    },
    "rc_at_200": {
        "relevant": 6.92308,
        "distractor": 62.61538
    },
    "rc_at_300": {
        "relevant": 7.32308,
        "distractor": 68.04615
    },
    "rc_at_500": {
        "relevant": 7.8,
        "distractor": 73.55385
    },
    "rc_at_1000": {
        "relevant": 8.33846,
        "distractor": 79.89231
    }
}