{
    "ndcg_at_1": 0.32308,
    "ndcg_at_3": 0.29119,
    "ndcg_at_5": 0.25737,
    "ndcg_at_10": 0.2258,
    "ndcg_at_20": 0.28358,
    "ndcg_at_100": 0.4947,
    "ndcg_at_200": 0.53624,
    "ndcg_at_300": 0.53793,
    "ndcg_at_500": 0.53956,
    "ndcg_at_1000": 0.53992,
    "map_at_1": 0.03231,
    "map_at_3": 0.06897,
    "map_at_5": 0.08574,
    "map_at_10": 0.11785,
    "map_at_20": 0.147,
    "map_at_100": 0.21233,
    "map_at_200": 0.22167,
    "map_at_300": 0.2219,
    "map_at_500": 0.22208,
    "map_at_1000": 0.2221,
    "recall_at_1": 0.03231,
    "recall_at_3": 0.08615,
    "recall_at_5": 0.12,
    "recall_at_10": 0.20308,
    "recall_at_20": 0.30769,
    "recall_at_100": 0.85385,
    "recall_at_200": 0.98462,
    "recall_at_300": 0.99077,
    "recall_at_500": 0.99692,
    "recall_at_1000": 0.99846,
    "precision_at_1": 0.32308,
    "precision_at_3": 0.28718,
    "precision_at_5": 0.24,
    "precision_at_10": 0.20308,
    "precision_at_20": 0.15385,
    "precision_at_100": 0.08538,
    "precision_at_200": 0.04923,
    "precision_at_300": 0.03303,
    "precision_at_500": 0.01994,
    "precision_at_1000": 0.00998,
    "mrr_at_1": 0.32308,
    "mrr_at_3": 0.40769,
    "mrr_at_5": 0.42692,
    "mrr_at_10": 0.45314,
    "mrr_at_20": 0.46129,
    "mrr_at_100": 0.46385,
    "mrr_at_200": 0.46385,
    "mrr_at_300": 0.46385,
    "mrr_at_500": 0.46385,
    "mrr_at_1000": 0.46385,
    "rc_at_1": {
        "relevant": 0.32308,
        "distractor": 0.67692
    },
    "rc_at_3": {
        "relevant": 0.86154,
        "distractor": 2.12308
    },
    "rc_at_5": {
        "relevant": 1.2,
        "distractor": 3.78462
    },
    "rc_at_10": {
        "relevant": 2.03077,
        "distractor": 7.92308
    },
    "rc_at_20": {
        "relevant": 3.07692,
        "distractor": 16.84615
    },
    "rc_at_100": {
        "relevant": 8.53846,
        "distractor": 86.73846
    },
    "rc_at_200": {
        "relevant": 9.84615,
        "distractor": 96.95385
    },
    "rc_at_300": {
        "relevant": 9.90769,
        "distractor": 97.86154
    },
    "rc_at_500": {
        "relevant": 9.96923,
        "distractor": 98.52308
    },
    "rc_at_1000": {
        "relevant": 9.98462,
        "distractor": 99.03077
    }
}