{
    "ndcg_at_1": 0.30769,
    "ndcg_at_3": 0.26403,
    "ndcg_at_5": 0.22765,
    "ndcg_at_10": 0.18606,
    "ndcg_at_20": 0.22032,
    "ndcg_at_100": 0.29198,
    "ndcg_at_200": 0.32032,
    "ndcg_at_300": 0.33531,
    "ndcg_at_500": 0.34675,
    "ndcg_at_1000": 0.36392,
    "map_at_1": 0.03077,
    "map_at_3": 0.06103,
    "map_at_5": 0.07426,
    "map_at_10": 0.09651,
    "map_at_20": 0.11116,
    "map_at_100": 0.12977,
    "map_at_200": 0.13303,
    "map_at_300": 0.13426,
    "map_at_500": 0.13502,
    "map_at_1000": 0.13572,
    "recall_at_1": 0.03077,
    "recall_at_3": 0.07692,
    "recall_at_5": 0.10308,
    "recall_at_10": 0.15692,
    "recall_at_20": 0.21846,
    "recall_at_100": 0.4,
    "recall_at_200": 0.49231,
    "recall_at_300": 0.54615,
    "recall_at_500": 0.59077,
    "recall_at_1000": 0.66462,
    "precision_at_1": 0.30769,
    "precision_at_3": 0.25641,
    "precision_at_5": 0.20615,
    "precision_at_10": 0.15692,
    "precision_at_20": 0.10923,
    "precision_at_100": 0.04,
    "precision_at_200": 0.02462,
    "precision_at_300": 0.01821,
    "precision_at_500": 0.01182,
    "precision_at_1000": 0.00665,
    "mrr_at_1": 0.30769,
    "mrr_at_3": 0.39487,
    "mrr_at_5": 0.40256,
    "mrr_at_10": 0.41758,
    "mrr_at_20": 0.42614,
    "mrr_at_100": 0.42888,
    "mrr_at_200": 0.42917,
    "mrr_at_300": 0.4293,
    "mrr_at_500": 0.4293,
    "mrr_at_1000": 0.4293,
    "rc_at_1": {
        "relevant": 0.30769,
        "distractor": 0.56923
    },
    "rc_at_3": {
        "relevant": 0.76923,
        "distractor": 1.69231
    },
    "rc_at_5": {
        "relevant": 1.03077,
        "distractor": 2.83077
    },
    "rc_at_10": {
        "relevant": 1.56923,
        "distractor": 5.64615
    },
    "rc_at_20": {
        "relevant": 2.18462,
        "distractor": 10.44615
    },
    "rc_at_100": {
        "relevant": 4.0,
        "distractor": 30.83077
    },
    "rc_at_200": {
        "relevant": 4.92308,
        "distractor": 41.07692
    },
    "rc_at_300": {
        "relevant": 5.46154,
        "distractor": 46.58462
    },
    "rc_at_500": {
        "relevant": 5.90769,
        "distractor": 52.64615
    },
    "rc_at_1000": {
        "relevant": 6.64615,
        "distractor": 60.21538
    }
}