{
    "ndcg_at_1": 0.32308,
    "ndcg_at_3": 0.29119,
    "ndcg_at_5": 0.25311,
    "ndcg_at_10": 0.22225,
    "ndcg_at_20": 0.27728,
    "ndcg_at_100": 0.44541,
    "ndcg_at_200": 0.4801,
    "ndcg_at_300": 0.4874,
    "ndcg_at_500": 0.49529,
    "ndcg_at_1000": 0.50072,
    "map_at_1": 0.03231,
    "map_at_3": 0.06897,
    "map_at_5": 0.08413,
    "map_at_10": 0.11612,
    "map_at_20": 0.14228,
    "map_at_100": 0.19266,
    "map_at_200": 0.19946,
    "map_at_300": 0.2004,
    "map_at_500": 0.20108,
    "map_at_1000": 0.20138,
    "recall_at_1": 0.03231,
    "recall_at_3": 0.08615,
    "recall_at_5": 0.11692,
    "recall_at_10": 0.19846,
    "recall_at_20": 0.29846,
    "recall_at_100": 0.72923,
    "recall_at_200": 0.84,
    "recall_at_300": 0.86615,
    "recall_at_500": 0.89692,
    "recall_at_1000": 0.92,
    "precision_at_1": 0.32308,
    "precision_at_3": 0.28718,
    "precision_at_5": 0.23385,
    "precision_at_10": 0.19846,
    "precision_at_20": 0.14923,
    "precision_at_100": 0.07292,
    "precision_at_200": 0.042,
    "precision_at_300": 0.02887,
    "precision_at_500": 0.01794,
    "precision_at_1000": 0.0092,
    "mrr_at_1": 0.32308,
    "mrr_at_3": 0.40769,
    "mrr_at_5": 0.42615,
    "mrr_at_10": 0.45083,
    "mrr_at_20": 0.46019,
    "mrr_at_100": 0.46272,
    "mrr_at_200": 0.46272,
    "mrr_at_300": 0.46272,
    "mrr_at_500": 0.46272,
    "mrr_at_1000": 0.46272,
    "rc_at_1": {
        "relevant": 0.32308,
        "distractor": 0.67692
    },
    "rc_at_3": {
        "relevant": 0.86154,
        "distractor": 2.12308
    },
    "rc_at_5": {
        "relevant": 1.16923,
        "distractor": 3.78462
    },
    "rc_at_10": {
        "relevant": 1.98462,
        "distractor": 7.73846
    },
    "rc_at_20": {
        "relevant": 2.98462,
        "distractor": 16.16923
    },
    "rc_at_100": {
        "relevant": 7.29231,
        "distractor": 67.84615
    },
    "rc_at_200": {
        "relevant": 8.4,
        "distractor": 81.46154
    },
    "rc_at_300": {
        "relevant": 8.66154,
        "distractor": 85.0
    },
    "rc_at_500": {
        "relevant": 8.96923,
        "distractor": 88.29231
    },
    "rc_at_1000": {
        "relevant": 9.2,
        "distractor": 91.16923
    }
}