{
    "ndcg_at_1": 0.32308,
    "ndcg_at_3": 0.29119,
    "ndcg_at_5": 0.25737,
    "ndcg_at_10": 0.2258,
    "ndcg_at_20": 0.28185,
    "ndcg_at_100": 0.47911,
    "ndcg_at_200": 0.51322,
    "ndcg_at_300": 0.51876,
    "ndcg_at_500": 0.52434,
    "ndcg_at_1000": 0.52829,
    "map_at_1": 0.03231,
    "map_at_3": 0.06897,
    "map_at_5": 0.08574,
    "map_at_10": 0.11785,
    "map_at_20": 0.14567,
    "map_at_100": 0.20634,
    "map_at_200": 0.21395,
    "map_at_300": 0.2146,
    "map_at_500": 0.21513,
    "map_at_1000": 0.21533,
    "recall_at_1": 0.03231,
    "recall_at_3": 0.08615,
    "recall_at_5": 0.12,
    "recall_at_10": 0.20308,
    "recall_at_20": 0.30462,
    "recall_at_100": 0.81231,
    "recall_at_200": 0.92,
    "recall_at_300": 0.94,
    "recall_at_500": 0.96154,
    "recall_at_1000": 0.97846,
    "precision_at_1": 0.32308,
    "precision_at_3": 0.28718,
    "precision_at_5": 0.24,
    "precision_at_10": 0.20308,
    "precision_at_20": 0.15231,
    "precision_at_100": 0.08123,
    "precision_at_200": 0.046,
    "precision_at_300": 0.03133,
    "precision_at_500": 0.01923,
    "precision_at_1000": 0.00978,
    "mrr_at_1": 0.32308,
    "mrr_at_3": 0.40769,
    "mrr_at_5": 0.42692,
    "mrr_at_10": 0.45314,
    "mrr_at_20": 0.46129,
    "mrr_at_100": 0.46385,
    "mrr_at_200": 0.46385,
    "mrr_at_300": 0.46385,
    "mrr_at_500": 0.46385,
    "mrr_at_1000": 0.46385,
    "rc_at_1": {
        "relevant": 0.32308,
        "distractor": 0.67692
    },
    "rc_at_3": {
        "relevant": 0.86154,
        "distractor": 2.12308
    },
    "rc_at_5": {
        "relevant": 1.2,
        "distractor": 3.78462
    },
    "rc_at_10": {
        "relevant": 2.03077,
        "distractor": 7.92308
    },
    "rc_at_20": {
        "relevant": 3.04615,
        "distractor": 16.76923
    },
    "rc_at_100": {
        "relevant": 8.12308,
        "distractor": 79.6
    },
    "rc_at_200": {
        "relevant": 9.2,
        "distractor": 91.47692
    },
    "rc_at_300": {
        "relevant": 9.4,
        "distractor": 93.36923
    },
    "rc_at_500": {
        "relevant": 9.61538,
        "distractor": 94.90769
    },
    "rc_at_1000": {
        "relevant": 9.78462,
        "distractor": 96.63077
    }
}