{
    "ndcg_at_1": 0.35996,
    "ndcg_at_3": 0.41162,
    "ndcg_at_5": 0.44033,
    "ndcg_at_10": 0.46932,
    "ndcg_at_20": 0.48826,
    "ndcg_at_100": 0.52212,
    "ndcg_at_200": 0.52992,
    "ndcg_at_300": 0.53334,
    "ndcg_at_500": 0.5371,
    "ndcg_at_1000": 0.54048,
    "map_at_1": 0.29048,
    "map_at_3": 0.36848,
    "map_at_5": 0.38889,
    "map_at_10": 0.40463,
    "map_at_20": 0.41134,
    "map_at_100": 0.41746,
    "map_at_200": 0.41807,
    "map_at_300": 0.41824,
    "map_at_500": 0.41839,
    "map_at_1000": 0.41848,
    "recall_at_1": 0.29048,
    "recall_at_3": 0.44434,
    "recall_at_5": 0.51971,
    "recall_at_10": 0.60623,
    "recall_at_20": 0.67086,
    "recall_at_100": 0.82634,
    "recall_at_200": 0.87253,
    "recall_at_300": 0.89438,
    "recall_at_500": 0.92068,
    "recall_at_1000": 0.94502,
    "precision_at_1": 0.35996,
    "precision_at_3": 0.19923,
    "precision_at_5": 0.14283,
    "precision_at_10": 0.08643,
    "precision_at_20": 0.04986,
    "precision_at_100": 0.01323,
    "precision_at_200": 0.00719,
    "precision_at_300": 0.005,
    "precision_at_500": 0.00314,
    "precision_at_1000": 0.00166,
    "mrr_at_1": 0.35996,
    "mrr_at_3": 0.43199,
    "mrr_at_5": 0.45042,
    "mrr_at_10": 0.46112,
    "mrr_at_20": 0.46529,
    "mrr_at_100": 0.46893,
    "mrr_at_200": 0.46916,
    "mrr_at_300": 0.46923,
    "mrr_at_500": 0.46928,
    "mrr_at_1000": 0.46931
}