{
    "ndcg_at_1": 0.38462,
    "ndcg_at_3": 0.33391,
    "ndcg_at_5": 0.30352,
    "ndcg_at_10": 0.24516,
    "ndcg_at_20": 0.29504,
    "ndcg_at_100": 0.49466,
    "ndcg_at_200": 0.541,
    "ndcg_at_300": 0.54525,
    "ndcg_at_500": 0.54844,
    "ndcg_at_1000": 0.54949,
    "map_at_1": 0.03846,
    "map_at_3": 0.08,
    "map_at_5": 0.10631,
    "map_at_10": 0.13726,
    "map_at_20": 0.16042,
    "map_at_100": 0.21878,
    "map_at_200": 0.22886,
    "map_at_300": 0.22939,
    "map_at_500": 0.2297,
    "map_at_1000": 0.22976,
    "recall_at_1": 0.03846,
    "recall_at_3": 0.09538,
    "recall_at_5": 0.14,
    "recall_at_10": 0.20769,
    "recall_at_20": 0.29846,
    "recall_at_100": 0.81846,
    "recall_at_200": 0.96462,
    "recall_at_300": 0.98,
    "recall_at_500": 0.99231,
    "recall_at_1000": 0.99692,
    "precision_at_1": 0.38462,
    "precision_at_3": 0.31795,
    "precision_at_5": 0.28,
    "precision_at_10": 0.20769,
    "precision_at_20": 0.14923,
    "precision_at_100": 0.08185,
    "precision_at_200": 0.04823,
    "precision_at_300": 0.03267,
    "precision_at_500": 0.01985,
    "precision_at_1000": 0.00997,
    "mrr_at_1": 0.38462,
    "mrr_at_3": 0.47692,
    "mrr_at_5": 0.50231,
    "mrr_at_10": 0.51482,
    "mrr_at_20": 0.51968,
    "mrr_at_100": 0.52355,
    "mrr_at_200": 0.52355,
    "mrr_at_300": 0.52355,
    "mrr_at_500": 0.52355,
    "mrr_at_1000": 0.52355,
    "rc_at_1": {
        "relevant": 0.38462,
        "distractor": 0.61538
    },
    "rc_at_3": {
        "relevant": 0.95385,
        "distractor": 2.04615
    },
    "rc_at_5": {
        "relevant": 1.4,
        "distractor": 3.58462
    },
    "rc_at_10": {
        "relevant": 2.07692,
        "distractor": 7.87692
    },
    "rc_at_20": {
        "relevant": 2.98462,
        "distractor": 16.81538
    },
    "rc_at_100": {
        "relevant": 8.18462,
        "distractor": 83.8
    },
    "rc_at_200": {
        "relevant": 9.64615,
        "distractor": 95.15385
    },
    "rc_at_300": {
        "relevant": 9.8,
        "distractor": 97.0
    },
    "rc_at_500": {
        "relevant": 9.92308,
        "distractor": 98.03077
    },
    "rc_at_1000": {
        "relevant": 9.96923,
        "distractor": 98.8
    }
}