{
    "ndcg_at_1": 0.38462,
    "ndcg_at_3": 0.33391,
    "ndcg_at_5": 0.30352,
    "ndcg_at_10": 0.24494,
    "ndcg_at_20": 0.2896,
    "ndcg_at_100": 0.43417,
    "ndcg_at_200": 0.47184,
    "ndcg_at_300": 0.48424,
    "ndcg_at_500": 0.49443,
    "ndcg_at_1000": 0.50335,
    "map_at_1": 0.03846,
    "map_at_3": 0.08,
    "map_at_5": 0.10631,
    "map_at_10": 0.13708,
    "map_at_20": 0.15815,
    "map_at_100": 0.19908,
    "map_at_200": 0.20592,
    "map_at_300": 0.20731,
    "map_at_500": 0.20796,
    "map_at_1000": 0.2084,
    "recall_at_1": 0.03846,
    "recall_at_3": 0.09538,
    "recall_at_5": 0.14,
    "recall_at_10": 0.20769,
    "recall_at_20": 0.28923,
    "recall_at_100": 0.65846,
    "recall_at_200": 0.78,
    "recall_at_300": 0.82462,
    "recall_at_500": 0.86462,
    "recall_at_1000": 0.90308,
    "precision_at_1": 0.38462,
    "precision_at_3": 0.31795,
    "precision_at_5": 0.28,
    "precision_at_10": 0.20769,
    "precision_at_20": 0.14462,
    "precision_at_100": 0.06585,
    "precision_at_200": 0.039,
    "precision_at_300": 0.02749,
    "precision_at_500": 0.01729,
    "precision_at_1000": 0.00903,
    "mrr_at_1": 0.38462,
    "mrr_at_3": 0.47692,
    "mrr_at_5": 0.50231,
    "mrr_at_10": 0.51444,
    "mrr_at_20": 0.51824,
    "mrr_at_100": 0.52251,
    "mrr_at_200": 0.52251,
    "mrr_at_300": 0.52251,
    "mrr_at_500": 0.52256,
    "mrr_at_1000": 0.52256,
    "rc_at_1": {
        "relevant": 0.38462,
        "distractor": 0.6
    },
    "rc_at_3": {
        "relevant": 0.95385,
        "distractor": 2.03077
    },
    "rc_at_5": {
        "relevant": 1.4,
        "distractor": 3.52308
    },
    "rc_at_10": {
        "relevant": 2.07692,
        "distractor": 7.58462
    },
    "rc_at_20": {
        "relevant": 2.89231,
        "distractor": 16.07692
    },
    "rc_at_100": {
        "relevant": 6.58462,
        "distractor": 64.81538
    },
    "rc_at_200": {
        "relevant": 7.8,
        "distractor": 77.89231
    },
    "rc_at_300": {
        "relevant": 8.24615,
        "distractor": 82.33846
    },
    "rc_at_500": {
        "relevant": 8.64615,
        "distractor": 86.15385
    },
    "rc_at_1000": {
        "relevant": 9.03077,
        "distractor": 89.64615
    }
}