{
    "ndcg_at_1": 0.45078,
    "ndcg_at_3": 0.51888,
    "ndcg_at_5": 0.54303,
    "ndcg_at_10": 0.57122,
    "ndcg_at_20": 0.58879,
    "ndcg_at_100": 0.61211,
    "ndcg_at_200": 0.61646,
    "ndcg_at_300": 0.619,
    "ndcg_at_500": 0.62096,
    "ndcg_at_1000": 0.62349,
    "map_at_1": 0.39363,
    "map_at_3": 0.48263,
    "map_at_5": 0.49995,
    "map_at_10": 0.5144,
    "map_at_20": 0.52056,
    "map_at_100": 0.52459,
    "map_at_200": 0.52489,
    "map_at_300": 0.52499,
    "map_at_500": 0.52506,
    "map_at_1000": 0.5251,
    "recall_at_1": 0.39363,
    "recall_at_3": 0.56527,
    "recall_at_5": 0.62331,
    "recall_at_10": 0.70554,
    "recall_at_20": 0.7703,
    "recall_at_100": 0.88296,
    "recall_at_200": 0.91028,
    "recall_at_300": 0.9286,
    "recall_at_500": 0.94316,
    "recall_at_1000": 0.96505,
    "precision_at_1": 0.45078,
    "precision_at_3": 0.22926,
    "precision_at_5": 0.15712,
    "precision_at_10": 0.0911,
    "precision_at_20": 0.05082,
    "precision_at_100": 0.01208,
    "precision_at_200": 0.00628,
    "precision_at_300": 0.00428,
    "precision_at_500": 0.00263,
    "precision_at_1000": 0.00135,
    "mrr_at_1": 0.45078,
    "mrr_at_3": 0.52466,
    "mrr_at_5": 0.53754,
    "mrr_at_10": 0.54772,
    "mrr_at_20": 0.55201,
    "mrr_at_100": 0.55465,
    "mrr_at_200": 0.55482,
    "mrr_at_300": 0.55488,
    "mrr_at_500": 0.5549,
    "mrr_at_1000": 0.55492
}