{
    "ndcg_at_1": 0.7535,
    "ndcg_at_3": 0.80123,
    "ndcg_at_5": 0.82075,
    "ndcg_at_10": 0.83673,
    "ndcg_at_20": 0.84526,
    "ndcg_at_100": 0.85365,
    "ndcg_at_200": 0.85494,
    "ndcg_at_300": 0.8553,
    "ndcg_at_500": 0.85555,
    "ndcg_at_1000": 0.85579,
    "map_at_1": 0.65365,
    "map_at_3": 0.76041,
    "map_at_5": 0.78,
    "map_at_10": 0.79156,
    "map_at_20": 0.79609,
    "map_at_100": 0.79877,
    "map_at_200": 0.79893,
    "map_at_300": 0.79898,
    "map_at_500": 0.79899,
    "map_at_1000": 0.799,
    "recall_at_1": 0.65365,
    "recall_at_3": 0.82726,
    "recall_at_5": 0.88022,
    "recall_at_10": 0.9265,
    "recall_at_20": 0.95434,
    "recall_at_100": 0.9874,
    "recall_at_200": 0.99415,
    "recall_at_300": 0.99598,
    "recall_at_500": 0.99738,
    "recall_at_1000": 0.99892,
    "precision_at_1": 0.7535,
    "precision_at_3": 0.35117,
    "precision_at_5": 0.23306,
    "precision_at_10": 0.12832,
    "precision_at_20": 0.06861,
    "precision_at_100": 0.01506,
    "precision_at_200": 0.00767,
    "precision_at_300": 0.00515,
    "precision_at_500": 0.00311,
    "precision_at_1000": 0.00156,
    "mrr_at_1": 0.7536,
    "mrr_at_3": 0.81388,
    "mrr_at_5": 0.82303,
    "mrr_at_10": 0.82736,
    "mrr_at_20": 0.82858,
    "mrr_at_100": 0.82903,
    "mrr_at_200": 0.82906,
    "mrr_at_300": 0.82907,
    "mrr_at_500": 0.82907,
    "mrr_at_1000": 0.82907
}