{
    "ndcg_at_1": 0.47875,
    "ndcg_at_3": 0.4164,
    "ndcg_at_5": 0.39204,
    "ndcg_at_10": 0.37323,
    "ndcg_at_20": 0.37083,
    "ndcg_at_100": 0.42329,
    "ndcg_at_200": 0.45255,
    "ndcg_at_300": 0.46651,
    "ndcg_at_500": 0.48183,
    "ndcg_at_1000": 0.50056,
    "map_at_1": 0.07769,
    "map_at_3": 0.12014,
    "map_at_5": 0.13952,
    "map_at_10": 0.1669,
    "map_at_20": 0.19481,
    "map_at_100": 0.23893,
    "map_at_200": 0.24734,
    "map_at_300": 0.25038,
    "map_at_500": 0.253,
    "map_at_1000": 0.25547,
    "recall_at_1": 0.07769,
    "recall_at_3": 0.13505,
    "recall_at_5": 0.16696,
    "recall_at_10": 0.22612,
    "recall_at_20": 0.30375,
    "recall_at_100": 0.49613,
    "recall_at_200": 0.5837,
    "recall_at_300": 0.62761,
    "recall_at_500": 0.67802,
    "recall_at_1000": 0.74043,
    "precision_at_1": 0.5925,
    "precision_at_3": 0.4525,
    "precision_at_5": 0.3825,
    "precision_at_10": 0.29575,
    "precision_at_20": 0.22637,
    "precision_at_100": 0.09917,
    "precision_at_200": 0.06406,
    "precision_at_300": 0.04875,
    "precision_at_500": 0.03396,
    "precision_at_1000": 0.02074,
    "mrr_at_1": 0.5925,
    "mrr_at_3": 0.67375,
    "mrr_at_5": 0.6825,
    "mrr_at_10": 0.69167,
    "mrr_at_20": 0.69472,
    "mrr_at_100": 0.696,
    "mrr_at_200": 0.69605,
    "mrr_at_300": 0.69607,
    "mrr_at_500": 0.69607,
    "mrr_at_1000": 0.69607
}