{
    "ndcg_at_1": 0.30769,
    "ndcg_at_3": 0.2887,
    "ndcg_at_5": 0.26612,
    "ndcg_at_10": 0.2076,
    "ndcg_at_20": 0.24652,
    "ndcg_at_100": 0.33926,
    "ndcg_at_200": 0.36181,
    "ndcg_at_300": 0.37459,
    "ndcg_at_500": 0.38561,
    "ndcg_at_1000": 0.40277,
    "map_at_1": 0.03077,
    "map_at_3": 0.06949,
    "map_at_5": 0.09156,
    "map_at_10": 0.11165,
    "map_at_20": 0.13092,
    "map_at_100": 0.15586,
    "map_at_200": 0.15923,
    "map_at_300": 0.16044,
    "map_at_500": 0.16112,
    "map_at_1000": 0.16186,
    "recall_at_1": 0.03077,
    "recall_at_3": 0.08462,
    "recall_at_5": 0.12615,
    "recall_at_10": 0.17538,
    "recall_at_20": 0.24615,
    "recall_at_100": 0.47538,
    "recall_at_200": 0.54769,
    "recall_at_300": 0.59385,
    "recall_at_500": 0.63692,
    "recall_at_1000": 0.71077,
    "precision_at_1": 0.30769,
    "precision_at_3": 0.28205,
    "precision_at_5": 0.25231,
    "precision_at_10": 0.17538,
    "precision_at_20": 0.12308,
    "precision_at_100": 0.04754,
    "precision_at_200": 0.02738,
    "precision_at_300": 0.01979,
    "precision_at_500": 0.01274,
    "precision_at_1000": 0.00711,
    "mrr_at_1": 0.30769,
    "mrr_at_3": 0.39744,
    "mrr_at_5": 0.42205,
    "mrr_at_10": 0.43505,
    "mrr_at_20": 0.44103,
    "mrr_at_100": 0.44613,
    "mrr_at_200": 0.44636,
    "mrr_at_300": 0.44636,
    "mrr_at_500": 0.44636,
    "mrr_at_1000": 0.44636,
    "rc_at_1": {
        "relevant": 0.30769,
        "distractor": 0.63077
    },
    "rc_at_3": {
        "relevant": 0.84615,
        "distractor": 1.95385
    },
    "rc_at_5": {
        "relevant": 1.26154,
        "distractor": 3.24615
    },
    "rc_at_10": {
        "relevant": 1.75385,
        "distractor": 6.8
    },
    "rc_at_20": {
        "relevant": 2.46154,
        "distractor": 13.56923
    },
    "rc_at_100": {
        "relevant": 4.75385,
        "distractor": 42.32308
    },
    "rc_at_200": {
        "relevant": 5.47692,
        "distractor": 52.90769
    },
    "rc_at_300": {
        "relevant": 5.93846,
        "distractor": 57.87692
    },
    "rc_at_500": {
        "relevant": 6.36923,
        "distractor": 63.75385
    },
    "rc_at_1000": {
        "relevant": 7.10769,
        "distractor": 70.6
    }
}