{
    "ndcg_at_1": 0.30769,
    "ndcg_at_3": 0.27598,
    "ndcg_at_5": 0.24886,
    "ndcg_at_10": 0.18669,
    "ndcg_at_20": 0.21677,
    "ndcg_at_100": 0.27735,
    "ndcg_at_200": 0.29539,
    "ndcg_at_300": 0.30568,
    "ndcg_at_500": 0.3179,
    "ndcg_at_1000": 0.32756,
    "map_at_1": 0.03077,
    "map_at_3": 0.06667,
    "map_at_5": 0.08567,
    "map_at_10": 0.09949,
    "map_at_20": 0.11438,
    "map_at_100": 0.13144,
    "map_at_200": 0.1333,
    "map_at_300": 0.13402,
    "map_at_500": 0.13471,
    "map_at_1000": 0.13506,
    "recall_at_1": 0.03077,
    "recall_at_3": 0.08,
    "recall_at_5": 0.11538,
    "recall_at_10": 0.15077,
    "recall_at_20": 0.20462,
    "recall_at_100": 0.35077,
    "recall_at_200": 0.40923,
    "recall_at_300": 0.44615,
    "recall_at_500": 0.49385,
    "recall_at_1000": 0.53538,
    "precision_at_1": 0.30769,
    "precision_at_3": 0.26667,
    "precision_at_5": 0.23077,
    "precision_at_10": 0.15077,
    "precision_at_20": 0.10231,
    "precision_at_100": 0.03508,
    "precision_at_200": 0.02046,
    "precision_at_300": 0.01487,
    "precision_at_500": 0.00988,
    "precision_at_1000": 0.00535,
    "mrr_at_1": 0.30769,
    "mrr_at_3": 0.38462,
    "mrr_at_5": 0.40615,
    "mrr_at_10": 0.41723,
    "mrr_at_20": 0.42155,
    "mrr_at_100": 0.42497,
    "mrr_at_200": 0.42557,
    "mrr_at_300": 0.4257,
    "mrr_at_500": 0.42575,
    "mrr_at_1000": 0.42577,
    "rc_at_1": {
        "relevant": 0.30769,
        "distractor": 0.46154
    },
    "rc_at_3": {
        "relevant": 0.8,
        "distractor": 1.52308
    },
    "rc_at_5": {
        "relevant": 1.15385,
        "distractor": 2.53846
    },
    "rc_at_10": {
        "relevant": 1.50769,
        "distractor": 5.18462
    },
    "rc_at_20": {
        "relevant": 2.04615,
        "distractor": 9.78462
    },
    "rc_at_100": {
        "relevant": 3.50769,
        "distractor": 27.06154
    },
    "rc_at_200": {
        "relevant": 4.09231,
        "distractor": 34.07692
    },
    "rc_at_300": {
        "relevant": 4.46154,
        "distractor": 38.16923
    },
    "rc_at_500": {
        "relevant": 4.93846,
        "distractor": 43.23077
    },
    "rc_at_1000": {
        "relevant": 5.35385,
        "distractor": 50.55385
    }
}