{
    "ndcg_at_1": 0.30769,
    "ndcg_at_3": 0.29609,
    "ndcg_at_5": 0.28,
    "ndcg_at_10": 0.2252,
    "ndcg_at_20": 0.27415,
    "ndcg_at_100": 0.44481,
    "ndcg_at_200": 0.48991,
    "ndcg_at_300": 0.49764,
    "ndcg_at_500": 0.50706,
    "ndcg_at_1000": 0.5117,
    "map_at_1": 0.03077,
    "map_at_3": 0.07128,
    "map_at_5": 0.09582,
    "map_at_10": 0.11992,
    "map_at_20": 0.14391,
    "map_at_100": 0.19335,
    "map_at_200": 0.20186,
    "map_at_300": 0.20278,
    "map_at_500": 0.20359,
    "map_at_1000": 0.20381,
    "recall_at_1": 0.03077,
    "recall_at_3": 0.08615,
    "recall_at_5": 0.13385,
    "recall_at_10": 0.19538,
    "recall_at_20": 0.28462,
    "recall_at_100": 0.72308,
    "recall_at_200": 0.86615,
    "recall_at_300": 0.89385,
    "recall_at_500": 0.93077,
    "recall_at_1000": 0.95077,
    "precision_at_1": 0.30769,
    "precision_at_3": 0.28718,
    "precision_at_5": 0.26769,
    "precision_at_10": 0.19538,
    "precision_at_20": 0.14231,
    "precision_at_100": 0.07231,
    "precision_at_200": 0.04331,
    "precision_at_300": 0.02979,
    "precision_at_500": 0.01862,
    "precision_at_1000": 0.00951,
    "mrr_at_1": 0.30769,
    "mrr_at_3": 0.41026,
    "mrr_at_5": 0.44179,
    "mrr_at_10": 0.45458,
    "mrr_at_20": 0.46343,
    "mrr_at_100": 0.46709,
    "mrr_at_200": 0.46718,
    "mrr_at_300": 0.46718,
    "mrr_at_500": 0.46718,
    "mrr_at_1000": 0.46718,
    "rc_at_1": {
        "relevant": 0.30769,
        "distractor": 0.67692
    },
    "rc_at_3": {
        "relevant": 0.86154,
        "distractor": 2.09231
    },
    "rc_at_5": {
        "relevant": 1.33846,
        "distractor": 3.6
    },
    "rc_at_10": {
        "relevant": 1.95385,
        "distractor": 7.89231
    },
    "rc_at_20": {
        "relevant": 2.84615,
        "distractor": 16.69231
    },
    "rc_at_100": {
        "relevant": 7.23077,
        "distractor": 74.04615
    },
    "rc_at_200": {
        "relevant": 8.66154,
        "distractor": 85.87692
    },
    "rc_at_300": {
        "relevant": 8.93846,
        "distractor": 88.76923
    },
    "rc_at_500": {
        "relevant": 9.30769,
        "distractor": 91.38462
    },
    "rc_at_1000": {
        "relevant": 9.50769,
        "distractor": 94.01538
    }
}