{
    "ndcg_at_1": 0.34018,
    "ndcg_at_3": 0.39265,
    "ndcg_at_5": 0.41491,
    "ndcg_at_10": 0.44747,
    "ndcg_at_20": 0.47143,
    "ndcg_at_100": 0.50477,
    "ndcg_at_200": 0.51364,
    "ndcg_at_300": 0.5176,
    "ndcg_at_500": 0.52067,
    "ndcg_at_1000": 0.52431,
    "map_at_1": 0.281,
    "map_at_3": 0.3539,
    "map_at_5": 0.37042,
    "map_at_10": 0.38706,
    "map_at_20": 0.39507,
    "map_at_100": 0.40095,
    "map_at_200": 0.40158,
    "map_at_300": 0.40177,
    "map_at_500": 0.4019,
    "map_at_1000": 0.40199,
    "recall_at_1": 0.281,
    "recall_at_3": 0.42266,
    "recall_at_5": 0.48304,
    "recall_at_10": 0.57526,
    "recall_at_20": 0.66032,
    "recall_at_100": 0.81748,
    "recall_at_200": 0.8705,
    "recall_at_300": 0.89627,
    "recall_at_500": 0.91663,
    "recall_at_1000": 0.94397,
    "precision_at_1": 0.34018,
    "precision_at_3": 0.18531,
    "precision_at_5": 0.13014,
    "precision_at_10": 0.08174,
    "precision_at_20": 0.04823,
    "precision_at_100": 0.01273,
    "precision_at_200": 0.007,
    "precision_at_300": 0.00488,
    "precision_at_500": 0.00306,
    "precision_at_1000": 0.00162,
    "mrr_at_1": 0.34018,
    "mrr_at_3": 0.41191,
    "mrr_at_5": 0.42669,
    "mrr_at_10": 0.43915,
    "mrr_at_20": 0.44471,
    "mrr_at_100": 0.44813,
    "mrr_at_200": 0.44844,
    "mrr_at_300": 0.44853,
    "mrr_at_500": 0.44856,
    "mrr_at_1000": 0.44858
}