{
    "ndcg_at_1": 0.39625,
    "ndcg_at_3": 0.34098,
    "ndcg_at_5": 0.32532,
    "ndcg_at_10": 0.31082,
    "ndcg_at_20": 0.30397,
    "ndcg_at_100": 0.34905,
    "ndcg_at_200": 0.37553,
    "ndcg_at_300": 0.38915,
    "ndcg_at_500": 0.40521,
    "ndcg_at_1000": 0.42463,
    "map_at_1": 0.0551,
    "map_at_3": 0.0892,
    "map_at_5": 0.10834,
    "map_at_10": 0.12924,
    "map_at_20": 0.148,
    "map_at_100": 0.18032,
    "map_at_200": 0.1867,
    "map_at_300": 0.18922,
    "map_at_500": 0.19152,
    "map_at_1000": 0.1936,
    "recall_at_1": 0.0551,
    "recall_at_3": 0.10512,
    "recall_at_5": 0.14323,
    "recall_at_10": 0.1899,
    "recall_at_20": 0.247,
    "recall_at_100": 0.41976,
    "recall_at_200": 0.49981,
    "recall_at_300": 0.54285,
    "recall_at_500": 0.60016,
    "recall_at_1000": 0.66944,
    "precision_at_1": 0.495,
    "precision_at_3": 0.37833,
    "precision_at_5": 0.3235,
    "precision_at_10": 0.25475,
    "precision_at_20": 0.19025,
    "precision_at_100": 0.08203,
    "precision_at_200": 0.05324,
    "precision_at_300": 0.04076,
    "precision_at_500": 0.02883,
    "precision_at_1000": 0.01768,
    "mrr_at_1": 0.4925,
    "mrr_at_3": 0.57333,
    "mrr_at_5": 0.58558,
    "mrr_at_10": 0.59753,
    "mrr_at_20": 0.60175,
    "mrr_at_100": 0.60377,
    "mrr_at_200": 0.60393,
    "mrr_at_300": 0.60396,
    "mrr_at_500": 0.60399,
    "mrr_at_1000": 0.60399
}