{
    "ndcg_at_1": 0.5949,
    "ndcg_at_3": 0.63139,
    "ndcg_at_5": 0.65051,
    "ndcg_at_10": 0.66892,
    "ndcg_at_20": 0.6826,
    "ndcg_at_100": 0.69989,
    "ndcg_at_200": 0.70412,
    "ndcg_at_300": 0.7062,
    "ndcg_at_500": 0.70839,
    "ndcg_at_1000": 0.71038,
    "map_at_1": 0.51676,
    "map_at_3": 0.5955,
    "map_at_5": 0.61153,
    "map_at_10": 0.62201,
    "map_at_20": 0.6272,
    "map_at_100": 0.63053,
    "map_at_200": 0.63088,
    "map_at_300": 0.63098,
    "map_at_500": 0.63106,
    "map_at_1000": 0.63111,
    "recall_at_1": 0.51676,
    "recall_at_3": 0.65374,
    "recall_at_5": 0.70554,
    "recall_at_10": 0.7608,
    "recall_at_20": 0.80929,
    "recall_at_100": 0.88952,
    "recall_at_200": 0.91455,
    "recall_at_300": 0.92837,
    "recall_at_500": 0.94406,
    "recall_at_1000": 0.95984,
    "precision_at_1": 0.5949,
    "precision_at_3": 0.27267,
    "precision_at_5": 0.18154,
    "precision_at_10": 0.10124,
    "precision_at_20": 0.05554,
    "precision_at_100": 0.01286,
    "precision_at_200": 0.00673,
    "precision_at_300": 0.0046,
    "precision_at_500": 0.00283,
    "precision_at_1000": 0.00145,
    "mrr_at_1": 0.595,
    "mrr_at_3": 0.65035,
    "mrr_at_5": 0.66105,
    "mrr_at_10": 0.66772,
    "mrr_at_20": 0.67061,
    "mrr_at_100": 0.67224,
    "mrr_at_200": 0.67239,
    "mrr_at_300": 0.67243,
    "mrr_at_500": 0.67246,
    "mrr_at_1000": 0.67248
}