{
    "ndcg_at_1": 0.32125,
    "ndcg_at_3": 0.28934,
    "ndcg_at_5": 0.26685,
    "ndcg_at_10": 0.25121,
    "ndcg_at_20": 0.23671,
    "ndcg_at_100": 0.2634,
    "ndcg_at_200": 0.28465,
    "ndcg_at_300": 0.29603,
    "ndcg_at_500": 0.31029,
    "ndcg_at_1000": 0.32646,
    "map_at_1": 0.04063,
    "map_at_3": 0.06412,
    "map_at_5": 0.07417,
    "map_at_10": 0.08966,
    "map_at_20": 0.10118,
    "map_at_100": 0.12035,
    "map_at_200": 0.12435,
    "map_at_300": 0.126,
    "map_at_500": 0.12749,
    "map_at_1000": 0.12882,
    "recall_at_1": 0.04063,
    "recall_at_3": 0.07609,
    "recall_at_5": 0.0969,
    "recall_at_10": 0.14086,
    "recall_at_20": 0.18054,
    "recall_at_100": 0.30258,
    "recall_at_200": 0.37242,
    "recall_at_300": 0.40914,
    "recall_at_500": 0.45846,
    "recall_at_1000": 0.52092,
    "precision_at_1": 0.3975,
    "precision_at_3": 0.325,
    "precision_at_5": 0.265,
    "precision_at_10": 0.20525,
    "precision_at_20": 0.14525,
    "precision_at_100": 0.06058,
    "precision_at_200": 0.03919,
    "precision_at_300": 0.02998,
    "precision_at_500": 0.0212,
    "precision_at_1000": 0.01308,
    "mrr_at_1": 0.3975,
    "mrr_at_3": 0.47875,
    "mrr_at_5": 0.496,
    "mrr_at_10": 0.50692,
    "mrr_at_20": 0.51047,
    "mrr_at_100": 0.51311,
    "mrr_at_200": 0.5133,
    "mrr_at_300": 0.51338,
    "mrr_at_500": 0.51341,
    "mrr_at_1000": 0.51344
}