{
    "ndcg_at_1": 0.09888,
    "ndcg_at_3": 0.11648,
    "ndcg_at_5": 0.12534,
    "ndcg_at_10": 0.13936,
    "ndcg_at_20": 0.15218,
    "ndcg_at_100": 0.17953,
    "ndcg_at_200": 0.1911,
    "ndcg_at_300": 0.19735,
    "ndcg_at_500": 0.20489,
    "ndcg_at_1000": 0.21586,
    "map_at_1": 0.08814,
    "map_at_3": 0.10635,
    "map_at_5": 0.11183,
    "map_at_10": 0.11743,
    "map_at_20": 0.12106,
    "map_at_100": 0.1248,
    "map_at_200": 0.12541,
    "map_at_300": 0.12562,
    "map_at_500": 0.12582,
    "map_at_1000": 0.12599,
    "recall_at_1": 0.08814,
    "recall_at_3": 0.12796,
    "recall_at_5": 0.15128,
    "recall_at_10": 0.19312,
    "recall_at_20": 0.24001,
    "recall_at_100": 0.37922,
    "recall_at_200": 0.45381,
    "recall_at_300": 0.4999,
    "recall_at_500": 0.55792,
    "recall_at_1000": 0.6511,
    "precision_at_1": 0.09888,
    "precision_at_3": 0.05068,
    "precision_at_5": 0.03582,
    "precision_at_10": 0.02313,
    "precision_at_20": 0.01483,
    "precision_at_100": 0.0049,
    "precision_at_200": 0.00305,
    "precision_at_300": 0.00225,
    "precision_at_500": 0.00154,
    "precision_at_1000": 0.00092,
    "mrr_at_1": 0.09888,
    "mrr_at_3": 0.1208,
    "mrr_at_5": 0.12677,
    "mrr_at_10": 0.13336,
    "mrr_at_20": 0.13707,
    "mrr_at_100": 0.14091,
    "mrr_at_200": 0.14153,
    "mrr_at_300": 0.14173,
    "mrr_at_500": 0.14187,
    "mrr_at_1000": 0.14201
}