{
    "ndcg_at_1": 0.7794,
    "ndcg_at_3": 0.82723,
    "ndcg_at_5": 0.84519,
    "ndcg_at_10": 0.85996,
    "ndcg_at_20": 0.8678,
    "ndcg_at_100": 0.87441,
    "ndcg_at_200": 0.87507,
    "ndcg_at_300": 0.87528,
    "ndcg_at_500": 0.87552,
    "ndcg_at_1000": 0.87568,
    "map_at_1": 0.67686,
    "map_at_3": 0.78763,
    "map_at_5": 0.80692,
    "map_at_10": 0.81849,
    "map_at_20": 0.8231,
    "map_at_100": 0.82538,
    "map_at_200": 0.82549,
    "map_at_300": 0.82552,
    "map_at_500": 0.82554,
    "map_at_1000": 0.82555,
    "recall_at_1": 0.67686,
    "recall_at_3": 0.84937,
    "recall_at_5": 0.89959,
    "recall_at_10": 0.94274,
    "recall_at_20": 0.96787,
    "recall_at_100": 0.99312,
    "recall_at_200": 0.99597,
    "recall_at_300": 0.99701,
    "recall_at_500": 0.99825,
    "recall_at_1000": 0.99932,
    "precision_at_1": 0.7794,
    "precision_at_3": 0.36343,
    "precision_at_5": 0.2403,
    "precision_at_10": 0.13181,
    "precision_at_20": 0.07034,
    "precision_at_100": 0.0152,
    "precision_at_200": 0.00771,
    "precision_at_300": 0.00516,
    "precision_at_500": 0.00312,
    "precision_at_1000": 0.00156,
    "mrr_at_1": 0.7794,
    "mrr_at_3": 0.83685,
    "mrr_at_5": 0.84503,
    "mrr_at_10": 0.8489,
    "mrr_at_20": 0.84998,
    "mrr_at_100": 0.85035,
    "mrr_at_200": 0.85035,
    "mrr_at_300": 0.85036,
    "mrr_at_500": 0.85036,
    "mrr_at_1000": 0.85036
}