{
    "ndcg_at_1": 0.21818,
    "ndcg_at_3": 0.16232,
    "ndcg_at_5": 0.13455,
    "ndcg_at_10": 0.11826,
    "ndcg_at_20": 0.14338,
    "ndcg_at_100": 0.20022,
    "ndcg_at_200": 0.2209,
    "ndcg_at_300": 0.22788,
    "ndcg_at_500": 0.2434,
    "ndcg_at_1000": 0.25703,
    "map_at_1": 0.02182,
    "map_at_3": 0.03576,
    "map_at_5": 0.04203,
    "map_at_10": 0.0552,
    "map_at_20": 0.06305,
    "map_at_100": 0.07621,
    "map_at_200": 0.07859,
    "map_at_300": 0.07902,
    "map_at_500": 0.07985,
    "map_at_1000": 0.08032,
    "recall_at_1": 0.02182,
    "recall_at_3": 0.04545,
    "recall_at_5": 0.05818,
    "recall_at_10": 0.10182,
    "recall_at_20": 0.14727,
    "recall_at_100": 0.29091,
    "recall_at_200": 0.35818,
    "recall_at_300": 0.38364,
    "recall_at_500": 0.44364,
    "recall_at_1000": 0.50182,
    "precision_at_1": 0.21818,
    "precision_at_3": 0.15152,
    "precision_at_5": 0.11636,
    "precision_at_10": 0.10182,
    "precision_at_20": 0.07364,
    "precision_at_100": 0.02909,
    "precision_at_200": 0.01791,
    "precision_at_300": 0.01279,
    "precision_at_500": 0.00887,
    "precision_at_1000": 0.00502,
    "mrr_at_1": 0.21818,
    "mrr_at_3": 0.26667,
    "mrr_at_5": 0.28121,
    "mrr_at_10": 0.29924,
    "mrr_at_20": 0.30582,
    "mrr_at_100": 0.30992,
    "mrr_at_200": 0.31007,
    "mrr_at_300": 0.3103,
    "mrr_at_500": 0.3104,
    "mrr_at_1000": 0.3104,
    "rc_at_1": {
        "relevant": 0.21818,
        "distractor": 0.45455
    },
    "rc_at_3": {
        "relevant": 0.45455,
        "distractor": 1.27273
    },
    "rc_at_5": {
        "relevant": 0.61818,
        "distractor": 2.07273
    },
    "rc_at_10": {
        "relevant": 1.03636,
        "distractor": 3.87273
    },
    "rc_at_20": {
        "relevant": 1.50909,
        "distractor": 6.81818
    },
    "rc_at_100": {
        "relevant": 2.96364,
        "distractor": 16.90909
    },
    "rc_at_200": {
        "relevant": 3.61818,
        "distractor": 22.21818
    },
    "rc_at_300": {
        "relevant": 3.92727,
        "distractor": 25.47273
    },
    "rc_at_500": {
        "relevant": 4.50909,
        "distractor": 29.6
    },
    "rc_at_1000": {
        "relevant": 5.01818,
        "distractor": 36.61818
    }
}