{
    "ndcg_at_1": 0.27273,
    "ndcg_at_3": 0.2063,
    "ndcg_at_5": 0.18119,
    "ndcg_at_10": 0.15528,
    "ndcg_at_20": 0.20119,
    "ndcg_at_100": 0.30676,
    "ndcg_at_200": 0.33529,
    "ndcg_at_300": 0.34581,
    "ndcg_at_500": 0.36254,
    "ndcg_at_1000": 0.3814,
    "map_at_1": 0.02727,
    "map_at_3": 0.04818,
    "map_at_5": 0.05755,
    "map_at_10": 0.07387,
    "map_at_20": 0.09066,
    "map_at_100": 0.12119,
    "map_at_200": 0.12499,
    "map_at_300": 0.12606,
    "map_at_500": 0.12714,
    "map_at_1000": 0.1278,
    "recall_at_1": 0.02727,
    "recall_at_3": 0.05636,
    "recall_at_5": 0.08,
    "recall_at_10": 0.13273,
    "recall_at_20": 0.21636,
    "recall_at_100": 0.47455,
    "recall_at_200": 0.56727,
    "recall_at_300": 0.60545,
    "recall_at_500": 0.67091,
    "recall_at_1000": 0.75273,
    "precision_at_1": 0.27273,
    "precision_at_3": 0.18788,
    "precision_at_5": 0.16,
    "precision_at_10": 0.13273,
    "precision_at_20": 0.10818,
    "precision_at_100": 0.04745,
    "precision_at_200": 0.02836,
    "precision_at_300": 0.02018,
    "precision_at_500": 0.01342,
    "precision_at_1000": 0.00753,
    "mrr_at_1": 0.27273,
    "mrr_at_3": 0.32727,
    "mrr_at_5": 0.35364,
    "mrr_at_10": 0.37593,
    "mrr_at_20": 0.3878,
    "mrr_at_100": 0.39014,
    "mrr_at_200": 0.39031,
    "mrr_at_300": 0.3904,
    "mrr_at_500": 0.39045,
    "mrr_at_1000": 0.39047,
    "rc_at_1": {
        "relevant": 0.27273,
        "distractor": 0.67273
    },
    "rc_at_3": {
        "relevant": 0.58182,
        "distractor": 2.05455
    },
    "rc_at_5": {
        "relevant": 0.83636,
        "distractor": 3.30909
    },
    "rc_at_10": {
        "relevant": 1.32727,
        "distractor": 6.30909
    },
    "rc_at_20": {
        "relevant": 2.23636,
        "distractor": 11.78182
    },
    "rc_at_100": {
        "relevant": 4.76364,
        "distractor": 32.54545
    },
    "rc_at_200": {
        "relevant": 5.67273,
        "distractor": 42.30909
    },
    "rc_at_300": {
        "relevant": 6.07273,
        "distractor": 47.98182
    },
    "rc_at_500": {
        "relevant": 6.72727,
        "distractor": 55.43636
    },
    "rc_at_1000": {
        "relevant": 7.52727,
        "distractor": 65.56364
    }
}