{
    "ndcg_at_1": 0.12727,
    "ndcg_at_3": 0.10259,
    "ndcg_at_5": 0.08927,
    "ndcg_at_10": 0.07677,
    "ndcg_at_20": 0.09419,
    "ndcg_at_100": 0.12856,
    "ndcg_at_200": 0.15558,
    "ndcg_at_300": 0.16212,
    "ndcg_at_500": 0.17564,
    "ndcg_at_1000": 0.1946,
    "map_at_1": 0.01273,
    "map_at_3": 0.02364,
    "map_at_5": 0.02864,
    "map_at_10": 0.03537,
    "map_at_20": 0.04234,
    "map_at_100": 0.04982,
    "map_at_200": 0.05216,
    "map_at_300": 0.05266,
    "map_at_500": 0.05327,
    "map_at_1000": 0.0538,
    "recall_at_1": 0.01273,
    "recall_at_3": 0.02909,
    "recall_at_5": 0.04,
    "recall_at_10": 0.06727,
    "recall_at_20": 0.09818,
    "recall_at_100": 0.18364,
    "recall_at_200": 0.27091,
    "recall_at_300": 0.29455,
    "recall_at_500": 0.34727,
    "recall_at_1000": 0.42909,
    "precision_at_1": 0.12727,
    "precision_at_3": 0.09697,
    "precision_at_5": 0.08,
    "precision_at_10": 0.06727,
    "precision_at_20": 0.04909,
    "precision_at_100": 0.01836,
    "precision_at_200": 0.01355,
    "precision_at_300": 0.00982,
    "precision_at_500": 0.00695,
    "precision_at_1000": 0.00429,
    "mrr_at_1": 0.12727,
    "mrr_at_3": 0.16364,
    "mrr_at_5": 0.17545,
    "mrr_at_10": 0.18535,
    "mrr_at_20": 0.1891,
    "mrr_at_100": 0.19347,
    "mrr_at_200": 0.19508,
    "mrr_at_300": 0.19523,
    "mrr_at_500": 0.19537,
    "mrr_at_1000": 0.1954,
    "rc_at_1": {
        "relevant": 0.12727,
        "distractor": 0.25455
    },
    "rc_at_3": {
        "relevant": 0.29091,
        "distractor": 0.72727
    },
    "rc_at_5": {
        "relevant": 0.4,
        "distractor": 1.21818
    },
    "rc_at_10": {
        "relevant": 0.67273,
        "distractor": 2.2
    },
    "rc_at_20": {
        "relevant": 0.98182,
        "distractor": 3.8
    },
    "rc_at_100": {
        "relevant": 1.83636,
        "distractor": 10.63636
    },
    "rc_at_200": {
        "relevant": 2.70909,
        "distractor": 14.87273
    },
    "rc_at_300": {
        "relevant": 2.94545,
        "distractor": 18.12727
    },
    "rc_at_500": {
        "relevant": 3.47273,
        "distractor": 21.56364
    },
    "rc_at_1000": {
        "relevant": 4.29091,
        "distractor": 28.32727
    }
}