{
    "ndcg_at_1": 0.09091,
    "ndcg_at_3": 0.04805,
    "ndcg_at_5": 0.03949,
    "ndcg_at_10": 0.03722,
    "ndcg_at_20": 0.04747,
    "ndcg_at_100": 0.06749,
    "ndcg_at_200": 0.0763,
    "ndcg_at_300": 0.0814,
    "ndcg_at_500": 0.0865,
    "ndcg_at_1000": 0.09691,
    "map_at_1": 0.00909,
    "map_at_3": 0.01091,
    "map_at_5": 0.01164,
    "map_at_10": 0.0151,
    "map_at_20": 0.01844,
    "map_at_100": 0.02171,
    "map_at_200": 0.02245,
    "map_at_300": 0.02263,
    "map_at_500": 0.02286,
    "map_at_1000": 0.0231,
    "recall_at_1": 0.00909,
    "recall_at_3": 0.01091,
    "recall_at_5": 0.01455,
    "recall_at_10": 0.03091,
    "recall_at_20": 0.04909,
    "recall_at_100": 0.09818,
    "recall_at_200": 0.12727,
    "recall_at_300": 0.14545,
    "recall_at_500": 0.16545,
    "recall_at_1000": 0.21091,
    "precision_at_1": 0.09091,
    "precision_at_3": 0.03636,
    "precision_at_5": 0.02909,
    "precision_at_10": 0.03091,
    "precision_at_20": 0.02455,
    "precision_at_100": 0.00982,
    "precision_at_200": 0.00636,
    "precision_at_300": 0.00485,
    "precision_at_500": 0.00331,
    "precision_at_1000": 0.00211,
    "mrr_at_1": 0.09091,
    "mrr_at_3": 0.09091,
    "mrr_at_5": 0.09818,
    "mrr_at_10": 0.10866,
    "mrr_at_20": 0.11285,
    "mrr_at_100": 0.11661,
    "mrr_at_200": 0.11699,
    "mrr_at_300": 0.11732,
    "mrr_at_500": 0.11741,
    "mrr_at_1000": 0.11753,
    "rc_at_1": {
        "relevant": 0.09091,
        "distractor": 0.10909
    },
    "rc_at_3": {
        "relevant": 0.10909,
        "distractor": 0.34545
    },
    "rc_at_5": {
        "relevant": 0.14545,
        "distractor": 0.50909
    },
    "rc_at_10": {
        "relevant": 0.30909,
        "distractor": 0.87273
    },
    "rc_at_20": {
        "relevant": 0.49091,
        "distractor": 1.34545
    },
    "rc_at_100": {
        "relevant": 0.98182,
        "distractor": 3.92727
    },
    "rc_at_200": {
        "relevant": 1.27273,
        "distractor": 5.4
    },
    "rc_at_300": {
        "relevant": 1.45455,
        "distractor": 6.56364
    },
    "rc_at_500": {
        "relevant": 1.65455,
        "distractor": 8.81818
    },
    "rc_at_1000": {
        "relevant": 2.10909,
        "distractor": 12.10909
    }
}