{
    "ndcg_at_1": 0.03636,
    "ndcg_at_3": 0.02671,
    "ndcg_at_5": 0.02169,
    "ndcg_at_10": 0.01786,
    "ndcg_at_20": 0.01898,
    "ndcg_at_100": 0.03022,
    "ndcg_at_200": 0.03521,
    "ndcg_at_300": 0.03725,
    "ndcg_at_500": 0.04146,
    "ndcg_at_1000": 0.04521,
    "map_at_1": 0.00364,
    "map_at_3": 0.00515,
    "map_at_5": 0.00552,
    "map_at_10": 0.00651,
    "map_at_20": 0.00684,
    "map_at_100": 0.00815,
    "map_at_200": 0.00834,
    "map_at_300": 0.00841,
    "map_at_500": 0.00856,
    "map_at_1000": 0.00864,
    "recall_at_1": 0.00364,
    "recall_at_3": 0.00727,
    "recall_at_5": 0.00909,
    "recall_at_10": 0.01455,
    "recall_at_20": 0.01636,
    "recall_at_100": 0.04545,
    "recall_at_200": 0.06182,
    "recall_at_300": 0.06909,
    "recall_at_500": 0.08545,
    "recall_at_1000": 0.10182,
    "precision_at_1": 0.03636,
    "precision_at_3": 0.02424,
    "precision_at_5": 0.01818,
    "precision_at_10": 0.01455,
    "precision_at_20": 0.00818,
    "precision_at_100": 0.00455,
    "precision_at_200": 0.00309,
    "precision_at_300": 0.0023,
    "precision_at_500": 0.00171,
    "precision_at_1000": 0.00102,
    "mrr_at_1": 0.03636,
    "mrr_at_3": 0.05152,
    "mrr_at_5": 0.05515,
    "mrr_at_10": 0.05899,
    "mrr_at_20": 0.05899,
    "mrr_at_100": 0.06096,
    "mrr_at_200": 0.06162,
    "mrr_at_300": 0.06169,
    "mrr_at_500": 0.06174,
    "mrr_at_1000": 0.06176,
    "rc_at_1": {
        "relevant": 0.03636,
        "distractor": 0.05455
    },
    "rc_at_3": {
        "relevant": 0.07273,
        "distractor": 0.18182
    },
    "rc_at_5": {
        "relevant": 0.09091,
        "distractor": 0.23636
    },
    "rc_at_10": {
        "relevant": 0.14545,
        "distractor": 0.41818
    },
    "rc_at_20": {
        "relevant": 0.16364,
        "distractor": 0.45455
    },
    "rc_at_100": {
        "relevant": 0.45455,
        "distractor": 1.23636
    },
    "rc_at_200": {
        "relevant": 0.61818,
        "distractor": 1.83636
    },
    "rc_at_300": {
        "relevant": 0.69091,
        "distractor": 2.34545
    },
    "rc_at_500": {
        "relevant": 0.85455,
        "distractor": 3.05455
    },
    "rc_at_1000": {
        "relevant": 1.01818,
        "distractor": 4.29091
    }
}