{
    "ndcg_at_1": 0.1887,
    "ndcg_at_3": 0.23203,
    "ndcg_at_5": 0.25031,
    "ndcg_at_10": 0.27116,
    "ndcg_at_20": 0.2918,
    "ndcg_at_100": 0.32563,
    "ndcg_at_200": 0.33652,
    "ndcg_at_300": 0.34143,
    "ndcg_at_500": 0.34729,
    "ndcg_at_1000": 0.35395,
    "map_at_1": 0.17279,
    "map_at_3": 0.21507,
    "map_at_5": 0.22554,
    "map_at_10": 0.23398,
    "map_at_20": 0.23973,
    "map_at_100": 0.24448,
    "map_at_200": 0.24507,
    "map_at_300": 0.24525,
    "map_at_500": 0.24539,
    "map_at_1000": 0.2455,
    "recall_at_1": 0.17279,
    "recall_at_3": 0.26395,
    "recall_at_5": 0.30761,
    "recall_at_10": 0.37083,
    "recall_at_20": 0.44909,
    "recall_at_100": 0.62603,
    "recall_at_200": 0.70006,
    "recall_at_300": 0.73699,
    "recall_at_500": 0.78548,
    "recall_at_1000": 0.84403,
    "precision_at_1": 0.1887,
    "precision_at_3": 0.09831,
    "precision_at_5": 0.06915,
    "precision_at_10": 0.04215,
    "precision_at_20": 0.02593,
    "precision_at_100": 0.00736,
    "precision_at_200": 0.00414,
    "precision_at_300": 0.00292,
    "precision_at_500": 0.00187,
    "precision_at_1000": 0.00102,
    "mrr_at_1": 0.1887,
    "mrr_at_3": 0.22957,
    "mrr_at_5": 0.24024,
    "mrr_at_10": 0.25025,
    "mrr_at_20": 0.25561,
    "mrr_at_100": 0.25992,
    "mrr_at_200": 0.26046,
    "mrr_at_300": 0.26059,
    "mrr_at_500": 0.26071,
    "mrr_at_1000": 0.26079
}