{
    "ndcg_at_1": 0.32904,
    "ndcg_at_3": 0.39343,
    "ndcg_at_5": 0.4194,
    "ndcg_at_10": 0.45053,
    "ndcg_at_20": 0.47059,
    "ndcg_at_100": 0.5058,
    "ndcg_at_200": 0.51581,
    "ndcg_at_300": 0.51943,
    "ndcg_at_500": 0.5226,
    "ndcg_at_1000": 0.52609,
    "map_at_1": 0.26948,
    "map_at_3": 0.34755,
    "map_at_5": 0.3669,
    "map_at_10": 0.38372,
    "map_at_20": 0.39163,
    "map_at_100": 0.39827,
    "map_at_200": 0.39912,
    "map_at_300": 0.39934,
    "map_at_500": 0.3995,
    "map_at_1000": 0.3996,
    "recall_at_1": 0.26948,
    "recall_at_3": 0.42747,
    "recall_at_5": 0.49534,
    "recall_at_10": 0.58927,
    "recall_at_20": 0.66051,
    "recall_at_100": 0.82083,
    "recall_at_200": 0.87865,
    "recall_at_300": 0.9013,
    "recall_at_500": 0.91998,
    "recall_at_1000": 0.94464,
    "precision_at_1": 0.32904,
    "precision_at_3": 0.18932,
    "precision_at_5": 0.13991,
    "precision_at_10": 0.08727,
    "precision_at_20": 0.05186,
    "precision_at_100": 0.01435,
    "precision_at_200": 0.00805,
    "precision_at_300": 0.00565,
    "precision_at_500": 0.00359,
    "precision_at_1000": 0.00192,
    "mrr_at_1": 0.32904,
    "mrr_at_3": 0.40653,
    "mrr_at_5": 0.42513,
    "mrr_at_10": 0.43783,
    "mrr_at_20": 0.44222,
    "mrr_at_100": 0.44577,
    "mrr_at_200": 0.44615,
    "mrr_at_300": 0.44621,
    "mrr_at_500": 0.44624,
    "mrr_at_1000": 0.44626
}