{
    "ndcg_at_1": 0.00435,
    "ndcg_at_3": 0.00512,
    "ndcg_at_5": 0.00552,
    "ndcg_at_10": 0.00662,
    "ndcg_at_20": 0.00822,
    "ndcg_at_100": 0.01298,
    "ndcg_at_200": 0.01481,
    "ndcg_at_300": 0.01651,
    "ndcg_at_500": 0.0192,
    "ndcg_at_1000": 0.02299,
    "map_at_1": 0.00362,
    "map_at_3": 0.00463,
    "map_at_5": 0.00484,
    "map_at_10": 0.00525,
    "map_at_20": 0.00567,
    "map_at_100": 0.00623,
    "map_at_200": 0.00632,
    "map_at_300": 0.00637,
    "map_at_500": 0.00643,
    "map_at_1000": 0.00648,
    "recall_at_1": 0.00362,
    "recall_at_3": 0.00579,
    "recall_at_5": 0.00681,
    "recall_at_10": 0.01028,
    "recall_at_20": 0.01613,
    "recall_at_100": 0.04196,
    "recall_at_200": 0.05461,
    "recall_at_300": 0.06769,
    "recall_at_500": 0.08995,
    "recall_at_1000": 0.12442,
    "precision_at_1": 0.00435,
    "precision_at_3": 0.00222,
    "precision_at_5": 0.00156,
    "precision_at_10": 0.00119,
    "precision_at_20": 0.00098,
    "precision_at_100": 0.0005,
    "precision_at_200": 0.00032,
    "precision_at_300": 0.00027,
    "precision_at_500": 0.00021,
    "precision_at_1000": 0.00015,
    "mrr_at_1": 0.00348,
    "mrr_at_3": 0.00454,
    "mrr_at_5": 0.00474,
    "mrr_at_10": 0.00513,
    "mrr_at_20": 0.00549,
    "mrr_at_100": 0.00612,
    "mrr_at_200": 0.00624,
    "mrr_at_300": 0.00629,
    "mrr_at_500": 0.00633,
    "mrr_at_1000": 0.0064
}