{
    "ndcg_at_1": 0.0,
    "ndcg_at_3": 0.0,
    "ndcg_at_5": 0.0,
    "ndcg_at_10": 0.00126,
    "ndcg_at_20": 0.00126,
    "ndcg_at_100": 0.00126,
    "ndcg_at_200": 0.00185,
    "ndcg_at_300": 0.00284,
    "ndcg_at_500": 0.00284,
    "ndcg_at_1000": 0.00452,
    "map_at_1": 0.0,
    "map_at_3": 0.0,
    "map_at_5": 0.0,
    "map_at_10": 0.00023,
    "map_at_20": 0.00023,
    "map_at_100": 0.00023,
    "map_at_200": 0.00024,
    "map_at_300": 0.00026,
    "map_at_500": 0.00026,
    "map_at_1000": 0.00027,
    "recall_at_1": 0.0,
    "recall_at_3": 0.0,
    "recall_at_5": 0.0,
    "recall_at_10": 0.00182,
    "recall_at_20": 0.00182,
    "recall_at_100": 0.00182,
    "recall_at_200": 0.00364,
    "recall_at_300": 0.00727,
    "recall_at_500": 0.00727,
    "recall_at_1000": 0.01455,
    "precision_at_1": 0.0,
    "precision_at_3": 0.0,
    "precision_at_5": 0.0,
    "precision_at_10": 0.00182,
    "precision_at_20": 0.00091,
    "precision_at_100": 0.00018,
    "precision_at_200": 0.00018,
    "precision_at_300": 0.00024,
    "precision_at_500": 0.00015,
    "precision_at_1000": 0.00015,
    "mrr_at_1": 0.0,
    "mrr_at_3": 0.00909,
    "mrr_at_5": 0.00909,
    "mrr_at_10": 0.00909,
    "mrr_at_20": 0.00909,
    "mrr_at_100": 0.01006,
    "mrr_at_200": 0.01015,
    "mrr_at_300": 0.01015,
    "mrr_at_500": 0.0102,
    "mrr_at_1000": 0.01026,
    "rc_at_1": {
        "relevant": 0.0,
        "distractor": 0.03636
    },
    "rc_at_3": {
        "relevant": 0.01818,
        "distractor": 0.03636
    },
    "rc_at_5": {
        "relevant": 0.01818,
        "distractor": 0.09091
    },
    "rc_at_10": {
        "relevant": 0.01818,
        "distractor": 0.10909
    },
    "rc_at_20": {
        "relevant": 0.01818,
        "distractor": 0.14545
    },
    "rc_at_100": {
        "relevant": 0.05455,
        "distractor": 0.27273
    },
    "rc_at_200": {
        "relevant": 0.07273,
        "distractor": 0.41818
    },
    "rc_at_300": {
        "relevant": 0.07273,
        "distractor": 0.43636
    },
    "rc_at_500": {
        "relevant": 0.09091,
        "distractor": 0.56364
    },
    "rc_at_1000": {
        "relevant": 0.14545,
        "distractor": 0.69091
    }
}