{
    "ndcg_at_1": 0.01818,
    "ndcg_at_3": 0.00853,
    "ndcg_at_5": 0.00617,
    "ndcg_at_10": 0.004,
    "ndcg_at_20": 0.00503,
    "ndcg_at_100": 0.00863,
    "ndcg_at_200": 0.01145,
    "ndcg_at_300": 0.01245,
    "ndcg_at_500": 0.0143,
    "ndcg_at_1000": 0.01687,
    "map_at_1": 0.00182,
    "map_at_3": 0.00182,
    "map_at_5": 0.00182,
    "map_at_10": 0.00182,
    "map_at_20": 0.00195,
    "map_at_100": 0.00218,
    "map_at_200": 0.00227,
    "map_at_300": 0.0023,
    "map_at_500": 0.00233,
    "map_at_1000": 0.00235,
    "recall_at_1": 0.00182,
    "recall_at_3": 0.00182,
    "recall_at_5": 0.00182,
    "recall_at_10": 0.00182,
    "recall_at_20": 0.00364,
    "recall_at_100": 0.01273,
    "recall_at_200": 0.02182,
    "recall_at_300": 0.02545,
    "recall_at_500": 0.03273,
    "recall_at_1000": 0.04364,
    "precision_at_1": 0.01818,
    "precision_at_3": 0.00606,
    "precision_at_5": 0.00364,
    "precision_at_10": 0.00182,
    "precision_at_20": 0.00182,
    "precision_at_100": 0.00127,
    "precision_at_200": 0.00109,
    "precision_at_300": 0.00085,
    "precision_at_500": 0.00065,
    "precision_at_1000": 0.00044,
    "mrr_at_1": 0.01818,
    "mrr_at_3": 0.02727,
    "mrr_at_5": 0.02727,
    "mrr_at_10": 0.0303,
    "mrr_at_20": 0.0303,
    "mrr_at_100": 0.03114,
    "mrr_at_200": 0.03164,
    "mrr_at_300": 0.03186,
    "mrr_at_500": 0.03191,
    "mrr_at_1000": 0.03199,
    "rc_at_1": {
        "relevant": 0.01818,
        "distractor": 0.09091
    },
    "rc_at_3": {
        "relevant": 0.03636,
        "distractor": 0.16364
    },
    "rc_at_5": {
        "relevant": 0.03636,
        "distractor": 0.2
    },
    "rc_at_10": {
        "relevant": 0.05455,
        "distractor": 0.29091
    },
    "rc_at_20": {
        "relevant": 0.05455,
        "distractor": 0.4
    },
    "rc_at_100": {
        "relevant": 0.10909,
        "distractor": 0.83636
    },
    "rc_at_200": {
        "relevant": 0.21818,
        "distractor": 1.18182
    },
    "rc_at_300": {
        "relevant": 0.27273,
        "distractor": 1.43636
    },
    "rc_at_500": {
        "relevant": 0.34545,
        "distractor": 1.90909
    },
    "rc_at_1000": {
        "relevant": 0.43636,
        "distractor": 2.58182
    }
}