{
    "ndcg_at_1": 0.35804,
    "ndcg_at_3": 0.40969,
    "ndcg_at_5": 0.43884,
    "ndcg_at_10": 0.46433,
    "ndcg_at_20": 0.48468,
    "ndcg_at_100": 0.51794,
    "ndcg_at_200": 0.5267,
    "ndcg_at_300": 0.52947,
    "ndcg_at_500": 0.53366,
    "ndcg_at_1000": 0.53675,
    "map_at_1": 0.29051,
    "map_at_3": 0.36609,
    "map_at_5": 0.38695,
    "map_at_10": 0.40085,
    "map_at_20": 0.40806,
    "map_at_100": 0.41404,
    "map_at_200": 0.4147,
    "map_at_300": 0.41485,
    "map_at_500": 0.415,
    "map_at_1000": 0.4151,
    "recall_at_1": 0.29051,
    "recall_at_3": 0.44279,
    "recall_at_5": 0.51942,
    "recall_at_10": 0.59637,
    "recall_at_20": 0.66639,
    "recall_at_100": 0.8193,
    "recall_at_200": 0.87178,
    "recall_at_300": 0.88891,
    "recall_at_500": 0.91834,
    "recall_at_1000": 0.94006,
    "precision_at_1": 0.35804,
    "precision_at_3": 0.19827,
    "precision_at_5": 0.14264,
    "precision_at_10": 0.08527,
    "precision_at_20": 0.04947,
    "precision_at_100": 0.01307,
    "precision_at_200": 0.00715,
    "precision_at_300": 0.00494,
    "precision_at_500": 0.00313,
    "precision_at_1000": 0.00165,
    "mrr_at_1": 0.35804,
    "mrr_at_3": 0.43054,
    "mrr_at_5": 0.44849,
    "mrr_at_10": 0.45785,
    "mrr_at_20": 0.46226,
    "mrr_at_100": 0.46584,
    "mrr_at_200": 0.46612,
    "mrr_at_300": 0.46618,
    "mrr_at_500": 0.46622,
    "mrr_at_1000": 0.46625
}