{
    "ndcg_at_1": 0.24399,
    "ndcg_at_3": 0.30598,
    "ndcg_at_5": 0.32769,
    "ndcg_at_10": 0.35161,
    "ndcg_at_20": 0.37119,
    "ndcg_at_100": 0.40367,
    "ndcg_at_200": 0.41351,
    "ndcg_at_300": 0.41901,
    "ndcg_at_500": 0.42417,
    "ndcg_at_1000": 0.42915,
    "map_at_1": 0.22141,
    "map_at_3": 0.28065,
    "map_at_5": 0.29421,
    "map_at_10": 0.30461,
    "map_at_20": 0.3102,
    "map_at_100": 0.31487,
    "map_at_200": 0.31544,
    "map_at_300": 0.31567,
    "map_at_500": 0.31583,
    "map_at_1000": 0.31594,
    "recall_at_1": 0.22141,
    "recall_at_3": 0.35062,
    "recall_at_5": 0.4028,
    "recall_at_10": 0.47434,
    "recall_at_20": 0.54846,
    "recall_at_100": 0.71569,
    "recall_at_200": 0.77988,
    "recall_at_300": 0.81949,
    "recall_at_500": 0.85999,
    "recall_at_1000": 0.9013,
    "precision_at_1": 0.24399,
    "precision_at_3": 0.13124,
    "precision_at_5": 0.09242,
    "precision_at_10": 0.0549,
    "precision_at_20": 0.03235,
    "precision_at_100": 0.00874,
    "precision_at_200": 0.0049,
    "precision_at_300": 0.0035,
    "precision_at_500": 0.00226,
    "precision_at_1000": 0.00121,
    "mrr_at_1": 0.24399,
    "mrr_at_3": 0.30684,
    "mrr_at_5": 0.31821,
    "mrr_at_10": 0.32741,
    "mrr_at_20": 0.33258,
    "mrr_at_100": 0.33668,
    "mrr_at_200": 0.33715,
    "mrr_at_300": 0.33729,
    "mrr_at_500": 0.33738,
    "mrr_at_1000": 0.33744
}