{
    "ndcg_at_1": 0.34545,
    "ndcg_at_3": 0.27903,
    "ndcg_at_5": 0.22475,
    "ndcg_at_10": 0.16503,
    "ndcg_at_20": 0.19147,
    "ndcg_at_100": 0.24671,
    "ndcg_at_200": 0.26813,
    "ndcg_at_300": 0.2772,
    "ndcg_at_500": 0.28604,
    "ndcg_at_1000": 0.29756,
    "map_at_1": 0.03455,
    "map_at_3": 0.06697,
    "map_at_5": 0.07779,
    "map_at_10": 0.09069,
    "map_at_20": 0.10183,
    "map_at_100": 0.11366,
    "map_at_200": 0.11603,
    "map_at_300": 0.11678,
    "map_at_500": 0.11723,
    "map_at_1000": 0.11767,
    "recall_at_1": 0.03455,
    "recall_at_3": 0.07818,
    "recall_at_5": 0.09455,
    "recall_at_10": 0.12182,
    "recall_at_20": 0.16909,
    "recall_at_100": 0.30545,
    "recall_at_200": 0.37455,
    "recall_at_300": 0.40727,
    "recall_at_500": 0.44182,
    "recall_at_1000": 0.49091,
    "precision_at_1": 0.34545,
    "precision_at_3": 0.26061,
    "precision_at_5": 0.18909,
    "precision_at_10": 0.12182,
    "precision_at_20": 0.08455,
    "precision_at_100": 0.03055,
    "precision_at_200": 0.01873,
    "precision_at_300": 0.01358,
    "precision_at_500": 0.00884,
    "precision_at_1000": 0.00491,
    "mrr_at_1": 0.34545,
    "mrr_at_3": 0.42121,
    "mrr_at_5": 0.42576,
    "mrr_at_10": 0.43038,
    "mrr_at_20": 0.4373,
    "mrr_at_100": 0.44151,
    "mrr_at_200": 0.44176,
    "mrr_at_300": 0.44176,
    "mrr_at_500": 0.44185,
    "mrr_at_1000": 0.44185,
    "rc_at_1": {
        "relevant": 0.34545,
        "distractor": 0.38182
    },
    "rc_at_3": {
        "relevant": 0.78182,
        "distractor": 1.09091
    },
    "rc_at_5": {
        "relevant": 0.94545,
        "distractor": 1.70909
    },
    "rc_at_10": {
        "relevant": 1.21818,
        "distractor": 3.32727
    },
    "rc_at_20": {
        "relevant": 1.69091,
        "distractor": 5.61818
    },
    "rc_at_100": {
        "relevant": 3.05455,
        "distractor": 13.76364
    },
    "rc_at_200": {
        "relevant": 3.74545,
        "distractor": 18.58182
    },
    "rc_at_300": {
        "relevant": 4.07273,
        "distractor": 21.49091
    },
    "rc_at_500": {
        "relevant": 4.41818,
        "distractor": 25.81818
    },
    "rc_at_1000": {
        "relevant": 4.90909,
        "distractor": 31.83636
    }
}