{
    "ndcg_at_1": 0.36364,
    "ndcg_at_3": 0.31539,
    "ndcg_at_5": 0.27835,
    "ndcg_at_10": 0.23046,
    "ndcg_at_20": 0.29617,
    "ndcg_at_100": 0.40597,
    "ndcg_at_200": 0.4294,
    "ndcg_at_300": 0.43993,
    "ndcg_at_500": 0.45291,
    "ndcg_at_1000": 0.46354,
    "map_at_1": 0.03636,
    "map_at_3": 0.07424,
    "map_at_5": 0.09461,
    "map_at_10": 0.12186,
    "map_at_20": 0.15232,
    "map_at_100": 0.18975,
    "map_at_200": 0.19306,
    "map_at_300": 0.19414,
    "map_at_500": 0.19512,
    "map_at_1000": 0.19562,
    "recall_at_1": 0.03636,
    "recall_at_3": 0.09091,
    "recall_at_5": 0.12727,
    "recall_at_10": 0.19818,
    "recall_at_20": 0.31636,
    "recall_at_100": 0.58727,
    "recall_at_200": 0.66364,
    "recall_at_300": 0.70182,
    "recall_at_500": 0.75273,
    "recall_at_1000": 0.79818,
    "precision_at_1": 0.36364,
    "precision_at_3": 0.30303,
    "precision_at_5": 0.25455,
    "precision_at_10": 0.19818,
    "precision_at_20": 0.15818,
    "precision_at_100": 0.05873,
    "precision_at_200": 0.03318,
    "precision_at_300": 0.02339,
    "precision_at_500": 0.01505,
    "precision_at_1000": 0.00798,
    "mrr_at_1": 0.36364,
    "mrr_at_3": 0.4697,
    "mrr_at_5": 0.48515,
    "mrr_at_10": 0.50376,
    "mrr_at_20": 0.50618,
    "mrr_at_100": 0.50846,
    "mrr_at_200": 0.50846,
    "mrr_at_300": 0.50846,
    "mrr_at_500": 0.50846,
    "mrr_at_1000": 0.5085,
    "rc_at_1": {
        "relevant": 0.36364,
        "distractor": 0.6
    },
    "rc_at_3": {
        "relevant": 0.90909,
        "distractor": 2.0
    },
    "rc_at_5": {
        "relevant": 1.27273,
        "distractor": 3.6
    },
    "rc_at_10": {
        "relevant": 1.98182,
        "distractor": 7.47273
    },
    "rc_at_20": {
        "relevant": 3.16364,
        "distractor": 14.18182
    },
    "rc_at_100": {
        "relevant": 5.87273,
        "distractor": 43.49091
    },
    "rc_at_200": {
        "relevant": 6.63636,
        "distractor": 52.83636
    },
    "rc_at_300": {
        "relevant": 7.01818,
        "distractor": 57.18182
    },
    "rc_at_500": {
        "relevant": 7.52727,
        "distractor": 62.27273
    },
    "rc_at_1000": {
        "relevant": 7.98182,
        "distractor": 68.45455
    }
}