{
    "ndcg_at_1": 0.18182,
    "ndcg_at_3": 0.13245,
    "ndcg_at_5": 0.1379,
    "ndcg_at_10": 0.12082,
    "ndcg_at_20": 0.15159,
    "ndcg_at_100": 0.23687,
    "ndcg_at_200": 0.2701,
    "ndcg_at_300": 0.28163,
    "ndcg_at_500": 0.29842,
    "ndcg_at_1000": 0.32162,
    "map_at_1": 0.01818,
    "map_at_3": 0.03091,
    "map_at_5": 0.04182,
    "map_at_10": 0.05348,
    "map_at_20": 0.06624,
    "map_at_100": 0.08715,
    "map_at_200": 0.09119,
    "map_at_300": 0.09203,
    "map_at_500": 0.09303,
    "map_at_1000": 0.09396,
    "recall_at_1": 0.01818,
    "recall_at_3": 0.03636,
    "recall_at_5": 0.06727,
    "recall_at_10": 0.11273,
    "recall_at_20": 0.16909,
    "recall_at_100": 0.38182,
    "recall_at_200": 0.48909,
    "recall_at_300": 0.53091,
    "recall_at_500": 0.59636,
    "recall_at_1000": 0.69636,
    "precision_at_1": 0.18182,
    "precision_at_3": 0.12121,
    "precision_at_5": 0.13455,
    "precision_at_10": 0.11273,
    "precision_at_20": 0.08455,
    "precision_at_100": 0.03818,
    "precision_at_200": 0.02445,
    "precision_at_300": 0.0177,
    "precision_at_500": 0.01193,
    "precision_at_1000": 0.00696,
    "mrr_at_1": 0.18182,
    "mrr_at_3": 0.21212,
    "mrr_at_5": 0.2503,
    "mrr_at_10": 0.26885,
    "mrr_at_20": 0.27433,
    "mrr_at_100": 0.28169,
    "mrr_at_200": 0.28179,
    "mrr_at_300": 0.28202,
    "mrr_at_500": 0.28202,
    "mrr_at_1000": 0.28205,
    "rc_at_1": {
        "relevant": 0.18182,
        "distractor": 0.49091
    },
    "rc_at_3": {
        "relevant": 0.36364,
        "distractor": 1.45455
    },
    "rc_at_5": {
        "relevant": 0.67273,
        "distractor": 2.29091
    },
    "rc_at_10": {
        "relevant": 1.12727,
        "distractor": 4.30909
    },
    "rc_at_20": {
        "relevant": 1.69091,
        "distractor": 8.05455
    },
    "rc_at_100": {
        "relevant": 3.81818,
        "distractor": 24.30909
    },
    "rc_at_200": {
        "relevant": 4.89091,
        "distractor": 34.25455
    },
    "rc_at_300": {
        "relevant": 5.30909,
        "distractor": 39.58182
    },
    "rc_at_500": {
        "relevant": 5.96364,
        "distractor": 46.89091
    },
    "rc_at_1000": {
        "relevant": 6.96364,
        "distractor": 58.50909
    }
}