{
    "ndcg_at_1": 0.16364,
    "ndcg_at_3": 0.11854,
    "ndcg_at_5": 0.10079,
    "ndcg_at_10": 0.08618,
    "ndcg_at_20": 0.10221,
    "ndcg_at_100": 0.14147,
    "ndcg_at_200": 0.15445,
    "ndcg_at_300": 0.16601,
    "ndcg_at_500": 0.17802,
    "ndcg_at_1000": 0.1923,
    "map_at_1": 0.01636,
    "map_at_3": 0.02485,
    "map_at_5": 0.02867,
    "map_at_10": 0.03623,
    "map_at_20": 0.04255,
    "map_at_100": 0.04938,
    "map_at_200": 0.05063,
    "map_at_300": 0.05133,
    "map_at_500": 0.05189,
    "map_at_1000": 0.0523,
    "recall_at_1": 0.01636,
    "recall_at_3": 0.03273,
    "recall_at_5": 0.04364,
    "recall_at_10": 0.07273,
    "recall_at_20": 0.10182,
    "recall_at_100": 0.2,
    "recall_at_200": 0.24182,
    "recall_at_300": 0.28364,
    "recall_at_500": 0.33091,
    "recall_at_1000": 0.39273,
    "precision_at_1": 0.16364,
    "precision_at_3": 0.10909,
    "precision_at_5": 0.08727,
    "precision_at_10": 0.07273,
    "precision_at_20": 0.05091,
    "precision_at_100": 0.02,
    "precision_at_200": 0.01209,
    "precision_at_300": 0.00945,
    "precision_at_500": 0.00662,
    "precision_at_1000": 0.00393,
    "mrr_at_1": 0.16364,
    "mrr_at_3": 0.20606,
    "mrr_at_5": 0.21697,
    "mrr_at_10": 0.23699,
    "mrr_at_20": 0.24305,
    "mrr_at_100": 0.24604,
    "mrr_at_200": 0.24658,
    "mrr_at_300": 0.24673,
    "mrr_at_500": 0.24682,
    "mrr_at_1000": 0.24684,
    "rc_at_1": {
        "relevant": 0.16364,
        "distractor": 0.25455
    },
    "rc_at_3": {
        "relevant": 0.32727,
        "distractor": 0.90909
    },
    "rc_at_5": {
        "relevant": 0.43636,
        "distractor": 1.36364
    },
    "rc_at_10": {
        "relevant": 0.72727,
        "distractor": 2.4
    },
    "rc_at_20": {
        "relevant": 1.01818,
        "distractor": 4.05455
    },
    "rc_at_100": {
        "relevant": 2.0,
        "distractor": 10.94545
    },
    "rc_at_200": {
        "relevant": 2.41818,
        "distractor": 14.65455
    },
    "rc_at_300": {
        "relevant": 2.83636,
        "distractor": 17.45455
    },
    "rc_at_500": {
        "relevant": 3.30909,
        "distractor": 20.65455
    },
    "rc_at_1000": {
        "relevant": 3.92727,
        "distractor": 25.56364
    }
}