{
    "ndcg_at_1": 0.30909,
    "ndcg_at_3": 0.22021,
    "ndcg_at_5": 0.20453,
    "ndcg_at_10": 0.18336,
    "ndcg_at_20": 0.23186,
    "ndcg_at_100": 0.36778,
    "ndcg_at_200": 0.39102,
    "ndcg_at_300": 0.40055,
    "ndcg_at_500": 0.41694,
    "ndcg_at_1000": 0.43567,
    "map_at_1": 0.03091,
    "map_at_3": 0.05091,
    "map_at_5": 0.06227,
    "map_at_10": 0.08372,
    "map_at_20": 0.10589,
    "map_at_100": 0.14838,
    "map_at_200": 0.15233,
    "map_at_300": 0.15317,
    "map_at_500": 0.15441,
    "map_at_1000": 0.15528,
    "recall_at_1": 0.03091,
    "recall_at_3": 0.05818,
    "recall_at_5": 0.09091,
    "recall_at_10": 0.16364,
    "recall_at_20": 0.25273,
    "recall_at_100": 0.58545,
    "recall_at_200": 0.66,
    "recall_at_300": 0.69455,
    "recall_at_500": 0.75818,
    "recall_at_1000": 0.83818,
    "precision_at_1": 0.30909,
    "precision_at_3": 0.19394,
    "precision_at_5": 0.18182,
    "precision_at_10": 0.16364,
    "precision_at_20": 0.12636,
    "precision_at_100": 0.05855,
    "precision_at_200": 0.033,
    "precision_at_300": 0.02315,
    "precision_at_500": 0.01516,
    "precision_at_1000": 0.00838,
    "mrr_at_1": 0.30909,
    "mrr_at_3": 0.35758,
    "mrr_at_5": 0.40212,
    "mrr_at_10": 0.42935,
    "mrr_at_20": 0.43087,
    "mrr_at_100": 0.43362,
    "mrr_at_200": 0.43362,
    "mrr_at_300": 0.43369,
    "mrr_at_500": 0.43375,
    "mrr_at_1000": 0.43377,
    "rc_at_1": {
        "relevant": 0.30909,
        "distractor": 0.67273
    },
    "rc_at_3": {
        "relevant": 0.58182,
        "distractor": 2.34545
    },
    "rc_at_5": {
        "relevant": 0.90909,
        "distractor": 3.8
    },
    "rc_at_10": {
        "relevant": 1.63636,
        "distractor": 7.21818
    },
    "rc_at_20": {
        "relevant": 2.52727,
        "distractor": 13.87273
    },
    "rc_at_100": {
        "relevant": 5.85455,
        "distractor": 42.70909
    },
    "rc_at_200": {
        "relevant": 6.6,
        "distractor": 54.41818
    },
    "rc_at_300": {
        "relevant": 6.94545,
        "distractor": 59.45455
    },
    "rc_at_500": {
        "relevant": 7.58182,
        "distractor": 66.10909
    },
    "rc_at_1000": {
        "relevant": 8.38182,
        "distractor": 75.58182
    }
}