{
    "ndcg_at_1": 0.27273,
    "ndcg_at_3": 0.19127,
    "ndcg_at_5": 0.17379,
    "ndcg_at_10": 0.14564,
    "ndcg_at_20": 0.18316,
    "ndcg_at_100": 0.27253,
    "ndcg_at_200": 0.2977,
    "ndcg_at_300": 0.30833,
    "ndcg_at_500": 0.31867,
    "ndcg_at_1000": 0.33256,
    "map_at_1": 0.02727,
    "map_at_3": 0.04394,
    "map_at_5": 0.0533,
    "map_at_10": 0.06561,
    "map_at_20": 0.08024,
    "map_at_100": 0.10306,
    "map_at_200": 0.10661,
    "map_at_300": 0.10753,
    "map_at_500": 0.10818,
    "map_at_1000": 0.10871,
    "recall_at_1": 0.02727,
    "recall_at_3": 0.05091,
    "recall_at_5": 0.07636,
    "recall_at_10": 0.12364,
    "recall_at_20": 0.19091,
    "recall_at_100": 0.41455,
    "recall_at_200": 0.49636,
    "recall_at_300": 0.53455,
    "recall_at_500": 0.57455,
    "recall_at_1000": 0.63455,
    "precision_at_1": 0.27273,
    "precision_at_3": 0.1697,
    "precision_at_5": 0.15273,
    "precision_at_10": 0.12364,
    "precision_at_20": 0.09545,
    "precision_at_100": 0.04145,
    "precision_at_200": 0.02482,
    "precision_at_300": 0.01782,
    "precision_at_500": 0.01149,
    "precision_at_1000": 0.00635,
    "mrr_at_1": 0.27273,
    "mrr_at_3": 0.31212,
    "mrr_at_5": 0.34212,
    "mrr_at_10": 0.37108,
    "mrr_at_20": 0.37932,
    "mrr_at_100": 0.38081,
    "mrr_at_200": 0.38096,
    "mrr_at_300": 0.38096,
    "mrr_at_500": 0.38102,
    "mrr_at_1000": 0.38102,
    "rc_at_1": {
        "relevant": 0.27273,
        "distractor": 0.52727
    },
    "rc_at_3": {
        "relevant": 0.50909,
        "distractor": 1.85455
    },
    "rc_at_5": {
        "relevant": 0.76364,
        "distractor": 3.03636
    },
    "rc_at_10": {
        "relevant": 1.23636,
        "distractor": 5.43636
    },
    "rc_at_20": {
        "relevant": 1.90909,
        "distractor": 9.6
    },
    "rc_at_100": {
        "relevant": 4.14545,
        "distractor": 26.10909
    },
    "rc_at_200": {
        "relevant": 4.96364,
        "distractor": 32.90909
    },
    "rc_at_300": {
        "relevant": 5.34545,
        "distractor": 36.81818
    },
    "rc_at_500": {
        "relevant": 5.74545,
        "distractor": 41.94545
    },
    "rc_at_1000": {
        "relevant": 6.34545,
        "distractor": 48.87273
    }
}