{
    "ndcg_at_1": 0.11858,
    "ndcg_at_3": 0.14498,
    "ndcg_at_5": 0.15031,
    "ndcg_at_10": 0.16715,
    "ndcg_at_20": 0.18138,
    "ndcg_at_100": 0.21403,
    "ndcg_at_200": 0.22522,
    "ndcg_at_300": 0.23142,
    "ndcg_at_500": 0.24244,
    "ndcg_at_1000": 0.25375,
    "map_at_1": 0.09703,
    "map_at_3": 0.12482,
    "map_at_5": 0.12886,
    "map_at_10": 0.13623,
    "map_at_20": 0.14114,
    "map_at_100": 0.14626,
    "map_at_200": 0.14707,
    "map_at_300": 0.14741,
    "map_at_500": 0.14781,
    "map_at_1000": 0.14807,
    "recall_at_1": 0.09703,
    "recall_at_3": 0.15616,
    "recall_at_5": 0.17323,
    "recall_at_10": 0.22487,
    "recall_at_20": 0.27916,
    "recall_at_100": 0.4461,
    "recall_at_200": 0.51612,
    "recall_at_300": 0.55577,
    "recall_at_500": 0.6379,
    "recall_at_1000": 0.73062,
    "precision_at_1": 0.11858,
    "precision_at_3": 0.06785,
    "precision_at_5": 0.04783,
    "precision_at_10": 0.0336,
    "precision_at_20": 0.02233,
    "precision_at_100": 0.00844,
    "precision_at_200": 0.00524,
    "precision_at_300": 0.00398,
    "precision_at_500": 0.00288,
    "precision_at_1000": 0.00171,
    "mrr_at_1": 0.11858,
    "mrr_at_3": 0.14855,
    "mrr_at_5": 0.15428,
    "mrr_at_10": 0.16414,
    "mrr_at_20": 0.16786,
    "mrr_at_100": 0.17202,
    "mrr_at_200": 0.1725,
    "mrr_at_300": 0.17266,
    "mrr_at_500": 0.17286,
    "mrr_at_1000": 0.17299
}