{
    "ndcg_at_1": 0.39628,
    "ndcg_at_3": 0.4596,
    "ndcg_at_5": 0.48064,
    "ndcg_at_10": 0.50792,
    "ndcg_at_20": 0.53014,
    "ndcg_at_100": 0.56027,
    "ndcg_at_200": 0.56904,
    "ndcg_at_300": 0.57279,
    "ndcg_at_500": 0.57527,
    "ndcg_at_1000": 0.57914,
    "map_at_1": 0.32605,
    "map_at_3": 0.40961,
    "map_at_5": 0.4284,
    "map_at_10": 0.44405,
    "map_at_20": 0.45241,
    "map_at_100": 0.45866,
    "map_at_200": 0.45941,
    "map_at_300": 0.45964,
    "map_at_500": 0.45978,
    "map_at_1000": 0.45992,
    "recall_at_1": 0.32605,
    "recall_at_3": 0.48645,
    "recall_at_5": 0.54591,
    "recall_at_10": 0.62902,
    "recall_at_20": 0.70972,
    "recall_at_100": 0.84587,
    "recall_at_200": 0.89925,
    "recall_at_300": 0.92354,
    "recall_at_500": 0.93754,
    "recall_at_1000": 0.96333,
    "precision_at_1": 0.39628,
    "precision_at_3": 0.22175,
    "precision_at_5": 0.15823,
    "precision_at_10": 0.09642,
    "precision_at_20": 0.05722,
    "precision_at_100": 0.01531,
    "precision_at_200": 0.00849,
    "precision_at_300": 0.00593,
    "precision_at_500": 0.00373,
    "precision_at_1000": 0.002,
    "mrr_at_1": 0.39628,
    "mrr_at_3": 0.47926,
    "mrr_at_5": 0.49378,
    "mrr_at_10": 0.50377,
    "mrr_at_20": 0.50836,
    "mrr_at_100": 0.51095,
    "mrr_at_200": 0.51125,
    "mrr_at_300": 0.51134,
    "mrr_at_500": 0.51137,
    "mrr_at_1000": 0.51139
}