{
    "ndcg_at_1": 0.209,
    "ndcg_at_3": 0.17004,
    "ndcg_at_5": 0.14747,
    "ndcg_at_10": 0.17646,
    "ndcg_at_20": 0.20384,
    "ndcg_at_100": 0.25332,
    "ndcg_at_200": 0.2689,
    "ndcg_at_300": 0.27843,
    "ndcg_at_500": 0.28969,
    "ndcg_at_1000": 0.30217,
    "map_at_1": 0.04243,
    "map_at_3": 0.07584,
    "map_at_5": 0.08932,
    "map_at_10": 0.10266,
    "map_at_20": 0.11245,
    "map_at_100": 0.12199,
    "map_at_200": 0.12332,
    "map_at_300": 0.12385,
    "map_at_500": 0.12431,
    "map_at_1000": 0.12464,
    "recall_at_1": 0.04243,
    "recall_at_3": 0.09713,
    "recall_at_5": 0.13107,
    "recall_at_10": 0.18468,
    "recall_at_20": 0.24908,
    "recall_at_100": 0.409,
    "recall_at_200": 0.47492,
    "recall_at_300": 0.51985,
    "recall_at_500": 0.57772,
    "recall_at_1000": 0.64773,
    "precision_at_1": 0.209,
    "precision_at_3": 0.15933,
    "precision_at_5": 0.129,
    "precision_at_10": 0.0909,
    "precision_at_20": 0.06135,
    "precision_at_100": 0.02015,
    "precision_at_200": 0.0117,
    "precision_at_300": 0.00854,
    "precision_at_500": 0.00568,
    "precision_at_1000": 0.00319,
    "mrr_at_1": 0.208,
    "mrr_at_3": 0.27633,
    "mrr_at_5": 0.29483,
    "mrr_at_10": 0.30904,
    "mrr_at_20": 0.31618,
    "mrr_at_100": 0.32052,
    "mrr_at_200": 0.32092,
    "mrr_at_300": 0.32102,
    "mrr_at_500": 0.32109,
    "mrr_at_1000": 0.32113
}