{
    "ndcg_at_1": 0.4,
    "ndcg_at_3": 0.46486,
    "ndcg_at_5": 0.48979,
    "ndcg_at_10": 0.51776,
    "ndcg_at_20": 0.53781,
    "ndcg_at_100": 0.56447,
    "ndcg_at_200": 0.57063,
    "ndcg_at_300": 0.57315,
    "ndcg_at_500": 0.57597,
    "ndcg_at_1000": 0.57865,
    "map_at_1": 0.34823,
    "map_at_3": 0.43012,
    "map_at_5": 0.44686,
    "map_at_10": 0.46026,
    "map_at_20": 0.46721,
    "map_at_100": 0.47188,
    "map_at_200": 0.47229,
    "map_at_300": 0.47239,
    "map_at_500": 0.47248,
    "map_at_1000": 0.47252,
    "recall_at_1": 0.34823,
    "recall_at_3": 0.5123,
    "recall_at_5": 0.57302,
    "recall_at_10": 0.65467,
    "recall_at_20": 0.72804,
    "recall_at_100": 0.85542,
    "recall_at_200": 0.89519,
    "recall_at_300": 0.91358,
    "recall_at_500": 0.93554,
    "recall_at_1000": 0.95893,
    "precision_at_1": 0.4,
    "precision_at_3": 0.2092,
    "precision_at_5": 0.14332,
    "precision_at_10": 0.08395,
    "precision_at_20": 0.04809,
    "precision_at_100": 0.01179,
    "precision_at_200": 0.00622,
    "precision_at_300": 0.00424,
    "precision_at_500": 0.00261,
    "precision_at_1000": 0.00134,
    "mrr_at_1": 0.4,
    "mrr_at_3": 0.47064,
    "mrr_at_5": 0.48465,
    "mrr_at_10": 0.49573,
    "mrr_at_20": 0.50018,
    "mrr_at_100": 0.50322,
    "mrr_at_200": 0.50347,
    "mrr_at_300": 0.50355,
    "mrr_at_500": 0.5036,
    "mrr_at_1000": 0.50362
}