{
    "ndcg_at_1": 0.04125,
    "ndcg_at_3": 0.18184,
    "ndcg_at_5": 0.23506,
    "ndcg_at_10": 0.30075,
    "ndcg_at_20": 0.34228,
    "ndcg_at_100": 0.37239,
    "ndcg_at_200": 0.37622,
    "ndcg_at_300": 0.37712,
    "ndcg_at_500": 0.37811,
    "ndcg_at_1000": 0.37917,
    "map_at_1": 0.04125,
    "map_at_3": 0.14604,
    "map_at_5": 0.17552,
    "map_at_10": 0.20257,
    "map_at_20": 0.21424,
    "map_at_100": 0.21882,
    "map_at_200": 0.21903,
    "map_at_300": 0.21906,
    "map_at_500": 0.21908,
    "map_at_1000": 0.2191,
    "recall_at_1": 0.04125,
    "recall_at_3": 0.28592,
    "recall_at_5": 0.41536,
    "recall_at_10": 0.61878,
    "recall_at_20": 0.78094,
    "recall_at_100": 0.93741,
    "recall_at_200": 0.96444,
    "recall_at_300": 0.97155,
    "recall_at_500": 0.98009,
    "recall_at_1000": 0.99004,
    "precision_at_1": 0.04125,
    "precision_at_3": 0.09531,
    "precision_at_5": 0.08307,
    "precision_at_10": 0.06188,
    "precision_at_20": 0.03905,
    "precision_at_100": 0.00937,
    "precision_at_200": 0.00482,
    "precision_at_300": 0.00324,
    "precision_at_500": 0.00196,
    "precision_at_1000": 0.00099,
    "mrr_at_1": 0.04125,
    "mrr_at_3": 0.14592,
    "mrr_at_5": 0.1754,
    "mrr_at_10": 0.20248,
    "mrr_at_20": 0.21415,
    "mrr_at_100": 0.21873,
    "mrr_at_200": 0.21894,
    "mrr_at_300": 0.21897,
    "mrr_at_500": 0.21899,
    "mrr_at_1000": 0.21901
}