{
    "ndcg_at_1": 0.36923,
    "ndcg_at_3": 0.33924,
    "ndcg_at_5": 0.3076,
    "ndcg_at_10": 0.25729,
    "ndcg_at_20": 0.30733,
    "ndcg_at_100": 0.4943,
    "ndcg_at_200": 0.54463,
    "ndcg_at_300": 0.54804,
    "ndcg_at_500": 0.55043,
    "ndcg_at_1000": 0.55326,
    "map_at_1": 0.03692,
    "map_at_3": 0.08128,
    "map_at_5": 0.10713,
    "map_at_10": 0.14486,
    "map_at_20": 0.16856,
    "map_at_100": 0.22381,
    "map_at_200": 0.23457,
    "map_at_300": 0.235,
    "map_at_500": 0.23523,
    "map_at_1000": 0.23538,
    "recall_at_1": 0.03692,
    "recall_at_3": 0.1,
    "recall_at_5": 0.14462,
    "recall_at_10": 0.22615,
    "recall_at_20": 0.31538,
    "recall_at_100": 0.80462,
    "recall_at_200": 0.96308,
    "recall_at_300": 0.97538,
    "recall_at_500": 0.98462,
    "recall_at_1000": 0.99692,
    "precision_at_1": 0.36923,
    "precision_at_3": 0.33333,
    "precision_at_5": 0.28923,
    "precision_at_10": 0.22615,
    "precision_at_20": 0.15769,
    "precision_at_100": 0.08046,
    "precision_at_200": 0.04815,
    "precision_at_300": 0.03251,
    "precision_at_500": 0.01969,
    "precision_at_1000": 0.00997,
    "mrr_at_1": 0.36923,
    "mrr_at_3": 0.47436,
    "mrr_at_5": 0.49359,
    "mrr_at_10": 0.50974,
    "mrr_at_20": 0.51581,
    "mrr_at_100": 0.51808,
    "mrr_at_200": 0.51808,
    "mrr_at_300": 0.51808,
    "mrr_at_500": 0.51808,
    "mrr_at_1000": 0.51808,
    "rc_at_1": {
        "relevant": 0.36923,
        "distractor": 0.63077
    },
    "rc_at_3": {
        "relevant": 1.0,
        "distractor": 2.0
    },
    "rc_at_5": {
        "relevant": 1.44615,
        "distractor": 3.55385
    },
    "rc_at_10": {
        "relevant": 2.26154,
        "distractor": 7.69231
    },
    "rc_at_20": {
        "relevant": 3.15385,
        "distractor": 16.70769
    },
    "rc_at_100": {
        "relevant": 8.04615,
        "distractor": 84.98462
    },
    "rc_at_200": {
        "relevant": 9.63077,
        "distractor": 95.84615
    },
    "rc_at_300": {
        "relevant": 9.75385,
        "distractor": 96.98462
    },
    "rc_at_500": {
        "relevant": 9.84615,
        "distractor": 97.73846
    },
    "rc_at_1000": {
        "relevant": 9.96923,
        "distractor": 98.43077
    }
}