{
    "ndcg_at_1": 0.23077,
    "ndcg_at_3": 0.17551,
    "ndcg_at_5": 0.14189,
    "ndcg_at_10": 0.12107,
    "ndcg_at_20": 0.14304,
    "ndcg_at_100": 0.19399,
    "ndcg_at_200": 0.21098,
    "ndcg_at_300": 0.22384,
    "ndcg_at_500": 0.23403,
    "ndcg_at_1000": 0.25831,
    "map_at_1": 0.02308,
    "map_at_3": 0.04103,
    "map_at_5": 0.04626,
    "map_at_10": 0.05973,
    "map_at_20": 0.06754,
    "map_at_100": 0.07954,
    "map_at_200": 0.08126,
    "map_at_300": 0.08219,
    "map_at_500": 0.08266,
    "map_at_1000": 0.08342,
    "recall_at_1": 0.02308,
    "recall_at_3": 0.04769,
    "recall_at_5": 0.05846,
    "recall_at_10": 0.1,
    "recall_at_20": 0.14,
    "recall_at_100": 0.26462,
    "recall_at_200": 0.32,
    "recall_at_300": 0.36615,
    "recall_at_500": 0.40615,
    "recall_at_1000": 0.51077,
    "precision_at_1": 0.23077,
    "precision_at_3": 0.15897,
    "precision_at_5": 0.11692,
    "precision_at_10": 0.1,
    "precision_at_20": 0.07,
    "precision_at_100": 0.02646,
    "precision_at_200": 0.016,
    "precision_at_300": 0.01221,
    "precision_at_500": 0.00812,
    "precision_at_1000": 0.00511,
    "mrr_at_1": 0.23077,
    "mrr_at_3": 0.27692,
    "mrr_at_5": 0.28385,
    "mrr_at_10": 0.29634,
    "mrr_at_20": 0.30294,
    "mrr_at_100": 0.30757,
    "mrr_at_200": 0.30798,
    "mrr_at_300": 0.30817,
    "mrr_at_500": 0.30842,
    "mrr_at_1000": 0.30846,
    "rc_at_1": {
        "relevant": 0.23077,
        "distractor": 0.2
    },
    "rc_at_3": {
        "relevant": 0.47692,
        "distractor": 0.61538
    },
    "rc_at_5": {
        "relevant": 0.58462,
        "distractor": 0.96923
    },
    "rc_at_10": {
        "relevant": 1.0,
        "distractor": 1.93846
    },
    "rc_at_20": {
        "relevant": 1.4,
        "distractor": 4.38462
    },
    "rc_at_100": {
        "relevant": 2.64615,
        "distractor": 15.96923
    },
    "rc_at_200": {
        "relevant": 3.2,
        "distractor": 23.8
    },
    "rc_at_300": {
        "relevant": 3.66154,
        "distractor": 28.92308
    },
    "rc_at_500": {
        "relevant": 4.06154,
        "distractor": 36.32308
    },
    "rc_at_1000": {
        "relevant": 5.10769,
        "distractor": 45.8
    }
}