{
    "ndcg_at_1": 0.15385,
    "ndcg_at_3": 0.13846,
    "ndcg_at_5": 0.13039,
    "ndcg_at_10": 0.10091,
    "ndcg_at_20": 0.12217,
    "ndcg_at_100": 0.17638,
    "ndcg_at_200": 0.1901,
    "ndcg_at_300": 0.20073,
    "ndcg_at_500": 0.21219,
    "ndcg_at_1000": 0.22613,
    "map_at_1": 0.01538,
    "map_at_3": 0.02949,
    "map_at_5": 0.03903,
    "map_at_10": 0.04559,
    "map_at_20": 0.05157,
    "map_at_100": 0.06229,
    "map_at_200": 0.06382,
    "map_at_300": 0.06446,
    "map_at_500": 0.06499,
    "map_at_1000": 0.06551,
    "recall_at_1": 0.01538,
    "recall_at_3": 0.04,
    "recall_at_5": 0.06154,
    "recall_at_10": 0.08462,
    "recall_at_20": 0.12308,
    "recall_at_100": 0.26,
    "recall_at_200": 0.30462,
    "recall_at_300": 0.34308,
    "recall_at_500": 0.38769,
    "recall_at_1000": 0.44769,
    "precision_at_1": 0.15385,
    "precision_at_3": 0.13333,
    "precision_at_5": 0.12308,
    "precision_at_10": 0.08462,
    "precision_at_20": 0.06154,
    "precision_at_100": 0.026,
    "precision_at_200": 0.01523,
    "precision_at_300": 0.01144,
    "precision_at_500": 0.00775,
    "precision_at_1000": 0.00448,
    "mrr_at_1": 0.16923,
    "mrr_at_3": 0.26154,
    "mrr_at_5": 0.27615,
    "mrr_at_10": 0.28474,
    "mrr_at_20": 0.296,
    "mrr_at_100": 0.29928,
    "mrr_at_200": 0.29955,
    "mrr_at_300": 0.29969,
    "mrr_at_500": 0.29973,
    "mrr_at_1000": 0.29976,
    "rc_at_1": {
        "relevant": 0.16923,
        "distractor": 0.64615
    },
    "rc_at_3": {
        "relevant": 0.47692,
        "distractor": 1.66154
    },
    "rc_at_5": {
        "relevant": 0.64615,
        "distractor": 2.83077
    },
    "rc_at_10": {
        "relevant": 0.89231,
        "distractor": 5.26154
    },
    "rc_at_20": {
        "relevant": 1.35385,
        "distractor": 9.10769
    },
    "rc_at_100": {
        "relevant": 2.63077,
        "distractor": 24.52308
    },
    "rc_at_200": {
        "relevant": 3.16923,
        "distractor": 31.69231
    },
    "rc_at_300": {
        "relevant": 3.58462,
        "distractor": 35.03077
    },
    "rc_at_500": {
        "relevant": 3.98462,
        "distractor": 39.66154
    },
    "rc_at_1000": {
        "relevant": 4.47692,
        "distractor": 44.86154
    }
}