{
    "ndcg_at_1": 0.21538,
    "ndcg_at_3": 0.17645,
    "ndcg_at_5": 0.16862,
    "ndcg_at_10": 0.14023,
    "ndcg_at_20": 0.1789,
    "ndcg_at_100": 0.3238,
    "ndcg_at_200": 0.36581,
    "ndcg_at_300": 0.37944,
    "ndcg_at_500": 0.39889,
    "ndcg_at_1000": 0.41176,
    "map_at_1": 0.02154,
    "map_at_3": 0.03769,
    "map_at_5": 0.05077,
    "map_at_10": 0.06288,
    "map_at_20": 0.07691,
    "map_at_100": 0.11355,
    "map_at_200": 0.12034,
    "map_at_300": 0.12171,
    "map_at_500": 0.12323,
    "map_at_1000": 0.12383,
    "recall_at_1": 0.02154,
    "recall_at_3": 0.04923,
    "recall_at_5": 0.07846,
    "recall_at_10": 0.12308,
    "recall_at_20": 0.19231,
    "recall_at_100": 0.56,
    "recall_at_200": 0.69538,
    "recall_at_300": 0.74462,
    "recall_at_500": 0.82,
    "recall_at_1000": 0.87538,
    "precision_at_1": 0.21538,
    "precision_at_3": 0.1641,
    "precision_at_5": 0.15692,
    "precision_at_10": 0.12308,
    "precision_at_20": 0.09615,
    "precision_at_100": 0.056,
    "precision_at_200": 0.03477,
    "precision_at_300": 0.02482,
    "precision_at_500": 0.0164,
    "precision_at_1000": 0.00875,
    "mrr_at_1": 0.21538,
    "mrr_at_3": 0.32051,
    "mrr_at_5": 0.33051,
    "mrr_at_10": 0.3475,
    "mrr_at_20": 0.35821,
    "mrr_at_100": 0.36321,
    "mrr_at_200": 0.36336,
    "mrr_at_300": 0.36336,
    "mrr_at_500": 0.36341,
    "mrr_at_1000": 0.36341,
    "rc_at_1": {
        "relevant": 0.21538,
        "distractor": 0.75385
    },
    "rc_at_3": {
        "relevant": 0.55385,
        "distractor": 2.35385
    },
    "rc_at_5": {
        "relevant": 0.78462,
        "distractor": 4.03077
    },
    "rc_at_10": {
        "relevant": 1.24615,
        "distractor": 8.2
    },
    "rc_at_20": {
        "relevant": 2.03077,
        "distractor": 16.23077
    },
    "rc_at_100": {
        "relevant": 5.66154,
        "distractor": 59.18462
    },
    "rc_at_200": {
        "relevant": 7.0,
        "distractor": 72.4
    },
    "rc_at_300": {
        "relevant": 7.55385,
        "distractor": 78.04615
    },
    "rc_at_500": {
        "relevant": 8.24615,
        "distractor": 83.56923
    },
    "rc_at_1000": {
        "relevant": 8.75385,
        "distractor": 89.98462
    }
}