{
    "ndcg_at_1": 0.2,
    "ndcg_at_3": 0.17018,
    "ndcg_at_5": 0.16161,
    "ndcg_at_10": 0.12639,
    "ndcg_at_20": 0.15919,
    "ndcg_at_100": 0.24613,
    "ndcg_at_200": 0.27846,
    "ndcg_at_300": 0.28783,
    "ndcg_at_500": 0.30046,
    "ndcg_at_1000": 0.31725,
    "map_at_1": 0.02,
    "map_at_3": 0.03641,
    "map_at_5": 0.04856,
    "map_at_10": 0.05746,
    "map_at_20": 0.06838,
    "map_at_100": 0.08898,
    "map_at_200": 0.09307,
    "map_at_300": 0.09384,
    "map_at_500": 0.0946,
    "map_at_1000": 0.09523,
    "recall_at_1": 0.02,
    "recall_at_3": 0.04769,
    "recall_at_5": 0.07538,
    "recall_at_10": 0.10615,
    "recall_at_20": 0.16462,
    "recall_at_100": 0.38308,
    "recall_at_200": 0.48769,
    "recall_at_300": 0.52154,
    "recall_at_500": 0.57077,
    "recall_at_1000": 0.64308,
    "precision_at_1": 0.2,
    "precision_at_3": 0.15897,
    "precision_at_5": 0.15077,
    "precision_at_10": 0.10615,
    "precision_at_20": 0.08231,
    "precision_at_100": 0.03831,
    "precision_at_200": 0.02438,
    "precision_at_300": 0.01738,
    "precision_at_500": 0.01142,
    "precision_at_1000": 0.00643,
    "mrr_at_1": 0.21538,
    "mrr_at_3": 0.31538,
    "mrr_at_5": 0.32538,
    "mrr_at_10": 0.34021,
    "mrr_at_20": 0.3477,
    "mrr_at_100": 0.35329,
    "mrr_at_200": 0.35342,
    "mrr_at_300": 0.35348,
    "mrr_at_500": 0.35348,
    "mrr_at_1000": 0.35353,
    "rc_at_1": {
        "relevant": 0.21538,
        "distractor": 0.72308
    },
    "rc_at_3": {
        "relevant": 0.53846,
        "distractor": 2.21538
    },
    "rc_at_5": {
        "relevant": 0.73846,
        "distractor": 3.64615
    },
    "rc_at_10": {
        "relevant": 1.13846,
        "distractor": 7.10769
    },
    "rc_at_20": {
        "relevant": 1.75385,
        "distractor": 13.16923
    },
    "rc_at_100": {
        "relevant": 3.98462,
        "distractor": 40.36923
    },
    "rc_at_200": {
        "relevant": 5.0,
        "distractor": 49.44615
    },
    "rc_at_300": {
        "relevant": 5.33846,
        "distractor": 54.10769
    },
    "rc_at_500": {
        "relevant": 5.78462,
        "distractor": 59.75385
    },
    "rc_at_1000": {
        "relevant": 6.43077,
        "distractor": 66.55385
    }
}