{
    "ndcg_at_1": 0.36533,
    "ndcg_at_3": 0.34097,
    "ndcg_at_5": 0.32854,
    "ndcg_at_10": 0.29935,
    "ndcg_at_20": 0.28245,
    "ndcg_at_100": 0.2815,
    "ndcg_at_200": 0.29946,
    "ndcg_at_300": 0.31427,
    "ndcg_at_500": 0.33552,
    "ndcg_at_1000": 0.37394,
    "map_at_1": 0.038,
    "map_at_3": 0.06454,
    "map_at_5": 0.07814,
    "map_at_10": 0.09575,
    "map_at_20": 0.1097,
    "map_at_100": 0.12923,
    "map_at_200": 0.13515,
    "map_at_300": 0.13793,
    "map_at_500": 0.14111,
    "map_at_1000": 0.14487,
    "recall_at_1": 0.038,
    "recall_at_3": 0.07426,
    "recall_at_5": 0.09731,
    "recall_at_10": 0.1348,
    "recall_at_20": 0.18125,
    "recall_at_100": 0.30389,
    "recall_at_200": 0.37266,
    "recall_at_300": 0.42805,
    "recall_at_500": 0.49719,
    "recall_at_1000": 0.63476,
    "precision_at_1": 0.37771,
    "precision_at_3": 0.3323,
    "precision_at_5": 0.30155,
    "precision_at_10": 0.23901,
    "precision_at_20": 0.18127,
    "precision_at_100": 0.08012,
    "precision_at_200": 0.05416,
    "precision_at_300": 0.04266,
    "precision_at_500": 0.03186,
    "precision_at_1000": 0.02146,
    "mrr_at_1": 0.37771,
    "mrr_at_3": 0.45046,
    "mrr_at_5": 0.4613,
    "mrr_at_10": 0.47044,
    "mrr_at_20": 0.47501,
    "mrr_at_100": 0.47818,
    "mrr_at_200": 0.47834,
    "mrr_at_300": 0.47845,
    "mrr_at_500": 0.47852,
    "mrr_at_1000": 0.47858
}