{
    "ndcg_at_1": 0.26772,
    "ndcg_at_3": 0.31672,
    "ndcg_at_5": 0.34601,
    "ndcg_at_10": 0.37406,
    "ndcg_at_20": 0.39659,
    "ndcg_at_100": 0.43239,
    "ndcg_at_200": 0.4421,
    "ndcg_at_300": 0.44682,
    "ndcg_at_500": 0.45085,
    "ndcg_at_1000": 0.45564,
    "map_at_1": 0.23066,
    "map_at_3": 0.28646,
    "map_at_5": 0.30529,
    "map_at_10": 0.31869,
    "map_at_20": 0.32588,
    "map_at_100": 0.33153,
    "map_at_200": 0.33217,
    "map_at_300": 0.33238,
    "map_at_500": 0.3325,
    "map_at_1000": 0.3326,
    "recall_at_1": 0.23066,
    "recall_at_3": 0.35043,
    "recall_at_5": 0.42377,
    "recall_at_10": 0.50519,
    "recall_at_20": 0.58463,
    "recall_at_100": 0.75812,
    "recall_at_200": 0.81934,
    "recall_at_300": 0.85117,
    "recall_at_500": 0.88091,
    "recall_at_1000": 0.91907,
    "precision_at_1": 0.26772,
    "precision_at_3": 0.14428,
    "precision_at_5": 0.10765,
    "precision_at_10": 0.06595,
    "precision_at_20": 0.03955,
    "precision_at_100": 0.01082,
    "precision_at_200": 0.00595,
    "precision_at_300": 0.00419,
    "precision_at_500": 0.00263,
    "precision_at_1000": 0.0014,
    "mrr_at_1": 0.26772,
    "mrr_at_3": 0.32665,
    "mrr_at_5": 0.34479,
    "mrr_at_10": 0.35594,
    "mrr_at_20": 0.36135,
    "mrr_at_100": 0.36551,
    "mrr_at_200": 0.3659,
    "mrr_at_300": 0.36601,
    "mrr_at_500": 0.36608,
    "mrr_at_1000": 0.36612
}