{
    "ndcg_at_1": 0.05197,
    "ndcg_at_3": 0.07168,
    "ndcg_at_5": 0.07698,
    "ndcg_at_10": 0.08889,
    "ndcg_at_20": 0.09922,
    "ndcg_at_100": 0.12117,
    "ndcg_at_200": 0.13105,
    "ndcg_at_300": 0.13793,
    "ndcg_at_500": 0.14566,
    "ndcg_at_1000": 0.15557,
    "map_at_1": 0.04321,
    "map_at_3": 0.06165,
    "map_at_5": 0.06502,
    "map_at_10": 0.07041,
    "map_at_20": 0.07327,
    "map_at_100": 0.07606,
    "map_at_200": 0.07658,
    "map_at_300": 0.07682,
    "map_at_500": 0.07702,
    "map_at_1000": 0.07717,
    "recall_at_1": 0.04321,
    "recall_at_3": 0.08276,
    "recall_at_5": 0.0971,
    "recall_at_10": 0.13344,
    "recall_at_20": 0.17181,
    "recall_at_100": 0.28164,
    "recall_at_200": 0.34563,
    "recall_at_300": 0.39514,
    "recall_at_500": 0.45306,
    "recall_at_1000": 0.53662,
    "precision_at_1": 0.05197,
    "precision_at_3": 0.03497,
    "precision_at_5": 0.02483,
    "precision_at_10": 0.01723,
    "precision_at_20": 0.01121,
    "precision_at_100": 0.00402,
    "precision_at_200": 0.00256,
    "precision_at_300": 0.00198,
    "precision_at_500": 0.00142,
    "precision_at_1000": 0.00086,
    "mrr_at_1": 0.05197,
    "mrr_at_3": 0.07411,
    "mrr_at_5": 0.07834,
    "mrr_at_10": 0.08376,
    "mrr_at_20": 0.08706,
    "mrr_at_100": 0.09041,
    "mrr_at_200": 0.09091,
    "mrr_at_300": 0.09113,
    "mrr_at_500": 0.09129,
    "mrr_at_1000": 0.09141
}