{
    "ndcg_at_1": 0.13433,
    "ndcg_at_3": 0.16191,
    "ndcg_at_5": 0.1796,
    "ndcg_at_10": 0.19872,
    "ndcg_at_20": 0.21437,
    "ndcg_at_100": 0.24642,
    "ndcg_at_200": 0.259,
    "ndcg_at_300": 0.26526,
    "ndcg_at_500": 0.27326,
    "ndcg_at_1000": 0.28331,
    "map_at_1": 0.10482,
    "map_at_3": 0.14168,
    "map_at_5": 0.15238,
    "map_at_10": 0.16059,
    "map_at_20": 0.16512,
    "map_at_100": 0.1694,
    "map_at_200": 0.17014,
    "map_at_300": 0.17038,
    "map_at_500": 0.1706,
    "map_at_1000": 0.17077,
    "recall_at_1": 0.10482,
    "recall_at_3": 0.18315,
    "recall_at_5": 0.22589,
    "recall_at_10": 0.282,
    "recall_at_20": 0.33901,
    "recall_at_100": 0.50277,
    "recall_at_200": 0.5838,
    "recall_at_300": 0.6273,
    "recall_at_500": 0.68784,
    "recall_at_1000": 0.77264,
    "precision_at_1": 0.13433,
    "precision_at_3": 0.07919,
    "precision_at_5": 0.05945,
    "precision_at_10": 0.03818,
    "precision_at_20": 0.02326,
    "precision_at_100": 0.00711,
    "precision_at_200": 0.00421,
    "precision_at_300": 0.00307,
    "precision_at_500": 0.00206,
    "precision_at_1000": 0.00118,
    "mrr_at_1": 0.13433,
    "mrr_at_3": 0.17454,
    "mrr_at_5": 0.18642,
    "mrr_at_10": 0.19584,
    "mrr_at_20": 0.20006,
    "mrr_at_100": 0.20387,
    "mrr_at_200": 0.20441,
    "mrr_at_300": 0.20457,
    "mrr_at_500": 0.20472,
    "mrr_at_1000": 0.20482
}