{
    "ndcg_at_1": 0.18926,
    "ndcg_at_3": 0.22845,
    "ndcg_at_5": 0.24983,
    "ndcg_at_10": 0.27507,
    "ndcg_at_20": 0.29633,
    "ndcg_at_100": 0.33379,
    "ndcg_at_200": 0.34582,
    "ndcg_at_300": 0.35128,
    "ndcg_at_500": 0.35801,
    "ndcg_at_1000": 0.36472,
    "map_at_1": 0.15748,
    "map_at_3": 0.20194,
    "map_at_5": 0.21611,
    "map_at_10": 0.22746,
    "map_at_20": 0.23394,
    "map_at_100": 0.23975,
    "map_at_200": 0.24053,
    "map_at_300": 0.24076,
    "map_at_500": 0.24098,
    "map_at_1000": 0.24112,
    "recall_at_1": 0.15748,
    "recall_at_3": 0.25547,
    "recall_at_5": 0.31021,
    "recall_at_10": 0.385,
    "recall_at_20": 0.46318,
    "recall_at_100": 0.6475,
    "recall_at_200": 0.72359,
    "recall_at_300": 0.76146,
    "recall_at_500": 0.81186,
    "recall_at_1000": 0.86609,
    "precision_at_1": 0.18926,
    "precision_at_3": 0.10805,
    "precision_at_5": 0.0799,
    "precision_at_10": 0.05127,
    "precision_at_20": 0.03193,
    "precision_at_100": 0.00958,
    "precision_at_200": 0.00553,
    "precision_at_300": 0.00394,
    "precision_at_500": 0.00258,
    "precision_at_1000": 0.00142,
    "mrr_at_1": 0.18926,
    "mrr_at_3": 0.23801,
    "mrr_at_5": 0.25123,
    "mrr_at_10": 0.26238,
    "mrr_at_20": 0.26799,
    "mrr_at_100": 0.27262,
    "mrr_at_200": 0.27311,
    "mrr_at_300": 0.27325,
    "mrr_at_500": 0.27336,
    "mrr_at_1000": 0.27343
}