{
    "ndcg_at_1": 0.47685,
    "ndcg_at_3": 0.43867,
    "ndcg_at_5": 0.44834,
    "ndcg_at_10": 0.4772,
    "ndcg_at_20": 0.50225,
    "ndcg_at_100": 0.54166,
    "ndcg_at_200": 0.55224,
    "ndcg_at_300": 0.55762,
    "ndcg_at_500": 0.56244,
    "ndcg_at_1000": 0.5657,
    "map_at_1": 0.24129,
    "map_at_3": 0.34216,
    "map_at_5": 0.37022,
    "map_at_10": 0.39424,
    "map_at_20": 0.40469,
    "map_at_100": 0.41328,
    "map_at_200": 0.41422,
    "map_at_300": 0.41456,
    "map_at_500": 0.41476,
    "map_at_1000": 0.41486,
    "recall_at_1": 0.24129,
    "recall_at_3": 0.39146,
    "recall_at_5": 0.45754,
    "recall_at_10": 0.55106,
    "recall_at_20": 0.6272,
    "recall_at_100": 0.78728,
    "recall_at_200": 0.84358,
    "recall_at_300": 0.87444,
    "recall_at_500": 0.90676,
    "recall_at_1000": 0.92838,
    "precision_at_1": 0.47685,
    "precision_at_3": 0.29372,
    "precision_at_5": 0.21389,
    "precision_at_10": 0.13256,
    "precision_at_20": 0.07731,
    "precision_at_100": 0.02017,
    "precision_at_200": 0.01092,
    "precision_at_300": 0.0076,
    "precision_at_500": 0.00473,
    "precision_at_1000": 0.00244,
    "mrr_at_1": 0.47685,
    "mrr_at_3": 0.53627,
    "mrr_at_5": 0.54823,
    "mrr_at_10": 0.5582,
    "mrr_at_20": 0.56253,
    "mrr_at_100": 0.56508,
    "mrr_at_200": 0.56528,
    "mrr_at_300": 0.56532,
    "mrr_at_500": 0.56536,
    "mrr_at_1000": 0.56536
}