{
    "ndcg_at_1": 0.42632,
    "ndcg_at_3": 0.47733,
    "ndcg_at_5": 0.50896,
    "ndcg_at_10": 0.53085,
    "ndcg_at_20": 0.55004,
    "ndcg_at_100": 0.5832,
    "ndcg_at_200": 0.59051,
    "ndcg_at_300": 0.59396,
    "ndcg_at_500": 0.59657,
    "ndcg_at_1000": 0.5999,
    "map_at_1": 0.34684,
    "map_at_3": 0.42645,
    "map_at_5": 0.45268,
    "map_at_10": 0.46604,
    "map_at_20": 0.47412,
    "map_at_100": 0.48103,
    "map_at_200": 0.48173,
    "map_at_300": 0.48196,
    "map_at_500": 0.48209,
    "map_at_1000": 0.48223,
    "recall_at_1": 0.34684,
    "recall_at_3": 0.49895,
    "recall_at_5": 0.58251,
    "recall_at_10": 0.64881,
    "recall_at_20": 0.71459,
    "recall_at_100": 0.868,
    "recall_at_200": 0.90987,
    "recall_at_300": 0.93234,
    "recall_at_500": 0.94814,
    "recall_at_1000": 0.96994,
    "precision_at_1": 0.42632,
    "precision_at_3": 0.22842,
    "precision_at_5": 0.1691,
    "precision_at_10": 0.10014,
    "precision_at_20": 0.05916,
    "precision_at_100": 0.01584,
    "precision_at_200": 0.00871,
    "precision_at_300": 0.00607,
    "precision_at_500": 0.00381,
    "precision_at_1000": 0.00204,
    "mrr_at_1": 0.42632,
    "mrr_at_3": 0.50405,
    "mrr_at_5": 0.52165,
    "mrr_at_10": 0.53011,
    "mrr_at_20": 0.53341,
    "mrr_at_100": 0.5364,
    "mrr_at_200": 0.53665,
    "mrr_at_300": 0.53673,
    "mrr_at_500": 0.53675,
    "mrr_at_1000": 0.53678
}