{
    "ndcg_at_1": 0.55667,
    "ndcg_at_3": 0.64111,
    "ndcg_at_5": 0.66712,
    "ndcg_at_10": 0.68891,
    "ndcg_at_20": 0.70361,
    "ndcg_at_100": 0.71612,
    "ndcg_at_200": 0.71886,
    "ndcg_at_300": 0.72014,
    "ndcg_at_500": 0.72053,
    "ndcg_at_1000": 0.72226,
    "map_at_1": 0.52744,
    "map_at_3": 0.61339,
    "map_at_5": 0.63083,
    "map_at_10": 0.64101,
    "map_at_20": 0.64586,
    "map_at_100": 0.64769,
    "map_at_200": 0.64785,
    "map_at_300": 0.6479,
    "map_at_500": 0.64791,
    "map_at_1000": 0.64793,
    "recall_at_1": 0.52744,
    "recall_at_3": 0.69756,
    "recall_at_5": 0.76261,
    "recall_at_10": 0.82589,
    "recall_at_20": 0.87867,
    "recall_at_100": 0.945,
    "recall_at_200": 0.96333,
    "recall_at_300": 0.97333,
    "recall_at_500": 0.97667,
    "recall_at_1000": 0.99333,
    "precision_at_1": 0.55667,
    "precision_at_3": 0.25333,
    "precision_at_5": 0.17,
    "precision_at_10": 0.09333,
    "precision_at_20": 0.04983,
    "precision_at_100": 0.0107,
    "precision_at_200": 0.00547,
    "precision_at_300": 0.00368,
    "precision_at_500": 0.00221,
    "precision_at_1000": 0.00112,
    "mrr_at_1": 0.55667,
    "mrr_at_3": 0.62833,
    "mrr_at_5": 0.64217,
    "mrr_at_10": 0.64975,
    "mrr_at_20": 0.65394,
    "mrr_at_100": 0.65552,
    "mrr_at_200": 0.65565,
    "mrr_at_300": 0.65569,
    "mrr_at_500": 0.6557,
    "mrr_at_1000": 0.65572
}