{
    "ndcg_at_1": 0.17817,
    "ndcg_at_3": 0.21409,
    "ndcg_at_5": 0.23475,
    "ndcg_at_10": 0.25675,
    "ndcg_at_20": 0.27407,
    "ndcg_at_100": 0.30635,
    "ndcg_at_200": 0.31544,
    "ndcg_at_300": 0.32041,
    "ndcg_at_500": 0.32674,
    "ndcg_at_1000": 0.33494,
    "map_at_1": 0.1592,
    "map_at_3": 0.19592,
    "map_at_5": 0.20796,
    "map_at_10": 0.21689,
    "map_at_20": 0.22203,
    "map_at_100": 0.22673,
    "map_at_200": 0.22727,
    "map_at_300": 0.22746,
    "map_at_500": 0.22762,
    "map_at_1000": 0.22777,
    "recall_at_1": 0.1592,
    "recall_at_3": 0.23938,
    "recall_at_5": 0.28999,
    "recall_at_10": 0.35413,
    "recall_at_20": 0.41664,
    "recall_at_100": 0.57664,
    "recall_at_200": 0.6352,
    "recall_at_300": 0.67064,
    "recall_at_500": 0.71916,
    "recall_at_1000": 0.78662,
    "precision_at_1": 0.17817,
    "precision_at_3": 0.09391,
    "precision_at_5": 0.06922,
    "precision_at_10": 0.04394,
    "precision_at_20": 0.02663,
    "precision_at_100": 0.00773,
    "precision_at_200": 0.00435,
    "precision_at_300": 0.00309,
    "precision_at_500": 0.00202,
    "precision_at_1000": 0.00113,
    "mrr_at_1": 0.17817,
    "mrr_at_3": 0.21968,
    "mrr_at_5": 0.23237,
    "mrr_at_10": 0.24268,
    "mrr_at_20": 0.24719,
    "mrr_at_100": 0.25147,
    "mrr_at_200": 0.25185,
    "mrr_at_300": 0.25199,
    "mrr_at_500": 0.25211,
    "mrr_at_1000": 0.2522
}