{
    "ndcg_at_1": 0.21269,
    "ndcg_at_3": 0.26481,
    "ndcg_at_5": 0.29046,
    "ndcg_at_10": 0.31835,
    "ndcg_at_20": 0.34072,
    "ndcg_at_100": 0.38041,
    "ndcg_at_200": 0.38928,
    "ndcg_at_300": 0.39407,
    "ndcg_at_500": 0.40115,
    "ndcg_at_1000": 0.40659,
    "map_at_1": 0.17623,
    "map_at_3": 0.23309,
    "map_at_5": 0.24931,
    "map_at_10": 0.26219,
    "map_at_20": 0.26891,
    "map_at_100": 0.27529,
    "map_at_200": 0.27591,
    "map_at_300": 0.27612,
    "map_at_500": 0.27632,
    "map_at_1000": 0.27642,
    "recall_at_1": 0.17623,
    "recall_at_3": 0.30301,
    "recall_at_5": 0.36631,
    "recall_at_10": 0.44837,
    "recall_at_20": 0.52839,
    "recall_at_100": 0.71606,
    "recall_at_200": 0.7703,
    "recall_at_300": 0.80324,
    "recall_at_500": 0.85765,
    "recall_at_1000": 0.90162,
    "precision_at_1": 0.21269,
    "precision_at_3": 0.12769,
    "precision_at_5": 0.09478,
    "precision_at_10": 0.0602,
    "precision_at_20": 0.03638,
    "precision_at_100": 0.0106,
    "precision_at_200": 0.00581,
    "precision_at_300": 0.00408,
    "precision_at_500": 0.00264,
    "precision_at_1000": 0.00141,
    "mrr_at_1": 0.21269,
    "mrr_at_3": 0.27674,
    "mrr_at_5": 0.29316,
    "mrr_at_10": 0.30376,
    "mrr_at_20": 0.30999,
    "mrr_at_100": 0.31479,
    "mrr_at_200": 0.31508,
    "mrr_at_300": 0.31519,
    "mrr_at_500": 0.31531,
    "mrr_at_1000": 0.31536
}