{
    "ndcg_at_1": 0.56333,
    "ndcg_at_3": 0.64829,
    "ndcg_at_5": 0.66686,
    "ndcg_at_10": 0.69588,
    "ndcg_at_20": 0.70792,
    "ndcg_at_100": 0.71882,
    "ndcg_at_200": 0.72114,
    "ndcg_at_300": 0.72181,
    "ndcg_at_500": 0.7234,
    "ndcg_at_1000": 0.7254,
    "map_at_1": 0.53411,
    "map_at_3": 0.61586,
    "map_at_5": 0.63021,
    "map_at_10": 0.64475,
    "map_at_20": 0.64832,
    "map_at_100": 0.65001,
    "map_at_200": 0.65013,
    "map_at_300": 0.65015,
    "map_at_500": 0.65019,
    "map_at_1000": 0.65022,
    "recall_at_1": 0.53411,
    "recall_at_3": 0.71128,
    "recall_at_5": 0.75617,
    "recall_at_10": 0.83989,
    "recall_at_20": 0.886,
    "recall_at_100": 0.94333,
    "recall_at_200": 0.96,
    "recall_at_300": 0.965,
    "recall_at_500": 0.97833,
    "recall_at_1000": 0.99667,
    "precision_at_1": 0.56333,
    "precision_at_3": 0.25778,
    "precision_at_5": 0.16933,
    "precision_at_10": 0.09567,
    "precision_at_20": 0.0505,
    "precision_at_100": 0.0107,
    "precision_at_200": 0.00543,
    "precision_at_300": 0.00364,
    "precision_at_500": 0.00221,
    "precision_at_1000": 0.00113,
    "mrr_at_1": 0.56333,
    "mrr_at_3": 0.63722,
    "mrr_at_5": 0.64656,
    "mrr_at_10": 0.65656,
    "mrr_at_20": 0.65957,
    "mrr_at_100": 0.66112,
    "mrr_at_200": 0.66124,
    "mrr_at_300": 0.66125,
    "mrr_at_500": 0.66129,
    "mrr_at_1000": 0.66132
}