{
    "ndcg_at_1": 0.19635,
    "ndcg_at_3": 0.23149,
    "ndcg_at_5": 0.24542,
    "ndcg_at_10": 0.27733,
    "ndcg_at_20": 0.29885,
    "ndcg_at_100": 0.33779,
    "ndcg_at_200": 0.34923,
    "ndcg_at_300": 0.35467,
    "ndcg_at_500": 0.36117,
    "ndcg_at_1000": 0.36867,
    "map_at_1": 0.15104,
    "map_at_3": 0.20261,
    "map_at_5": 0.21314,
    "map_at_10": 0.22765,
    "map_at_20": 0.23413,
    "map_at_100": 0.24014,
    "map_at_200": 0.24091,
    "map_at_300": 0.24114,
    "map_at_500": 0.24135,
    "map_at_1000": 0.2415,
    "recall_at_1": 0.15104,
    "recall_at_3": 0.2561,
    "recall_at_5": 0.29525,
    "recall_at_10": 0.38887,
    "recall_at_20": 0.46537,
    "recall_at_100": 0.65419,
    "recall_at_200": 0.72492,
    "recall_at_300": 0.7623,
    "recall_at_500": 0.80945,
    "recall_at_1000": 0.87034,
    "precision_at_1": 0.19635,
    "precision_at_3": 0.11568,
    "precision_at_5": 0.08151,
    "precision_at_10": 0.05388,
    "precision_at_20": 0.03316,
    "precision_at_100": 0.00997,
    "precision_at_200": 0.00568,
    "precision_at_300": 0.00404,
    "precision_at_500": 0.00264,
    "precision_at_1000": 0.00146,
    "mrr_at_1": 0.19635,
    "mrr_at_3": 0.24734,
    "mrr_at_5": 0.25693,
    "mrr_at_10": 0.27098,
    "mrr_at_20": 0.27704,
    "mrr_at_100": 0.28137,
    "mrr_at_200": 0.28182,
    "mrr_at_300": 0.28197,
    "mrr_at_500": 0.28207,
    "mrr_at_1000": 0.28214
}