{
    "ndcg_at_1": 0.00871,
    "ndcg_at_3": 0.01187,
    "ndcg_at_5": 0.01318,
    "ndcg_at_10": 0.01644,
    "ndcg_at_20": 0.01921,
    "ndcg_at_100": 0.03337,
    "ndcg_at_200": 0.04149,
    "ndcg_at_300": 0.04758,
    "ndcg_at_500": 0.05558,
    "ndcg_at_1000": 0.06737,
    "map_at_1": 0.00762,
    "map_at_3": 0.01021,
    "map_at_5": 0.01092,
    "map_at_10": 0.0122,
    "map_at_20": 0.01288,
    "map_at_100": 0.01441,
    "map_at_200": 0.01482,
    "map_at_300": 0.01502,
    "map_at_500": 0.01521,
    "map_at_1000": 0.01538,
    "recall_at_1": 0.00762,
    "recall_at_3": 0.01353,
    "recall_at_5": 0.01644,
    "recall_at_10": 0.02608,
    "recall_at_20": 0.03639,
    "recall_at_100": 0.11239,
    "recall_at_200": 0.16548,
    "recall_at_300": 0.20897,
    "recall_at_500": 0.27219,
    "recall_at_1000": 0.37351,
    "precision_at_1": 0.00871,
    "precision_at_3": 0.0058,
    "precision_at_5": 0.00473,
    "precision_at_10": 0.00373,
    "precision_at_20": 0.00261,
    "precision_at_100": 0.00157,
    "precision_at_200": 0.00119,
    "precision_at_300": 0.00103,
    "precision_at_500": 0.00081,
    "precision_at_1000": 0.00057,
    "mrr_at_1": 0.00995,
    "mrr_at_3": 0.01265,
    "mrr_at_5": 0.01352,
    "mrr_at_10": 0.01498,
    "mrr_at_20": 0.01631,
    "mrr_at_100": 0.01825,
    "mrr_at_200": 0.01877,
    "mrr_at_300": 0.01898,
    "mrr_at_500": 0.01917,
    "mrr_at_1000": 0.01932
}