{
    "ndcg_at_1": 0.24387,
    "ndcg_at_3": 0.27586,
    "ndcg_at_5": 0.29187,
    "ndcg_at_10": 0.31912,
    "ndcg_at_20": 0.33587,
    "ndcg_at_100": 0.36807,
    "ndcg_at_200": 0.3781,
    "ndcg_at_300": 0.38225,
    "ndcg_at_500": 0.38833,
    "ndcg_at_1000": 0.39489,
    "map_at_1": 0.20909,
    "map_at_3": 0.25319,
    "map_at_5": 0.26384,
    "map_at_10": 0.27633,
    "map_at_20": 0.28136,
    "map_at_100": 0.28645,
    "map_at_200": 0.28706,
    "map_at_300": 0.28721,
    "map_at_500": 0.28739,
    "map_at_1000": 0.28751,
    "recall_at_1": 0.20909,
    "recall_at_3": 0.2991,
    "recall_at_5": 0.33877,
    "recall_at_10": 0.42194,
    "recall_at_20": 0.48443,
    "recall_at_100": 0.6429,
    "recall_at_200": 0.70839,
    "recall_at_300": 0.73894,
    "recall_at_500": 0.78601,
    "recall_at_1000": 0.84302,
    "precision_at_1": 0.24387,
    "precision_at_3": 0.11963,
    "precision_at_5": 0.08405,
    "precision_at_10": 0.05245,
    "precision_at_20": 0.03052,
    "precision_at_100": 0.00833,
    "precision_at_200": 0.00468,
    "precision_at_300": 0.00327,
    "precision_at_500": 0.00211,
    "precision_at_1000": 0.00114,
    "mrr_at_1": 0.24387,
    "mrr_at_3": 0.2863,
    "mrr_at_5": 0.29596,
    "mrr_at_10": 0.30749,
    "mrr_at_20": 0.31196,
    "mrr_at_100": 0.31632,
    "mrr_at_200": 0.31683,
    "mrr_at_300": 0.31695,
    "mrr_at_500": 0.31706,
    "mrr_at_1000": 0.31713
}