{
    "ndcg_at_1": 0.208,
    "ndcg_at_3": 0.1743,
    "ndcg_at_5": 0.14975,
    "ndcg_at_10": 0.18054,
    "ndcg_at_20": 0.2064,
    "ndcg_at_100": 0.25358,
    "ndcg_at_200": 0.27166,
    "ndcg_at_300": 0.28013,
    "ndcg_at_500": 0.29038,
    "ndcg_at_1000": 0.30372,
    "map_at_1": 0.04243,
    "map_at_3": 0.07782,
    "map_at_5": 0.0909,
    "map_at_10": 0.10523,
    "map_at_20": 0.11467,
    "map_at_100": 0.12397,
    "map_at_200": 0.12548,
    "map_at_300": 0.12596,
    "map_at_500": 0.12639,
    "map_at_1000": 0.12673,
    "recall_at_1": 0.04243,
    "recall_at_3": 0.10047,
    "recall_at_5": 0.13282,
    "recall_at_10": 0.18937,
    "recall_at_20": 0.24995,
    "recall_at_100": 0.4026,
    "recall_at_200": 0.47935,
    "recall_at_300": 0.51938,
    "recall_at_500": 0.57177,
    "recall_at_1000": 0.64695,
    "precision_at_1": 0.208,
    "precision_at_3": 0.16467,
    "precision_at_5": 0.1308,
    "precision_at_10": 0.0934,
    "precision_at_20": 0.06165,
    "precision_at_100": 0.01984,
    "precision_at_200": 0.01181,
    "precision_at_300": 0.00853,
    "precision_at_500": 0.00563,
    "precision_at_1000": 0.00318,
    "mrr_at_1": 0.208,
    "mrr_at_3": 0.28217,
    "mrr_at_5": 0.29827,
    "mrr_at_10": 0.3141,
    "mrr_at_20": 0.31951,
    "mrr_at_100": 0.32369,
    "mrr_at_200": 0.32418,
    "mrr_at_300": 0.32425,
    "mrr_at_500": 0.32432,
    "mrr_at_1000": 0.32436
}