{
    "ndcg_at_1": 0.03142,
    "ndcg_at_3": 0.03845,
    "ndcg_at_5": 0.04584,
    "ndcg_at_10": 0.05208,
    "ndcg_at_20": 0.06041,
    "ndcg_at_100": 0.08549,
    "ndcg_at_200": 0.09746,
    "ndcg_at_300": 0.1055,
    "ndcg_at_500": 0.11374,
    "ndcg_at_1000": 0.12156,
    "map_at_1": 0.02871,
    "map_at_3": 0.03475,
    "map_at_5": 0.03917,
    "map_at_10": 0.04165,
    "map_at_20": 0.04392,
    "map_at_100": 0.04713,
    "map_at_200": 0.04776,
    "map_at_300": 0.04804,
    "map_at_500": 0.04822,
    "map_at_1000": 0.04834,
    "recall_at_1": 0.02871,
    "recall_at_3": 0.04479,
    "recall_at_5": 0.06297,
    "recall_at_10": 0.08238,
    "recall_at_20": 0.11186,
    "recall_at_100": 0.24448,
    "recall_at_200": 0.32578,
    "recall_at_300": 0.38711,
    "recall_at_500": 0.45526,
    "recall_at_1000": 0.52545,
    "precision_at_1": 0.03142,
    "precision_at_3": 0.01664,
    "precision_at_5": 0.01405,
    "precision_at_10": 0.00906,
    "precision_at_20": 0.00675,
    "precision_at_100": 0.00301,
    "precision_at_200": 0.00203,
    "precision_at_300": 0.0016,
    "precision_at_500": 0.00113,
    "precision_at_1000": 0.00067,
    "mrr_at_1": 0.02957,
    "mrr_at_3": 0.0382,
    "mrr_at_5": 0.04134,
    "mrr_at_10": 0.04498,
    "mrr_at_20": 0.04797,
    "mrr_at_100": 0.0513,
    "mrr_at_200": 0.05183,
    "mrr_at_300": 0.05203,
    "mrr_at_500": 0.05221,
    "mrr_at_1000": 0.05234
}