{
    "ndcg_at_1": 0.36767,
    "ndcg_at_3": 0.42936,
    "ndcg_at_5": 0.45281,
    "ndcg_at_10": 0.47961,
    "ndcg_at_20": 0.50457,
    "ndcg_at_100": 0.54205,
    "ndcg_at_200": 0.54833,
    "ndcg_at_300": 0.55164,
    "ndcg_at_500": 0.55436,
    "ndcg_at_1000": 0.55768,
    "map_at_1": 0.29835,
    "map_at_3": 0.37837,
    "map_at_5": 0.39783,
    "map_at_10": 0.41315,
    "map_at_20": 0.4229,
    "map_at_100": 0.43045,
    "map_at_200": 0.43097,
    "map_at_300": 0.43123,
    "map_at_500": 0.43138,
    "map_at_1000": 0.4315,
    "recall_at_1": 0.29835,
    "recall_at_3": 0.45909,
    "recall_at_5": 0.52437,
    "recall_at_10": 0.60894,
    "recall_at_20": 0.69587,
    "recall_at_100": 0.86857,
    "recall_at_200": 0.90617,
    "recall_at_300": 0.92504,
    "recall_at_500": 0.94143,
    "recall_at_1000": 0.9623,
    "precision_at_1": 0.36767,
    "precision_at_3": 0.20982,
    "precision_at_5": 0.15107,
    "precision_at_10": 0.09213,
    "precision_at_20": 0.05629,
    "precision_at_100": 0.01546,
    "precision_at_200": 0.00829,
    "precision_at_300": 0.00587,
    "precision_at_500": 0.00374,
    "precision_at_1000": 0.00202,
    "mrr_at_1": 0.36767,
    "mrr_at_3": 0.44874,
    "mrr_at_5": 0.46383,
    "mrr_at_10": 0.47446,
    "mrr_at_20": 0.47983,
    "mrr_at_100": 0.48317,
    "mrr_at_200": 0.4834,
    "mrr_at_300": 0.48346,
    "mrr_at_500": 0.48349,
    "mrr_at_1000": 0.48351
}