{
    "ndcg_at_1": 0.18983,
    "ndcg_at_3": 0.24397,
    "ndcg_at_5": 0.2618,
    "ndcg_at_10": 0.28844,
    "ndcg_at_20": 0.30976,
    "ndcg_at_100": 0.34531,
    "ndcg_at_200": 0.35671,
    "ndcg_at_300": 0.36159,
    "ndcg_at_500": 0.36716,
    "ndcg_at_1000": 0.37337,
    "map_at_1": 0.17449,
    "map_at_3": 0.22363,
    "map_at_5": 0.23378,
    "map_at_10": 0.24502,
    "map_at_20": 0.2511,
    "map_at_100": 0.25618,
    "map_at_200": 0.25683,
    "map_at_300": 0.25701,
    "map_at_500": 0.25716,
    "map_at_1000": 0.25726,
    "recall_at_1": 0.17449,
    "recall_at_3": 0.28395,
    "recall_at_5": 0.32792,
    "recall_at_10": 0.40668,
    "recall_at_20": 0.48693,
    "recall_at_100": 0.6712,
    "recall_at_200": 0.74798,
    "recall_at_300": 0.78485,
    "recall_at_500": 0.82911,
    "recall_at_1000": 0.88449,
    "precision_at_1": 0.18983,
    "precision_at_3": 0.10471,
    "precision_at_5": 0.07322,
    "precision_at_10": 0.04633,
    "precision_at_20": 0.02825,
    "precision_at_100": 0.00799,
    "precision_at_200": 0.00448,
    "precision_at_300": 0.00314,
    "precision_at_500": 0.00201,
    "precision_at_1000": 0.00108,
    "mrr_at_1": 0.18983,
    "mrr_at_3": 0.24124,
    "mrr_at_5": 0.25169,
    "mrr_at_10": 0.26298,
    "mrr_at_20": 0.26867,
    "mrr_at_100": 0.27307,
    "mrr_at_200": 0.27362,
    "mrr_at_300": 0.27377,
    "mrr_at_500": 0.27388,
    "mrr_at_1000": 0.27395
}