{
    "ndcg_at_1": 0.01538,
    "ndcg_at_3": 0.0281,
    "ndcg_at_5": 0.02481,
    "ndcg_at_10": 0.01926,
    "ndcg_at_20": 0.02256,
    "ndcg_at_100": 0.03652,
    "ndcg_at_200": 0.0483,
    "ndcg_at_300": 0.05254,
    "ndcg_at_500": 0.06163,
    "ndcg_at_1000": 0.06986,
    "map_at_1": 0.00154,
    "map_at_3": 0.00487,
    "map_at_5": 0.00641,
    "map_at_10": 0.00697,
    "map_at_20": 0.00735,
    "map_at_100": 0.00837,
    "map_at_200": 0.00896,
    "map_at_300": 0.00912,
    "map_at_500": 0.00943,
    "map_at_1000": 0.00958,
    "recall_at_1": 0.00154,
    "recall_at_3": 0.00923,
    "recall_at_5": 0.01231,
    "recall_at_10": 0.01692,
    "recall_at_20": 0.02308,
    "recall_at_100": 0.06,
    "recall_at_200": 0.09846,
    "recall_at_300": 0.11385,
    "recall_at_500": 0.14923,
    "recall_at_1000": 0.18462,
    "precision_at_1": 0.01538,
    "precision_at_3": 0.03077,
    "precision_at_5": 0.02462,
    "precision_at_10": 0.01692,
    "precision_at_20": 0.01154,
    "precision_at_100": 0.006,
    "precision_at_200": 0.00492,
    "precision_at_300": 0.00379,
    "precision_at_500": 0.00298,
    "precision_at_1000": 0.00185,
    "mrr_at_1": 0.06154,
    "mrr_at_3": 0.09231,
    "mrr_at_5": 0.09231,
    "mrr_at_10": 0.0985,
    "mrr_at_20": 0.10601,
    "mrr_at_100": 0.11149,
    "mrr_at_200": 0.11189,
    "mrr_at_300": 0.11203,
    "mrr_at_500": 0.11221,
    "mrr_at_1000": 0.11221,
    "rc_at_1": {
        "relevant": 0.06154,
        "distractor": 0.36923
    },
    "rc_at_3": {
        "relevant": 0.15385,
        "distractor": 0.72308
    },
    "rc_at_5": {
        "relevant": 0.16923,
        "distractor": 1.15385
    },
    "rc_at_10": {
        "relevant": 0.21538,
        "distractor": 1.92308
    },
    "rc_at_20": {
        "relevant": 0.35385,
        "distractor": 3.04615
    },
    "rc_at_100": {
        "relevant": 0.90769,
        "distractor": 7.43077
    },
    "rc_at_200": {
        "relevant": 1.24615,
        "distractor": 10.52308
    },
    "rc_at_300": {
        "relevant": 1.50769,
        "distractor": 12.70769
    },
    "rc_at_500": {
        "relevant": 1.73846,
        "distractor": 15.36923
    },
    "rc_at_1000": {
        "relevant": 1.84615,
        "distractor": 18.29231
    }
}