{
    "ndcg_at_1": 0.0,
    "ndcg_at_3": 0.00456,
    "ndcg_at_5": 0.00329,
    "ndcg_at_10": 0.00546,
    "ndcg_at_20": 0.00785,
    "ndcg_at_100": 0.01145,
    "ndcg_at_200": 0.0133,
    "ndcg_at_300": 0.01413,
    "ndcg_at_500": 0.01841,
    "ndcg_at_1000": 0.02411,
    "map_at_1": 0.0,
    "map_at_3": 0.00077,
    "map_at_5": 0.00077,
    "map_at_10": 0.0014,
    "map_at_20": 0.00173,
    "map_at_100": 0.00198,
    "map_at_200": 0.00204,
    "map_at_300": 0.00206,
    "map_at_500": 0.0021,
    "map_at_1000": 0.00216,
    "recall_at_1": 0.0,
    "recall_at_3": 0.00154,
    "recall_at_5": 0.00154,
    "recall_at_10": 0.00615,
    "recall_at_20": 0.01077,
    "recall_at_100": 0.02,
    "recall_at_200": 0.02615,
    "recall_at_300": 0.02923,
    "recall_at_500": 0.04615,
    "recall_at_1000": 0.07077,
    "precision_at_1": 0.0,
    "precision_at_3": 0.00513,
    "precision_at_5": 0.00308,
    "precision_at_10": 0.00615,
    "precision_at_20": 0.00538,
    "precision_at_100": 0.002,
    "precision_at_200": 0.00131,
    "precision_at_300": 0.00097,
    "precision_at_500": 0.00092,
    "precision_at_1000": 0.00071,
    "mrr_at_1": 0.01538,
    "mrr_at_3": 0.03333,
    "mrr_at_5": 0.03718,
    "mrr_at_10": 0.03974,
    "mrr_at_20": 0.04242,
    "mrr_at_100": 0.0437,
    "mrr_at_200": 0.04472,
    "mrr_at_300": 0.04486,
    "mrr_at_500": 0.04503,
    "mrr_at_1000": 0.04505,
    "rc_at_1": {
        "relevant": 0.01538,
        "distractor": 0.18462
    },
    "rc_at_3": {
        "relevant": 0.06154,
        "distractor": 0.32308
    },
    "rc_at_5": {
        "relevant": 0.07692,
        "distractor": 0.47692
    },
    "rc_at_10": {
        "relevant": 0.10769,
        "distractor": 0.69231
    },
    "rc_at_20": {
        "relevant": 0.16923,
        "distractor": 1.04615
    },
    "rc_at_100": {
        "relevant": 0.23077,
        "distractor": 2.58462
    },
    "rc_at_200": {
        "relevant": 0.44615,
        "distractor": 3.8
    },
    "rc_at_300": {
        "relevant": 0.52308,
        "distractor": 4.64615
    },
    "rc_at_500": {
        "relevant": 0.61538,
        "distractor": 5.56923
    },
    "rc_at_1000": {
        "relevant": 0.70769,
        "distractor": 6.96923
    }
}