{
    "ndcg_at_1": 0.22318,
    "ndcg_at_3": 0.28484,
    "ndcg_at_5": 0.31235,
    "ndcg_at_10": 0.33943,
    "ndcg_at_20": 0.36224,
    "ndcg_at_100": 0.40278,
    "ndcg_at_200": 0.41412,
    "ndcg_at_300": 0.41777,
    "ndcg_at_500": 0.42447,
    "ndcg_at_1000": 0.42998,
    "map_at_1": 0.18274,
    "map_at_3": 0.2471,
    "map_at_5": 0.26583,
    "map_at_10": 0.27919,
    "map_at_20": 0.28661,
    "map_at_100": 0.29342,
    "map_at_200": 0.29427,
    "map_at_300": 0.29447,
    "map_at_500": 0.29469,
    "map_at_1000": 0.29483,
    "recall_at_1": 0.18274,
    "recall_at_3": 0.31886,
    "recall_at_5": 0.38986,
    "recall_at_10": 0.46967,
    "recall_at_20": 0.55101,
    "recall_at_100": 0.74579,
    "recall_at_200": 0.81386,
    "recall_at_300": 0.83625,
    "recall_at_500": 0.8849,
    "recall_at_1000": 0.92503,
    "precision_at_1": 0.22318,
    "precision_at_3": 0.13972,
    "precision_at_5": 0.10701,
    "precision_at_10": 0.0691,
    "precision_at_20": 0.04235,
    "precision_at_100": 0.01235,
    "precision_at_200": 0.007,
    "precision_at_300": 0.00496,
    "precision_at_500": 0.00323,
    "precision_at_1000": 0.00178,
    "mrr_at_1": 0.22318,
    "mrr_at_3": 0.29518,
    "mrr_at_5": 0.31328,
    "mrr_at_10": 0.32525,
    "mrr_at_20": 0.33172,
    "mrr_at_100": 0.33604,
    "mrr_at_200": 0.33648,
    "mrr_at_300": 0.33654,
    "mrr_at_500": 0.33664,
    "mrr_at_1000": 0.33668
}