{
    "ndcg_at_1": 0.37755,
    "ndcg_at_3": 0.30816,
    "ndcg_at_5": 0.28907,
    "ndcg_at_10": 0.26193,
    "ndcg_at_20": 0.27163,
    "ndcg_at_100": 0.37375,
    "ndcg_at_200": 0.41467,
    "ndcg_at_300": 0.43511,
    "ndcg_at_500": 0.46129,
    "ndcg_at_1000": 0.49185,
    "map_at_1": 0.03417,
    "map_at_3": 0.05927,
    "map_at_5": 0.07724,
    "map_at_10": 0.10369,
    "map_at_20": 0.12652,
    "map_at_100": 0.15872,
    "map_at_200": 0.1665,
    "map_at_300": 0.16975,
    "map_at_500": 0.1725,
    "map_at_1000": 0.17491,
    "recall_at_1": 0.03417,
    "recall_at_3": 0.06658,
    "recall_at_5": 0.09768,
    "recall_at_10": 0.15613,
    "recall_at_20": 0.22981,
    "recall_at_100": 0.45215,
    "recall_at_200": 0.56273,
    "recall_at_300": 0.63294,
    "recall_at_500": 0.71576,
    "recall_at_1000": 0.81948,
    "precision_at_1": 0.38776,
    "precision_at_3": 0.29252,
    "precision_at_5": 0.26939,
    "precision_at_10": 0.21429,
    "precision_at_20": 0.16735,
    "precision_at_100": 0.07388,
    "precision_at_200": 0.04786,
    "precision_at_300": 0.03619,
    "precision_at_500": 0.02543,
    "precision_at_1000": 0.01514,
    "mrr_at_1": 0.38776,
    "mrr_at_3": 0.48639,
    "mrr_at_5": 0.51088,
    "mrr_at_10": 0.52584,
    "mrr_at_20": 0.53293,
    "mrr_at_100": 0.53501,
    "mrr_at_200": 0.53501,
    "mrr_at_300": 0.53501,
    "mrr_at_500": 0.53501,
    "mrr_at_1000": 0.53501
}