{
    "ndcg_at_1": 0.30703,
    "ndcg_at_3": 0.36433,
    "ndcg_at_5": 0.39203,
    "ndcg_at_10": 0.42056,
    "ndcg_at_20": 0.4422,
    "ndcg_at_100": 0.47536,
    "ndcg_at_200": 0.4849,
    "ndcg_at_300": 0.48837,
    "ndcg_at_500": 0.49253,
    "ndcg_at_1000": 0.49691,
    "map_at_1": 0.25062,
    "map_at_3": 0.32363,
    "map_at_5": 0.34324,
    "map_at_10": 0.35819,
    "map_at_20": 0.36566,
    "map_at_100": 0.37114,
    "map_at_200": 0.37185,
    "map_at_300": 0.37202,
    "map_at_500": 0.37218,
    "map_at_1000": 0.37229,
    "recall_at_1": 0.25062,
    "recall_at_3": 0.39838,
    "recall_at_5": 0.46844,
    "recall_at_10": 0.5544,
    "recall_at_20": 0.62881,
    "recall_at_100": 0.78628,
    "recall_at_200": 0.84332,
    "recall_at_300": 0.86619,
    "recall_at_500": 0.89417,
    "recall_at_1000": 0.92686,
    "precision_at_1": 0.30703,
    "precision_at_3": 0.17613,
    "precision_at_5": 0.12916,
    "precision_at_10": 0.07873,
    "precision_at_20": 0.04654,
    "precision_at_100": 0.01248,
    "precision_at_200": 0.00689,
    "precision_at_300": 0.00479,
    "precision_at_500": 0.00305,
    "precision_at_1000": 0.00162,
    "mrr_at_1": 0.30703,
    "mrr_at_3": 0.38081,
    "mrr_at_5": 0.39872,
    "mrr_at_10": 0.41047,
    "mrr_at_20": 0.41532,
    "mrr_at_100": 0.41862,
    "mrr_at_200": 0.41892,
    "mrr_at_300": 0.41899,
    "mrr_at_500": 0.41905,
    "mrr_at_1000": 0.41908
}