{
    "ndcg_at_1": 0.23469,
    "ndcg_at_3": 0.21606,
    "ndcg_at_5": 0.19889,
    "ndcg_at_10": 0.17793,
    "ndcg_at_20": 0.19002,
    "ndcg_at_100": 0.27167,
    "ndcg_at_200": 0.30658,
    "ndcg_at_300": 0.32697,
    "ndcg_at_500": 0.34543,
    "ndcg_at_1000": 0.37583,
    "map_at_1": 0.019,
    "map_at_3": 0.03887,
    "map_at_5": 0.04792,
    "map_at_10": 0.0633,
    "map_at_20": 0.08002,
    "map_at_100": 0.1023,
    "map_at_200": 0.10771,
    "map_at_300": 0.11009,
    "map_at_500": 0.11161,
    "map_at_1000": 0.11359,
    "recall_at_1": 0.019,
    "recall_at_3": 0.0489,
    "recall_at_5": 0.06665,
    "recall_at_10": 0.11314,
    "recall_at_20": 0.17142,
    "recall_at_100": 0.34044,
    "recall_at_200": 0.43265,
    "recall_at_300": 0.49126,
    "recall_at_500": 0.54779,
    "recall_at_1000": 0.65782,
    "precision_at_1": 0.26531,
    "precision_at_3": 0.22449,
    "precision_at_5": 0.2,
    "precision_at_10": 0.1551,
    "precision_at_20": 0.12449,
    "precision_at_100": 0.05653,
    "precision_at_200": 0.03786,
    "precision_at_300": 0.02925,
    "precision_at_500": 0.02004,
    "precision_at_1000": 0.01237,
    "mrr_at_1": 0.26531,
    "mrr_at_3": 0.34694,
    "mrr_at_5": 0.36531,
    "mrr_at_10": 0.37933,
    "mrr_at_20": 0.38703,
    "mrr_at_100": 0.393,
    "mrr_at_200": 0.39325,
    "mrr_at_300": 0.39325,
    "mrr_at_500": 0.39325,
    "mrr_at_1000": 0.39327
}