{
    "ndcg_at_1": 0.21808,
    "ndcg_at_3": 0.27223,
    "ndcg_at_5": 0.29363,
    "ndcg_at_10": 0.32135,
    "ndcg_at_20": 0.34282,
    "ndcg_at_100": 0.37785,
    "ndcg_at_200": 0.38738,
    "ndcg_at_300": 0.39171,
    "ndcg_at_500": 0.39711,
    "ndcg_at_1000": 0.40255,
    "map_at_1": 0.20293,
    "map_at_3": 0.25175,
    "map_at_5": 0.26483,
    "map_at_10": 0.27624,
    "map_at_20": 0.28237,
    "map_at_100": 0.28746,
    "map_at_200": 0.28802,
    "map_at_300": 0.28818,
    "map_at_500": 0.28832,
    "map_at_1000": 0.28841,
    "recall_at_1": 0.20293,
    "recall_at_3": 0.31016,
    "recall_at_5": 0.36167,
    "recall_at_10": 0.44532,
    "recall_at_20": 0.52544,
    "recall_at_100": 0.70652,
    "recall_at_200": 0.76963,
    "recall_at_300": 0.80177,
    "recall_at_500": 0.84541,
    "recall_at_1000": 0.89384,
    "precision_at_1": 0.21808,
    "precision_at_3": 0.11601,
    "precision_at_5": 0.08203,
    "precision_at_10": 0.05096,
    "precision_at_20": 0.03068,
    "precision_at_100": 0.00838,
    "precision_at_200": 0.00463,
    "precision_at_300": 0.00323,
    "precision_at_500": 0.00206,
    "precision_at_1000": 0.00109,
    "mrr_at_1": 0.21808,
    "mrr_at_3": 0.2693,
    "mrr_at_5": 0.28111,
    "mrr_at_10": 0.29322,
    "mrr_at_20": 0.29918,
    "mrr_at_100": 0.30357,
    "mrr_at_200": 0.30397,
    "mrr_at_300": 0.3041,
    "mrr_at_500": 0.3042,
    "mrr_at_1000": 0.30426
}