{
    "ndcg_at_1": 0.37707,
    "ndcg_at_3": 0.42655,
    "ndcg_at_5": 0.44923,
    "ndcg_at_10": 0.47707,
    "ndcg_at_20": 0.49561,
    "ndcg_at_100": 0.52312,
    "ndcg_at_200": 0.53199,
    "ndcg_at_300": 0.53611,
    "ndcg_at_500": 0.54001,
    "ndcg_at_1000": 0.54381,
    "map_at_1": 0.29961,
    "map_at_3": 0.37726,
    "map_at_5": 0.39691,
    "map_at_10": 0.41312,
    "map_at_20": 0.42107,
    "map_at_100": 0.42757,
    "map_at_200": 0.42838,
    "map_at_300": 0.42863,
    "map_at_500": 0.42881,
    "map_at_1000": 0.42894,
    "recall_at_1": 0.29961,
    "recall_at_3": 0.44565,
    "recall_at_5": 0.50843,
    "recall_at_10": 0.59438,
    "recall_at_20": 0.66051,
    "recall_at_100": 0.78586,
    "recall_at_200": 0.83714,
    "recall_at_300": 0.86386,
    "recall_at_500": 0.88913,
    "recall_at_1000": 0.91498,
    "precision_at_1": 0.37707,
    "precision_at_3": 0.20998,
    "precision_at_5": 0.15146,
    "precision_at_10": 0.09376,
    "precision_at_20": 0.05602,
    "precision_at_100": 0.01532,
    "precision_at_200": 0.00849,
    "precision_at_300": 0.00593,
    "precision_at_500": 0.00377,
    "precision_at_1000": 0.00201,
    "mrr_at_1": 0.37707,
    "mrr_at_3": 0.4483,
    "mrr_at_5": 0.46184,
    "mrr_at_10": 0.47298,
    "mrr_at_20": 0.47688,
    "mrr_at_100": 0.47959,
    "mrr_at_200": 0.47988,
    "mrr_at_300": 0.47997,
    "mrr_at_500": 0.48002,
    "mrr_at_1000": 0.48005
}