{
    "ndcg_at_1": 0.34049,
    "ndcg_at_3": 0.38812,
    "ndcg_at_5": 0.41357,
    "ndcg_at_10": 0.44098,
    "ndcg_at_20": 0.46208,
    "ndcg_at_100": 0.49337,
    "ndcg_at_200": 0.50156,
    "ndcg_at_300": 0.5059,
    "ndcg_at_500": 0.50945,
    "ndcg_at_1000": 0.51428,
    "map_at_1": 0.29563,
    "map_at_3": 0.35715,
    "map_at_5": 0.37437,
    "map_at_10": 0.38694,
    "map_at_20": 0.39364,
    "map_at_100": 0.39873,
    "map_at_200": 0.39929,
    "map_at_300": 0.39948,
    "map_at_500": 0.39959,
    "map_at_1000": 0.39969,
    "recall_at_1": 0.29563,
    "recall_at_3": 0.42088,
    "recall_at_5": 0.48407,
    "recall_at_10": 0.56382,
    "recall_at_20": 0.63806,
    "recall_at_100": 0.79015,
    "recall_at_200": 0.84118,
    "recall_at_300": 0.87094,
    "recall_at_500": 0.89695,
    "recall_at_1000": 0.93468,
    "precision_at_1": 0.34049,
    "precision_at_3": 0.17257,
    "precision_at_5": 0.12276,
    "precision_at_10": 0.07332,
    "precision_at_20": 0.043,
    "precision_at_100": 0.0112,
    "precision_at_200": 0.00607,
    "precision_at_300": 0.00424,
    "precision_at_500": 0.00265,
    "precision_at_1000": 0.00141,
    "mrr_at_1": 0.34049,
    "mrr_at_3": 0.40112,
    "mrr_at_5": 0.41614,
    "mrr_at_10": 0.42703,
    "mrr_at_20": 0.43237,
    "mrr_at_100": 0.43564,
    "mrr_at_200": 0.43593,
    "mrr_at_300": 0.43604,
    "mrr_at_500": 0.4361,
    "mrr_at_1000": 0.43615
}