{
    "ndcg_at_1": 0.42,
    "ndcg_at_3": 0.46484,
    "ndcg_at_5": 0.49748,
    "ndcg_at_10": 0.5262,
    "ndcg_at_20": 0.54164,
    "ndcg_at_100": 0.56284,
    "ndcg_at_200": 0.56916,
    "ndcg_at_300": 0.5717,
    "ndcg_at_500": 0.57576,
    "ndcg_at_1000": 0.57961,
    "map_at_1": 0.39411,
    "map_at_3": 0.44156,
    "map_at_5": 0.46265,
    "map_at_10": 0.4762,
    "map_at_20": 0.48097,
    "map_at_100": 0.48414,
    "map_at_200": 0.48448,
    "map_at_300": 0.48457,
    "map_at_500": 0.48466,
    "map_at_1000": 0.48471,
    "recall_at_1": 0.39411,
    "recall_at_3": 0.50017,
    "recall_at_5": 0.58161,
    "recall_at_10": 0.66617,
    "recall_at_20": 0.72422,
    "recall_at_100": 0.83556,
    "recall_at_200": 0.88,
    "recall_at_300": 0.9,
    "recall_at_500": 0.935,
    "recall_at_1000": 0.97167,
    "precision_at_1": 0.42,
    "precision_at_3": 0.18222,
    "precision_at_5": 0.13133,
    "precision_at_10": 0.07633,
    "precision_at_20": 0.04167,
    "precision_at_100": 0.0096,
    "precision_at_200": 0.00503,
    "precision_at_300": 0.00342,
    "precision_at_500": 0.00213,
    "precision_at_1000": 0.0011,
    "mrr_at_1": 0.42,
    "mrr_at_3": 0.46611,
    "mrr_at_5": 0.48278,
    "mrr_at_10": 0.49243,
    "mrr_at_20": 0.49639,
    "mrr_at_100": 0.49902,
    "mrr_at_200": 0.49934,
    "mrr_at_300": 0.49943,
    "mrr_at_500": 0.49951,
    "mrr_at_1000": 0.49956
}