{
    "ndcg_at_1": 0.38462,
    "ndcg_at_3": 0.30924,
    "ndcg_at_5": 0.28345,
    "ndcg_at_10": 0.23589,
    "ndcg_at_20": 0.28181,
    "ndcg_at_100": 0.38916,
    "ndcg_at_200": 0.43156,
    "ndcg_at_300": 0.44043,
    "ndcg_at_500": 0.45101,
    "ndcg_at_1000": 0.46098,
    "map_at_1": 0.03846,
    "map_at_3": 0.07513,
    "map_at_5": 0.09759,
    "map_at_10": 0.12733,
    "map_at_20": 0.14993,
    "map_at_100": 0.17944,
    "map_at_200": 0.18656,
    "map_at_300": 0.1874,
    "map_at_500": 0.18824,
    "map_at_1000": 0.18869,
    "recall_at_1": 0.03846,
    "recall_at_3": 0.08769,
    "recall_at_5": 0.13077,
    "recall_at_10": 0.20615,
    "recall_at_20": 0.28923,
    "recall_at_100": 0.56,
    "recall_at_200": 0.69538,
    "recall_at_300": 0.72769,
    "recall_at_500": 0.76923,
    "recall_at_1000": 0.81231,
    "precision_at_1": 0.38462,
    "precision_at_3": 0.29231,
    "precision_at_5": 0.26154,
    "precision_at_10": 0.20615,
    "precision_at_20": 0.14462,
    "precision_at_100": 0.056,
    "precision_at_200": 0.03477,
    "precision_at_300": 0.02426,
    "precision_at_500": 0.01538,
    "precision_at_1000": 0.00812,
    "mrr_at_1": 0.38462,
    "mrr_at_3": 0.45385,
    "mrr_at_5": 0.47846,
    "mrr_at_10": 0.49412,
    "mrr_at_20": 0.49977,
    "mrr_at_100": 0.50306,
    "mrr_at_200": 0.50306,
    "mrr_at_300": 0.50306,
    "mrr_at_500": 0.50311,
    "mrr_at_1000": 0.50311,
    "rc_at_1": {
        "relevant": 0.38462,
        "distractor": 0.56923
    },
    "rc_at_3": {
        "relevant": 0.90769,
        "distractor": 1.93846
    },
    "rc_at_5": {
        "relevant": 1.32308,
        "distractor": 3.38462
    },
    "rc_at_10": {
        "relevant": 2.06154,
        "distractor": 7.18462
    },
    "rc_at_20": {
        "relevant": 2.92308,
        "distractor": 14.64615
    },
    "rc_at_100": {
        "relevant": 5.67692,
        "distractor": 53.41538
    },
    "rc_at_200": {
        "relevant": 6.95385,
        "distractor": 66.55385
    },
    "rc_at_300": {
        "relevant": 7.26154,
        "distractor": 71.38462
    },
    "rc_at_500": {
        "relevant": 7.70769,
        "distractor": 77.32308
    },
    "rc_at_1000": {
        "relevant": 8.12308,
        "distractor": 83.47692
    }
}