{
    "ndcg_at_1": 0.38462,
    "ndcg_at_3": 0.31741,
    "ndcg_at_5": 0.29136,
    "ndcg_at_10": 0.24697,
    "ndcg_at_20": 0.29962,
    "ndcg_at_100": 0.48352,
    "ndcg_at_200": 0.52766,
    "ndcg_at_300": 0.53415,
    "ndcg_at_500": 0.53927,
    "ndcg_at_1000": 0.54186,
    "map_at_1": 0.03846,
    "map_at_3": 0.07692,
    "map_at_5": 0.10031,
    "map_at_10": 0.13511,
    "map_at_20": 0.16141,
    "map_at_100": 0.21462,
    "map_at_200": 0.2239,
    "map_at_300": 0.2248,
    "map_at_500": 0.22524,
    "map_at_1000": 0.22542,
    "recall_at_1": 0.03846,
    "recall_at_3": 0.09077,
    "recall_at_5": 0.13538,
    "recall_at_10": 0.21846,
    "recall_at_20": 0.31385,
    "recall_at_100": 0.79231,
    "recall_at_200": 0.93231,
    "recall_at_300": 0.95538,
    "recall_at_500": 0.97538,
    "recall_at_1000": 0.98615,
    "precision_at_1": 0.38462,
    "precision_at_3": 0.30256,
    "precision_at_5": 0.27077,
    "precision_at_10": 0.21846,
    "precision_at_20": 0.15692,
    "precision_at_100": 0.07923,
    "precision_at_200": 0.04662,
    "precision_at_300": 0.03185,
    "precision_at_500": 0.01951,
    "precision_at_1000": 0.00986,
    "mrr_at_1": 0.38462,
    "mrr_at_3": 0.46154,
    "mrr_at_5": 0.48615,
    "mrr_at_10": 0.50401,
    "mrr_at_20": 0.50879,
    "mrr_at_100": 0.51223,
    "mrr_at_200": 0.51223,
    "mrr_at_300": 0.51223,
    "mrr_at_500": 0.51223,
    "mrr_at_1000": 0.51223,
    "rc_at_1": {
        "relevant": 0.38462,
        "distractor": 0.61538
    },
    "rc_at_3": {
        "relevant": 0.93846,
        "distractor": 2.06154
    },
    "rc_at_5": {
        "relevant": 1.36923,
        "distractor": 3.61538
    },
    "rc_at_10": {
        "relevant": 2.2,
        "distractor": 7.70769
    },
    "rc_at_20": {
        "relevant": 3.15385,
        "distractor": 16.6
    },
    "rc_at_100": {
        "relevant": 7.93846,
        "distractor": 82.10769
    },
    "rc_at_200": {
        "relevant": 9.32308,
        "distractor": 93.72308
    },
    "rc_at_300": {
        "relevant": 9.55385,
        "distractor": 95.26154
    },
    "rc_at_500": {
        "relevant": 9.75385,
        "distractor": 96.58462
    },
    "rc_at_1000": {
        "relevant": 9.86154,
        "distractor": 97.8
    }
}